<?xml version='1.0' encoding='utf-8'?>
<kml xmlns="http://www.opengis.net/kml/2.2"><Document><name>Ants Farm - Hoàn công - VN2000 TM-3 108-30</name><Style id="lot"><PolyStyle><color>7d00ff00</color><fill>0</fill><outline>1</outline></PolyStyle><LineStyle><color>ff0000ff</color><width>2</width></LineStyle></Style><Style id="boundary"><PolyStyle><color>ff0000ff</color><fill>0</fill><outline>1</outline></PolyStyle><LineStyle><color>ff0000ff</color><width>2</width></LineStyle></Style><Placemark><name>Polygon hoàn công 80</name><styleUrl>#lot</styleUrl><ExtendedData><Data name="Entity DXF"><value>80</value></Data><Data name="Diện tích ha"><value>2.774000165557861</value></Data><Data name="Mã Lô"><value>DXF-0080</value></Data></ExtendedData><Polygon><tessellate>1</tessellate><outerBoundaryIs><LinearRing><coordinates>107.798860414,10.828271643,0 107.798868542,10.828172347,0 107.798849681,10.828100257,0 107.798840342,10.828073240,0 107.798839791,10.828019158,0 107.798839499,10.827983134,0 107.798765298,10.827839502,0 107.798762823,10.827577850,0 107.798752403,10.827433641,0 107.798770605,10.827433502,0 107.798788698,10.827415305,0 107.798769761,10.827343305,0 107.798778570,10.827307120,0 107.798814681,10.827270727,0 107.798786774,10.827207735,0 107.798795561,10.827180670,0 107.798749452,10.827117907,0 107.798749030,10.827072854,0 107.798857731,10.826999699,0 107.798893345,10.826918162,0 107.798874981,10.826891305,0 107.798819804,10.826846669,0 107.798819328,10.826792588,0 107.798882633,10.826737838,0 107.798909936,10.826737539,0 107.798946414,10.826737261,0 107.798964616,10.826737031,0 107.799110325,10.826726709,0 107.799137681,10.826735528,0 107.799165167,10.826753287,0 107.799210876,10.826761877,0 107.799320398,10.826788038,0 107.799375392,10.826814616,0 107.799448328,10.826822908,0 107.799494199,10.826858584,0 107.799567264,10.826875995,0 107.799713265,10.826901696,0 107.799768054,10.826919246,0 107.799768183,10.826928274,0 107.799768054,10.826919246,0 107.799768054,10.826919246,0 107.799786569,10.826946102,0 107.799777230,10.826919176,0 107.799795486,10.826927975,0 107.799841195,10.826936656,0 107.799932332,10.826944808,0 107.800023729,10.826971018,0 107.800078409,10.826970510,0 107.800124042,10.826979100,0 107.800169600,10.826987780,0 107.800242503,10.826978014,0 107.800315623,10.827004453,0 107.800370649,10.827048998,0 107.800379696,10.827039900,0 107.800417202,10.827147786,0 107.800409951,10.827355425,0 107.800430078,10.827562675,0 107.800450280,10.827770016,0 107.800406681,10.827986873,0 107.800280568,10.828141426,0 107.800262366,10.828141565,0 107.800217025,10.828169089,0 107.800045224,10.828305933,0 107.799827292,10.828389043,0 107.799617563,10.828372947,0 107.799426057,10.828347594,0 107.799234584,10.828340387,0 107.799088712,10.828323624,0 107.798988214,10.828297484,0 107.798851292,10.828280741,0 107.798860414,10.828271643,0</coordinates></LinearRing></outerBoundaryIs></Polygon></Placemark><Placemark><name>Polygon hoàn công 132</name><styleUrl>#lot</styleUrl><ExtendedData><Data name="Entity DXF"><value>132</value></Data><Data name="Diện tích ha"><value>1.080386572265625</value></Data><Data name="Mã Lô"><value>DXF-0132</value></Data></ExtendedData><Polygon><tessellate>1</tessellate><outerBoundaryIs><LinearRing><coordinates>107.799034423,10.829352481,0 107.799034131,10.829316366,0 107.798986681,10.829118443,0 107.798975710,10.828919972,0 107.798955822,10.828739807,0 107.798890008,10.828514848,0 107.798880648,10.828496860,0 107.798871310,10.828469934,0 107.798871018,10.828433819,0 107.798906891,10.828370430,0 107.799134270,10.828332214,0 107.799261962,10.828340088,0 107.799325927,10.828357568,0 107.799462460,10.828347315,0 107.799480662,10.828347176,0 107.799562828,10.828364426,0 107.799773271,10.828461690,0 107.799756648,10.828624256,0 107.799747417,10.828615387,0 107.799684350,10.828697132,0 107.799684588,10.828724128,0 107.799666808,10.828769411,0 107.799667121,10.828796497,0 107.799649266,10.828841690,0 107.799658918,10.828895792,0 107.799668257,10.828922718,0 107.799741507,10.828958096,0 107.799778278,10.828993932,0 107.799815341,10.829065793,0 107.799788330,10.829102117,0 107.799788568,10.829129203,0 107.799698457,10.829229215,0 107.799689465,10.829247342,0 107.799690125,10.829319481,0 107.799681262,10.829346637,0 107.799690547,10.829364535,0 107.799663795,10.829418916,0 107.799636601,10.829437272,0 107.799627792,10.829473457,0 107.799609828,10.829500682,0 107.799573609,10.829519018,0 107.799528613,10.829591595,0 107.799510779,10.829627849,0 107.799438081,10.829646554,0 107.799392371,10.829637963,0 107.799364722,10.829593119,0 107.799200259,10.829549499,0 107.799054495,10.829550793,0 107.799026879,10.829524005,0 107.799034423,10.829352481,0</coordinates></LinearRing></outerBoundaryIs></Polygon></Placemark><Placemark><name>Polygon hoàn công 178</name><styleUrl>#lot</styleUrl><ExtendedData><Data name="Entity DXF"><value>178</value></Data><Data name="Diện tích ha"><value>0.7682980743408203</value></Data><Data name="Mã Lô"><value>DXF-0178</value></Data></ExtendedData><Polygon><tessellate>1</tessellate><outerBoundaryIs><LinearRing><coordinates>107.798852969,10.829435311,0 107.798844765,10.829534697,0 107.798836691,10.829643020,0 107.798708945,10.829626118,0 107.798644871,10.829590580,0 107.798626540,10.829581781,0 107.798562867,10.829600415,0 107.798499107,10.829591964,0 107.798435142,10.829574484,0 107.798380515,10.829584020,0 107.798344112,10.829584298,0 107.798335011,10.829584458,0 107.798307525,10.829566609,0 107.798298608,10.829584737,0 107.798289723,10.829620921,0 107.798162107,10.829613046,0 107.797961607,10.829605819,0 107.797925129,10.829606187,0 107.797852063,10.829588776,0 107.797842908,10.829579907,0 107.797905608,10.829462048,0 107.798068018,10.829289160,0 107.798194078,10.829125670,0 107.798338157,10.828943892,0 107.798446123,10.828798598,0 107.798572183,10.828635107,0 107.798698427,10.828489494,0 107.798716207,10.828444301,0 107.798752134,10.828389851,0 107.798779253,10.828371584,0 107.798825092,10.828389204,0 107.798789089,10.828443654,0 107.798771417,10.828506904,0 107.798781783,10.828642175,0 107.798782388,10.828705285,0 107.798800903,10.828732233,0 107.798793067,10.828867552,0 107.798821559,10.829002684,0 107.798821688,10.829011712,0 107.798831394,10.829074754,0 107.798841576,10.829191877,0 107.798841760,10.829209934,0 107.798841760,10.829209934,0 107.798852969,10.829435311,0</coordinates></LinearRing></outerBoundaryIs></Polygon></Placemark><Placemark><name>Polygon hoàn công 211</name><styleUrl>#lot</styleUrl><ExtendedData><Data name="Entity DXF"><value>211</value></Data><Data name="Diện tích ha"><value>0.6222754535675049</value></Data><Data name="Mã Lô"><value>DXF-0211</value></Data></ExtendedData><Polygon><tessellate>1</tessellate><outerBoundaryIs><LinearRing><coordinates>107.814588196,10.813758023,0 107.814588141,10.813748994,0 107.814542639,10.813749435,0 107.814533169,10.813713390,0 107.814541606,10.813641180,0 107.814504042,10.813524267,0 107.814476316,10.813479424,0 107.814294212,10.813490125,0 107.814240253,10.813571804,0 107.814223618,10.813743309,0 107.814306575,10.813841815,0 107.814379878,10.813886217,0 107.814281264,10.814058534,0 107.814346608,10.814229319,0 107.814412083,10.814409132,0 107.814576835,10.814488769,0 107.814704631,10.814514693,0 107.814839961,10.814369182,0 107.814975530,10.814250667,0 107.815138586,10.814149909,0 107.815201516,10.814059131,0 107.815136171,10.813888347,0 107.815081548,10.813897886,0 107.815026945,10.813898397,0 107.814853626,10.813881942,0 107.814826380,10.813891181,0 107.814762547,10.813882733,0 107.814598035,10.813830183,0 107.814579649,10.813812265,0 107.814570070,10.813758163,0 107.814588196,10.813758023,0</coordinates></LinearRing></outerBoundaryIs></Polygon></Placemark><Placemark><name>Polygon hoàn công 214</name><styleUrl>#lot</styleUrl><ExtendedData><Data name="Entity DXF"><value>214</value></Data><Data name="Diện tích ha"><value>2.0081501419067385</value></Data><Data name="Mã Lô"><value>DXF-0214</value></Data></ExtendedData><Polygon><tessellate>1</tessellate><outerBoundaryIs><LinearRing><coordinates>107.810235358,10.811055478,0 107.810226312,10.811064577,0 107.810208111,10.811064717,0 107.810189836,10.811064856,0 107.810180810,10.811064926,0 107.810171580,10.811056058,0 107.810162480,10.811056128,0 107.810153250,10.811047169,0 107.810144149,10.811047239,0 107.810135124,10.811047309,0 107.810125949,10.811047469,0 107.810107564,10.811029552,0 107.810098463,10.811029622,0 107.810089288,10.811029691,0 107.810080263,10.811029852,0 107.810052832,10.811021033,0 107.810034631,10.811021173,0 107.810034686,10.811030201,0 107.810016485,10.811030432,0 107.810007439,10.811039530,0 107.809998339,10.811039600,0 107.809989163,10.811039670,0 107.809980138,10.811039740,0 107.809961733,10.811030851,0 107.809952707,10.811031011,0 107.809943607,10.811031081,0 107.809925331,10.811031221,0 107.809916231,10.811031291,0 107.809907076,10.811022332,0 107.809897976,10.811022493,0 107.809879645,10.811013604,0 107.809870490,10.811004645,0 107.809852214,10.811004875,0 107.809834014,10.811005015,0 107.809824838,10.811005085,0 107.809815813,10.811005155,0 107.809806713,10.811005225,0 107.809797482,10.810996356,0 107.809788437,10.811005455,0 107.809779336,10.811005525,0 107.809770236,10.811005595,0 107.809761061,10.811005665,0 107.809742935,10.811005805,0 107.809724659,10.811006035,0 107.809706459,10.811006175,0 107.809697358,10.811006245,0 107.809679158,10.811006384,0 107.809670057,10.811006454,0 107.809660882,10.811006614,0 107.809651781,10.811006684,0 107.809651781,10.811006684,0 107.809642626,10.810997726,0 107.809606095,10.810989067,0 107.809578664,10.810980248,0 107.809551363,10.810980548,0 107.809533163,10.810980688,0 107.809523987,10.810980758,0 107.809478301,10.810963140,0 107.809450870,10.810954412,0 107.809432670,10.810954551,0 107.809423440,10.810945593,0 107.809396084,10.810936864,0 107.809368708,10.810937074,0 107.809313976,10.810928555,0 107.809277499,10.810928925,0 107.809241098,10.810929204,0 107.809195391,10.810920615,0 107.809158990,10.810920985,0 107.809149835,10.810912027,0 107.809076404,10.810858594,0 107.808994296,10.810850285,0 107.808939640,10.810841766,0 107.808866762,10.810842506,0 107.808766876,10.810879480,0 107.808630774,10.810934791,0 107.808457328,10.810909304,0 107.808284033,10.810883816,0 107.808129122,10.810876247,0 107.807946760,10.810868886,0 107.807782674,10.810861386,0 107.807746457,10.810879723,0 107.807573564,10.810908408,0 107.807418524,10.810891718,0 107.807391147,10.810892018,0 107.807389401,10.810702505,0 107.807388685,10.810621337,0 107.807405029,10.810413807,0 107.807404715,10.810386721,0 107.807404606,10.810368664,0 107.807467538,10.810277797,0 107.807622339,10.810267400,0 107.807813651,10.810274690,0 107.808014083,10.810272882,0 107.808269008,10.810252507,0 107.808496817,10.810250398,0 107.808651782,10.810266997,0 107.808625272,10.810348555,0 107.808580173,10.810403077,0 107.808562341,10.810439332,0 107.808590728,10.810556315,0 107.808618397,10.810592130,0 107.808710083,10.810654361,0 107.808801954,10.810734740,0 107.808820393,10.810761687,0 107.808957233,10.810778515,0 107.808966279,10.810769416,0 107.808938316,10.810697396,0 107.808955117,10.810552977,0 107.808990139,10.810399299,0 107.808943607,10.810291395,0 107.808979769,10.810264029,0 107.809225908,10.810270809,0 107.809453566,10.810268699,0 107.809681430,10.810275709,0 107.809927439,10.810273460,0 107.810119673,10.810370946,0 107.810138112,10.810397892,0 107.810184590,10.810496678,0 107.810222870,10.810694760,0 107.810242416,10.810829961,0 107.810261204,10.810901870,0 107.810235358,10.811055478,0</coordinates></LinearRing></outerBoundaryIs></Polygon></Placemark><Placemark><name>Polygon hoàn công 246</name><styleUrl>#lot</styleUrl><ExtendedData><Data name="Entity DXF"><value>246</value></Data><Data name="Diện tích ha"><value>0.660258765411377</value></Data><Data name="Mã Lô"><value>DXF-0246</value></Data></ExtendedData><Polygon><tessellate>1</tessellate><outerBoundaryIs><LinearRing><coordinates>107.817505070,10.816825344,0 107.817458828,10.816753735,0 107.817431341,10.816735888,0 107.817385209,10.816682247,0 107.817339467,10.816655602,0 107.817302695,10.816619858,0 107.817275209,10.816602101,0 107.817211005,10.816557539,0 107.817155608,10.816476881,0 107.817137092,10.816450026,0 107.817045588,10.816405674,0 107.816998922,10.816288831,0 107.817035029,10.816252436,0 107.817124487,10.816071250,0 107.817168901,10.815953525,0 107.817222915,10.815880875,0 107.817405205,10.815888230,0 107.817550964,10.815886836,0 107.817715053,10.815894422,0 107.817760925,10.815930005,0 107.817779551,10.815975009,0 107.817789076,10.816020082,0 107.817800669,10.816281485,0 107.817766259,10.816498365,0 107.817731480,10.816679040,0 107.817687470,10.816850846,0 107.817678370,10.816850916,0 107.817559803,10.816833952,0 107.817505070,10.816825434,0 107.817505070,10.816825344,0</coordinates></LinearRing></outerBoundaryIs></Polygon></Placemark><Placemark><name>Polygon hoàn công 247</name><styleUrl>#lot</styleUrl><ExtendedData><Data name="Entity DXF"><value>247</value></Data><Data name="Diện tích ha"><value>9.060563385009766</value></Data><Data name="Mã Lô"><value>DXF-0247</value></Data></ExtendedData><Polygon><tessellate>1</tessellate><outerBoundaryIs><LinearRing><coordinates>107.812503158,10.803132559,0 107.812475858,10.803132769,0 107.812421052,10.803124251,0 107.812293390,10.803107445,0 107.812202184,10.803099206,0 107.812155891,10.803018478,0 107.812155891,10.803018478,0 107.812155522,10.802982454,0 107.812146367,10.802973495,0 107.812127928,10.802946549,0 107.812127743,10.802928582,0 107.812100128,10.802901705,0 107.812071502,10.802757726,0 107.812079809,10.802676398,0 107.812089039,10.802685266,0 107.812052325,10.802658550,0 107.812070415,10.802640353,0 107.812061076,10.802613427,0 107.812069807,10.802577242,0 107.812078244,10.802505032,0 107.812078538,10.802541057,0 107.812078244,10.802505032,0 107.812087105,10.802477876,0 107.812131409,10.802342185,0 107.812121885,10.802297202,0 107.812130855,10.802288103,0 107.812112416,10.802261066,0 107.812121038,10.802206914,0 107.812120136,10.802107688,0 107.812138021,10.802080462,0 107.812137597,10.802035408,0 107.812109743,10.801981536,0 107.812100589,10.801972578,0 107.812100295,10.801936553,0 107.812108233,10.801819109,0 107.812108178,10.801810080,0 107.812117114,10.801783015,0 107.812134282,10.801674620,0 107.812142959,10.801629406,0 107.812206071,10.801556686,0 107.812269423,10.801511052,0 107.812314944,10.801501583,0 107.812478232,10.801427912,0 107.812568884,10.801381887,0 107.812587029,10.801372719,0 107.812677866,10.801344842,0 107.812677866,10.801344842,0 107.812768757,10.801325994,0 107.812796132,10.801325784,0 107.812841229,10.801271261,0 107.812913790,10.801243524,0 107.812941165,10.801243224,0 107.812959365,10.801243084,0 107.812968281,10.801224956,0 107.813086677,10.801214836,0 107.813104802,10.801214696,0 107.813131993,10.801196428,0 107.813186244,10.801150864,0 107.813195160,10.801132737,0 107.813213011,10.801087453,0 107.813239962,10.801042099,0 107.813257978,10.801023901,0 107.813294139,10.800996535,0 107.813330429,10.800978107,0 107.813357436,10.800941692,0 107.813366221,10.800914625,0 107.813292443,10.800816050,0 107.813282809,10.800753010,0 107.813291301,10.800689828,0 107.813272383,10.800608800,0 107.813290214,10.800572545,0 107.813289550,10.800500315,0 107.813280211,10.800473389,0 107.813288278,10.800365064,0 107.813297009,10.800328879,0 107.813369905,10.800319200,0 107.813387975,10.800310031,0 107.813451750,10.800309450,0 107.813515526,10.800308870,0 107.813579356,10.800317318,0 107.813607155,10.800362161,0 107.813635064,10.800425062,0 107.813644403,10.800451988,0 107.813645730,10.800596357,0 107.813645860,10.800605386,0 107.813601905,10.800786221,0 107.813601905,10.800786221,0 107.813575159,10.800840513,0 107.813584553,10.800876558,0 107.813611929,10.800876258,0 107.813811801,10.800820363,0 107.813930362,10.800837329,0 107.814048942,10.800845266,0 107.814176678,10.800862072,0 107.814331584,10.800869729,0 107.814450219,10.800886695,0 107.814550450,10.800894772,0 107.814668901,10.800893680,0 107.814741667,10.800874972,0 107.814778252,10.800892658,0 107.814842082,10.800901106,0 107.814969263,10.800863919,0 107.815096814,10.800862757,0 107.815133639,10.800907440,0 107.815142869,10.800916399,0 107.815170353,10.800934336,0 107.815262647,10.801059676,0 107.815290372,10.801104519,0 107.815290611,10.801131606,0 107.815328229,10.801257547,0 107.815347169,10.801329547,0 107.815347647,10.801383719,0 107.815375851,10.801482644,0 107.815413360,10.801590528,0 107.815413545,10.801608586,0 107.815431930,10.801626413,0 107.815432224,10.801662528,0 107.815450923,10.801707441,0 107.815488227,10.801806296,0 107.815488836,10.801869497,0 107.815489205,10.801905613,0 107.815508069,10.801977612,0 107.815526509,10.802004468,0 107.815527597,10.802121751,0 107.815527727,10.802130690,0 107.815519106,10.802184932,0 107.815501146,10.802212159,0 107.815511204,10.802320343,0 107.815530088,10.802383314,0 107.815530273,10.802401372,0 107.815558237,10.802473211,0 107.815595007,10.802508955,0 107.815604347,10.802535971,0 107.815660056,10.802643715,0 107.815688020,10.802715644,0 107.815688020,10.802715644,0 107.815697674,10.802769656,0 107.815716114,10.802796602,0 107.815735348,10.802904626,0 107.815744503,10.802913585,0 107.815827642,10.803030057,0 107.815828012,10.803066172,0 107.815820589,10.803255665,0 107.815811673,10.803273792,0 107.815766282,10.803292291,0 107.815666161,10.803302181,0 107.815575139,10.803312001,0 107.815465917,10.803322052,0 107.815365741,10.803323004,0 107.815265489,10.803323865,0 107.815265489,10.803323865,0 107.815137828,10.803306970,0 107.815101297,10.803298312,0 107.815028660,10.803326049,0 107.814955654,10.803317672,0 107.814828048,10.803309805,0 107.814700441,10.803302028,0 107.814581934,10.803294091,0 107.814545459,10.803294372,0 107.814445152,10.803286294,0 107.814353891,10.803269118,0 107.814253640,10.803269979,0 107.814180524,10.803243634,0 107.814107169,10.803190203,0 107.814006384,10.803127863,0 107.813924093,10.803101588,0 107.813805662,10.803093651,0 107.813714641,10.803103470,0 107.813659910,10.803094952,0 107.813496013,10.803105423,0 107.813313840,10.803116123,0 107.813095102,10.803100108,0 107.812967605,10.803110298,0 107.812794552,10.803111900,0 107.812612509,10.803131538,0 107.812530403,10.803123320,0 107.812503158,10.803132559,0</coordinates></LinearRing></outerBoundaryIs></Polygon></Placemark><Placemark><name>Polygon hoàn công 292</name><styleUrl>#lot</styleUrl><ExtendedData><Data name="Entity DXF"><value>292</value></Data><Data name="Diện tích ha"><value>12.875290869140626</value></Data><Data name="Mã Lô"><value>DXF-0292</value></Data></ExtendedData><Polygon><tessellate>1</tessellate><outerBoundaryIs><LinearRing><coordinates>107.794762516,10.795030846,0 107.794744317,10.795030985,0 107.794735379,10.795058141,0 107.794672210,10.795121829,0 107.794536221,10.795195282,0 107.794481860,10.795222785,0 107.794427845,10.795295432,0 107.794419349,10.795358702,0 107.794383717,10.795449267,0 107.794312399,10.795621279,0 107.794231559,10.795748216,0 107.794114374,10.795884731,0 107.793960368,10.795976290,0 107.793888045,10.796031018,0 107.793824508,10.796058681,0 107.793806471,10.796085906,0 107.793697672,10.796141003,0 107.793570545,10.796187209,0 107.793516054,10.796205774,0 107.793387318,10.796071677,0 107.793369043,10.796071816,0 107.793194786,10.795947095,0 107.793094008,10.795884929,0 107.793011246,10.795804386,0 107.792910101,10.795706105,0 107.792882510,10.795670289,0 107.792799803,10.795598865,0 107.792707833,10.795500515,0 107.792698604,10.795491555,0 107.792661967,10.795464837,0 107.792615972,10.795420131,0 107.792588489,10.795402372,0 107.792551906,10.795384683,0 107.792468961,10.795286083,0 107.792368475,10.795259941,0 107.792277056,10.795215673,0 107.792277056,10.795215673,0 107.792240269,10.795188954,0 107.792194586,10.795171334,0 107.792157820,10.795135588,0 107.792102908,10.795109008,0 107.792066013,10.795064323,0 107.792020514,10.795064670,0 107.791947640,10.795065316,0 107.791911349,10.795083742,0 107.791847575,10.795084318,0 107.791847758,10.795102375,0 107.791738356,10.795094270,0 107.791601816,10.795113549,0 107.791474214,10.795105763,0 107.791410149,10.795070225,0 107.791355420,10.795061703,0 107.791282547,10.795062349,0 107.791182481,10.795081260,0 107.791009434,10.795082850,0 107.790864269,10.795156370,0 107.790782663,10.795193110,0 107.790655298,10.795212319,0 107.790618823,10.795212687,0 107.790627869,10.795203589,0 107.790646014,10.795194422,0 107.790700193,10.795148771,0 107.790744764,10.795031142,0 107.790762834,10.795021974,0 107.790752235,10.794859617,0 107.790651221,10.794770364,0 107.790586897,10.794716858,0 107.790586605,10.794680743,0 107.790622530,10.794626293,0 107.790576006,10.794518476,0 107.790520437,10.794419667,0 107.790537979,10.794347389,0 107.790537795,10.794329331,0 107.790528383,10.794302405,0 107.790528038,10.794257261,0 107.790418032,10.794186135,0 107.790327304,10.794232063,0 107.790318279,10.794232133,0 107.790282279,10.794286582,0 107.790264371,10.794322836,0 107.790201147,10.794377494,0 107.790128274,10.794378139,0 107.790081987,10.794297408,0 107.790072650,10.794270392,0 107.790053664,10.794189453,0 107.790016769,10.794144677,0 107.789997782,10.794063557,0 107.789951917,10.794027879,0 107.789906418,10.794028317,0 107.789870256,10.794055680,0 107.789852218,10.794082995,0 107.789825027,10.794101261,0 107.789752574,10.794147050,0 107.789707441,10.794183512,0 107.789698450,10.794201638,0 107.789644196,10.794247288,0 107.789599226,10.794310746,0 107.789581263,10.794337971,0 107.789590784,10.794383045,0 107.789582104,10.794428168,0 107.789600725,10.794473082,0 107.789591862,10.794500238,0 107.789582945,10.794518455,0 107.789555808,10.794545749,0 107.789528983,10.794600129,0 107.789492875,10.794636522,0 107.789465684,10.794654787,0 107.789439117,10.794727225,0 107.789430125,10.794745352,0 107.789394384,10.794817769,0 107.789385392,10.794835895,0 107.789358384,10.794872218,0 107.789304259,10.794926807,0 107.789304259,10.794926807,0 107.789286771,10.795008294,0 107.789277854,10.795026421,0 107.789259763,10.795044617,0 107.789187018,10.795054291,0 107.789132581,10.795081793,0 107.789032883,10.795136819,0 107.788987858,10.795191338,0 107.788970241,10.795263616,0 107.788952407,10.795299869,0 107.788888817,10.795318502,0 107.788870779,10.795345727,0 107.788815997,10.795328176,0 107.788824859,10.795301021,0 107.788823964,10.795201885,0 107.788823598,10.795165770,0 107.788868569,10.795102223,0 107.788886661,10.795084027,0 107.788922639,10.795038606,0 107.788940731,10.795020410,0 107.788994619,10.794938645,0 107.789012290,10.794875396,0 107.789029649,10.794785060,0 107.789020128,10.794739986,0 107.789046058,10.794586470,0 107.789072226,10.794459860,0 107.789081089,10.794432705,0 107.789116173,10.794288058,0 107.789097477,10.794243144,0 107.789097003,10.794189062,0 107.789069175,10.794126159,0 107.789050114,10.794045130,0 107.789004194,10.794000423,0 107.788994599,10.793955439,0 107.788985445,10.793946480,0 107.788985154,10.793910365,0 107.789039278,10.793855777,0 107.789066232,10.793810425,0 107.789074966,10.793774331,0 107.789074912,10.793765302,0 107.789101866,10.793719951,0 107.789110362,10.793656680,0 107.789119333,10.793647582,0 107.789109996,10.793620566,0 107.789099764,10.793494414,0 107.789090643,10.793503511,0 107.789071969,10.793449568,0 107.789062394,10.793395556,0 107.789061554,10.793305359,0 107.789079699,10.793296191,0 107.789125456,10.793313812,0 107.789189446,10.793349260,0 107.789226050,10.793357922,0 107.789290168,10.793402489,0 107.789335689,10.793393024,0 107.789353759,10.793383856,0 107.789435149,10.793311002,0 107.789443829,10.793265789,0 107.789515861,10.793174857,0 107.789534007,10.793165689,0 107.789579031,10.793111170,0 107.789624314,10.793074709,0 107.789651063,10.793020328,0 107.789677597,10.792929923,0 107.789649748,10.792876049,0 107.789639990,10.792803979,0 107.789648616,10.792749738,0 107.789648487,10.792740619,0 107.789657478,10.792722582,0 107.789657370,10.792704525,0 107.789666341,10.792695427,0 107.789666341,10.792695427,0 107.789657478,10.792722582,0 107.789675624,10.792713324,0 107.789666578,10.792722422,0 107.789666524,10.792713394,0 107.789666524,10.792713394,0 107.789657478,10.792722582,0 107.789648249,10.792713623,0 107.789620292,10.792641692,0 107.789601726,10.792605806,0 107.789592152,10.792551793,0 107.789564249,10.792488891,0 107.789545316,10.792416890,0 107.789535925,10.792380935,0 107.789517176,10.792326991,0 107.789516939,10.792299815,0 107.789534718,10.792254533,0 107.789589100,10.792218002,0 107.789616583,10.792235761,0 107.789662265,10.792253381,0 107.789780766,10.792261327,0 107.789862868,10.792269641,0 107.789926404,10.792241979,0 107.789962620,10.792223644,0 107.790044301,10.792186815,0 107.790126274,10.792186100,0 107.790171902,10.792194691,0 107.790235913,10.792221201,0 107.790281853,10.792256789,0 107.790309206,10.792265609,0 107.790382392,10.792291960,0 107.790391546,10.792301009,0 107.790455686,10.792336548,0 107.790464839,10.792345417,0 107.790492397,10.792363266,0 107.790511309,10.792444205,0 107.790493293,10.792462402,0 107.790466047,10.792471729,0 107.790438673,10.792471937,0 107.790393411,10.792499460,0 107.790402511,10.792499301,0 107.790384732,10.792544583,0 107.790375924,10.792580767,0 107.790348970,10.792626119,0 107.790358566,10.792671103,0 107.790395202,10.792697821,0 107.790431730,10.792706482,0 107.790486770,10.792742181,0 107.790523353,10.792759870,0 107.790577951,10.792759363,0 107.790614242,10.792741028,0 107.790660054,10.792767677,0 107.790687903,10.792821551,0 107.790724852,10.792875355,0 107.790743343,10.792911241,0 107.790798437,10.792955788,0 107.790816453,10.792937591,0 107.790862157,10.792946273,0 107.790935213,10.792963595,0 107.790999278,10.792999133,0 107.791063602,10.793052639,0 107.791109467,10.793088317,0 107.791118805,10.793115243,0 107.791137241,10.793142191,0 107.791183290,10.793195925,0 107.791183290,10.793195925,0 107.791210956,10.793231742,0 107.791211377,10.793276885,0 107.791248380,10.793339628,0 107.791248509,10.793348657,0 107.791221502,10.793384980,0 107.791222031,10.793448091,0 107.791231626,10.793493165,0 107.791250063,10.793520022,0 107.791259217,10.793528981,0 107.791295875,10.793546671,0 107.791323411,10.793573458,0 107.791405514,10.793581772,0 107.791460425,10.793608351,0 107.791524253,10.793616894,0 107.791597860,10.793688297,0 107.791652879,10.793732934,0 107.791662162,10.793750922,0 107.791717441,10.793813526,0 107.791726540,10.793813457,0 107.791753840,10.793813158,0 107.791809064,10.793866823,0 107.791845700,10.793893541,0 107.791910078,10.793956076,0 107.791937561,10.793973835,0 107.791937690,10.793982864,0 107.791946844,10.793991823,0 107.792010801,10.794009304,0 107.792093304,10.794071789,0 107.792120862,10.794089548,0 107.792139299,10.794116405,0 107.792212593,10.794160903,0 107.792221877,10.794178801,0 107.792294804,10.794187184,0 107.792303979,10.794187114,0 107.792377036,10.794204526,0 107.792395161,10.794204296,0 107.792440810,10.794203949,0 107.792486492,10.794221569,0 107.792486913,10.794266622,0 107.792505480,10.794302508,0 107.792560500,10.794347145,0 107.792652177,10.794409470,0 107.792679552,10.794409172,0 107.792743693,10.794444710,0 107.792844049,10.794461823,0 107.792853149,10.794461754,0 107.792907823,10.794461247,0 107.792935047,10.794460948,0 107.792998821,10.794460371,0 107.793080870,10.794459656,0 107.793126369,10.794459218,0 107.793162714,10.794449911,0 107.793235717,10.794458294,0 107.793262908,10.794439938,0 107.793299253,10.794430631,0 107.793372127,10.794429985,0 107.793417885,10.794447605,0 107.793490629,10.794437930,0 107.793536258,10.794446521,0 107.793627222,10.794427679,0 107.793709088,10.794408906,0 107.793772678,10.794390271,0 107.793790565,10.794363046,0 107.793835372,10.794272412,0 107.793862067,10.794209092,0 107.793907036,10.794145544,0 107.793897149,10.794064445,0 107.793887336,10.793983256,0 107.793850570,10.793947510,0 107.793813437,10.793875738,0 107.793804099,10.793848722,0 107.793794449,10.793794709,0 107.793720312,10.793660105,0 107.793683254,10.793588244,0 107.793655458,10.793543399,0 107.793655275,10.793525341,0 107.793700082,10.793434707,0 107.793791447,10.793469946,0 107.793873495,10.793469230,0 107.793919232,10.793495879,0 107.793946423,10.793477613,0 107.794019059,10.793449880,0 107.794055458,10.793449512,0 107.794137506,10.793448796,0 107.794173484,10.793403375,0 107.794227499,10.793330728,0 107.794262948,10.793222196,0 107.794316887,10.793149549,0 107.794389156,10.793085701,0 107.794434676,10.793076235,0 107.794544683,10.793147450,0 107.794618031,10.793200976,0 107.794600491,10.793273254,0 107.794582950,10.793345533,0 107.794592709,10.793417603,0 107.794630080,10.793516460,0 107.794612410,10.793579800,0 107.794649781,10.793678748,0 107.794723130,10.793732183,0 107.794796370,10.793767652,0 107.794805470,10.793767492,0 107.794824221,10.793821435,0 107.794924339,10.793811551,0 107.794960447,10.793775158,0 107.794996370,10.793720708,0 107.795032423,10.793675286,0 107.795077393,10.793611737,0 107.795140745,10.793566017,0 107.795240259,10.793492932,0 107.795322178,10.793483187,0 107.795413251,10.793482311,0 107.795486546,10.793526808,0 107.795558760,10.793453931,0 107.795594392,10.793363456,0 107.795621086,10.793300046,0 107.795639231,10.793290879,0 107.795675468,10.793263514,0 107.795702659,10.793245248,0 107.795711024,10.793172949,0 107.795728640,10.793100580,0 107.795782158,10.792982880,0 107.795781974,10.792964822,0 107.795772528,10.792919839,0 107.795780839,10.792838601,0 107.795862337,10.792783712,0 107.795871253,10.792765585,0 107.795889290,10.792738360,0 107.795906884,10.792675020,0 107.795951853,10.792611471,0 107.796005976,10.792556881,0 107.795968918,10.792485020,0 107.795940700,10.792395122,0 107.795949270,10.792331851,0 107.795976148,10.792286499,0 107.796021430,10.792250036,0 107.796057775,10.792240639,0 107.796149139,10.792275968,0 107.796240287,10.792275092,0 107.796294907,10.792265646,0 107.796322573,10.792301462,0 107.796323233,10.792373601,0 107.796333230,10.792472667,0 107.796315853,10.792572031,0 107.796307358,10.792635302,0 107.796280901,10.792725798,0 107.796217896,10.792816572,0 107.796154781,10.792889289,0 107.796109888,10.792952838,0 107.796056057,10.793043543,0 107.795983843,10.793116329,0 107.795930087,10.793207124,0 107.795885097,10.793279611,0 107.795875997,10.793279680,0 107.795803858,10.793352557,0 107.795749530,10.793398118,0 107.795713553,10.793443540,0 107.795713607,10.793452568,0 107.795686729,10.793497921,0 107.795677867,10.793525076,0 107.795651097,10.793588486,0 107.795606074,10.793643006,0 107.795560792,10.793679469,0 107.795497752,10.793752276,0 107.795488761,10.793770312,0 107.795471350,10.793851710,0 107.795471296,10.793842681,0 107.795453497,10.793896902,0 107.795408657,10.793969480,0 107.795381779,10.794014832,0 107.795363558,10.794024090,0 107.795345963,10.794087430,0 107.795328001,10.794114656,0 107.795310094,10.794150819,0 107.795319194,10.794150750,0 107.795319561,10.794186865,0 107.795283508,10.794232286,0 107.795283454,10.794223258,0 107.795256868,10.794304634,0 107.795256868,10.794304634,0 107.795230152,10.794377073,0 107.795221419,10.794413257,0 107.795194595,10.794467638,0 107.795140526,10.794531256,0 107.795140655,10.794540285,0 107.795068182,10.794595104,0 107.795004775,10.794631705,0 107.794995730,10.794640804,0 107.794977843,10.794668029,0 107.794932615,10.794713520,0 107.794933036,10.794758664,0 107.794960832,10.794803509,0 107.794961729,10.794902734,0 107.794961912,10.794920792,0 107.794934959,10.794966144,0 107.794762516,10.795030846,0</coordinates></LinearRing></outerBoundaryIs></Polygon></Placemark><Placemark><name>Polygon hoàn công 352</name><styleUrl>#lot</styleUrl><ExtendedData><Data name="Entity DXF"><value>352</value></Data><Data name="Diện tích ha"><value>0.26952570724487307</value></Data><Data name="Mã Lô"><value>DXF-0352</value></Data></ExtendedData><Polygon><tessellate>1</tessellate><outerBoundaryIs><LinearRing><coordinates>107.808105725,10.820131804,0 107.808105725,10.820131804,0 107.808105725,10.820131804,0 107.808114901,10.820131734,0 107.808114901,10.820131734,0 107.808124001,10.820131664,0 107.808151378,10.820131365,0 107.808160479,10.820131295,0 107.808160479,10.820131295,0 107.808169504,10.820131225,0 107.808187781,10.820131085,0 107.808196881,10.820130925,0 107.808215158,10.820130785,0 107.808224258,10.820130715,0 107.808233413,10.820139674,0 107.808242514,10.820139604,0 107.808251744,10.820148473,0 107.808261138,10.820184518,0 107.808261323,10.820202485,0 107.808252352,10.820211584,0 107.808252645,10.820247699,0 107.808243654,10.820265826,0 107.808243708,10.820274854,0 107.808225821,10.820302080,0 107.808216720,10.820302150,0 107.808207783,10.820329306,0 107.808198997,10.820356372,0 107.808198997,10.820356372,0 107.808190135,10.820383528,0 107.808172043,10.820401725,0 107.808172411,10.820437840,0 107.808163549,10.820464996,0 107.808163734,10.820482964,0 107.808145880,10.820528337,0 107.808128047,10.820564592,0 107.808119001,10.820573690,0 107.808110563,10.820645900,0 107.808110563,10.820645900,0 107.808092839,10.820700212,0 107.808093207,10.820736237,0 107.808084270,10.820763392,0 107.808067099,10.820871787,0 107.808040514,10.820953255,0 107.807959509,10.821053200,0 107.807913985,10.821062668,0 107.807795417,10.821045699,0 107.807758516,10.821000925,0 107.807793909,10.820883272,0 107.807829173,10.820756681,0 107.807873645,10.820648077,0 107.807899938,10.820530585,0 107.807935385,10.820421960,0 107.807979858,10.820313357,0 107.808024351,10.820195634,0 107.808060037,10.820114186,0 107.808060037,10.820114186,0 107.808060037,10.820114186,0 107.808105725,10.820131804,0</coordinates></LinearRing></outerBoundaryIs></Polygon></Placemark><Placemark><name>Polygon hoàn công 392</name><styleUrl>#lot</styleUrl><ExtendedData><Data name="Entity DXF"><value>392</value></Data><Data name="Diện tích ha"><value>0.6839415184020996</value></Data><Data name="Mã Lô"><value>DXF-0392</value></Data></ExtendedData><Polygon><tessellate>1</tessellate><outerBoundaryIs><LinearRing><coordinates>107.811331723,10.820192557,0 107.811286090,10.820183968,0 107.811276990,10.820184038,0 107.811030972,10.820186288,0 107.810976239,10.820177769,0 107.810948991,10.820187008,0 107.810939761,10.820178049,0 107.810712020,10.820180159,0 107.810566260,10.820181459,0 107.810520757,10.820181899,0 107.810429730,10.820191717,0 107.810420923,10.820227902,0 107.810494834,10.820335416,0 107.810503990,10.820344375,0 107.810504229,10.820371461,0 107.810532213,10.820434362,0 107.810551077,10.820506362,0 107.810569886,10.820569333,0 107.810588586,10.820614247,0 107.810634144,10.820622925,0 107.810798235,10.820630424,0 107.810825483,10.820621096,0 107.810834583,10.820621026,0 107.811025922,10.820619286,0 107.811217131,10.820608517,0 107.811353921,10.820616316,0 107.811463203,10.820615296,0 107.811663773,10.820622515,0 107.811700175,10.820622144,0 107.811818026,10.820557943,0 107.811863420,10.820539536,0 107.811844665,10.820485594,0 107.811806384,10.820287422,0 107.811760088,10.820206694,0 107.811604913,10.820180978,0 107.811413335,10.820155722,0 107.811340639,10.820174429,0 107.811331723,10.820192557,0</coordinates></LinearRing></outerBoundaryIs></Polygon></Placemark><Placemark><name>Polygon hoàn công 451</name><styleUrl>#lot</styleUrl><ExtendedData><Data name="Entity DXF"><value>451</value></Data><Data name="Diện tích ha"><value>1.9346952041625975</value></Data><Data name="Mã Lô"><value>DXF-0451</value></Data></ExtendedData><Polygon><tessellate>1</tessellate><outerBoundaryIs><LinearRing><coordinates>107.811888829,10.819357485,0 107.811898059,10.819366444,0 107.811943638,10.819366004,0 107.812089397,10.819364703,0 107.812289891,10.819371922,0 107.812390018,10.819361942,0 107.812508401,10.819360852,0 107.812636144,10.819377749,0 107.812645320,10.819377679,0 107.812773521,10.819457686,0 107.812964859,10.819455945,0 107.813028638,10.819455365,0 107.813083263,10.819445826,0 107.813101464,10.819445686,0 107.813128766,10.819445386,0 107.813283701,10.819444015,0 107.813347535,10.819452463,0 107.813493241,10.819442043,0 107.813584561,10.819468248,0 107.813593792,10.819477207,0 107.813613394,10.819621437,0 107.813622550,10.819630395,0 107.813649981,10.819639124,0 107.813786880,10.819664979,0 107.813878016,10.819673127,0 107.814069354,10.819671385,0 107.814078455,10.819671315,0 107.814133667,10.819733915,0 107.814153270,10.819878054,0 107.814191444,10.820058168,0 107.814201262,10.820139267,0 107.814156846,10.820256900,0 107.814083707,10.820239493,0 107.813901728,10.820259222,0 107.813783270,10.820260313,0 107.813582701,10.820253096,0 107.813473363,10.820245088,0 107.813391143,10.820218813,0 107.813354426,10.820192097,0 107.813144572,10.820166982,0 107.813008042,10.820177242,0 107.812826173,10.820214938,0 107.812789162,10.820152197,0 107.812734244,10.820125621,0 107.812688741,10.820126062,0 107.812506612,10.820145699,0 107.812278687,10.820129753,0 107.812160065,10.820103757,0 107.812077824,10.820086510,0 107.812032082,10.820059864,0 107.811922669,10.820051856,0 107.811904208,10.820033938,0 107.811866481,10.819889939,0 107.811865504,10.819790713,0 107.811874310,10.819754618,0 107.811883117,10.819718434,0 107.811888829,10.819357485,0</coordinates></LinearRing></outerBoundaryIs></Polygon></Placemark><Placemark><name>Polygon hoàn công 541</name><styleUrl>#lot</styleUrl><ExtendedData><Data name="Entity DXF"><value>541</value></Data><Data name="Diện tích ha"><value>0.8108632843017578</value></Data><Data name="Mã Lô"><value>DXF-0541</value></Data></ExtendedData><Polygon><tessellate>1</tessellate><outerBoundaryIs><LinearRing><coordinates>107.810082684,10.820104719,0 107.810082684,10.820104719,0 107.810082684,10.820104719,0 107.810082684,10.820104719,0 107.810100940,10.820113608,0 107.810119216,10.820113378,0 107.810128317,10.820113308,0 107.810137472,10.820122267,0 107.810137472,10.820122267,0 107.810155748,10.820122127,0 107.810173950,10.820121897,0 107.810201251,10.820121687,0 107.810210352,10.820121617,0 107.810219528,10.820121547,0 107.810228499,10.820112448,0 107.810237599,10.820112378,0 107.810246700,10.820112218,0 107.810255876,10.820112148,0 107.810264847,10.820103050,0 107.810273947,10.820102980,0 107.810283068,10.820093881,0 107.810292169,10.820093811,0 107.810301194,10.820093741,0 107.810319286,10.820075544,0 107.810319286,10.820075544,0 107.810328332,10.820066445,0 107.810328332,10.820066445,0 107.810328203,10.820057416,0 107.810318863,10.820030310,0 107.810300477,10.820012483,0 107.810291193,10.819994495,0 107.810281853,10.819967569,0 107.810272623,10.819958610,0 107.810272568,10.819949582,0 107.810254128,10.819922726,0 107.810244822,10.819913767,0 107.810235797,10.819913837,0 107.810226566,10.819904878,0 107.810199026,10.819878092,0 107.810189740,10.819860194,0 107.810162070,10.819824289,0 107.810134509,10.819806532,0 107.810116253,10.819797733,0 107.810061574,10.819798153,0 107.810025171,10.819798523,0 107.809979539,10.819789934,0 107.809897483,10.819790654,0 107.809897483,10.819790654,0 107.809742622,10.819792113,0 107.809569669,10.819811679,0 107.809487873,10.819830456,0 107.809469488,10.819812629,0 107.809341744,10.819795731,0 107.809314572,10.819804969,0 107.809168737,10.819806358,0 107.809123419,10.819824765,0 107.809041178,10.819807517,0 107.808895548,10.819817845,0 107.808850100,10.819827314,0 107.808804337,10.819809696,0 107.808648999,10.819756982,0 107.808630722,10.819757122,0 107.808475916,10.819767610,0 107.808448505,10.819749762,0 107.808275239,10.819742331,0 107.808266138,10.819742401,0 107.808158548,10.819923814,0 107.808086807,10.820050685,0 107.808087653,10.820140973,0 107.808142018,10.820113467,0 107.808333411,10.820120667,0 107.808479171,10.820119369,0 107.808716033,10.820108162,0 107.808743335,10.820107952,0 107.808816290,10.820107303,0 107.808898326,10.820115522,0 107.809016784,10.820114433,0 107.809171699,10.820122093,0 107.809290212,10.820130033,0 107.809417717,10.820119845,0 107.809572578,10.820118385,0 107.809699822,10.820090230,0 107.809718099,10.820090000,0 107.809872960,10.820088631,0 107.809991473,10.820096570,0 107.810028059,10.820114258,0 107.810091839,10.820113678,0 107.810082684,10.820104719,0</coordinates></LinearRing></outerBoundaryIs></Polygon></Placemark><Placemark><name>Polygon hoàn công 616</name><styleUrl>#lot</styleUrl><ExtendedData><Data name="Entity DXF"><value>616</value></Data><Data name="Diện tích ha"><value>3.916881436920166</value></Data><Data name="Mã Lô"><value>DXF-0616</value></Data></ExtendedData><Polygon><tessellate>1</tessellate><outerBoundaryIs><LinearRing><coordinates>107.802217860,10.816964976,0 107.802218337,10.817019148,0 107.802218521,10.817037206,0 107.802218575,10.817046234,0 107.802128393,10.817146247,0 107.801764290,10.817185601,0 107.801736858,10.817176872,0 107.801399839,10.817179901,0 107.801245143,10.817208352,0 107.801071899,10.817191889,0 107.800980873,10.817201795,0 107.800506221,10.817106914,0 107.800376739,10.816900499,0 107.800256853,10.816739249,0 107.800137368,10.816632171,0 107.799926696,10.816507731,0 107.799771707,10.816500067,0 107.799461861,10.816493857,0 107.799442578,10.816376803,0 107.799523108,10.816222779,0 107.799576283,10.816059844,0 107.799611495,10.815924225,0 107.799672028,10.815571889,0 107.799686487,10.815174847,0 107.799712414,10.815021240,0 107.799712414,10.815021240,0 107.799831054,10.815038212,0 107.799985967,10.815045786,0 107.800122624,10.815044561,0 107.800277557,10.815043197,0 107.800395992,10.815051139,0 107.800450799,10.815059660,0 107.800542614,10.815130922,0 107.800616391,10.815229500,0 107.800699561,10.815364124,0 107.800718314,10.815418066,0 107.800774149,10.815534751,0 107.800774625,10.815588923,0 107.800802056,10.815597653,0 107.800847926,10.815633329,0 107.800885118,10.815714219,0 107.800931226,10.815776981,0 107.800977409,10.815839653,0 107.800995719,10.815857571,0 107.801032434,10.815884288,0 107.801142396,10.815946383,0 107.801151735,10.815973399,0 107.801252943,10.816080707,0 107.801344629,10.816143030,0 107.801381160,10.816151780,0 107.801417746,10.816169469,0 107.801436131,10.816187297,0 107.801445490,10.816205284,0 107.801555486,10.816285436,0 107.801564770,10.816303424,0 107.801638310,10.816374915,0 107.801702456,10.816410362,0 107.801729996,10.816437149,0 107.801840251,10.816535357,0 107.801867736,10.816553206,0 107.801904690,10.816607009,0 107.801905058,10.816643124,0 107.801932597,10.816669911,0 107.801960342,10.816705726,0 107.802033882,10.816777218,0 107.802079677,10.816812894,0 107.802125622,10.816848570,0 107.802217492,10.816928861,0 107.802226777,10.816946849,0 107.802226961,10.816964906,0 107.802226961,10.816964906,0 107.802226961,10.816964906,0 107.802217860,10.816964976,0</coordinates></LinearRing></outerBoundaryIs></Polygon></Placemark><Placemark><name>Polygon hoàn công 699</name><styleUrl>#lot</styleUrl><ExtendedData><Data name="Entity DXF"><value>699</value></Data><Data name="Diện tích ha"><value>0.7787620681762696</value></Data><Data name="Mã Lô"><value>DXF-0699</value></Data></ExtendedData><Polygon><tessellate>1</tessellate><outerBoundaryIs><LinearRing><coordinates>107.801682525,10.817938395,0 107.801680126,10.817935140,0 107.801661686,10.817908283,0 107.801652402,10.817890205,0 107.801652273,10.817881176,0 107.801643118,10.817872308,0 107.801642880,10.817845222,0 107.801633650,10.817836262,0 107.801633595,10.817827234,0 107.801633541,10.817818205,0 107.801624311,10.817809336,0 107.801624256,10.817800308,0 107.801624202,10.817791279,0 107.801614843,10.817773291,0 107.801614659,10.817755324,0 107.801614475,10.817737266,0 107.801614420,10.817728238,0 107.801614237,10.817710180,0 107.801614128,10.817692123,0 107.801613998,10.817683094,0 107.801604843,10.817674226,0 107.801622936,10.817656029,0 107.801641137,10.817655799,0 107.801650162,10.817655729,0 107.801659284,10.817646631,0 107.801668384,10.817646561,0 107.801677355,10.817637463,0 107.801677355,10.817637463,0 107.801677355,10.817637463,0 107.801677301,10.817628434,0 107.801677301,10.817628434,0 107.801677171,10.817619405,0 107.801704364,10.817601139,0 107.801713465,10.817601069,0 107.801731611,10.817591901,0 107.801758988,10.817591602,0 107.801767959,10.817582503,0 107.801795098,10.817555208,0 107.801794914,10.817537151,0 107.801794730,10.817519184,0 107.801794491,10.817492098,0 107.801785078,10.817465081,0 107.801775793,10.817447093,0 107.801766584,10.817429106,0 107.801757300,10.817411208,0 107.801757116,10.817393151,0 107.801747702,10.817366134,0 107.801720108,10.817330319,0 107.801710878,10.817321360,0 107.801692255,10.817276446,0 107.801692016,10.817249450,0 107.801764712,10.817230745,0 107.801801189,10.817230376,0 107.801874068,10.817229728,0 107.801937663,10.817211092,0 107.801946764,10.817211023,0 107.802101384,10.817182571,0 107.802193915,10.817335001,0 107.802177696,10.817551740,0 107.802187089,10.817587694,0 107.802232374,10.817551231,0 107.802295969,10.817532596,0 107.802387342,10.817567833,0 107.802414719,10.817567624,0 107.802497489,10.817648074,0 107.802515874,10.817665902,0 107.802534810,10.817737902,0 107.802562480,10.817773718,0 107.802573085,10.817936075,0 107.802519176,10.818026690,0 107.802510682,10.818089960,0 107.802466868,10.818270703,0 107.802449014,10.818315986,0 107.802239660,10.818336007,0 107.802212229,10.818327188,0 107.802192999,10.818219073,0 107.802182448,10.818065835,0 107.801981902,10.818049672,0 107.801954525,10.818049881,0 107.801872545,10.818050689,0 107.801682525,10.817938395,0</coordinates></LinearRing></outerBoundaryIs></Polygon></Placemark><Placemark><name>Polygon hoàn công 768</name><styleUrl>#lot</styleUrl><ExtendedData><Data name="Entity DXF"><value>768</value></Data><Data name="Diện tích ha"><value>0.7580936393737793</value></Data><Data name="Mã Lô"><value>DXF-0768</value></Data></ExtendedData><Polygon><tessellate>1</tessellate><outerBoundaryIs><LinearRing><coordinates>107.799684031,10.814904257,0 107.799693478,10.814949240,0 107.799703443,10.815030339,0 107.799685405,10.815057564,0 107.799658342,10.815084859,0 107.799594564,10.815085437,0 107.799512530,10.815077215,0 107.799466844,10.815059596,0 107.799357543,10.815069551,0 107.799275509,10.815061329,0 107.799247765,10.815025513,0 107.799229402,10.814998567,0 107.799229402,10.814998567,0 107.799211180,10.815007734,0 107.799156502,10.815008242,0 107.799129092,10.814990484,0 107.799137879,10.814963328,0 107.799155475,10.814900078,0 107.799164466,10.814881951,0 107.799191292,10.814827570,0 107.799190686,10.814764369,0 107.799208725,10.814737144,0 107.799235788,10.814709849,0 107.799262851,10.814682554,0 107.799271768,10.814664427,0 107.799308061,10.814646001,0 107.799352795,10.814555456,0 107.799352427,10.814519341,0 107.799343143,10.814501443,0 107.799352005,10.814474287,0 107.799351345,10.814402148,0 107.799350978,10.814365943,0 107.799386850,10.814302463,0 107.799386850,10.814302463,0 107.799377565,10.814284566,0 107.799377457,10.814266508,0 107.799394760,10.814167144,0 107.799384924,10.814095074,0 107.799357514,10.814077316,0 107.799339238,10.814077455,0 107.799293553,10.814059836,0 107.799211206,10.814024528,0 107.799119943,10.814007347,0 107.799110659,10.813989359,0 107.799092220,10.813962503,0 107.799101007,10.813935347,0 107.799082255,10.813881314,0 107.799081725,10.813818203,0 107.799162990,10.813736228,0 107.799171961,10.813727129,0 107.799171668,10.813691105,0 107.799153284,10.813673187,0 107.799152754,10.813610076,0 107.799152441,10.813582990,0 107.799288804,10.813545741,0 107.799334306,10.813545302,0 107.799361499,10.813527036,0 107.799397901,10.813526667,0 107.799480063,10.813544008,0 107.799499108,10.813633975,0 107.799619489,10.813840369,0 107.799703523,10.814056071,0 107.799705686,10.814290546,0 107.799662218,10.814516522,0 107.799673298,10.814732871,0 107.799674141,10.814823158,0 107.799684031,10.814904257,0</coordinates></LinearRing></outerBoundaryIs></Polygon></Placemark><Placemark><name>Polygon hoàn công 835</name><styleUrl>#lot</styleUrl><ExtendedData><Data name="Entity DXF"><value>835</value></Data><Data name="Diện tích ha"><value>0.5958328498840332</value></Data><Data name="Mã Lô"><value>DXF-0835</value></Data></ExtendedData><Polygon><tessellate>1</tessellate><outerBoundaryIs><LinearRing><coordinates>107.807945120,10.815586748,0 107.807917689,10.815577928,0 107.807890128,10.815560171,0 107.807935392,10.815532735,0 107.807999061,10.815514098,0 107.808053187,10.815459507,0 107.808062287,10.815459347,0 107.808089534,10.815450108,0 107.808126011,10.815449738,0 107.808171718,10.815458418,0 107.808180744,10.815458258,0 107.808226191,10.815448879,0 107.808235292,10.815448810,0 107.808244413,10.815439711,0 107.808289731,10.815421214,0 107.808307878,10.815412045,0 107.808344225,10.815402737,0 107.808417049,10.815393059,0 107.808453451,10.815392689,0 107.808489928,10.815392319,0 107.808580769,10.815364444,0 107.808589870,10.815364374,0 107.808598970,10.815364304,0 107.808626162,10.815346037,0 107.808644493,10.815354836,0 107.808708142,10.815345228,0 107.808735259,10.815326960,0 107.808771627,10.815308624,0 107.808780598,10.815299525,0 107.808844376,10.815298945,0 107.808935510,10.815307094,0 107.808972063,10.815306815,0 107.809081398,10.815314824,0 107.809108829,10.815323553,0 107.809190754,10.815313805,0 107.809263449,10.815295098,0 107.809363813,10.815312206,0 107.809482085,10.815293149,0 107.809509408,10.815283820,0 107.809564065,10.815292339,0 107.809591018,10.815246986,0 107.809709475,10.815245896,0 107.809727676,10.815245756,0 107.809764023,10.815236448,0 107.809855232,10.815244597,0 107.809874519,10.815361650,0 107.809921237,10.815487522,0 107.809876451,10.815569130,0 107.809858305,10.815578299,0 107.809822012,10.815596636,0 107.809666970,10.815580038,0 107.809512186,10.815581407,0 107.809420977,10.815573258,0 107.809357491,10.815610043,0 107.809339215,10.815610183,0 107.809093461,10.815630489,0 107.808901757,10.815596022,0 107.808883631,10.815596162,0 107.808837869,10.815578545,0 107.808646718,10.815598341,0 107.808437182,10.815600309,0 107.808254837,10.815583920,0 107.808045301,10.815585798,0 107.807999778,10.815595267,0 107.807945120,10.815586748,0</coordinates></LinearRing></outerBoundaryIs></Polygon></Placemark><Placemark><name>Polygon hoàn công 1122</name><styleUrl>#lot</styleUrl><ExtendedData><Data name="Entity DXF"><value>1122</value></Data><Data name="Diện tích ha"><value>10.467495834350586</value></Data><Data name="Mã Lô"><value>DXF-1122</value></Data></ExtendedData><Polygon><tessellate>1</tessellate><outerBoundaryIs><LinearRing><coordinates>107.802637466,10.817024338,0 107.802601118,10.817033736,0 107.802446313,10.817044131,0 107.802401103,10.817080594,0 107.802401233,10.817089623,0 107.802410810,10.817143635,0 107.802447873,10.817215496,0 107.802448533,10.817287635,0 107.802458261,10.817341648,0 107.802504002,10.817368295,0 107.802613835,10.817421450,0 107.802714622,10.817483704,0 107.802778877,10.817537207,0 107.802797998,10.817627265,0 107.802816676,10.817681208,0 107.802817098,10.817726261,0 107.802863044,10.817761937,0 107.802872199,10.817770896,0 107.802900107,10.817833798,0 107.802918676,10.817869683,0 107.802945977,10.817869383,0 107.802982563,10.817887252,0 107.803037793,10.817940826,0 107.803047078,10.817958813,0 107.803066253,10.818057809,0 107.803066362,10.818075867,0 107.803075701,10.818102793,0 107.803094345,10.818138768,0 107.803122232,10.818210608,0 107.803150270,10.818282539,0 107.803169261,10.818363658,0 107.803169683,10.818408711,0 107.803197959,10.818507637,0 107.803234968,10.818570469,0 107.803281315,10.818660227,0 107.803318454,10.818731997,0 107.803355591,10.818803948,0 107.803401885,10.818884677,0 107.803439077,10.818965476,0 107.803494525,10.819055165,0 107.803503831,10.819064124,0 107.803522379,10.819109038,0 107.803541500,10.819199095,0 107.803559940,10.819226042,0 107.803588086,10.819316029,0 107.803625095,10.819378771,0 107.803671756,10.819495615,0 107.803727280,10.819585303,0 107.803792196,10.819711037,0 107.803838435,10.819782827,0 107.803838619,10.819800795,0 107.803902453,10.819809245,0 107.804002765,10.819817326,0 107.804130378,10.819825197,0 107.804194579,10.819869763,0 107.804258597,10.819896180,0 107.804268250,10.819950192,0 107.804277957,10.820013324,0 107.804296581,10.820058237,0 107.804307242,10.820229533,0 107.804325995,10.820283475,0 107.804326472,10.820337648,0 107.804354640,10.820418516,0 107.804336840,10.820472828,0 107.804337446,10.820536029,0 107.804310860,10.820617407,0 107.804302182,10.820662620,0 107.804312420,10.820788772,0 107.804303449,10.820797870,0 107.804294533,10.820815997,0 107.804276733,10.820870309,0 107.804268661,10.820978633,0 107.804242259,10.821078159,0 107.804233580,10.821123282,0 107.804234480,10.821222507,0 107.804243710,10.821231466,0 107.804208077,10.821321942,0 107.804227199,10.821411909,0 107.804245747,10.821457004,0 107.804255270,10.821501987,0 107.804291932,10.821519675,0 107.804383014,10.821518888,0 107.804474041,10.821508981,0 107.804483142,10.821508911,0 107.804501234,10.821490714,0 107.804555838,10.821490205,0 107.804583269,10.821499025,0 107.804619672,10.821498655,0 107.804674481,10.821507175,0 107.804701728,10.821497937,0 107.804792940,10.821506088,0 107.804847489,10.821496550,0 107.804902352,10.821514099,0 107.804975233,10.821513450,0 107.805039012,10.821512872,0 107.805121048,10.821521182,0 107.805121048,10.821521182,0 107.805212259,10.821529332,0 107.805248553,10.821510996,0 107.805339873,10.821537204,0 107.805439947,10.821518198,0 107.805439947,10.821518198,0 107.805521798,10.821508451,0 107.805576477,10.821507942,0 107.805658588,10.821516252,0 107.805685890,10.821515953,0 107.805758293,10.821461222,0 107.805813026,10.821469742,0 107.805895028,10.821459995,0 107.805967779,10.821450317,0 107.806022383,10.821449808,0 107.806104493,10.821458028,0 107.806122749,10.821466917,0 107.806122749,10.821466917,0 107.806122933,10.821484974,0 107.806113724,10.821466987,0 107.806168403,10.821466478,0 107.806177374,10.821457379,0 107.806186474,10.821457309,0 107.806213851,10.821457100,0 107.806250200,10.821447702,0 107.806277631,10.821456521,0 107.806341466,10.821464880,0 107.806350566,10.821464811,0 107.806350437,10.821455782,0 107.806368843,10.821464671,0 107.806414346,10.821464232,0 107.806459924,10.821463883,0 107.806514474,10.821454345,0 107.806596585,10.821462565,0 107.806642088,10.821462215,0 107.806660419,10.821471014,0 107.806724123,10.821470435,0 107.806733299,10.821470365,0 107.806778878,10.821469926,0 107.806833850,10.821505532,0 107.806862127,10.821604458,0 107.806862311,10.821622515,0 107.806871835,10.821667499,0 107.806899798,10.821739428,0 107.806899928,10.821748457,0 107.806900112,10.821766515,0 107.806918423,10.821784342,0 107.806918607,10.821802400,0 107.806928314,10.821865531,0 107.806928314,10.821865531,0 107.806946645,10.821874330,0 107.807010296,10.821864722,0 107.807074075,10.821864143,0 107.807119654,10.821863794,0 107.807174333,10.821863284,0 107.807201765,10.821872013,0 107.807183543,10.821881182,0 107.807201819,10.821881042,0 107.807210920,10.821880972,0 107.807219891,10.821871873,0 107.807256239,10.821862565,0 107.807301947,10.821871155,0 107.807329249,10.821870855,0 107.807356790,10.821897641,0 107.807393506,10.821924358,0 107.807384958,10.821978600,0 107.807412315,10.821987329,0 107.807448793,10.821987050,0 107.807485141,10.821977651,0 107.807558021,10.821977002,0 107.807612646,10.821967464,0 107.807612646,10.821967464,0 107.807666718,10.821903844,0 107.807675689,10.821894745,0 107.807647303,10.821777672,0 107.807628364,10.821705672,0 107.807609501,10.821633762,0 107.807599978,10.821588689,0 107.807580985,10.821507750,0 107.807552946,10.821435820,0 107.807552285,10.821363590,0 107.807570193,10.821327336,0 107.807606247,10.821281913,0 107.807642173,10.821227461,0 107.807695821,10.821118788,0 107.807722591,10.821055377,0 107.807749415,10.821001085,0 107.807758462,10.820991897,0 107.807794094,10.820901330,0 107.807820679,10.820819952,0 107.807856181,10.820720357,0 107.807873830,10.820666135,0 107.807891553,10.820611823,0 107.807918214,10.820530445,0 107.807944595,10.820439948,0 107.807935440,10.820430989,0 107.807953054,10.820358620,0 107.807979674,10.820295299,0 107.807997473,10.820240987,0 107.808033159,10.820159539,0 107.808032974,10.820141482,0 107.808005359,10.820114696,0 107.807941525,10.820106246,0 107.807886552,10.820070641,0 107.807785948,10.820026356,0 107.807758516,10.820017627,0 107.807649158,10.820018646,0 107.807630957,10.820018786,0 107.807530830,10.820028763,0 107.807503637,10.820047030,0 107.807430518,10.820020593,0 107.807421418,10.820020663,0 107.807311746,10.819994686,0 107.807311692,10.819985657,0 107.807266059,10.819976977,0 107.807238627,10.819968248,0 107.807193308,10.819986746,0 107.807165823,10.819968898,0 107.807111069,10.819969407,0 107.807037841,10.819925002,0 107.807019694,10.819934171,0 107.806965015,10.819934680,0 107.806937584,10.819925861,0 107.806882926,10.819917342,0 107.806800686,10.819900093,0 107.806773493,10.819918360,0 107.806745843,10.819873516,0 107.806699842,10.819828902,0 107.806617623,10.819802535,0 107.806535199,10.819767229,0 107.806489457,10.819740582,0 107.806406979,10.819696247,0 107.806343036,10.819669740,0 107.806324759,10.819669970,0 107.806233678,10.819670758,0 107.806206117,10.819653001,0 107.806114873,10.819626703,0 107.806032579,10.819600335,0 107.805941422,10.819601214,0 107.805859333,10.819583875,0 107.805768122,10.819575725,0 107.805676802,10.819549517,0 107.805667626,10.819549587,0 107.805612784,10.819523010,0 107.805539591,10.819496662,0 107.805484857,10.819488143,0 107.805475757,10.819488213,0 107.805384253,10.819443948,0 107.805301959,10.819417670,0 107.805283758,10.819417809,0 107.805210585,10.819382343,0 107.805128291,10.819356066,0 107.805119061,10.819347107,0 107.805082658,10.819347476,0 107.805091813,10.819356435,0 107.805055411,10.819356714,0 107.805082604,10.819338447,0 107.805027795,10.819329927,0 107.804899392,10.819240888,0 107.804744184,10.819197201,0 107.804552533,10.819171851,0 107.804387727,10.819083181,0 107.804313764,10.818966546,0 107.804267600,10.818894846,0 107.804193432,10.818769272,0 107.804165470,10.818697252,0 107.804137984,10.818679494,0 107.804036351,10.818527044,0 107.803907471,10.818383922,0 107.803852002,10.818303172,0 107.803842663,10.818276246,0 107.803833508,10.818267287,0 107.803814994,10.818240430,0 107.803732244,10.818150952,0 107.803713600,10.818115066,0 107.803594080,10.817989842,0 107.803483510,10.817864547,0 107.803400393,10.817739044,0 107.803280669,10.817604790,0 107.803206706,10.817488245,0 107.803206576,10.817479217,0 107.803095844,10.817326836,0 107.803013442,10.817282500,0 107.802976726,10.817255783,0 107.802903793,10.817247403,0 107.802839353,10.817175842,0 107.802710583,10.817050777,0 107.802682989,10.817014961,0 107.802637466,10.817024338,0</coordinates></LinearRing></outerBoundaryIs></Polygon></Placemark><Placemark><name>Polygon hoàn công 1123</name><styleUrl>#lot</styleUrl><ExtendedData><Data name="Entity DXF"><value>1123</value></Data><Data name="Diện tích ha"><value>11.105378910827637</value></Data><Data name="Mã Lô"><value>DXF-1123</value></Data></ExtendedData><Polygon><tessellate>1</tessellate><outerBoundaryIs><LinearRing><coordinates>107.812043688,10.812625693,0 107.812183534,10.812841787,0 107.812202029,10.812877761,0 107.812202159,10.812886700,0 107.812230013,10.812940663,0 107.812239168,10.812949621,0 107.812248323,10.812958580,0 107.812313427,10.813102279,0 107.812359982,10.813201064,0 107.812423705,10.813191455,0 107.812459628,10.813137003,0 107.812468066,10.813064793,0 107.812548883,10.812946789,0 107.812567029,10.812937621,0 107.812666067,10.812810358,0 107.812665958,10.812792301,0 107.812673787,10.812656980,0 107.812673547,10.812629894,0 107.812673178,10.812593869,0 107.812736293,10.812521149,0 107.812790602,10.812484524,0 107.812816652,10.812339944,0 107.812852336,10.812258406,0 107.812979228,10.812185105,0 107.813115700,10.812165817,0 107.813152101,10.812165446,0 107.813197309,10.812128981,0 107.813178391,10.812047953,0 107.813123344,10.812012348,0 107.812913331,10.811960148,0 107.812684988,10.811899058,0 107.812502201,10.811846647,0 107.812438369,10.811838199,0 107.812411013,10.811829470,0 107.812200686,10.811750183,0 107.812154631,10.811696541,0 107.812116774,10.811543423,0 107.812089104,10.811507608,0 107.812060825,10.811408682,0 107.811950938,10.811346502,0 107.811814337,10.811356761,0 107.811713973,10.811339654,0 107.811677203,10.811303909,0 107.811613425,10.811304489,0 107.811540732,10.811323197,0 107.811467854,10.811323847,0 107.811449284,10.811287963,0 107.811375798,10.811225502,0 107.811339342,10.811216843,0 107.811165971,10.811191357,0 107.811120264,10.811182769,0 107.811020269,10.811201686,0 107.810892584,10.811193817,0 107.810828936,10.811203426,0 107.810737803,10.811195278,0 107.810719582,10.811204446,0 107.810619403,10.811205397,0 107.810546525,10.811206047,0 107.810519224,10.811206256,0 107.810364292,10.811207716,0 107.810218905,10.811245131,0 107.810146082,10.811254810,0 107.810091220,10.811237262,0 107.810009187,10.811228953,0 107.809836185,10.811239581,0 107.809744867,10.811213375,0 107.809735344,10.811168211,0 107.809598504,10.811151474,0 107.809425427,10.811162011,0 107.809288662,10.811145274,0 107.809224939,10.811154882,0 107.809042781,10.811156551,0 107.808997020,10.811138933,0 107.808878327,10.811112936,0 107.808732462,10.811096178,0 107.808550045,10.811079880,0 107.808459205,10.811107755,0 107.808395428,10.811108335,0 107.808395428,10.811108335,0 107.808340696,10.811099816,0 107.808304349,10.811109124,0 107.808285964,10.811091297,0 107.808185416,10.811056131,0 107.808084924,10.811029994,0 107.808011991,10.811021615,0 107.807820768,10.811041410,0 107.807730003,10.811069286,0 107.807566047,10.811070814,0 107.807447517,10.811071812,0 107.807319907,10.811064033,0 107.807147382,10.811128742,0 107.807020380,10.811183982,0 107.806885102,10.811338609,0 107.806878246,10.811573155,0 107.806880286,10.811798692,0 107.806890839,10.811951930,0 107.806864861,10.812096600,0 107.806839047,10.812268174,0 107.806850098,10.812466466,0 107.806869015,10.812547585,0 107.806879036,10.812637712,0 107.806879275,10.812664708,0 107.806934007,10.812673227,0 107.807043287,10.812672299,0 107.807079893,10.812680958,0 107.807298583,10.812687949,0 107.807325829,10.812678711,0 107.807380561,10.812687230,0 107.807480871,10.812695310,0 107.807553694,10.812685632,0 107.807663029,10.812693641,0 107.807735907,10.812692992,0 107.807900049,10.812709521,0 107.807954856,10.812718040,0 107.807919355,10.812817636,0 107.807919539,10.812835603,0 107.808012051,10.812997241,0 107.808066913,10.813014789,0 107.808149151,10.813032037,0 107.808385933,10.813020830,0 107.808686546,10.813018162,0 107.808877805,10.813016424,0 107.808987290,10.813024433,0 107.809242327,10.813022114,0 107.809497254,10.813001738,0 107.809715780,10.812981641,0 107.809797629,10.812971893,0 107.809832413,10.812791129,0 107.809804005,10.812683174,0 107.809803712,10.812647059,0 107.809858205,10.812628582,0 107.810040363,10.812626913,0 107.810167919,10.812625753,0 107.810213626,10.812634342,0 107.810386629,10.812623713,0 107.810432315,10.812641331,0 107.810605503,10.812648760,0 107.810887861,10.812637201,0 107.810988041,10.812636251,0 107.811106551,10.812644189,0 107.811115596,10.812635091,0 107.811224822,10.812625132,0 107.811279574,10.812624622,0 107.811334416,10.812651198,0 107.811516595,10.812640499,0 107.811680552,10.812638968,0 107.811707723,10.812629730,0 107.811753376,10.812629290,0 107.811798748,10.812619820,0 107.811853316,10.812601343,0 107.811971512,10.812582195,0 107.812044759,10.812617570,0 107.812044814,10.812626598,0 107.812043688,10.812625693,0</coordinates></LinearRing></outerBoundaryIs></Polygon></Placemark><Placemark><name>Polygon hoàn công 1410</name><styleUrl>#lot</styleUrl><ExtendedData><Data name="Entity DXF"><value>1410</value></Data><Data name="Diện tích ha"><value>12.907998971557618</value></Data><Data name="Mã Lô"><value>DXF-1410</value></Data></ExtendedData><Polygon><tessellate>1</tessellate><outerBoundaryIs><LinearRing><coordinates>107.812908210,10.812393146,0 107.812908025,10.812375178,0 107.812944262,10.812347722,0 107.813034972,10.812310816,0 107.813053433,10.812328734,0 107.813108220,10.812346281,0 107.813190198,10.812345470,0 107.813272122,10.812335721,0 107.813308100,10.812290297,0 107.813362483,10.812253762,0 107.813398461,10.812208338,0 107.813552969,10.812161823,0 107.813616747,10.812161242,0 107.813671295,10.812151703,0 107.813707751,10.812160451,0 107.813771529,10.812159781,0 107.813880959,10.812158850,0 107.813899084,10.812158619,0 107.813926700,10.812185495,0 107.814017724,10.812175586,0 107.814117979,10.812174725,0 107.814236414,10.812182662,0 107.814291036,10.812173123,0 107.814318522,10.812190880,0 107.814455308,10.812198677,0 107.814528426,10.812225022,0 107.814647730,10.812314128,0 107.814766294,10.812331094,0 107.814784495,10.812330953,0 107.814821027,10.812339612,0 107.814967023,10.812365396,0 107.814985353,10.812374194,0 107.815040086,10.812382712,0 107.815140210,10.812372822,0 107.815149071,10.812345666,0 107.815148408,10.812273526,0 107.815257099,10.812200365,0 107.815338469,10.812136443,0 107.815437800,10.812045384,0 107.815509960,10.811963474,0 107.815564322,10.811935877,0 107.815600614,10.811917539,0 107.815627991,10.811917329,0 107.815764462,10.811898039,0 107.815791893,10.811906768,0 107.815810039,10.811897599,0 107.815828110,10.811888430,0 107.815846331,10.811879261,0 107.815855431,10.811879100,0 107.815964581,10.811869140,0 107.816046635,10.811868419,0 107.816055256,10.811814176,0 107.815982008,10.811778802,0 107.815945422,10.811761116,0 107.815963383,10.811733889,0 107.815990814,10.811742617,0 107.815999969,10.811751576,0 107.816100094,10.811741595,0 107.816191173,10.811740804,0 107.816227465,10.811722376,0 107.816236565,10.811722306,0 107.816273042,10.811722025,0 107.816327165,10.811667432,0 107.816372263,10.811612909,0 107.816363087,10.811612979,0 107.816335362,10.811568136,0 107.816362423,10.811540749,0 107.816389615,10.811522391,0 107.816389006,10.811459280,0 107.816379611,10.811423325,0 107.816397442,10.811387070,0 107.816397018,10.811342017,0 107.816414500,10.811260618,0 107.816414205,10.811224593,0 107.816422991,10.811197437,0 107.816422697,10.811161412,0 107.816458913,10.811142984,0 107.816504565,10.811142543,0 107.816541097,10.811151291,0 107.816641036,10.811123343,0 107.816650137,10.811123183,0 107.816704814,10.811122672,0 107.816731800,10.811095284,0 107.816850146,10.811076225,0 107.816977811,10.811093030,0 107.817159913,10.811082417,0 107.817269692,10.811126539,0 107.817307552,10.811279566,0 107.817317686,10.811387660,0 107.817346261,10.811522701,0 107.817347294,10.811631046,0 107.817338543,10.811676169,0 107.817339632,10.811793452,0 107.817340851,10.811919674,0 107.817332839,10.812037118,0 107.817315542,10.812136484,0 107.817315857,10.812163481,0 107.817334537,10.812217422,0 107.817316761,10.812262706,0 107.817280469,10.812281044,0 107.817271293,10.812281114,0 107.817216691,10.812281626,0 107.817116327,10.812264521,0 107.817088950,10.812264821,0 107.817034088,10.812247275,0 107.817034403,10.812274271,0 107.817043743,10.812301287,0 107.817044462,10.812382455,0 107.817044831,10.812418480,0 107.817035970,10.812445727,0 107.817027479,10.812508908,0 107.817036819,10.812535924,0 107.817010107,10.812608274,0 107.817019467,10.812626261,0 107.816974075,10.812644760,0 107.816919712,10.812672267,0 107.816856174,10.812699934,0 107.816829462,10.812772284,0 107.816802640,10.812826667,0 107.816803009,10.812862692,0 107.816821874,10.812934782,0 107.816822059,10.812952839,0 107.816868300,10.813024538,0 107.816859254,10.813033637,0 107.816860103,10.813123834,0 107.816842436,10.813187175,0 107.816788683,10.813277794,0 107.816770776,10.813314049,0 107.816744194,10.813395608,0 107.816735093,10.813395678,0 107.816690495,10.813495255,0 107.816681504,10.813513382,0 107.816654552,10.813558736,0 107.816645636,10.813576864,0 107.816637145,10.813640045,0 107.816646725,10.813694057,0 107.816601277,10.813703527,0 107.816601222,10.813694498,0 107.816619533,10.813712325,0 107.816611041,10.813775687,0 107.816583850,10.813793954,0 107.816474385,10.813776919,0 107.816456184,10.813777059,0 107.816365289,10.813795909,0 107.816347437,10.813841192,0 107.816293074,10.813868790,0 107.816283899,10.813868860,0 107.816247552,10.813878169,0 107.816229481,10.813887428,0 107.816229536,10.813896367,0 107.816211629,10.813932622,0 107.816193538,10.813950819,0 107.816157560,10.813996244,0 107.816157800,10.814023330,0 107.816140448,10.814113667,0 107.816150027,10.814167679,0 107.816177458,10.814176498,0 107.816205314,10.814230370,0 107.816196323,10.814248497,0 107.816096198,10.814258478,0 107.816087097,10.814258548,0 107.815996018,10.814259339,0 107.815941340,10.814259850,0 107.815850315,10.814269761,0 107.815786352,10.814252284,0 107.815713363,10.814234878,0 107.815695087,10.814235108,0 107.815685932,10.814226150,0 107.815694609,10.814180846,0 107.815676223,10.814163019,0 107.815603474,10.814172698,0 107.815603474,10.814172698,0 107.815530595,10.814173350,0 107.815548851,10.814182238,0 107.815539880,10.814191337,0 107.815512504,10.814191547,0 107.815494358,10.814200716,0 107.815494652,10.814236921,0 107.815513407,10.814290863,0 107.815549994,10.814308550,0 107.815587079,10.814371381,0 107.815551396,10.814452829,0 107.815542905,10.814516101,0 107.815571054,10.814605997,0 107.815571239,10.814624055,0 107.815598595,10.814632783,0 107.815671789,10.814659218,0 107.815735622,10.814667666,0 107.815835747,10.814657685,0 107.815908681,10.814666153,0 107.815954313,10.814674741,0 107.816036183,10.814655872,0 107.816090916,10.814664480,0 107.816118587,10.814700295,0 107.816092004,10.814781673,0 107.816065291,10.814854113,0 107.816056615,10.814899237,0 107.816038913,10.814944521,0 107.816011961,10.814989875,0 107.815994239,10.815044098,0 107.816013049,10.815107159,0 107.816013234,10.815125216,0 107.816004428,10.815161401,0 107.816004667,10.815188397,0 107.816014746,10.815287553,0 107.816024326,10.815341565,0 107.816033905,10.815395577,0 107.816070807,10.815440350,0 107.816125724,10.815466925,0 107.816135010,10.815484822,0 107.816153635,10.815529826,0 107.816272331,10.815555820,0 107.816345340,10.815564198,0 107.816363411,10.815555028,0 107.816399888,10.815554658,0 107.816445651,10.815572274,0 107.816509484,10.815580722,0 107.816591573,10.815598058,0 107.816637205,10.815606646,0 107.816719315,10.815614863,0 107.816755847,10.815623611,0 107.816828726,10.815622869,0 107.816810525,10.815623100,0 107.816810525,10.815623100,0 107.816811080,10.815677182,0 107.816865977,10.815712786,0 107.816865977,10.815712786,0 107.816884732,10.815766728,0 107.816885157,10.815811781,0 107.816849234,10.815866234,0 107.816849473,10.815893321,0 107.816840668,10.815929415,0 107.816822357,10.815911589,0 107.816831567,10.815929486,0 107.816850267,10.815974489,0 107.816850452,10.815992547,0 107.816832470,10.816028802,0 107.816805354,10.816047070,0 107.816778347,10.816083395,0 107.816769486,10.816110551,0 107.816715547,10.816183202,0 107.816706426,10.816192301,0 107.816679549,10.816237655,0 107.816587989,10.816184364,0 107.816569528,10.816166537,0 107.816532223,10.816067592,0 107.816485926,10.815986865,0 107.816448785,10.815915005,0 107.816439555,10.815906047,0 107.816402783,10.815870302,0 107.816356857,10.815825600,0 107.816347701,10.815816731,0 107.816329370,10.815807843,0 107.816274192,10.815763300,0 107.816246782,10.815745453,0 107.816191864,10.815718968,0 107.816100229,10.815665677,0 107.816026871,10.815612247,0 107.815999310,10.815594399,0 107.815925952,10.815540878,0 107.815880080,10.815505204,0 107.815824923,10.815451633,0 107.815760590,10.815398131,0 107.815705488,10.815353498,0 107.815659561,10.815308796,0 107.815613819,10.815282150,0 107.815522055,10.815219921,0 107.815467138,10.815193345,0 107.815375579,10.815140055,0 107.815320531,10.815104450,0 107.815265614,10.815077875,0 107.815210826,10.815060328,0 107.815146754,10.815024794,0 107.815082606,10.814989350,0 107.815064275,10.814980462,0 107.814972662,10.814918232,0 107.814926899,10.814900615,0 107.814844441,10.814847254,0 107.814844441,10.814847254,0 107.814807780,10.814829477,0 107.814734552,10.814785075,0 107.814706936,10.814758289,0 107.814688605,10.814749400,0 107.814670349,10.814740602,0 107.814606201,10.814705068,0 107.814587870,10.814696269,0 107.814523907,10.814678793,0 107.814478275,10.814670114,0 107.814432459,10.814643468,0 107.814414203,10.814634580,0 107.814323048,10.814635461,0 107.814240775,10.814600067,0 107.814176572,10.814555594,0 107.814093984,10.814493204,0 107.814011636,10.814457900,0 107.813956534,10.814413267,0 107.813956534,10.814413267,0 107.813855930,10.814369165,0 107.813782812,10.814342729,0 107.813691363,10.814307495,0 107.813599859,10.814263233,0 107.813499256,10.814218950,0 107.813453494,10.814201332,0 107.813389346,10.814165888,0 107.813324905,10.814094329,0 107.813287894,10.814031498,0 107.813205197,10.813951141,0 107.813076978,10.813880162,0 107.812939528,10.813800134,0 107.812801784,10.813684172,0 107.812755729,10.813630440,0 107.812663747,10.813532095,0 107.812635947,10.813487252,0 107.812498149,10.813362170,0 107.812497725,10.813317027,0 107.812587055,10.813126813,0 107.812686407,10.813026727,0 107.812686277,10.813017698,0 107.812713339,10.812990402,0 107.812722385,10.812981303,0 107.812821184,10.812826954,0 107.812865968,10.812745436,0 107.812910862,10.812681885,0 107.812919983,10.812672786,0 107.812919853,10.812663757,0 107.812918950,10.812564531,0 107.812908688,10.812447318,0 107.812890009,10.812393376,0 107.812908210,10.812393146,0</coordinates></LinearRing></outerBoundaryIs></Polygon></Placemark><Placemark><name>Polygon hoàn công 1411</name><styleUrl>#lot</styleUrl><ExtendedData><Data name="Entity DXF"><value>1411</value></Data><Data name="Diện tích ha"><value>12.320290817260743</value></Data><Data name="Mã Lô"><value>DXF-1411</value></Data></ExtendedData><Polygon><tessellate>1</tessellate><outerBoundaryIs><LinearRing><coordinates>107.807515438,10.805622696,0 107.807524463,10.805622626,0 107.807524463,10.805622626,0 107.807524463,10.805622626,0 107.807524463,10.805622626,0 107.807524463,10.805622626,0 107.807515438,10.805622696,0 107.807506317,10.805631795,0 107.807506556,10.805658881,0 107.807497456,10.805658951,0 107.807497586,10.805667979,0 107.807488540,10.805677078,0 107.807479365,10.805677148,0 107.807479549,10.805695205,0 107.807470578,10.805704304,0 107.807470633,10.805713333,0 107.807461533,10.805713403,0 107.807461663,10.805722431,0 107.807461717,10.805731460,0 107.807461717,10.805731460,0 107.807452747,10.805740559,0 107.807452747,10.805740559,0 107.807461772,10.805740398,0 107.807461772,10.805740398,0 107.807452801,10.805749587,0 107.807452801,10.805749587,0 107.807452801,10.805749587,0 107.807452801,10.805749587,0 107.807452801,10.805749587,0 107.807452801,10.805749587,0 107.807443626,10.805749657,0 107.807443626,10.805749657,0 107.807434655,10.805758756,0 107.807425739,10.805776883,0 107.807425978,10.805803879,0 107.807426163,10.805821937,0 107.807417117,10.805831035,0 107.807417117,10.805831035,0 107.807417171,10.805840064,0 107.807399155,10.805858261,0 107.807390164,10.805876388,0 107.807381173,10.805894606,0 107.807381357,10.805912663,0 107.807372496,10.805939729,0 107.807363526,10.805948828,0 107.807345489,10.805976054,0 107.807327473,10.805994251,0 107.807309457,10.806012448,0 107.807291495,10.806039674,0 107.807264249,10.806049003,0 107.807255149,10.806049073,0 107.807255149,10.806049073,0 107.807209572,10.806049512,0 107.807200472,10.806049582,0 107.807182142,10.806040693,0 107.807127596,10.806050231,0 107.807100350,10.806059470,0 107.807082074,10.806059700,0 107.807045673,10.806059979,0 107.806990704,10.806024374,0 107.806971821,10.805961493,0 107.806934758,10.805889633,0 107.806898228,10.805880883,0 107.806861698,10.805872134,0 107.806779775,10.805881972,0 107.806725045,10.805873453,0 107.806697560,10.805855605,0 107.806669946,10.805828818,0 107.806660368,10.805774806,0 107.806605269,10.805730172,0 107.806550429,10.805703685,0 107.806532099,10.805694796,0 107.806467108,10.805569154,0 107.806430469,10.805542437,0 107.806412030,10.805515491,0 107.806383624,10.805407446,0 107.806373917,10.805344405,0 107.806364210,10.805281364,0 107.806363971,10.805254278,0 107.806363678,10.805218253,0 107.806354448,10.805209294,0 107.806354393,10.805200265,0 107.806354264,10.805191237,0 107.806335456,10.805128265,0 107.806316594,10.805056356,0 107.806298080,10.805029409,0 107.806234195,10.805012021,0 107.806143780,10.805084950,0 107.806143780,10.805084950,0 107.806107911,10.805148430,0 107.806053603,10.805184964,0 107.805990250,10.805230687,0 107.806000250,10.805329752,0 107.805973720,10.805420159,0 107.805891505,10.805393882,0 107.805882296,10.805375985,0 107.805872697,10.805330911,0 107.805798737,10.805214366,0 107.805734169,10.805133777,0 107.805706630,10.805106991,0 107.805660945,10.805089373,0 107.805633515,10.805080554,0 107.805597039,10.805080923,0 107.805569554,10.805063165,0 107.805523447,10.805000313,0 107.805504749,10.804955399,0 107.805486548,10.804955539,0 107.805468218,10.804946740,0 107.805431157,10.804874880,0 107.805412718,10.804848024,0 107.805376242,10.804848303,0 107.805266467,10.804804268,0 107.805138383,10.804742315,0 107.805055745,10.804670894,0 107.805037361,10.804652976,0 107.805009746,10.804626190,0 107.804991178,10.804590305,0 107.804972316,10.804518214,0 107.804972316,10.804518214,0 107.804999140,10.804463833,0 107.804998826,10.804436837,0 107.805016495,10.804373496,0 107.804997926,10.804337611,0 107.804970332,10.804301796,0 107.804970332,10.804301796,0 107.804969726,10.804238685,0 107.804914443,10.804175993,0 107.804905050,10.804140038,0 107.804895452,10.804094964,0 107.804839822,10.803987219,0 107.804811860,10.803915289,0 107.804792978,10.803852317,0 107.804783639,10.803825391,0 107.804719202,10.803753831,0 107.804709624,10.803699818,0 107.804690450,10.803600642,0 107.804671534,10.803519704,0 107.804670872,10.803447564,0 107.804651990,10.803384593,0 107.804642597,10.803348548,0 107.804642467,10.803339519,0 107.804660504,10.803312293,0 107.804660266,10.803285297,0 107.804687068,10.803239854,0 107.804714260,10.803221587,0 107.804732480,10.803212419,0 107.804795650,10.803148639,0 107.804813481,10.803112474,0 107.804813113,10.803076359,0 107.804830966,10.803031076,0 107.804830912,10.803022047,0 107.804821443,10.802986093,0 107.804839221,10.802940809,0 107.804866173,10.802895547,0 107.804892628,10.802805050,0 107.804892281,10.802759906,0 107.804900406,10.802660611,0 107.804900167,10.802633524,0 107.804944584,10.802515892,0 107.804989389,10.802425346,0 107.805043567,10.802379693,0 107.805069912,10.802271139,0 107.805078883,10.802262040,0 107.805142474,10.802243404,0 107.805178711,10.802216039,0 107.805169134,10.802162026,0 107.805177920,10.802134870,0 107.805268887,10.802116024,0 107.805323747,10.802133573,0 107.805351177,10.802142302,0 107.805442730,10.802195595,0 107.805497405,10.802195086,0 107.805552211,10.802203606,0 107.805624902,10.802184899,0 107.805733994,10.802165914,0 107.805797899,10.802174363,0 107.805843215,10.802155866,0 107.805832792,10.802011657,0 107.805832608,10.801993690,0 107.805831231,10.801840292,0 107.805820862,10.801705021,0 107.805782825,10.801534025,0 107.805773541,10.801516128,0 107.805754918,10.801471124,0 107.805735926,10.801390095,0 107.805735742,10.801372038,0 107.805744365,10.801317886,0 107.805743888,10.801263713,0 107.805780179,10.801245377,0 107.805798249,10.801236208,0 107.806007721,10.801225302,0 107.806208093,10.801214376,0 107.806381090,10.801203839,0 107.806572416,10.801202102,0 107.806754567,10.801200434,0 107.806973269,10.801198396,0 107.807128045,10.801197027,0 107.807264641,10.801186770,0 107.807355662,10.801176952,0 107.807538073,10.801193251,0 107.807602066,10.801228786,0 107.807594898,10.801436246,0 107.807614920,10.801625620,0 107.807598651,10.801833150,0 107.807598945,10.801869264,0 107.807582253,10.802031831,0 107.807574899,10.802221324,0 107.807531569,10.802456240,0 107.807531808,10.802483326,0 107.807523186,10.802537478,0 107.807542048,10.802609478,0 107.807543924,10.802808020,0 107.807545726,10.803006381,0 107.807565803,10.803204603,0 107.807522397,10.803439609,0 107.807514935,10.803611044,0 107.807516497,10.803782500,0 107.807509513,10.804008017,0 107.807529698,10.804224387,0 107.807522714,10.804449904,0 107.807506813,10.804693639,0 107.807527108,10.804927976,0 107.807528084,10.805027292,0 107.807521024,10.805252809,0 107.807512715,10.805334047,0 107.807513193,10.805388129,0 107.807542056,10.805559375,0 107.807542056,10.805559375,0 107.807542056,10.805559375,0 107.807515438,10.805622696,0</coordinates></LinearRing></outerBoundaryIs></Polygon></Placemark><Placemark><name>Polygon hoàn công 1461</name><styleUrl>#lot</styleUrl><ExtendedData><Data name="Entity DXF"><value>1461</value></Data><Data name="Diện tích ha"><value>1.1344126541137696</value></Data><Data name="Mã Lô"><value>DXF-1461</value></Data></ExtendedData><Polygon><tessellate>1</tessellate><outerBoundaryIs><LinearRing><coordinates>107.811881833,10.818599794,0 107.811881703,10.818590765,0 107.811863372,10.818581966,0 107.811881040,10.818518625,0 107.811906722,10.818338021,0 107.811906114,10.818274911,0 107.811923523,10.818193512,0 107.811923523,10.818193512,0 107.811923229,10.818157397,0 107.811930580,10.817967994,0 107.811929863,10.817886826,0 107.811965309,10.817778111,0 107.811964755,10.817724029,0 107.811964277,10.817669947,0 107.811954623,10.817615935,0 107.811980968,10.817507470,0 107.811988907,10.817390117,0 107.811988667,10.817363031,0 107.811988428,10.817335944,0 107.812024557,10.817290521,0 107.812033583,10.817290451,0 107.812042683,10.817290291,0 107.812070115,10.817299109,0 107.812106592,10.817298739,0 107.812243360,10.817315566,0 107.812279837,10.817315196,0 107.812361947,10.817323505,0 107.812535007,10.817321904,0 107.812562439,10.817330722,0 107.812598841,10.817330352,0 107.812608126,10.817348339,0 107.812618258,10.817456524,0 107.812628206,10.817546651,0 107.812629184,10.817645787,0 107.812667042,10.817798905,0 107.812668313,10.817934155,0 107.812687526,10.818051208,0 107.812687655,10.818060237,0 107.812706889,10.818168261,0 107.812709007,10.818393799,0 107.812710463,10.818547107,0 107.812592538,10.818611399,0 107.812455770,10.818594572,0 107.812273663,10.818605271,0 107.812109627,10.818606712,0 107.811945612,10.818599214,0 107.811890988,10.818608752,0 107.811881833,10.818599794,0</coordinates></LinearRing></outerBoundaryIs></Polygon></Placemark><Placemark><name>Polygon hoàn công 1506</name><styleUrl>#lot</styleUrl><ExtendedData><Data name="Entity DXF"><value>1506</value></Data><Data name="Diện tích ha"><value>1.420331378173828</value></Data><Data name="Mã Lô"><value>DXF-1506</value></Data></ExtendedData><Polygon><tessellate>1</tessellate><outerBoundaryIs><LinearRing><coordinates>107.811855118,10.818672234,0 107.811855303,10.818690381,0 107.811864881,10.818744393,0 107.811839274,10.818924998,0 107.811850677,10.819168433,0 107.811851395,10.819249601,0 107.811861158,10.819321670,0 107.811871714,10.819474908,0 107.811871823,10.819492966,0 107.811863276,10.819547118,0 107.811726856,10.819575434,0 107.811617519,10.819567426,0 107.811471868,10.819586874,0 107.811389758,10.819578565,0 107.811207520,10.819580235,0 107.811034404,10.819572806,0 107.810852296,10.819583415,0 107.810715398,10.819557648,0 107.810678626,10.819521904,0 107.810659742,10.819458932,0 107.810585906,10.819351418,0 107.810429277,10.819172393,0 107.810383112,10.819100604,0 107.810372686,10.818956395,0 107.810398110,10.818757733,0 107.810443818,10.818766322,0 107.810644311,10.818773541,0 107.810826288,10.818753814,0 107.810890197,10.818762263,0 107.810980670,10.818698362,0 107.811044156,10.818661577,0 107.811062357,10.818661437,0 107.811080503,10.818652268,0 107.811153438,10.818660557,0 107.811171769,10.818669446,0 107.811181054,10.818687343,0 107.811253988,10.818695812,0 107.811399563,10.818676364,0 107.811600186,10.818692702,0 107.811691267,10.818691821,0 107.811846257,10.818699480,0 107.811855303,10.818690381,0 107.811855118,10.818672234,0</coordinates></LinearRing></outerBoundaryIs></Polygon></Placemark><Placemark><name>Polygon hoàn công 1530</name><styleUrl>#lot</styleUrl><ExtendedData><Data name="Entity DXF"><value>1530</value></Data><Data name="Diện tích ha"><value>0.5765265089035034</value></Data><Data name="Mã Lô"><value>DXF-1530</value></Data></ExtendedData><Polygon><tessellate>1</tessellate><outerBoundaryIs><LinearRing><coordinates>107.802205821,10.815666104,0 107.802214976,10.815675063,0 107.802242407,10.815683883,0 107.802442843,10.815681988,0 107.802524931,10.815699328,0 107.802534583,10.815753340,0 107.802572988,10.815960451,0 107.802619464,10.816059238,0 107.802610364,10.816059308,0 107.802621868,10.816320800,0 107.802622474,10.816384001,0 107.802633189,10.816564325,0 107.802661226,10.816636256,0 107.802700346,10.816924444,0 107.802563872,10.816943728,0 107.802216171,10.816784582,0 107.802230811,10.816405597,0 107.802201875,10.816234441,0 107.802200684,10.816099101,0 107.802223893,10.815656846,0 107.802223893,10.815656846,0 107.802205821,10.815666104,0</coordinates></LinearRing></outerBoundaryIs></Polygon></Placemark><Placemark><name>Polygon hoàn công 1531</name><styleUrl>#lot</styleUrl><ExtendedData><Data name="Entity DXF"><value>1531</value></Data><Data name="Diện tích ha"><value>13.632975708007812</value></Data><Data name="Mã Lô"><value>DXF-1531</value></Data></ExtendedData><Polygon><tessellate>1</tessellate><outerBoundaryIs><LinearRing><coordinates>107.807601018,10.806018880,0 107.807646594,10.806018440,0 107.807801208,10.805989986,0 107.807837555,10.805980587,0 107.807946832,10.805979658,0 107.808047030,10.805969680,0 107.808074330,10.805969470,0 107.808120091,10.805987088,0 107.808256744,10.805985859,0 107.808374937,10.805966712,0 107.808511536,10.805956454,0 107.808657180,10.805937098,0 107.808720956,10.805936518,0 107.808857480,10.805926260,0 107.809003179,10.805915842,0 107.809030479,10.805915632,0 107.809157978,10.805905444,0 107.809194508,10.805914103,0 107.809303785,10.805913173,0 107.809331161,10.805912873,0 107.809513186,10.805902175,0 107.809668299,10.805918863,0 107.809741045,10.805909185,0 107.809914175,10.805907585,0 107.810050773,10.805897326,0 107.810059873,10.805897256,0 107.810105135,10.805869730,0 107.810350847,10.805831365,0 107.810542102,10.805829625,0 107.810651270,10.805810548,0 107.810669470,10.805810408,0 107.810842709,10.805826865,0 107.810915401,10.805808157,0 107.810951877,10.805807877,0 107.811079061,10.805770602,0 107.811069113,10.805680475,0 107.811041075,10.805608635,0 107.811032050,10.805608706,0 107.811022526,10.805563722,0 107.811021679,10.805473525,0 107.810993586,10.805392476,0 107.810993586,10.805392476,0 107.810966026,10.805374719,0 107.810965493,10.805311608,0 107.810955969,10.805266534,0 107.810946869,10.805266695,0 107.810900500,10.805185876,0 107.810863731,10.805150131,0 107.810835822,10.805087321,0 107.810835822,10.805087321,0 107.810790082,10.805060675,0 107.810726545,10.805088251,0 107.810671923,10.805097789,0 107.810626423,10.805098230,0 107.810580846,10.805098670,0 107.810562407,10.805071724,0 107.810552275,10.804963629,0 107.810552275,10.804963629,0 107.810497360,10.804936963,0 107.810478976,10.804919136,0 107.810432976,10.804874432,0 107.810405177,10.804829588,0 107.810404699,10.804775506,0 107.810367506,10.804694618,0 107.810367506,10.804694618,0 107.810284997,10.804632227,0 107.810257382,10.804605441,0 107.810247858,10.804560457,0 107.810192520,10.804488737,0 107.810182996,10.804443664,0 107.810191673,10.804398540,0 107.810173179,10.804362656,0 107.810163395,10.804299614,0 107.810145086,10.804281697,0 107.810154186,10.804281627,0 107.810154056,10.804272598,0 107.810144533,10.804227615,0 107.810135378,10.804218656,0 107.810125724,10.804164644,0 107.810107101,10.804119730,0 107.810097263,10.804047570,0 107.810105537,10.803948275,0 107.810123184,10.803893962,0 107.810131751,10.803830781,0 107.810131696,10.803821753,0 107.810139895,10.803722457,0 107.810093766,10.803668815,0 107.810093711,10.803659786,0 107.810019749,10.803543153,0 107.809964172,10.803444437,0 107.809973217,10.803435338,0 107.810008771,10.803344771,0 107.810017263,10.803281590,0 107.810016491,10.803191303,0 107.810016491,10.803191303,0 107.809925231,10.803174125,0 107.809833840,10.803147919,0 107.809824631,10.803129932,0 107.809814554,10.803030776,0 107.809896291,10.803002970,0 107.809941737,10.802993591,0 107.809950653,10.802975464,0 107.809904360,10.802894735,0 107.809885736,10.802849822,0 107.809876636,10.802849892,0 107.809885367,10.802813707,0 107.809894488,10.802804608,0 107.809894358,10.802795579,0 107.809912558,10.802795440,0 107.809903458,10.802795510,0 107.809875844,10.802768723,0 107.809848414,10.802759904,0 107.809775613,10.802760645,0 107.809748238,10.802760855,0 107.809702184,10.802707032,0 107.809702184,10.802707032,0 107.809665545,10.802680316,0 107.809647085,10.802662488,0 107.809601161,10.802617785,0 107.809554759,10.802518999,0 107.809490854,10.802510550,0 107.809445278,10.802510990,0 107.809427023,10.802502101,0 107.809417978,10.802511200,0 107.809408802,10.802511360,0 107.809354332,10.802520808,0 107.809335633,10.802475895,0 107.809308148,10.802458137,0 107.809280589,10.802440380,0 107.809225695,10.802404775,0 107.809198374,10.802414013,0 107.809152689,10.802396396,0 107.809152634,10.802387367,0 107.809151603,10.802279113,0 107.809123327,10.802180097,0 107.809113435,10.802099088,0 107.809113380,10.802090060,0 107.809149378,10.802035608,0 107.809176363,10.802008311,0 107.809231039,10.802007802,0 107.809222014,10.802007872,0 107.809231169,10.802016830,0 107.809231039,10.802007802,0 107.809222069,10.802016900,0 107.809221885,10.801998843,0 107.809239955,10.801989674,0 107.809267091,10.801962378,0 107.809221038,10.801908646,0 107.809211753,10.801890748,0 107.809129409,10.801855263,0 107.809092346,10.801783493,0 107.809055448,10.801738720,0 107.809036401,10.801648753,0 107.809036401,10.801648753,0 107.809071954,10.801558185,0 107.809081075,10.801549087,0 107.809117182,10.801512692,0 107.809135013,10.801476437,0 107.809098244,10.801440692,0 107.809052744,10.801441132,0 107.809034230,10.801414186,0 107.809078774,10.801305492,0 107.809087635,10.801278426,0 107.809059966,10.801242520,0 107.808968153,10.801171261,0 107.808867370,10.801109009,0 107.808840015,10.801100281,0 107.808721749,10.801119337,0 107.808703528,10.801128596,0 107.808576052,10.801129756,0 107.808448392,10.801112858,0 107.808375387,10.801104478,0 107.808284181,10.801096329,0 107.808284181,10.801096329,0 107.808256881,10.801096539,0 107.808220536,10.801105938,0 107.808138560,10.801106657,0 107.808083885,10.801107167,0 107.808020294,10.801125804,0 107.807984426,10.801189194,0 107.807975510,10.801207322,0 107.807958450,10.801333773,0 107.807958798,10.801378827,0 107.807914328,10.801487611,0 107.807914383,10.801496640,0 107.807750302,10.801489050,0 107.807631851,10.801490139,0 107.807613780,10.801499308,0 107.807623488,10.801562349,0 107.807615473,10.801679702,0 107.807607622,10.801824051,0 107.807608761,10.801950453,0 107.807609075,10.801977449,0 107.807592144,10.802112930,0 107.807593414,10.802248180,0 107.807584976,10.802320390,0 107.807576885,10.802437833,0 107.807577363,10.802491915,0 107.807569532,10.802627326,0 107.807561885,10.802780794,0 107.807562493,10.802843905,0 107.807554717,10.802988254,0 107.807592571,10.803141282,0 107.807611672,10.803240368,0 107.807602517,10.803231410,0 107.807611672,10.803240368,0 107.807611617,10.803231340,0 107.807602462,10.803222381,0 107.807620403,10.803204093,0 107.807602333,10.803213352,0 107.807611378,10.803204253,0 107.807602462,10.803222381,0 107.807620587,10.803222241,0 107.807593233,10.803213422,0 107.807548981,10.803358231,0 107.807560033,10.803556523,0 107.807524990,10.803719229,0 107.807507397,10.803782570,0 107.807507766,10.803818595,0 107.807527105,10.803944676,0 107.807537181,10.804043833,0 107.807529091,10.804161276,0 107.807502528,10.804233625,0 107.807550253,10.804476690,0 107.807524092,10.804603302,0 107.807515783,10.804684541,0 107.807545329,10.804918807,0 107.807546837,10.805081234,0 107.807537955,10.805117329,0 107.807548584,10.805270567,0 107.807530493,10.805288764,0 107.807549908,10.805414846,0 107.807569063,10.805523051,0 107.807570517,10.805676359,0 107.807617492,10.805820198,0 107.807626647,10.805829157,0 107.807617362,10.805811170,0 107.807601018,10.806018880,0</coordinates></LinearRing></outerBoundaryIs></Polygon></Placemark><Placemark><name>Polygon hoàn công 1532</name><styleUrl>#lot</styleUrl><ExtendedData><Data name="Entity DXF"><value>1532</value></Data><Data name="Diện tích ha"><value>12.754087145996094</value></Data><Data name="Mã Lô"><value>DXF-1532</value></Data></ExtendedData><Polygon><tessellate>1</tessellate><outerBoundaryIs><LinearRing><coordinates>107.802663358,10.802130744,0 107.802673303,10.802220781,0 107.802665286,10.802338134,0 107.802729061,10.802337555,0 107.802820928,10.802417936,0 107.802803497,10.802508363,0 107.802794765,10.802544457,0 107.802785719,10.802553556,0 107.802776858,10.802580712,0 107.802767996,10.802607867,0 107.802795610,10.802634654,0 107.802814525,10.802715683,0 107.802869807,10.802778285,0 107.803061134,10.802776550,0 107.803124965,10.802785000,0 107.803206940,10.802784282,0 107.803279448,10.802747518,0 107.803360784,10.802665632,0 107.803478499,10.802592405,0 107.803514845,10.802583007,0 107.803551743,10.802627781,0 107.803542936,10.802663966,0 107.803508389,10.802871815,0 107.803418028,10.802953772,0 107.803263306,10.802964167,0 107.803081685,10.803028944,0 107.802981488,10.803038920,0 107.802917658,10.803030470,0 107.802853773,10.803012991,0 107.802735267,10.803005049,0 107.802636760,10.803195329,0 107.802602233,10.803394150,0 107.802586417,10.803664880,0 107.802579428,10.803890578,0 107.802636768,10.804169689,0 107.802784373,10.804375783,0 107.802802887,10.804402639,0 107.802868223,10.804573426,0 107.802906149,10.804726545,0 107.802907525,10.804879853,0 107.802872630,10.805042559,0 107.802855254,10.805141924,0 107.802855676,10.805187067,0 107.802819753,10.805241428,0 107.802792983,10.805304839,0 107.802765921,10.805332134,0 107.802730236,10.805413672,0 107.802684605,10.805405082,0 107.802657359,10.805414320,0 107.802565676,10.805351997,0 107.802574484,10.805315812,0 107.802565015,10.805279857,0 107.802564279,10.805207717,0 107.802608956,10.805108143,0 107.802690218,10.805026076,0 107.802616497,10.804936618,0 107.802588883,10.804909741,0 107.802515291,10.804829311,0 107.802377610,10.804722283,0 107.802368381,10.804713324,0 107.802322274,10.804650652,0 107.802284661,10.804524619,0 107.802284477,10.804506562,0 107.802265854,10.804461648,0 107.802201785,10.804426202,0 107.802165071,10.804399485,0 107.802137587,10.804381636,0 107.802109973,10.804354849,0 107.802100634,10.804327923,0 107.802073096,10.804301046,0 107.802063498,10.804256063,0 107.802017207,10.804175333,0 107.801989485,10.804130399,0 107.801942956,10.804022583,0 107.801896849,10.803959911,0 107.801878206,10.803923936,0 107.801868629,10.803869923,0 107.801859161,10.803833969,0 107.801858923,10.803806882,0 107.801803770,10.803753309,0 107.801739518,10.803699625,0 107.801721059,10.803681797,0 107.801665375,10.803565022,0 107.801628239,10.803493252,0 107.801609195,10.803403194,0 107.801663026,10.803312579,0 107.801643613,10.803186406,0 107.801643191,10.803141263,0 107.801651869,10.803096140,0 107.801615469,10.803096419,0 107.801578571,10.803051644,0 107.801504796,10.802953157,0 107.801412876,10.802863747,0 107.801366770,10.802800985,0 107.801348365,10.802792095,0 107.801284794,10.802801702,0 107.801266464,10.802792903,0 107.801239034,10.802784083,0 107.801146984,10.802685735,0 107.801073870,10.802659297,0 107.800982080,10.802579006,0 107.800872361,10.802543908,0 107.800771633,10.802490683,0 107.800707013,10.802401154,0 107.800670007,10.802338232,0 107.800587187,10.802248752,0 107.800559097,10.802167883,0 107.800531668,10.802159064,0 107.800494900,10.802123318,0 107.800403034,10.802043027,0 107.800311006,10.801935559,0 107.800274347,10.801917871,0 107.800146081,10.801837859,0 107.800136668,10.801810842,0 107.800135585,10.801693649,0 107.800143202,10.801522214,0 107.800142835,10.801486009,0 107.800169529,10.801422689,0 107.800150192,10.801296517,0 107.800140854,10.801269591,0 107.800121496,10.801152537,0 107.800102453,10.801062389,0 107.800074914,10.801035602,0 107.800037486,10.800927717,0 107.800045137,10.800774339,0 107.800099097,10.800692663,0 107.800043211,10.800566769,0 107.800050861,10.800413391,0 107.800158816,10.800268096,0 107.800131169,10.800223252,0 107.800048880,10.800196973,0 107.799948814,10.800215887,0 107.799867390,10.800270777,0 107.799721564,10.800272072,0 107.799630435,10.800263920,0 107.799511195,10.800183748,0 107.799455622,10.800085030,0 107.799399518,10.799923202,0 107.799325799,10.799833652,0 107.799334477,10.799788529,0 107.799360457,10.799643861,0 107.799395721,10.799517270,0 107.799549911,10.799443766,0 107.799704101,10.799370172,0 107.799748410,10.799234392,0 107.799674929,10.799171929,0 107.799628585,10.799082171,0 107.799528411,10.799083118,0 107.799455536,10.799083765,0 107.799455406,10.799074736,0 107.799464506,10.799074667,0 107.799455536,10.799083765,0 107.799446415,10.799092863,0 107.799437444,10.799101962,0 107.799346002,10.799066724,0 107.799309289,10.799040007,0 107.799272283,10.798977174,0 107.799307731,10.798868642,0 107.799316538,10.798832367,0 107.799307125,10.798805440,0 107.799288633,10.798769465,0 107.799187192,10.798635161,0 107.799195265,10.798526837,0 107.799166570,10.798382677,0 107.799157232,10.798355751,0 107.799147656,10.798301738,0 107.799128904,10.798247795,0 107.799055240,10.798167274,0 107.799027573,10.798131459,0 107.798936131,10.798096221,0 107.798917400,10.798033249,0 107.798916006,10.797888880,0 107.798933069,10.797762429,0 107.798978168,10.797707908,0 107.799124155,10.797733609,0 107.799206919,10.797814061,0 107.799225649,10.797877032,0 107.799281114,10.797957692,0 107.799318303,10.798038582,0 107.799346392,10.798119541,0 107.799473996,10.798127414,0 107.799601232,10.798099172,0 107.799637523,10.798080836,0 107.799664769,10.798071508,0 107.799700930,10.798044143,0 107.799728067,10.798016848,0 107.799773880,10.798043496,0 107.799828902,10.798088041,0 107.799875028,10.798141775,0 107.800039324,10.798185393,0 107.800131556,10.798301799,0 107.800131794,10.798328885,0 107.800223421,10.798382090,0 107.800342693,10.798480320,0 107.800361152,10.798498238,0 107.800397682,10.798506898,0 107.800416195,10.798533754,0 107.800489362,10.798569222,0 107.800525891,10.798577881,0 107.800699363,10.798621430,0 107.800717638,10.798621200,0 107.800762900,10.798593766,0 107.800817336,10.798566261,0 107.800925896,10.798484076,0 107.801061994,10.798428678,0 107.801125769,10.798428100,0 107.801307993,10.798426435,0 107.801344468,10.798426156,0 107.801399436,10.798461762,0 107.801481540,10.798469983,0 107.801572907,10.798505220,0 107.801609198,10.798486884,0 107.801719025,10.798539949,0 107.801765499,10.798638736,0 107.801793221,10.798683580,0 107.801702807,10.798756597,0 107.801657838,10.798820147,0 107.801612739,10.798874758,0 107.801604191,10.798928910,0 107.801604375,10.798946967,0 107.801486348,10.798993108,0 107.801368980,10.799111478,0 107.801260604,10.799211630,0 107.801187968,10.799239364,0 107.801050841,10.799186508,0 107.800904356,10.799115664,0 107.800840581,10.799116242,0 107.800831556,10.799116312,0 107.800787431,10.799270059,0 107.800806162,10.799333120,0 107.800843298,10.799404891,0 107.800889349,10.799458624,0 107.800898633,10.799476612,0 107.800962776,10.799512059,0 107.801017614,10.799538636,0 107.801099902,10.799564915,0 107.801127332,10.799573734,0 107.801163861,10.799582394,0 107.801246367,10.799644787,0 107.801255726,10.799662775,0 107.801274457,10.799725656,0 107.801374945,10.799751976,0 107.801448297,10.799805410,0 107.801457527,10.799814278,0 107.801485433,10.799877180,0 107.801476571,10.799904336,0 107.801494955,10.799922164,0 107.801532091,10.799994025,0 107.801532806,10.800075193,0 107.801479397,10.800211042,0 107.801452390,10.800247366,0 107.801380359,10.800338211,0 107.801372471,10.800464502,0 107.801372818,10.800509646,0 107.801318511,10.800546179,0 107.801338107,10.800690409,0 107.801393129,10.800735044,0 107.801420981,10.800788917,0 107.801503563,10.800851220,0 107.801604344,10.800913474,0 107.801632121,10.800967346,0 107.801696557,10.801038908,0 107.801751784,10.801092572,0 107.801852565,10.801154825,0 107.801926047,10.801217288,0 107.801990537,10.801297878,0 107.802036644,10.801360550,0 107.802100658,10.801387058,0 107.802246961,10.801439844,0 107.802338090,10.801448085,0 107.802429718,10.801501379,0 107.802494100,10.801564002,0 107.802531052,10.801617715,0 107.802540942,10.801698813,0 107.802541072,10.801707842,0 107.802532319,10.801753055,0 107.802541787,10.801789010,0 107.802533695,10.801906363,0 107.802534247,10.801960536,0 107.802562208,10.802032376,0 107.802663358,10.802130744,0</coordinates></LinearRing></outerBoundaryIs></Polygon></Placemark><Placemark><name>Polygon hoàn công 1533</name><styleUrl>#lot</styleUrl><ExtendedData><Data name="Entity DXF"><value>1533</value></Data><Data name="Diện tích ha"><value>1.5566004943847656</value></Data><Data name="Mã Lô"><value>DXF-1533</value></Data></ExtendedData><Polygon><tessellate>1</tessellate><outerBoundaryIs><LinearRing><coordinates>107.801239255,10.803794468,0 107.801240283,10.803902722,0 107.801240651,10.803938747,0 107.801287234,10.804055591,0 107.801315562,10.804163636,0 107.801380129,10.804244226,0 107.801507919,10.804270156,0 107.801581455,10.804341648,0 107.801590978,10.804386631,0 107.801600446,10.804422586,0 107.801546062,10.804459210,0 107.801500562,10.804459649,0 107.801400385,10.804460506,0 107.801300079,10.804452424,0 107.801199827,10.804453281,0 107.801181443,10.804435453,0 107.801153959,10.804417695,0 107.801135629,10.804408806,0 107.801017068,10.804391835,0 107.800980538,10.804383175,0 107.800898508,10.804374864,0 107.800816272,10.804357614,0 107.800716096,10.804358471,0 107.800606451,10.804323463,0 107.800597330,10.804332561,0 107.800551646,10.804314942,0 107.800469799,10.804324689,0 107.800360263,10.804307648,0 107.800350980,10.804289660,0 107.800305295,10.804272041,0 107.800204274,10.804182791,0 107.800158386,10.804156053,0 107.800056759,10.804003692,0 107.800001499,10.803931971,0 107.799937539,10.803914581,0 107.799919209,10.803905692,0 107.799718489,10.803871471,0 107.799645483,10.803863089,0 107.799617999,10.803845331,0 107.799527052,10.803855147,0 107.799399371,10.803847273,0 107.799234520,10.803749572,0 107.799133793,10.803696256,0 107.799123904,10.803615157,0 107.799142049,10.803605989,0 107.799214980,10.803614371,0 107.799397391,10.803630765,0 107.799561527,10.803647298,0 107.799725609,10.803654802,0 107.799880515,10.803662466,0 107.799898661,10.803653298,0 107.799961117,10.803508351,0 107.799960824,10.803472326,0 107.799950015,10.803301030,0 107.799967869,10.803255657,0 107.800058891,10.803245842,0 107.800122796,10.803254293,0 107.800186789,10.803289920,0 107.800241778,10.803316407,0 107.800360230,10.803315321,0 107.800405859,10.803324002,0 107.800496936,10.803323124,0 107.800524495,10.803340883,0 107.800615972,10.803394177,0 107.800625331,10.803412165,0 107.800653714,10.803529149,0 107.800672704,10.803610178,0 107.800718443,10.803636825,0 107.800818749,10.803644907,0 107.800900854,10.803653128,0 107.800928414,10.803670977,0 107.800983198,10.803688526,0 107.801019599,10.803688156,0 107.801065120,10.803678779,0 107.801129080,10.803696169,0 107.801211532,10.803749623,0 107.801229862,10.803758513,0 107.801239255,10.803794468,0</coordinates></LinearRing></outerBoundaryIs></Polygon></Placemark><Placemark><name>Polygon hoàn công 1534</name><styleUrl>#lot</styleUrl><ExtendedData><Data name="Entity DXF"><value>1534</value></Data><Data name="Diện tích ha"><value>1.3938507804870606</value></Data><Data name="Mã Lô"><value>DXF-1534</value></Data></ExtendedData><Polygon><tessellate>1</tessellate><outerBoundaryIs><LinearRing><coordinates>107.792599497,10.797576196,0 107.792709375,10.797638473,0 107.792929002,10.797753727,0 107.793093868,10.797842403,0 107.793258605,10.797922140,0 107.793396204,10.798029172,0 107.793451192,10.798055751,0 107.793478913,10.798100596,0 107.793597470,10.798117570,0 107.793615616,10.798108312,0 107.793642754,10.798081017,0 107.793669686,10.798044694,0 107.793696878,10.798026428,0 107.793750344,10.797899609,0 107.793767960,10.797827331,0 107.793803701,10.797754823,0 107.793821242,10.797682545,0 107.793829975,10.797646360,0 107.793838308,10.797556004,0 107.793892140,10.797465299,0 107.793892011,10.797456271,0 107.793927460,10.797347738,0 107.793936031,10.797284558,0 107.793972376,10.797275161,0 107.793980817,10.797202952,0 107.793980396,10.797157899,0 107.793998304,10.797121555,0 107.794007166,10.797094399,0 107.794025053,10.797067174,0 107.794051953,10.797012793,0 107.794033094,10.796940883,0 107.793886558,10.796861007,0 107.793712484,10.796754344,0 107.793666617,10.796718667,0 107.793629905,10.796691859,0 107.793420436,10.796702847,0 107.793311692,10.796766972,0 107.793293676,10.796785168,0 107.793239843,10.796875872,0 107.793185827,10.796948519,0 107.793050733,10.797121106,0 107.792996922,10.797202872,0 107.792924685,10.797284686,0 107.792897698,10.797311980,0 107.792825223,10.797366708,0 107.792662171,10.797467455,0 107.792517447,10.797577001,0 107.792526730,10.797594989,0 107.792599497,10.797576196,0</coordinates></LinearRing></outerBoundaryIs></Polygon></Placemark><Placemark><name>Polygon hoàn công 1535</name><styleUrl>#lot</styleUrl><ExtendedData><Data name="Entity DXF"><value>1535</value></Data><Data name="Diện tích ha"><value>13.146667098999023</value></Data><Data name="Mã Lô"><value>DXF-1535</value></Data></ExtendedData><Polygon><tessellate>1</tessellate><outerBoundaryIs><LinearRing><coordinates>107.793525100,10.796196676,0 107.793506479,10.796151761,0 107.793506479,10.796151761,0 107.793460429,10.796098027,0 107.793011063,10.795786328,0 107.792955513,10.795678672,0 107.792643875,10.795483034,0 107.792377704,10.795268900,0 107.792304518,10.795242550,0 107.791920340,10.795065615,0 107.791519497,10.795069211,0 107.791136724,10.795063640,0 107.790873132,10.795129215,0 107.790619244,10.795257741,0 107.790528041,10.795249586,0 107.790436838,10.795241342,0 107.790382185,10.795232820,0 107.790382056,10.795223791,0 107.790354940,10.795242147,0 107.790372881,10.795223951,0 107.790390315,10.795133525,0 107.790452902,10.794997699,0 107.790515231,10.794843725,0 107.790550681,10.794735193,0 107.790577743,10.794707899,0 107.790585527,10.794563550,0 107.790447801,10.794447399,0 107.790355940,10.794367105,0 107.790228684,10.794404281,0 107.790166409,10.794567284,0 107.790046775,10.794433026,0 107.790046721,10.794423998,0 107.790018397,10.794316042,0 107.789981502,10.794271266,0 107.789854375,10.794317471,0 107.789736056,10.794327582,0 107.789726957,10.794327652,0 107.789672466,10.794346216,0 107.789609296,10.794409902,0 107.789510255,10.794537157,0 107.789447742,10.794672983,0 107.789430071,10.794736323,0 107.789367246,10.794845063,0 107.789340130,10.794863419,0 107.789313305,10.794917709,0 107.789340971,10.794953525,0 107.789214026,10.795017968,0 107.789023837,10.795145917,0 107.788952407,10.795299869,0 107.788943362,10.795308967,0 107.788925345,10.795327163,0 107.788897130,10.795237265,0 107.788896106,10.795129010,0 107.788949831,10.795020340,0 107.789047740,10.794766774,0 107.789081746,10.794504844,0 107.789115752,10.794243005,0 107.789059214,10.794044970,0 107.789058556,10.793972830,0 107.789067127,10.793909651,0 107.789094060,10.793873327,0 107.789165747,10.793737432,0 107.789136346,10.793512103,0 107.789070891,10.793332285,0 107.789133478,10.793196460,0 107.789169274,10.793132891,0 107.789223290,10.793060245,0 107.789267894,10.792960673,0 107.789357672,10.792806491,0 107.789439042,10.792742575,0 107.789483937,10.792679027,0 107.789537349,10.792543271,0 107.789518384,10.792453213,0 107.789562987,10.792353640,0 107.789553467,10.792308566,0 107.789653714,10.792307713,0 107.789708788,10.792361288,0 107.789763590,10.792369811,0 107.789781607,10.792351614,0 107.789808723,10.792333349,0 107.789826943,10.792324181,0 107.789835860,10.792306054,0 107.789971957,10.792250570,0 107.789981002,10.792241472,0 107.789998910,10.792205309,0 107.790017056,10.792196051,0 107.790181293,10.792230646,0 107.790254479,10.792257087,0 107.790437540,10.792345716,0 107.790465023,10.792363475,0 107.790474597,10.792417487,0 107.790393174,10.792472374,0 107.790375503,10.792535624,0 107.790377003,10.792697960,0 107.790467655,10.792652122,0 107.790558619,10.792633191,0 107.790658921,10.792641366,0 107.790722694,10.792640790,0 107.790832150,10.792657833,0 107.790906048,10.792765442,0 107.790906889,10.792855639,0 107.791044723,10.792989667,0 107.791155387,10.793133023,0 107.791202644,10.793312979,0 107.791211798,10.793321939,0 107.791248563,10.793357686,0 107.791276046,10.793375535,0 107.791312941,10.793420220,0 107.791349944,10.793483053,0 107.791432522,10.793545449,0 107.791588631,10.793679428,0 107.791607014,10.793697257,0 107.791717441,10.793813526,0 107.791827555,10.793902709,0 107.792010856,10.794018332,0 107.792029239,10.794036161,0 107.792130253,10.794125503,0 107.792212722,10.794169932,0 107.792258222,10.794169494,0 107.792276551,10.794178294,0 107.792459301,10.794239835,0 107.792468660,10.794257733,0 107.792505242,10.794275512,0 107.792560554,10.794356173,0 107.792597320,10.794391920,0 107.792770809,10.794426354,0 107.792780038,10.794435314,0 107.792943931,10.794424854,0 107.793180568,10.794404629,0 107.793344590,10.794403198,0 107.793408547,10.794420588,0 107.793435826,10.794429408,0 107.793499491,10.794410774,0 107.793672430,10.794391216,0 107.793836085,10.794353580,0 107.793908354,10.794289823,0 107.793906561,10.794091462,0 107.793841232,10.793920583,0 107.793822590,10.793884697,0 107.793775957,10.793758824,0 107.793720074,10.793633019,0 107.793645754,10.793480267,0 107.793700190,10.793452764,0 107.793818692,10.793460709,0 107.793864396,10.793469300,0 107.793900795,10.793469022,0 107.794019113,10.793458909,0 107.794073603,10.793440344,0 107.794128353,10.793439837,0 107.794227683,10.793348785,0 107.794272760,10.793303294,0 107.794308630,10.793239815,0 107.794353470,10.793167238,0 107.794398752,10.793130685,0 107.794435097,10.793121288,0 107.794526429,10.793138560,0 107.794590419,10.793174098,0 107.794564751,10.793345762,0 107.794547135,10.793418040,0 107.794557736,10.793580307,0 107.794577037,10.793688423,0 107.794586245,10.793706411,0 107.794622828,10.793724100,0 107.794632186,10.793741997,0 107.794650440,10.793750887,0 107.794668769,10.793759777,0 107.794770097,10.793876115,0 107.794788351,10.793884914,0 107.794933861,10.793856535,0 107.794988405,10.793846999,0 107.795015596,10.793828733,0 107.795051758,10.793801368,0 107.795133568,10.793773566,0 107.795133568,10.793773566,0 107.795133093,10.793719484,0 107.795105480,10.793692697,0 107.795104821,10.793620467,0 107.795122708,10.793593332,0 107.795186244,10.793565579,0 107.795231397,10.793520087,0 107.795349532,10.793491916,0 107.795486362,10.793508750,0 107.795522653,10.793490324,0 107.795585638,10.793408579,0 107.795612591,10.793363317,0 107.795693797,10.793272314,0 107.795829655,10.793189922,0 107.795865525,10.793126442,0 107.795901265,10.793053934,0 107.795954728,10.792927205,0 107.795936420,10.792909287,0 107.795853950,10.792864950,0 107.795844667,10.792846962,0 107.795862099,10.792756626,0 107.795897547,10.792648003,0 107.795970053,10.792611241,0 107.796006635,10.792629020,0 107.796061255,10.792619484,0 107.796142385,10.792528571,0 107.796188089,10.792537162,0 107.796206342,10.792546051,0 107.796288921,10.792608355,0 107.796208871,10.792816642,0 107.796092055,10.792989092,0 107.795947973,10.793179898,0 107.795894218,10.793270513,0 107.795857852,10.793288939,0 107.795839836,10.793307135,0 107.795803674,10.793334500,0 107.795686308,10.793452777,0 107.795641760,10.793561470,0 107.795542959,10.793715723,0 107.795390566,10.793987676,0 107.795229622,10.794313962,0 107.795095189,10.794558780,0 107.794905845,10.794776930,0 107.794780899,10.795048765,0 107.794463952,10.795259039,0 107.794240475,10.795730179,0 107.794132411,10.795857506,0 107.793878686,10.796013120,0 107.793642944,10.796132481,0 107.793624928,10.796150678,0 107.793579461,10.796169173,0 107.793534146,10.796187578,0 107.793525100,10.796196676,0</coordinates></LinearRing></outerBoundaryIs></Polygon></Placemark><Placemark><name>Polygon hoàn công 1536</name><styleUrl>#lot</styleUrl><ExtendedData><Data name="Entity DXF"><value>1536</value></Data><Data name="Diện tích ha"><value>8.686114562988282</value></Data><Data name="Mã Lô"><value>DXF-1536</value></Data></ExtendedData><Polygon><tessellate>1</tessellate><outerBoundaryIs><LinearRing><coordinates>107.794941736,10.794704422,0 107.794968906,10.794695185,0 107.795013950,10.794631636,0 107.795166929,10.794431732,0 107.795274116,10.794196241,0 107.795399428,10.793960521,0 107.795524998,10.793742948,0 107.795659722,10.793534244,0 107.795850492,10.793478340,0 107.796041283,10.793413498,0 107.796231815,10.793330598,0 107.796304451,10.793302865,0 107.796558335,10.793174335,0 107.796767985,10.793181492,0 107.796878155,10.793279702,0 107.796843021,10.793415231,0 107.796879971,10.793469035,0 107.796871347,10.793523277,0 107.796890206,10.793595277,0 107.797000159,10.793657462,0 107.797019440,10.793774516,0 107.796983441,10.793828967,0 107.796911540,10.793928839,0 107.796885193,10.794037393,0 107.796894476,10.794055290,0 107.796903889,10.794082307,0 107.797031837,10.794135234,0 107.797123462,10.794188530,0 107.797087722,10.794261038,0 107.796997179,10.794324935,0 107.796998260,10.794442218,0 107.796998368,10.794460366,0 107.796999579,10.794586588,0 107.797008937,10.794604576,0 107.797046894,10.794775572,0 107.796966423,10.794938715,0 107.796849001,10.795048055,0 107.796839826,10.795048124,0 107.796748882,10.795057939,0 107.796667384,10.795112828,0 107.796640247,10.795140123,0 107.796613261,10.795167418,0 107.796595462,10.795221639,0 107.796577922,10.795294008,0 107.796624631,10.795419882,0 107.796561884,10.795528713,0 107.796543792,10.795546910,0 107.796489431,10.795574504,0 107.796407987,10.795638331,0 107.796408225,10.795665417,0 107.796417876,10.795719430,0 107.796436497,10.795764344,0 107.796427764,10.795800619,0 107.796419086,10.795845741,0 107.796547694,10.795970899,0 107.796584353,10.795988588,0 107.796611652,10.795988288,0 107.796657227,10.795987941,0 107.796766338,10.795959839,0 107.796903332,10.796003758,0 107.797040954,10.796101670,0 107.797086637,10.796119289,0 107.797159511,10.796118642,0 107.797205085,10.796118204,0 107.797359825,10.796098783,0 107.797395932,10.796062389,0 107.797422572,10.795989951,0 107.797449504,10.795953717,0 107.797485633,10.795908205,0 107.797566212,10.795763119,0 107.797584358,10.795753951,0 107.797639032,10.795753443,0 107.797666093,10.795726148,0 107.797747700,10.795689316,0 107.797765737,10.795662091,0 107.797820173,10.795634587,0 107.797892626,10.795588797,0 107.797983645,10.795578982,0 107.798012135,10.795714023,0 107.797966873,10.795741457,0 107.797948782,10.795759654,0 107.797904180,10.795859318,0 107.797895210,10.795868416,0 107.797877649,10.795949814,0 107.797905446,10.795994658,0 107.798042332,10.796020429,0 107.798079099,10.796056176,0 107.798080419,10.796200455,0 107.798107664,10.796191217,0 107.798189713,10.796190500,0 107.798271211,10.796135611,0 107.798271027,10.796117554,0 107.798297851,10.796063263,0 107.798315921,10.796054004,0 107.798397732,10.796026201,0 107.798497062,10.795935148,0 107.798597257,10.795925263,0 107.798742400,10.795860768,0 107.798769223,10.795806386,0 107.798787185,10.795779161,0 107.798859106,10.795670259,0 107.798877177,10.795661001,0 107.798995993,10.795696030,0 107.799023292,10.795695821,0 107.799059583,10.795677395,0 107.799150365,10.795640493,0 107.799213642,10.795594862,0 107.799277362,10.795585255,0 107.799332220,10.795602804,0 107.799332642,10.795647858,0 107.799323834,10.795684042,0 107.799324256,10.795729096,0 107.799333724,10.795765231,0 107.799316476,10.795873625,0 107.799289415,10.795900920,0 107.799290204,10.795982088,0 107.799290443,10.796009084,0 107.799373553,10.796134679,0 107.799391937,10.796152507,0 107.799464756,10.796142831,0 107.799564638,10.796105859,0 107.799591699,10.796078564,0 107.799618869,10.796069236,0 107.799617787,10.795952043,0 107.799680241,10.795807186,0 107.799716402,10.795779821,0 107.799826303,10.795832887,0 107.799908331,10.795841198,0 107.799971207,10.795741304,0 107.799998398,10.795723038,0 107.800016414,10.795704841,0 107.800153852,10.795784784,0 107.800153906,10.795793812,0 107.800154458,10.795847985,0 107.800109598,10.795929501,0 107.800146419,10.795974276,0 107.800202067,10.796072993,0 107.800202598,10.796136104,0 107.800184637,10.796163330,0 107.800203150,10.796190277,0 107.800203204,10.796199305,0 107.800184820,10.796181387,0 107.800175482,10.796154371,0 107.800002672,10.796183052,0 107.799984636,10.796210367,0 107.799939374,10.796237802,0 107.799876553,10.796346634,0 107.799876920,10.796382659,0 107.799814412,10.796518577,0 107.799697121,10.796636857,0 107.799597845,10.796737029,0 107.799544177,10.796854820,0 107.799499705,10.796963423,0 107.799481798,10.796999677,0 107.799463652,10.797008845,0 107.799445929,10.797063157,0 107.799345993,10.797091190,0 107.799291189,10.797082579,0 107.799200958,10.797173653,0 107.799150611,10.797643203,0 107.799050913,10.797698232,0 107.798904266,10.797600301,0 107.798710119,10.797295329,0 107.798245551,10.797308630,0 107.797916443,10.797185276,0 107.797622600,10.796935331,0 107.797255698,10.796668156,0 107.797217299,10.796460954,0 107.796859941,10.796229644,0 107.796611836,10.796006346,0 107.796428186,10.795845672,0 107.796163806,10.795830083,0 107.795880913,10.795787457,0 107.795650975,10.795545962,0 107.795421698,10.795376696,0 107.795475930,10.795340074,0 107.795118024,10.795054679,0 107.794852088,10.794867634,0 107.794941498,10.794677426,0 107.794996280,10.794694976,0 107.794941736,10.794704422,0</coordinates></LinearRing></outerBoundaryIs></Polygon></Placemark><Placemark><name>Polygon hoàn công 1537</name><styleUrl>#lot</styleUrl><ExtendedData><Data name="Entity DXF"><value>1537</value></Data><Data name="Diện tích ha"><value>7.159749732208252</value></Data><Data name="Mã Lô"><value>DXF-1537</value></Data></ExtendedData><Polygon><tessellate>1</tessellate><outerBoundaryIs><LinearRing><coordinates>107.794168810,10.795857138,0 107.794177727,10.795839011,0 107.794195818,10.795820814,0 107.794258880,10.795738979,0 107.794294912,10.795702586,0 107.794402576,10.795521268,0 107.794572566,10.795185885,0 107.794843647,10.794939933,0 107.794915862,10.794867057,0 107.795117786,10.795027593,0 107.795412285,10.795349770,0 107.795650867,10.795527995,0 107.795853505,10.795769608,0 107.796127223,10.795812304,0 107.796419086,10.795845741,0 107.796666748,10.796032924,0 107.796859811,10.796220615,0 107.796905808,10.796265321,0 107.797208091,10.796442967,0 107.797274027,10.796676956,0 107.797604216,10.796917503,0 107.797925359,10.797167239,0 107.798209206,10.797317938,0 107.798436767,10.797288840,0 107.798691660,10.797277501,0 107.798904212,10.797591273,0 107.799041705,10.797680245,0 107.799032822,10.797716429,0 107.799023906,10.797734556,0 107.798980386,10.797951413,0 107.798981706,10.798095782,0 107.798964166,10.798168061,0 107.798727267,10.798170233,0 107.798626854,10.798144093,0 107.798408046,10.798128068,0 107.798297139,10.797957628,0 107.798123961,10.797950103,0 107.798040429,10.797779545,0 107.797893761,10.797690642,0 107.797874134,10.797528445,0 107.797810175,10.797510965,0 107.797782746,10.797502235,0 107.797654592,10.797440189,0 107.797572509,10.797422939,0 107.797508659,10.797423516,0 107.797490459,10.797423655,0 107.797462901,10.797405897,0 107.797408063,10.797379319,0 107.797361937,10.797325675,0 107.797334053,10.797253744,0 107.797306495,10.797235986,0 107.797288165,10.797227096,0 107.797215237,10.797218715,0 107.797142730,10.797255476,0 107.797097209,10.797264943,0 107.797033380,10.797256492,0 107.796905302,10.797194446,0 107.796841105,10.797149970,0 107.796822885,10.797159137,0 107.796695465,10.797169321,0 107.796686657,10.797205505,0 107.796678530,10.797304801,0 107.796579545,10.797440997,0 107.796552483,10.797468291,0 107.796507092,10.797486697,0 107.796488709,10.797468869,0 107.796451996,10.797442151,0 107.796360609,10.797415851,0 107.796278764,10.797425686,0 107.796142482,10.797462935,0 107.796133436,10.797472033,0 107.796042471,10.797490876,0 107.795869843,10.797537612,0 107.795851698,10.797546780,0 107.795761153,10.797610767,0 107.795643438,10.797683991,0 107.795625217,10.797693249,0 107.795507210,10.797730358,0 107.795470919,10.797748694,0 107.795416007,10.797722205,0 107.795397732,10.797722344,0 107.795370432,10.797722553,0 107.795315887,10.797732089,0 107.795188337,10.797733243,0 107.795014079,10.797608523,0 107.794839583,10.797456717,0 107.794692917,10.797367903,0 107.794637842,10.797314238,0 107.794672924,10.797169591,0 107.794780880,10.797024297,0 107.794771780,10.797024367,0 107.794798679,10.796969986,0 107.794944774,10.797013746,0 107.794999449,10.797013239,0 107.795045077,10.797021830,0 107.795072085,10.796985506,0 107.795080947,10.796958441,0 107.795098013,10.796831990,0 107.795069979,10.796760059,0 107.794913812,10.796617143,0 107.794703447,10.796528816,0 107.794529978,10.796485264,0 107.794392120,10.796360265,0 107.794427990,10.796296786,0 107.794527505,10.796223701,0 107.794564271,10.796259538,0 107.794636487,10.796186572,0 107.794498650,10.796052545,0 107.794361030,10.795954633,0 107.794187561,10.795911081,0 107.794178332,10.795902121,0 107.794159948,10.795884293,0 107.794168810,10.795857138,0</coordinates></LinearRing></outerBoundaryIs></Polygon></Placemark><Placemark><name>Polygon hoàn công 1538</name><styleUrl>#lot</styleUrl><ExtendedData><Data name="Entity DXF"><value>1538</value></Data><Data name="Diện tích ha"><value>1.0719412857055663</value></Data><Data name="Mã Lô"><value>DXF-1538</value></Data></ExtendedData><Polygon><tessellate>1</tessellate><outerBoundaryIs><LinearRing><coordinates>107.791390495,10.788981252,0 107.791372166,10.788972453,0 107.791362937,10.788963493,0 107.791262766,10.788964347,0 107.791244254,10.788937490,0 107.791088094,10.788794572,0 107.791004126,10.788587807,0 107.790874736,10.788381570,0 107.790828321,10.788291720,0 107.790800839,10.788273871,0 107.790782402,10.788247014,0 107.790745821,10.788229325,0 107.790736592,10.788220365,0 107.790700064,10.788211704,0 107.790498805,10.788123305,0 107.790397793,10.788034053,0 107.790388456,10.788007036,0 107.790377911,10.787853707,0 107.790368682,10.787844838,0 107.790421856,10.787681995,0 107.790466825,10.787618447,0 107.790484496,10.787555107,0 107.790502145,10.787500886,0 107.790510845,10.787446645,0 107.790528731,10.787419510,0 107.790518736,10.787320264,0 107.790498855,10.787140009,0 107.790480418,10.787113152,0 107.790443286,10.787041380,0 107.790342878,10.787015238,0 107.790115217,10.787026273,0 107.789878327,10.787028438,0 107.789832808,10.787037814,0 107.789669232,10.787075358,0 107.789715280,10.787129093,0 107.789724562,10.787147081,0 107.789752045,10.787164840,0 107.789999275,10.787306884,0 107.790083608,10.787549764,0 107.790186303,10.787819411,0 107.790298097,10.788089079,0 107.790409708,10.788340689,0 107.790476350,10.788655756,0 107.790560500,10.788880579,0 107.790771442,10.789040958,0 107.791008334,10.789038792,0 107.791317785,10.789008984,0 107.791326830,10.788999886,0 107.791317731,10.788999955,0 107.791390495,10.788981252,0</coordinates></LinearRing></outerBoundaryIs></Polygon></Placemark><Placemark><name>Polygon hoàn công 1539</name><styleUrl>#lot</styleUrl><ExtendedData><Data name="Entity DXF"><value>1539</value></Data><Data name="Diện tích ha"><value>1.8805927032470704</value></Data><Data name="Mã Lô"><value>DXF-1539</value></Data></ExtendedData><Polygon><tessellate>1</tessellate><outerBoundaryIs><LinearRing><coordinates>107.797974046,10.793558464,0 107.797974046,10.793558464,0 107.798001292,10.793549046,0 107.798055598,10.793512513,0 107.798055598,10.793512513,0 107.798108769,10.793349668,0 107.798171223,10.793204812,0 107.798188817,10.793141471,0 107.798241987,10.792978627,0 107.798286772,10.792897020,0 107.798295763,10.792878893,0 107.798331026,10.792752303,0 107.798339943,10.792734176,0 107.798393589,10.792625413,0 107.798393589,10.792625413,0 107.798447181,10.792507622,0 107.798501011,10.792417007,0 107.798545244,10.792281318,0 107.798553997,10.792236105,0 107.798626027,10.792145170,0 107.798653164,10.792117875,0 107.798707394,10.792081342,0 107.798807220,10.792035343,0 107.798925613,10.792025228,0 107.798989148,10.791997564,0 107.799089266,10.791987679,0 107.799235121,10.792004351,0 107.799262734,10.792031138,0 107.799236020,10.792103576,0 107.799227287,10.792139761,0 107.799245963,10.792193704,0 107.799174118,10.792302606,0 107.799156708,10.792384004,0 107.799111664,10.792447553,0 107.799102803,10.792474619,0 107.799085079,10.792528930,0 107.799085263,10.792546988,0 107.799040002,10.792574422,0 107.799003712,10.792592758,0 107.798994850,10.792619914,0 107.798959111,10.792692513,0 107.799005216,10.792755185,0 107.798968925,10.792773611,0 107.798923426,10.792773960,0 107.798906179,10.792882353,0 107.798924454,10.792882214,0 107.798933792,10.792909140,0 107.798934084,10.792945255,0 107.798934268,10.792963313,0 107.798962357,10.793044182,0 107.798953604,10.793089395,0 107.798935772,10.793125740,0 107.798908635,10.793153035,0 107.798927461,10.793206978,0 107.798918708,10.793252100,0 107.798882418,10.793270527,0 107.798828404,10.793343174,0 107.798801343,10.793370469,0 107.798756796,10.793479072,0 107.798711773,10.793533593,0 107.798666621,10.793579175,0 107.798657997,10.793633417,0 107.798649265,10.793669511,0 107.798622258,10.793705835,0 107.798522248,10.793733868,0 107.798477171,10.793779359,0 107.798477776,10.793842470,0 107.798497296,10.793986610,0 107.798515733,10.794013557,0 107.798589634,10.794121164,0 107.798598972,10.794148090,0 107.798635263,10.794129754,0 107.798644254,10.794111627,0 107.798671499,10.794102390,0 107.798680599,10.794102230,0 107.798662032,10.794066344,0 107.798597707,10.794012840,0 107.798560886,10.793967975,0 107.798623632,10.793859143,0 107.798686984,10.793813512,0 107.798786259,10.793713429,0 107.798813266,10.793677106,0 107.798850217,10.793730819,0 107.798932633,10.793766217,0 107.798950995,10.793793073,0 107.799005853,10.793810623,0 107.799006459,10.793873734,0 107.799016035,10.793927746,0 107.799052380,10.793918439,0 107.799088303,10.793863988,0 107.799088248,10.793854959,0 107.799096926,10.793809746,0 107.799178975,10.793809029,0 107.799188421,10.793854012,0 107.799189157,10.793926242,0 107.799207594,10.793953099,0 107.799181431,10.794079710,0 107.799190899,10.794115665,0 107.799236527,10.794124255,0 107.799290595,10.794060636,0 107.799326995,10.794060357,0 107.799408989,10.794050521,0 107.799445626,10.794077238,0 107.799491677,10.794130972,0 107.799492283,10.794194083,0 107.799429407,10.794293887,0 107.799420967,10.794366096,0 107.799476302,10.794437817,0 107.799395226,10.794537760,0 107.799377265,10.794564986,0 107.799313198,10.794529539,0 107.799166586,10.794449666,0 107.799120795,10.794413899,0 107.799047369,10.794360464,0 107.798927969,10.794253386,0 107.798809099,10.794209328,0 107.798654122,10.794201754,0 107.798645098,10.794201824,0 107.798516101,10.794049672,0 107.798350651,10.793888679,0 107.798167239,10.793755092,0 107.798056496,10.793611829,0 107.797974046,10.793558464,0</coordinates></LinearRing></outerBoundaryIs></Polygon></Placemark><Placemark><name>Polygon hoàn công 1540</name><styleUrl>#lot</styleUrl><ExtendedData><Data name="Entity DXF"><value>1540</value></Data><Data name="Diện tích ha"><value>0.4858326889038086</value></Data><Data name="Mã Lô"><value>DXF-1540</value></Data></ExtendedData><Polygon><tessellate>1</tessellate><outerBoundaryIs><LinearRing><coordinates>107.796877258,10.793180477,0 107.796877258,10.793180477,0 107.796877258,10.793180477,0 107.796877258,10.793180477,0 107.796868158,10.793180546,0 107.796849829,10.793171657,0 107.796831629,10.793171886,0 107.796822400,10.793162927,0 107.796795176,10.793163136,0 107.796786001,10.793163205,0 107.796767802,10.793163435,0 107.796758627,10.793163504,0 107.796749473,10.793154545,0 107.796740373,10.793154615,0 107.796722098,10.793154844,0 107.796713073,10.793154914,0 107.796703974,10.793154983,0 107.796694874,10.793155053,0 107.796676599,10.793155192,0 107.796667499,10.793155262,0 107.796658324,10.793155421,0 107.796649170,10.793146462,0 107.796630971,10.793146602,0 107.796621871,10.793146671,0 107.796612771,10.793146741,0 107.796603671,10.793146901,0 107.796585451,10.793156068,0 107.796576426,10.793156138,0 107.796567327,10.793156208,0 107.796567381,10.793165236,0 107.796558206,10.793165306,0 107.796539952,10.793156416,0 107.796530798,10.793147548,0 107.796530744,10.793138519,0 107.796539660,10.793120301,0 107.796539531,10.793111273,0 107.796548576,10.793102174,0 107.796548576,10.793102174,0 107.796548393,10.793084117,0 107.796557363,10.793075018,0 107.796557125,10.793048023,0 107.796566116,10.793029896,0 107.796584078,10.793002670,0 107.796593015,10.792975515,0 107.796592831,10.792957457,0 107.796601748,10.792939330,0 107.796610664,10.792921203,0 107.796637855,10.792902937,0 107.796655741,10.792875712,0 107.796682932,10.792857445,0 107.796710177,10.792848208,0 107.796728397,10.792838950,0 107.796737368,10.792829852,0 107.796755146,10.792784659,0 107.796754908,10.792757573,0 107.796763477,10.792694393,0 107.796763294,10.792676245,0 107.796817417,10.792621655,0 107.796844607,10.792603389,0 107.796862515,10.792567135,0 107.796862093,10.792521991,0 107.796879742,10.792467770,0 107.796906089,10.792359307,0 107.796969203,10.792286590,0 107.797005072,10.792223020,0 107.797022082,10.792087540,0 107.797057767,10.792006094,0 107.797075416,10.791951782,0 107.797111339,10.791897331,0 107.797120643,10.791906291,0 107.797201881,10.791833434,0 107.797238172,10.791815008,0 107.797265417,10.791805771,0 107.797292607,10.791787504,0 107.797365351,10.791777738,0 107.797411455,10.791840501,0 107.797375954,10.791940095,0 107.797349389,10.792012444,0 107.797331904,10.792093751,0 107.797305005,10.792148132,0 107.797269212,10.792211612,0 107.797242680,10.792302108,0 107.797206941,10.792374616,0 107.797171126,10.792447034,0 107.797144541,10.792528501,0 107.797099756,10.792610018,0 107.797072987,10.792673427,0 107.797055079,10.792709772,0 107.797019340,10.792782280,0 107.797010899,10.792854489,0 107.796975160,10.792926907,0 107.796930429,10.793017542,0 107.796894873,10.793108017,0 107.796877258,10.793180477,0</coordinates></LinearRing></outerBoundaryIs></Polygon></Placemark><Placemark><name>Polygon hoàn công 1541</name><styleUrl>#lot</styleUrl><ExtendedData><Data name="Entity DXF"><value>1541</value></Data><Data name="Diện tích ha"><value>1.7191338684082031</value></Data><Data name="Mã Lô"><value>DXF-1541</value></Data></ExtendedData><Polygon><tessellate>1</tessellate><outerBoundaryIs><LinearRing><coordinates>107.796416315,10.791605936,0 107.796416315,10.791605936,0 107.796416261,10.791596907,0 107.796416206,10.791587879,0 107.796416022,10.791569911,0 107.796406793,10.791560952,0 107.796406610,10.791542895,0 107.796406480,10.791533866,0 107.796406426,10.791524837,0 107.796406242,10.791506870,0 107.796415363,10.791497682,0 107.796406059,10.791488812,0 107.796415179,10.791479714,0 107.796415125,10.791470686,0 107.796405821,10.791461726,0 107.796405767,10.791452698,0 107.796405583,10.791434640,0 107.796405529,10.791425702,0 107.796405399,10.791416673,0 107.796405291,10.791398616,0 107.796405161,10.791389587,0 107.796405107,10.791380558,0 107.796414153,10.791371460,0 107.796413969,10.791353402,0 107.796413915,10.791344283,0 107.796413861,10.791335345,0 107.796404556,10.791326386,0 107.796404502,10.791317357,0 107.796404448,10.791308328,0 107.796404264,10.791290271,0 107.796404210,10.791281242,0 107.796404081,10.791272304,0 107.796404026,10.791263275,0 107.796403897,10.791254246,0 107.796403843,10.791245218,0 107.796394689,10.791236258,0 107.796394451,10.791209172,0 107.796403367,10.791191136,0 107.796403238,10.791182107,0 107.796384746,10.791146131,0 107.796384562,10.791128164,0 107.796393424,10.791101008,0 107.796393241,10.791082951,0 107.796393003,10.791055865,0 107.796383719,10.791037967,0 107.796383481,10.791010881,0 107.796401443,10.790983655,0 107.796401076,10.790947631,0 107.796410013,10.790920475,0 107.796400471,10.790884339,0 107.796409224,10.790839217,0 107.796417902,10.790794003,0 107.796426526,10.790739852,0 107.796435496,10.790730753,0 107.796453057,10.790649446,0 107.796452636,10.790604302,0 107.796496686,10.790450466,0 107.796532317,10.790359991,0 107.796669038,10.790358767,0 107.796842320,10.790384260,0 107.796942860,10.790419429,0 107.796943410,10.790473601,0 107.796980469,10.790545462,0 107.797016813,10.790536065,0 107.797116931,10.790526180,0 107.797253523,10.790515927,0 107.797372023,10.790523870,0 107.797481241,10.790513826,0 107.797526814,10.790513387,0 107.797572388,10.790513039,0 107.797654231,10.790503203,0 107.797709034,10.790511724,0 107.797773467,10.790583286,0 107.797773705,10.790610372,0 107.797728975,10.790701008,0 107.797701968,10.790737331,0 107.797656945,10.790791852,0 107.797656999,10.790800881,0 107.797638930,10.790810049,0 107.797630360,10.790873229,0 107.797630231,10.790864200,0 107.797594308,10.790918741,0 107.797567063,10.790927979,0 107.797531140,10.790982430,0 107.797522278,10.791009585,0 107.797468264,10.791082233,0 107.797459165,10.791082302,0 107.797459348,10.791100360,0 107.797423480,10.791163839,0 107.797396711,10.791227159,0 107.797387741,10.791236257,0 107.797352110,10.791326823,0 107.797343432,10.791372036,0 107.797280502,10.791462811,0 107.797271456,10.791471909,0 107.797207975,10.791508601,0 107.797126186,10.791527376,0 107.797062542,10.791536982,0 107.797017152,10.791555387,0 107.796989907,10.791564625,0 107.796953562,10.791574022,0 107.796890081,10.791610624,0 107.796899732,10.791664727,0 107.796891108,10.791718879,0 107.796882192,10.791737006,0 107.796837332,10.791818702,0 107.796837516,10.791836669,0 107.796774164,10.791882390,0 107.796747340,10.791936772,0 107.796775429,10.792017641,0 107.796784658,10.792026600,0 107.796785372,10.792107768,0 107.796767648,10.792161989,0 107.796676500,10.792162866,0 107.796649071,10.792154046,0 107.796594473,10.792154553,0 107.796558074,10.792154922,0 107.796503087,10.792128344,0 107.796466267,10.792083569,0 107.796438784,10.792065810,0 107.796447333,10.792011568,0 107.796446197,10.791885347,0 107.796436676,10.791840363,0 107.796436071,10.791777162,0 107.796426441,10.791714121,0 107.796426625,10.791732088,0 107.796407745,10.791669116,0 107.796416498,10.791623993,0 107.796416315,10.791605936,0</coordinates></LinearRing></outerBoundaryIs></Polygon></Placemark><Placemark><name>Polygon hoàn công 1542</name><styleUrl>#lot</styleUrl><ExtendedData><Data name="Entity DXF"><value>1542</value></Data><Data name="Diện tích ha"><value>0.3994357582092285</value></Data><Data name="Mã Lô"><value>DXF-1542</value></Data></ExtendedData><Polygon><tessellate>1</tessellate><outerBoundaryIs><LinearRing><coordinates>107.794024024,10.791032232,0 107.794033124,10.791032163,0 107.794024154,10.791041261,0 107.794005954,10.791041490,0 107.793969480,10.791041768,0 107.793933006,10.791042136,0 107.793923906,10.791042206,0 107.793869362,10.791051742,0 107.793842117,10.791060979,0 107.793814818,10.791061188,0 107.793760015,10.791052666,0 107.793714463,10.791044075,0 107.793677989,10.791044444,0 107.793623315,10.791044951,0 107.793504869,10.791045944,0 107.793468524,10.791055341,0 107.793322962,10.791074691,0 107.793314099,10.791101847,0 107.793314758,10.791173986,0 107.793315233,10.791228068,0 107.793297088,10.791237236,0 107.793288960,10.791336531,0 107.793252907,10.791382043,0 107.793263032,10.791490228,0 107.793272607,10.791544240,0 107.793282203,10.791589224,0 107.793282311,10.791607282,0 107.793318840,10.791615942,0 107.793336856,10.791597746,0 107.793428295,10.791632985,0 107.793464640,10.791623678,0 107.793573199,10.791541496,0 107.793627159,10.791459821,0 107.793717702,10.791395925,0 107.793772063,10.791368241,0 107.793817216,10.791322750,0 107.793907813,10.791267792,0 107.793953074,10.791240358,0 107.793989364,10.791222023,0 107.794034517,10.791176442,0 107.794124876,10.791094488,0 107.794233727,10.791048420,0 107.794297500,10.791047843,0 107.794352173,10.791047336,0 107.794433962,10.791028562,0 107.794470436,10.791028194,0 107.794479428,10.791010067,0 107.794451632,10.790965222,0 107.794314986,10.790966536,0 107.794160141,10.790967898,0 107.794042245,10.791023064,0 107.794024024,10.791032232,0</coordinates></LinearRing></outerBoundaryIs></Polygon></Placemark><Placemark><name>Polygon hoàn công 1543</name><styleUrl>#lot</styleUrl><ExtendedData><Data name="Entity DXF"><value>1543</value></Data><Data name="Diện tích ha"><value>0.5199280975341797</value></Data><Data name="Mã Lô"><value>DXF-1543</value></Data></ExtendedData><Polygon><tessellate>1</tessellate><outerBoundaryIs><LinearRing><coordinates>107.792786794,10.791223882,0 107.792786794,10.791223882,0 107.792786794,10.791223882,0 107.792786794,10.791223882,0 107.792786794,10.791223882,0 107.792786924,10.791232911,0 107.792786978,10.791241849,0 107.792778007,10.791250947,0 107.792778062,10.791259976,0 107.792778116,10.791269005,0 107.792778245,10.791278033,0 107.792778245,10.791278033,0 107.792778299,10.791287062,0 107.792778299,10.791287062,0 107.792778353,10.791296091,0 107.792778353,10.791296091,0 107.792769308,10.791305189,0 107.792769362,10.791314218,0 107.792769491,10.791323246,0 107.792769545,10.791332275,0 107.792769675,10.791341214,0 107.792769675,10.791341214,0 107.792760629,10.791350312,0 107.792760683,10.791359340,0 107.792760812,10.791368369,0 107.792760866,10.791377398,0 107.792760866,10.791377398,0 107.792760996,10.791386517,0 107.792761050,10.791395546,0 107.792770149,10.791395476,0 107.792788478,10.791404276,0 107.792797632,10.791413235,0 107.792806786,10.791422194,0 107.792806915,10.791431223,0 107.792807099,10.791449190,0 107.792807207,10.791467247,0 107.792807390,10.791485305,0 107.792798528,10.791512460,0 107.792780458,10.791521628,0 107.792771412,10.791530726,0 107.792762734,10.791575939,0 107.792753872,10.791603005,0 107.792744955,10.791621132,0 107.792745009,10.791630160,0 107.792718131,10.791675512,0 107.792690940,10.791693778,0 107.792682024,10.791711905,0 107.792682261,10.791738991,0 107.792655200,10.791766286,0 107.792655200,10.791766286,0 107.792646338,10.791793441,0 107.792601422,10.791866018,0 107.792610630,10.791884006,0 107.792619988,10.791901994,0 107.792611051,10.791929150,0 107.792528841,10.791902779,0 107.792465251,10.791921413,0 107.792383699,10.791967272,0 107.792328971,10.791958750,0 107.792319688,10.791940763,0 107.792318976,10.791859594,0 107.792272797,10.791796831,0 107.792208657,10.791761292,0 107.792162792,10.791725615,0 107.792135180,10.791698827,0 107.792125735,10.791653844,0 107.792134284,10.791599602,0 107.792134230,10.791590573,0 107.792133809,10.791545520,0 107.792123868,10.791455392,0 107.792123868,10.791455392,0 107.792123684,10.791437335,0 107.792123209,10.791383163,0 107.792123026,10.791365105,0 107.792149796,10.791301786,0 107.792158658,10.791274631,0 107.792140221,10.791247774,0 107.792175778,10.791157209,0 107.792212069,10.791138873,0 107.792248359,10.791120538,0 107.792284888,10.791129199,0 107.792330386,10.791128761,0 107.792348769,10.791146680,0 107.792348769,10.791146680,0 107.792375906,10.791119295,0 107.792412197,10.791100960,0 107.792476078,10.791118441,0 107.792549318,10.791153819,0 107.792577038,10.791198664,0 107.792650148,10.791225104,0 107.792713867,10.791215499,0 107.792777403,10.791187836,0 107.792804519,10.791169571,0 107.792786794,10.791223882,0</coordinates></LinearRing></outerBoundaryIs></Polygon></Placemark><Placemark><name>Polygon hoàn công 1544</name><styleUrl>#lot</styleUrl><ExtendedData><Data name="Entity DXF"><value>1544</value></Data><Data name="Diện tích ha"><value>4.615160137939453</value></Data><Data name="Mã Lô"><value>DXF-1544</value></Data></ExtendedData><Polygon><tessellate>1</tessellate><outerBoundaryIs><LinearRing><coordinates>107.793189467,10.790435347,0 107.793189412,10.790426318,0 107.793198329,10.790408191,0 107.793252289,10.790326606,0 107.793260784,10.790263336,0 107.793242164,10.790218422,0 107.793241743,10.790173368,0 107.793150250,10.790129100,0 107.793122271,10.790066198,0 107.793057785,10.789985516,0 107.793011445,10.789895757,0 107.792984071,10.789895965,0 107.792892686,10.789869754,0 107.792936942,10.789725038,0 107.792944908,10.789598656,0 107.792953824,10.789580529,0 107.792980540,10.789508091,0 107.792998502,10.789480866,0 107.793006759,10.789390600,0 107.793041549,10.789209928,0 107.793058560,10.789074358,0 107.793129932,10.788911376,0 107.793174826,10.788847827,0 107.793192258,10.788757491,0 107.793173325,10.788685491,0 107.793145055,10.788586474,0 107.793126747,10.788568646,0 107.793080331,10.788478886,0 107.793034412,10.788434180,0 107.792951544,10.788335761,0 107.792877625,10.788237091,0 107.792803565,10.788102487,0 107.792775533,10.788030556,0 107.792674757,10.787968390,0 107.792665658,10.787968459,0 107.792647221,10.787941512,0 107.792646379,10.787851315,0 107.792646087,10.787815200,0 107.792609193,10.787770425,0 107.792545366,10.787761973,0 107.792417875,10.787772154,0 107.792353811,10.787736706,0 107.792344237,10.787682604,0 107.792307342,10.787637918,0 107.792251223,10.787485027,0 107.792232840,10.787467199,0 107.792214458,10.787449281,0 107.792149973,10.787368599,0 107.792140819,10.787359730,0 107.792113024,10.787314885,0 107.792003808,10.787324837,0 107.791967388,10.787334234,0 107.791794583,10.787362820,0 107.791594113,10.787355590,0 107.791530340,10.787356166,0 107.791439452,10.787375099,0 107.791302679,10.787367292,0 107.791293579,10.787367362,0 107.791239036,10.787376897,0 107.791056926,10.787396524,0 107.791002383,10.787406059,0 107.790884013,10.787407142,0 107.790803045,10.787525231,0 107.790795078,10.787651522,0 107.790831789,10.787678240,0 107.790914257,10.787722668,0 107.791096033,10.787684894,0 107.791305366,10.787664969,0 107.791351122,10.787682589,0 107.791371188,10.787880901,0 107.791281433,10.788026055,0 107.791117727,10.788054572,0 107.791081383,10.788063968,0 107.791118331,10.788117682,0 107.791145867,10.788144560,0 107.791201069,10.788207164,0 107.791219398,10.788215964,0 107.791255688,10.788197629,0 107.791302503,10.788341650,0 107.791284433,10.788350818,0 107.791229760,10.788351325,0 107.791175378,10.788387856,0 107.791175562,10.788405914,0 107.791176220,10.788478053,0 107.791176641,10.788523107,0 107.791158625,10.788541303,0 107.791149946,10.788586516,0 107.791187261,10.788676345,0 107.791205385,10.788676206,0 107.791296824,10.788711446,0 107.791333535,10.788738254,0 107.791333718,10.788756312,0 107.791343292,10.788810324,0 107.791453297,10.788881450,0 107.791453426,10.788890479,0 107.791618320,10.788997212,0 107.791819634,10.789094639,0 107.792011847,10.789192226,0 107.792168030,10.789326025,0 107.792232753,10.789433703,0 107.792307017,10.789577336,0 107.792308334,10.789721705,0 107.792264207,10.789875450,0 107.792255928,10.789974745,0 107.792330980,10.790199637,0 107.792378163,10.790379593,0 107.792433440,10.790442197,0 107.792688641,10.790457948,0 107.792870914,10.790465316,0 107.793080487,10.790472386,0 107.793171688,10.790480630,0 107.793180788,10.790480560,0 107.793189467,10.790435347,0</coordinates></LinearRing></outerBoundaryIs></Polygon></Placemark><Placemark><name>Polygon hoàn công 1545</name><styleUrl>#lot</styleUrl><ExtendedData><Data name="Entity DXF"><value>1545</value></Data><Data name="Diện tích ha"><value>1.0204187049865723</value></Data><Data name="Mã Lô"><value>DXF-1545</value></Data></ExtendedData><Polygon><tessellate>1</tessellate><outerBoundaryIs><LinearRing><coordinates>107.800745761,10.795761384,0 107.800772952,10.795743027,0 107.800881803,10.795696957,0 107.800917985,10.795660563,0 107.800926608,10.795606321,0 107.800953486,10.795561059,0 107.801016783,10.795506308,0 107.801034615,10.795470054,0 107.801097729,10.795397336,0 107.801152111,10.795360803,0 107.801151872,10.795333717,0 107.801142329,10.795297762,0 107.801160366,10.795270446,0 107.801087492,10.795271094,0 107.800959760,10.795254193,0 107.800950184,10.795200180,0 107.800949523,10.795128041,0 107.800940110,10.795101115,0 107.800912517,10.795065299,0 107.800894243,10.795065438,0 107.800821076,10.795029971,0 107.800784656,10.795039369,0 107.800721856,10.795139173,0 107.800740110,10.795147972,0 107.800749523,10.795174989,0 107.800759045,10.795219972,0 107.800721099,10.795303762,0 107.800659457,10.795293059,0 107.800604782,10.795293567,0 107.800549101,10.795176793,0 107.800484666,10.795105231,0 107.800475491,10.795105301,0 107.800411901,10.795123936,0 107.800320644,10.795106666,0 107.800229863,10.795143568,0 107.800211955,10.795179822,0 107.800184969,10.795207118,0 107.800094297,10.795262077,0 107.800030890,10.795298770,0 107.800031258,10.795334885,0 107.800058796,10.795361672,0 107.800077363,10.795397647,0 107.800104901,10.795424434,0 107.800123965,10.795505463,0 107.800115451,10.795577672,0 107.800115451,10.795577672,0 107.800015202,10.795578529,0 107.800015332,10.795587558,0 107.800016230,10.795686783,0 107.800016284,10.795695812,0 107.800107855,10.795740079,0 107.800126661,10.795803140,0 107.800064153,10.795938969,0 107.800010139,10.796011616,0 107.799911047,10.796129756,0 107.800021641,10.796273109,0 107.800131119,10.796281212,0 107.800222724,10.796343445,0 107.800331726,10.796297375,0 107.800431532,10.796260403,0 107.800521470,10.796133214,0 107.800530570,10.796133144,0 107.800602783,10.796060357,0 107.800574823,10.795988426,0 107.800574217,10.795925316,0 107.800736845,10.795779511,0 107.800745761,10.795761384,0</coordinates></LinearRing></outerBoundaryIs></Polygon></Placemark><Placemark><name>Polygon hoàn công 1546</name><styleUrl>#lot</styleUrl><ExtendedData><Data name="Entity DXF"><value>1546</value></Data><Data name="Diện tích ha"><value>1.1708096855163574</value></Data><Data name="Mã Lô"><value>DXF-1546</value></Data></ExtendedData><Polygon><tessellate>1</tessellate><outerBoundaryIs><LinearRing><coordinates>107.800061534,10.795283491,0 107.800166139,10.795219986,0 107.800232642,10.795144748,0 107.800320644,10.795106666,0 107.800402801,10.795124006,0 107.800484519,10.795103786,0 107.800539742,10.795158805,0 107.800586583,10.795293707,0 107.800723360,10.795301600,0 107.800759154,10.795238030,0 107.800739926,10.795129915,0 107.800712810,10.795148272,0 107.800784131,10.795038736,0 107.800847770,10.794966651,0 107.800746990,10.794904398,0 107.800580986,10.794689414,0 107.800516259,10.794581738,0 107.800551576,10.794464176,0 107.800532771,10.794401114,0 107.800459529,10.794365737,0 107.800395994,10.794393311,0 107.800306424,10.794556615,0 107.800224267,10.794539275,0 107.800242065,10.794485054,0 107.800168327,10.794404443,0 107.800040194,10.794333460,0 107.799920902,10.794244349,0 107.799820599,10.794236177,0 107.799720242,10.794219066,0 107.799637976,10.794183759,0 107.799510060,10.794148890,0 107.799483421,10.794221239,0 107.799438582,10.794293817,0 107.799429938,10.794356997,0 107.799430122,10.794375055,0 107.799503471,10.794428579,0 107.799386181,10.794546859,0 107.799331507,10.794547367,0 107.799212474,10.794476313,0 107.799175945,10.794467654,0 107.799139967,10.794513076,0 107.799277568,10.794620015,0 107.799460980,10.794753691,0 107.799598234,10.794815577,0 107.799708535,10.794922905,0 107.799737101,10.795057856,0 107.799828780,10.795120180,0 107.799966034,10.795182065,0 107.800058676,10.795283394,0 107.800061534,10.795283491,0</coordinates></LinearRing></outerBoundaryIs></Polygon></Placemark><Placemark><name>Polygon hoàn công 1547</name><styleUrl>#lot</styleUrl><ExtendedData><Data name="Entity DXF"><value>1547</value></Data><Data name="Diện tích ha"><value>11.82121589050293</value></Data><Data name="Mã Lô"><value>DXF-1547</value></Data></ExtendedData><Polygon><tessellate>1</tessellate><outerBoundaryIs><LinearRing><coordinates>107.807398198,10.810244507,0 107.807549386,10.810268049,0 107.807549332,10.810259020,0 107.807658925,10.810285088,0 107.807677364,10.810312124,0 107.807941205,10.810273531,0 107.808014213,10.810281821,0 107.808105291,10.810281032,0 107.808323761,10.810251997,0 107.808360162,10.810251627,0 107.808405554,10.810233220,0 107.808515017,10.810250259,0 107.808715450,10.810248450,0 107.808751906,10.810257109,0 107.808861444,10.810274147,0 107.808861390,10.810265118,0 107.809007145,10.810263819,0 107.809171101,10.810262290,0 107.809316911,10.810270019,0 107.809608552,10.810276359,0 107.809726952,10.810266241,0 107.809763538,10.810283928,0 107.809854670,10.810292257,0 107.809982041,10.810272950,0 107.809982041,10.810272950,0 107.810046371,10.810326542,0 107.810156921,10.810460863,0 107.810157160,10.810487859,0 107.810222686,10.810676702,0 107.810250779,10.810757661,0 107.810241863,10.810775788,0 107.810251571,10.810838829,0 107.810261812,10.810964981,0 107.810326013,10.811009545,0 107.810371590,10.811009105,0 107.810398836,10.810999866,0 107.810535676,10.811016603,0 107.810653946,10.810997546,0 107.810781372,10.810987357,0 107.810872526,10.810986477,0 107.810917788,10.810959041,0 107.810971803,10.810886392,0 107.810971673,10.810877363,0 107.810971434,10.810850276,0 107.810998626,10.810832009,0 107.811025927,10.810831799,0 107.811052380,10.810741392,0 107.811033463,10.810660274,0 107.811005793,10.810624459,0 107.810968838,10.810570657,0 107.810986670,10.810534402,0 107.810958945,10.810489558,0 107.810885405,10.810418069,0 107.810848211,10.810337270,0 107.810811386,10.810292497,0 107.810893364,10.810291777,0 107.810938941,10.810291337,0 107.811039174,10.810299415,0 107.811102952,10.810298835,0 107.811212176,10.810288876,0 107.811312430,10.810287926,0 107.811421525,10.810268848,0 107.811439801,10.810268618,0 107.811438953,10.810178511,0 107.811402128,10.810133738,0 107.811409719,10.809971331,0 107.811390247,10.809836221,0 107.811390193,10.809827102,0 107.811380409,10.809764061,0 107.811334668,10.809737415,0 107.811234415,10.809738365,0 107.811170767,10.809747884,0 107.811106990,10.809748464,0 107.811024459,10.809695101,0 107.810987340,10.809614303,0 107.810977980,10.809596316,0 107.810949887,10.809515448,0 107.810931263,10.809470534,0 107.810848014,10.809335913,0 107.810774290,10.809246366,0 107.810755611,10.809192424,0 107.810691041,10.809111836,0 107.810617446,10.809031408,0 107.810544070,10.808986914,0 107.810526000,10.808996083,0 107.810480184,10.808969527,0 107.810471084,10.808969597,0 107.810425214,10.808933832,0 107.810415082,10.808825647,0 107.810331704,10.808682178,0 107.810313394,10.808664260,0 107.810149125,10.808638704,0 107.809993956,10.808613078,0 107.809902639,10.808586872,0 107.809819207,10.808434193,0 107.809745189,10.808308621,0 107.809652896,10.808183189,0 107.809579595,10.808138785,0 107.809451618,10.808094801,0 107.809387656,10.808077414,0 107.809277771,10.808015142,0 107.809250231,10.807988356,0 107.809186324,10.807979907,0 107.809058477,10.807945042,0 107.808939122,10.807846905,0 107.808884023,10.807802271,0 107.808756284,10.807785373,0 107.808737975,10.807767546,0 107.808719406,10.807731661,0 107.808691975,10.807722842,0 107.808600290,10.807660611,0 107.808599867,10.807615377,0 107.808572382,10.807597619,0 107.808544767,10.807570833,0 107.808526621,10.807580002,0 107.808472020,10.807580511,0 107.808389599,10.807545116,0 107.808362298,10.807545416,0 107.808325822,10.807545695,0 107.808280027,10.807510111,0 107.808288759,10.807473926,0 107.808315766,10.807437601,0 107.808415889,10.807427713,0 107.808461390,10.807427273,0 107.808497812,10.807417875,0 107.808570819,10.807426254,0 107.808598304,10.807444012,0 107.808643935,10.807452691,0 107.808708428,10.807533189,0 107.808717529,10.807533119,0 107.808845137,10.807540989,0 107.808981313,10.807485677,0 107.808999035,10.807431365,0 107.808997950,10.807314172,0 107.809006572,10.807259930,0 107.809005596,10.807160614,0 107.809032548,10.807115350,0 107.809068656,10.807078956,0 107.808977264,10.807052659,0 107.808940310,10.806998947,0 107.808921871,10.806972000,0 107.808975332,10.806845269,0 107.808984378,10.806836170,0 107.808938139,10.806764471,0 107.808892584,10.806755792,0 107.808801008,10.806711527,0 107.808727176,10.806603923,0 107.808708108,10.806522894,0 107.808680678,10.806514165,0 107.808571345,10.806506156,0 107.808543915,10.806497337,0 107.808498284,10.806488748,0 107.808479770,10.806461892,0 107.808424930,10.806435315,0 107.808306238,10.806409318,0 107.808242277,10.806391931,0 107.808187785,10.806410408,0 107.808151254,10.806401749,0 107.808106340,10.806474328,0 107.808033777,10.806502064,0 107.807933525,10.806502923,0 107.807869509,10.806476506,0 107.807832317,10.806395617,0 107.807731164,10.806297251,0 107.807703624,10.806270464,0 107.807620986,10.806199044,0 107.807538879,10.806190734,0 107.807511503,10.806191034,0 107.807494940,10.806362630,0 107.807487089,10.806506979,0 107.807478412,10.806552192,0 107.807487880,10.806588147,0 107.807489627,10.806777660,0 107.807490234,10.806840771,0 107.807490896,10.806912911,0 107.807518750,10.806966783,0 107.807538643,10.807146947,0 107.807539489,10.807237235,0 107.807549858,10.807372415,0 107.807495659,10.807427007,0 107.807468966,10.807490418,0 107.807424713,10.807635136,0 107.807426275,10.807806592,0 107.807417598,10.807851715,0 107.807427306,10.807914756,0 107.807409528,10.807960040,0 107.807411036,10.808122466,0 107.807420505,10.808158421,0 107.807540651,10.808337727,0 107.807596815,10.808508582,0 107.807607737,10.808697935,0 107.807598746,10.808716063,0 107.807590069,10.808761276,0 107.807519252,10.808978434,0 107.807492244,10.809014759,0 107.807474631,10.809087038,0 107.807421591,10.809258913,0 107.807405376,10.809475652,0 107.807397968,10.809656026,0 107.807389529,10.809728325,0 107.807391221,10.809908720,0 107.807401884,10.810080015,0 107.807408722,10.810246517,0 107.807398198,10.810244507,0</coordinates></LinearRing></outerBoundaryIs></Polygon></Placemark><Placemark><name>Polygon hoàn công 1548</name><styleUrl>#lot</styleUrl><ExtendedData><Data name="Entity DXF"><value>1548</value></Data><Data name="Diện tích ha"><value>2.654477964782715</value></Data><Data name="Mã Lô"><value>DXF-1548</value></Data></ExtendedData><Polygon><tessellate>1</tessellate><outerBoundaryIs><LinearRing><coordinates>107.805857218,10.805619789,0 107.805857088,10.805610760,0 107.805857088,10.805610760,0 107.805857088,10.805610760,0 107.805857088,10.805610760,0 107.805857088,10.805610760,0 107.805857088,10.805610760,0 107.805857088,10.805610760,0 107.805857218,10.805619789,0 107.805866243,10.805619719,0 107.805866373,10.805628748,0 107.805893987,10.805655534,0 107.805903196,10.805673432,0 107.805912556,10.805691419,0 107.805885549,10.805727744,0 107.805885603,10.805736773,0 107.805867457,10.805745941,0 107.805858357,10.805746011,0 107.805849257,10.805746081,0 107.805812781,10.805746450,0 107.805785535,10.805755688,0 107.805758234,10.805755988,0 107.805721759,10.805756267,0 107.805685358,10.805756637,0 107.805657982,10.805756846,0 107.805658112,10.805765875,0 107.805630866,10.805775113,0 107.805639836,10.805766015,0 107.805657982,10.805756846,0 107.805648957,10.805756916,0 107.805639652,10.805748048,0 107.805639652,10.805748048,0 107.805621636,10.805766245,0 107.805585658,10.805811668,0 107.805522597,10.805893415,0 107.805458950,10.805903113,0 107.805431521,10.805894203,0 107.805386074,10.805903762,0 107.805349673,10.805904041,0 107.805258521,10.805904920,0 107.805140068,10.805906008,0 107.805094622,10.805915385,0 107.805067192,10.805906656,0 107.805039816,10.805906866,0 107.804985215,10.805907375,0 107.804985215,10.805907375,0 107.804857846,10.805926590,0 107.804748146,10.805882374,0 107.804693047,10.805837830,0 107.804656387,10.805820142,0 107.804527880,10.805713045,0 107.804500505,10.805713254,0 107.804482250,10.805704456,0 107.804427574,10.805704965,0 107.804299230,10.805624954,0 107.804253545,10.805607336,0 107.804207785,10.805589717,0 107.804171146,10.805563000,0 107.804116415,10.805554481,0 107.804006934,10.805546379,0 107.803979763,10.805555708,0 107.803943580,10.805592102,0 107.803980608,10.805645905,0 107.804053539,10.805654195,0 107.804072400,10.805726195,0 107.804118344,10.805761871,0 107.804127737,10.805797825,0 107.803991875,10.805880221,0 107.803982775,10.805880381,0 107.803910007,10.805899087,0 107.803782768,10.805927330,0 107.803755467,10.805927630,0 107.803709707,10.805909921,0 107.803545440,10.805884362,0 107.803454125,10.805858063,0 107.803298849,10.805814376,0 107.803271289,10.805796618,0 107.803234705,10.805778930,0 107.803216396,10.805761012,0 107.803242115,10.805598466,0 107.803223622,10.805562581,0 107.803150561,10.805545172,0 107.803095408,10.805491599,0 107.803076840,10.805455623,0 107.803030971,10.805419948,0 107.802902996,10.805375961,0 107.802893766,10.805367092,0 107.802911143,10.805267727,0 107.802992036,10.805149726,0 107.803083113,10.805148848,0 107.803256112,10.805138313,0 107.803392396,10.805100971,0 107.803501510,10.805072958,0 107.803674270,10.805035247,0 107.803756247,10.805034529,0 107.803765347,10.805034459,0 107.803801325,10.804988946,0 107.803828040,10.804916507,0 107.803863909,10.804853117,0 107.803909355,10.804843649,0 107.803964031,10.804843140,0 107.804009662,10.804851730,0 107.804127984,10.804841703,0 107.804228161,10.804840755,0 107.804401344,10.804848187,0 107.804547226,10.804855919,0 107.804592673,10.804846451,0 107.804629148,10.804846082,0 107.804711254,10.804854392,0 107.804884546,10.804879881,0 107.804902746,10.804879741,0 107.804920892,10.804870483,0 107.805012099,10.804878723,0 107.805067122,10.804923267,0 107.805076536,10.804950284,0 107.805104205,10.804986099,0 107.805204620,10.805012327,0 107.805232180,10.805030085,0 107.805333386,10.805137391,0 107.805342487,10.805137321,0 107.805360871,10.805155239,0 107.805360871,10.805155239,0 107.805388485,10.805182026,0 107.805443454,10.805217631,0 107.805498553,10.805262175,0 107.805507708,10.805271134,0 107.805599208,10.805315399,0 107.805645152,10.805351075,0 107.805718874,10.805440533,0 107.805783312,10.805512184,0 107.805811090,10.805566056,0 107.805847934,10.805601802,0 107.805847934,10.805601802,0 107.805857218,10.805619789,0</coordinates></LinearRing></outerBoundaryIs></Polygon></Placemark><Placemark><name>Polygon hoàn công 1549</name><styleUrl>#lot</styleUrl><ExtendedData><Data name="Entity DXF"><value>1549</value></Data><Data name="Diện tích ha"><value>20.415604273986816</value></Data><Data name="Mã Lô"><value>DXF-1549</value></Data></ExtendedData><Polygon><tessellate>1</tessellate><outerBoundaryIs><LinearRing><coordinates>107.802393801,10.810183772,0 107.802361946,10.809909322,0 107.802368934,10.809683805,0 107.802402748,10.809403817,0 107.802409021,10.809097131,0 107.802397572,10.808844577,0 107.802404928,10.808655175,0 107.802430247,10.808438367,0 107.802428265,10.808221949,0 107.802462739,10.808014099,0 107.802560826,10.807778676,0 107.802576860,10.807543970,0 107.802556732,10.807336720,0 107.802564511,10.807192281,0 107.802571629,10.806975702,0 107.802598400,10.806813971,0 107.802742158,10.806862689,0 107.803462772,10.806869731,0 107.803690652,10.806901031,0 107.803934396,10.806836214,0 107.804038846,10.806743455,0 107.804175503,10.806479407,0 107.804300722,10.806348956,0 107.804485259,10.806259627,0 107.804666182,10.806237102,0 107.804787799,10.806233854,0 107.804951882,10.806241356,0 107.805043198,10.806267654,0 107.805070444,10.806258325,0 107.805189135,10.806284324,0 107.805334834,10.806273997,0 107.805343934,10.806273928,0 107.805362135,10.806273698,0 107.805507834,10.806263371,0 107.805553226,10.806244965,0 107.805589149,10.806190513,0 107.805652926,10.806189934,0 107.805689272,10.806180536,0 107.805825686,10.806152312,0 107.805871317,10.806160901,0 107.806044555,10.806177361,0 107.806190493,10.806194031,0 107.806245885,10.806274689,0 107.806273977,10.806355739,0 107.806401291,10.806327404,0 107.806565375,10.806334995,0 107.806601721,10.806325596,0 107.806665921,10.806370161,0 107.806738852,10.806378540,0 107.806830113,10.806395719,0 107.806848498,10.806413637,0 107.806885137,10.806440353,0 107.806894313,10.806440283,0 107.806894497,10.806458250,0 107.806922296,10.806503094,0 107.806958881,10.806520872,0 107.807067496,10.806447714,0 107.807184919,10.806338371,0 107.807294326,10.806346380,0 107.807321572,10.806337142,0 107.807439418,10.806272852,0 107.807503488,10.806308387,0 107.807494940,10.806362630,0 107.807469312,10.806552262,0 107.807534357,10.806686933,0 107.807489866,10.806804656,0 107.807500604,10.806975952,0 107.807500734,10.806984980,0 107.807509943,10.807002968,0 107.807510073,10.807011906,0 107.807528587,10.807038853,0 107.807502296,10.807156346,0 107.807465581,10.807129629,0 107.807401327,10.807076036,0 107.807392097,10.807067168,0 107.807346282,10.807040521,0 107.807263827,10.806987158,0 107.807254597,10.806978199,0 107.807236288,10.806960372,0 107.807199628,10.806942594,0 107.807171665,10.806870754,0 107.807125980,10.806853136,0 107.807025543,10.806835938,0 107.807016497,10.806845126,0 107.806989435,10.806872422,0 107.806972558,10.807016841,0 107.806972743,10.807034899,0 107.806936690,10.807080322,0 107.806927774,10.807098449,0 107.806864788,10.807180197,0 107.806755121,10.807154129,0 107.806609313,10.807146398,0 107.806463559,10.807147787,0 107.806317805,10.807149085,0 107.806299551,10.807140196,0 107.806272229,10.807149524,0 107.806217737,10.807168001,0 107.806200143,10.807231432,0 107.806191097,10.807240530,0 107.806145890,10.807276994,0 107.806173504,10.807303781,0 107.806301167,10.807320680,0 107.806337643,10.807320311,0 107.806355952,10.807338228,0 107.806383512,10.807355986,0 107.806538551,10.807372585,0 107.806666159,10.807380456,0 107.806684489,10.807389345,0 107.806875874,10.807396636,0 107.807030912,10.807413235,0 107.807040381,10.807449190,0 107.807086066,10.807466807,0 107.807095460,10.807502852,0 107.807123497,10.807574692,0 107.807150982,10.807592540,0 107.807233035,10.807591731,0 107.807260335,10.807591521,0 107.807259728,10.807528410,0 107.807295890,10.807501045,0 107.807350383,10.807482478,0 107.807405134,10.807481968,0 107.807433704,10.807617009,0 107.807433759,10.807626038,0 107.807417066,10.807788604,0 107.807436536,10.807923715,0 107.807437089,10.807977797,0 107.807456613,10.808122027,0 107.807466006,10.808157982,0 107.807439258,10.808212364,0 107.807212113,10.808286611,0 107.807193967,10.808295779,0 107.807112174,10.808314556,0 107.806903359,10.808397602,0 107.806803528,10.808443604,0 107.806494903,10.808563804,0 107.806440486,10.808582371,0 107.806379355,10.808871508,0 107.806416363,10.808934249,0 107.806446515,10.809231717,0 107.806530109,10.809411392,0 107.806668824,10.809626673,0 107.806779242,10.809751876,0 107.806915289,10.809687536,0 107.806978296,10.809596760,0 107.807005358,10.809569465,0 107.807104397,10.809442294,0 107.807122489,10.809424007,0 107.807249382,10.809350708,0 107.807331045,10.809322903,0 107.807367522,10.809322533,0 107.807405376,10.809475652,0 107.807405560,10.809493619,0 107.807406277,10.809574787,0 107.807380961,10.809791506,0 107.807381145,10.809809564,0 107.807381677,10.809872765,0 107.807299829,10.809882512,0 107.807245098,10.809873993,0 107.807190312,10.809856355,0 107.807135560,10.809856864,0 107.807082097,10.809983686,0 107.807110244,10.810073673,0 107.807320254,10.810125878,0 107.807357522,10.810206676,0 107.807391878,10.810245576,0 107.802402222,10.810184693,0 107.802393801,10.810183772,0</coordinates></LinearRing></outerBoundaryIs></Polygon></Placemark><Placemark><name>Polygon hoàn công 1550</name><styleUrl>#lot</styleUrl><ExtendedData><Data name="Entity DXF"><value>1550</value></Data><Data name="Diện tích ha"><value>5.036728578186035</value></Data><Data name="Mã Lô"><value>DXF-1550</value></Data></ExtendedData><Polygon><tessellate>1</tessellate><outerBoundaryIs><LinearRing><coordinates>107.802399022,10.808997885,0 107.802399206,10.809015943,0 107.802391482,10.809169410,0 107.802391795,10.809196497,0 107.802374895,10.809349944,0 107.802367375,10.809512440,0 107.802367613,10.809539526,0 107.802350625,10.809665978,0 107.802351817,10.809801228,0 107.802344092,10.809954696,0 107.802326627,10.810026975,0 107.802308406,10.810036233,0 107.802290389,10.810054430,0 107.802099187,10.810065194,0 107.801971503,10.810057321,0 107.801825639,10.810040560,0 107.801752632,10.810032269,0 107.801597538,10.810006548,0 107.801615663,10.810006409,0 107.801570216,10.810015876,0 107.801388060,10.810017541,0 107.801178528,10.810019414,0 107.801151227,10.810019624,0 107.800977966,10.810012189,0 107.800804964,10.810022813,0 107.800668255,10.810015010,0 107.800667833,10.809969956,0 107.800767059,10.809860755,0 107.800803276,10.809842329,0 107.800884193,10.809715390,0 107.801001782,10.809633135,0 107.801174068,10.809541344,0 107.801245939,10.809423413,0 107.801308613,10.809314580,0 107.801389453,10.809187551,0 107.801379032,10.809043342,0 107.801332612,10.808953493,0 107.801314119,10.808917608,0 107.801294522,10.808773468,0 107.801303622,10.808773399,0 107.801302594,10.808665144,0 107.801301274,10.808520775,0 107.801301274,10.808520775,0 107.801309421,10.808412451,0 107.801309367,10.808403422,0 107.801399416,10.808294381,0 107.801462457,10.808221663,0 107.801507503,10.808158114,0 107.801507448,10.808149175,0 107.801542767,10.808031433,0 107.801541923,10.807941326,0 107.801532346,10.807887223,0 107.801531685,10.807815084,0 107.801484951,10.807698239,0 107.801447706,10.807608321,0 107.801374407,10.807563916,0 107.801328668,10.807537268,0 107.801237093,10.807493002,0 107.801136493,10.807448806,0 107.801099357,10.807377035,0 107.801089099,10.807259822,0 107.801124752,10.807160227,0 107.801160492,10.807087809,0 107.801169647,10.807096678,0 107.801214855,10.807060214,0 107.801241680,10.807005833,0 107.801250541,10.806978767,0 107.801286411,10.806915287,0 107.801322281,10.806851808,0 107.801375984,10.806751983,0 107.801411616,10.806661507,0 107.801420478,10.806634352,0 107.801456163,10.806552905,0 107.801510418,10.806507253,0 107.801519518,10.806507183,0 107.801564542,10.806452662,0 107.801627842,10.806398002,0 107.801672683,10.806325333,0 107.801772567,10.806288361,0 107.801854674,10.806296672,0 107.801936596,10.806286836,0 107.802055342,10.806321864,0 107.802164933,10.806347933,0 107.802174087,10.806356892,0 107.802256377,10.806383260,0 107.802329493,10.806409608,0 107.802375361,10.806445284,0 107.802375361,10.806445284,0 107.802475723,10.806462394,0 107.802467705,10.806579747,0 107.802459212,10.806642927,0 107.802468550,10.806669944,0 107.802469579,10.806778108,0 107.802470532,10.806886453,0 107.802471377,10.806976650,0 107.802462883,10.807039830,0 107.802445452,10.807130167,0 107.802436774,10.807175380,0 107.802447141,10.807310651,0 107.802438647,10.807373831,0 107.802466738,10.807454790,0 107.802467344,10.807517901,0 107.802459728,10.807689336,0 107.802451180,10.807743578,0 107.802460518,10.807770595,0 107.802469987,10.807806550,0 107.802479455,10.807842595,0 107.802479693,10.807869591,0 107.802489216,10.807914665,0 107.802436358,10.808104506,0 107.802410909,10.808312285,0 107.802412415,10.808474622,0 107.802403423,10.808492749,0 107.802413497,10.808591905,0 107.802396434,10.808718356,0 107.802406910,10.808871594,0 107.802407700,10.808952762,0 107.802398654,10.808961861,0 107.802399022,10.808997885,0</coordinates></LinearRing></outerBoundaryIs></Polygon></Placemark><Placemark><name>Polygon hoàn công 1552</name><styleUrl>#lot</styleUrl><ExtendedData><Data name="Entity DXF"><value>1552</value></Data><Data name="Diện tích ha"><value>1.5912467781066895</value></Data><Data name="Mã Lô"><value>DXF-1552</value></Data></ExtendedData><Polygon><tessellate>1</tessellate><outerBoundaryIs><LinearRing><coordinates>107.820181433,10.820481405,0 107.820199634,10.820481264,0 107.820208680,10.820472165,0 107.820344970,10.820434816,0 107.820363246,10.820434676,0 107.820527023,10.820415174,0 107.820599849,10.820405403,0 107.820691245,10.820431696,0 107.820782917,10.820502953,0 107.820783712,10.820584121,0 107.820785411,10.820764516,0 107.820786741,10.820908885,0 107.820786796,10.820917914,0 107.820825268,10.821133962,0 107.820827153,10.821332504,0 107.820827633,10.821386586,0 107.820847479,10.821557811,0 107.820847534,10.821566750,0 107.820856820,10.821584737,0 107.820848144,10.821629951,0 107.820868100,10.821819234,0 107.820878736,10.821972472,0 107.820879826,10.822089665,0 107.820880011,10.822107722,0 107.820908402,10.822224795,0 107.820900316,10.822342148,0 107.820910102,10.822405189,0 107.820893950,10.822630868,0 107.820894190,10.822657954,0 107.820794967,10.822767071,0 107.820731372,10.822785711,0 107.820649335,10.822777405,0 107.820503203,10.822742684,0 107.820456480,10.822616813,0 107.820447325,10.822607855,0 107.820409462,10.822454828,0 107.820417768,10.822373589,0 107.820407818,10.822283462,0 107.820397442,10.822148191,0 107.820359820,10.822022250,0 107.820350479,10.821995325,0 107.820340344,10.821887231,0 107.820340104,10.821860144,0 107.820302187,10.821698089,0 107.820292586,10.821653015,0 107.820292161,10.821607961,0 107.820281971,10.821490839,0 107.820263270,10.821445835,0 107.820244164,10.821346840,0 107.820215772,10.821229767,0 107.820187360,10.821121814,0 107.820178205,10.821112855,0 107.820159208,10.821031917,0 107.820157934,10.820896576,0 107.820120552,10.820797631,0 107.820083484,10.820725863,0 107.820064673,10.820662892,0 107.820045492,10.820563807,0 107.820062494,10.820428416,0 107.820080695,10.820428275,0 107.820144530,10.820436632,0 107.820181433,10.820481405,0</coordinates></LinearRing></outerBoundaryIs></Polygon></Placemark><Placemark><name>Polygon hoàn công 1553</name><styleUrl>#lot</styleUrl><ExtendedData><Data name="Entity DXF"><value>1553</value></Data><Data name="Diện tích ha"><value>1.3429008842468262</value></Data><Data name="Mã Lô"><value>DXF-1553</value></Data></ExtendedData><Polygon><tessellate>1</tessellate><outerBoundaryIs><LinearRing><coordinates>107.804102652,10.808982406,0 107.804102652,10.808982406,0 107.804102652,10.808982406,0 107.804093552,10.808982475,0 107.804075276,10.808982705,0 107.804038800,10.808982984,0 107.804011520,10.808974255,0 107.803993244,10.808974395,0 107.803956768,10.808974764,0 107.803929467,10.808974973,0 107.803929521,10.808984002,0 107.803902221,10.808984211,0 107.803884020,10.808984441,0 107.803874845,10.808984511,0 107.803838498,10.808993819,0 107.803838498,10.808993819,0 107.803783896,10.808994328,0 107.803765621,10.808994467,0 107.803729090,10.808985808,0 107.803701789,10.808986107,0 107.803656213,10.808986456,0 107.803619757,10.808977797,0 107.803556034,10.808987404,0 107.803546934,10.808987474,0 107.803519634,10.808987683,0 107.803464827,10.808979163,0 107.803373252,10.808934897,0 107.803373143,10.808916930,0 107.803326245,10.808773000,0 107.803261623,10.808683381,0 107.803261623,10.808683381,0 107.803197001,10.808593853,0 107.803232210,10.808458143,0 107.803249273,10.808331692,0 107.803249089,10.808313634,0 107.803257344,10.808223368,0 107.803256023,10.808078998,0 107.803337285,10.807997112,0 107.803455132,10.807932914,0 107.803491478,10.807923516,0 107.803646462,10.807931178,0 107.803774070,10.807939050,0 107.803837847,10.807938471,0 107.803883423,10.807938032,0 107.804011032,10.807945904,0 107.804047378,10.807936506,0 107.804184455,10.807980422,0 107.804211939,10.807998180,0 107.804240161,10.808088077,0 107.804240399,10.808115164,0 107.804277352,10.808169057,0 107.804313883,10.808177716,0 107.804423345,10.808194756,0 107.804450591,10.808185518,0 107.804451436,10.808275715,0 107.804488498,10.808347485,0 107.804480005,10.808410665,0 107.804498444,10.808437612,0 107.804499105,10.808509751,0 107.804490134,10.808518850,0 107.804481327,10.808554944,0 107.804463235,10.808573322,0 107.804426889,10.808582630,0 107.804427018,10.808591659,0 107.804400249,10.808654979,0 107.804400433,10.808673036,0 107.804346493,10.808745685,0 107.804328878,10.808818054,0 107.804329246,10.808854079,0 107.804256423,10.808863756,0 107.804156484,10.808891700,0 107.804120853,10.808982266,0 107.804120798,10.808973237,0 107.804102652,10.808982406,0</coordinates></LinearRing></outerBoundaryIs></Polygon></Placemark><Placemark><name>Polygon hoàn công 1554</name><styleUrl>#lot</styleUrl><ExtendedData><Data name="Entity DXF"><value>1554</value></Data><Data name="Diện tích ha"><value>4.818247131347656</value></Data><Data name="Mã Lô"><value>DXF-1554</value></Data></ExtendedData><Polygon><tessellate>1</tessellate><outerBoundaryIs><LinearRing><coordinates>107.802393862,10.810190001,0 107.802379001,10.810404937,0 107.802389293,10.810605213,0 107.802377510,10.810920283,0 107.802392719,10.811205799,0 107.802373465,10.811856894,0 107.802335201,10.812044962,0 107.802336416,10.812170100,0 107.802351629,10.812226292,0 107.802482156,10.812208439,0 107.802746416,10.812087060,0 107.802828499,10.812073793,0 107.802922543,10.811993742,0 107.803065103,10.811911091,0 107.803221954,10.811794887,0 107.803270282,10.811775674,0 107.803334489,10.811654115,0 107.803326956,10.811529052,0 107.803341473,10.811495499,0 107.803350362,10.811326415,0 107.803401068,10.811123658,0 107.803626670,10.810904592,0 107.803737140,10.810778532,0 107.803782497,10.810677876,0 107.803876677,10.810604144,0 107.803932572,10.810499268,0 107.804064825,10.810450090,0 107.804139991,10.810370176,0 107.804209429,10.810361123,0 107.804291683,10.810370879,0 107.804323585,10.810397675,0 107.804389408,10.810423194,0 107.804440370,10.810500954,0 107.804510340,10.810554470,0 107.804830642,10.810557899,0 107.804959717,10.810615069,0 107.804989428,10.810646104,0 107.805042346,10.810658141,0 107.805163399,10.810769735,0 107.805199260,10.810775594,0 107.805323581,10.810774429,0 107.805378469,10.810780240,0 107.805559690,10.810793197,0 107.805750144,10.810780715,0 107.805865251,10.810796683,0 107.806025432,10.810801467,0 107.806063586,10.810824124,0 107.806096084,10.810918635,0 107.806374853,10.810995372,0 107.806509582,10.810981680,0 107.806880420,10.810986666,0 107.807175512,10.810996537,0 107.807314322,10.810974276,0 107.807372078,10.810844485,0 107.807390807,10.810581435,0 107.807410283,10.810418604,0 107.807391929,10.810256049,0 107.807339744,10.810251960,0 107.802393801,10.810183681,0 107.802393862,10.810190001,0</coordinates></LinearRing></outerBoundaryIs></Polygon></Placemark><Placemark><name>Polygon hoàn công 1555</name><styleUrl>#lot</styleUrl><ExtendedData><Data name="Entity DXF"><value>1555</value></Data><Data name="Diện tích ha"><value>1.3113515377044678</value></Data><Data name="Mã Lô"><value>DXF-1555</value></Data></ExtendedData><Polygon><tessellate>1</tessellate><outerBoundaryIs><LinearRing><coordinates>107.804651146,10.806235082,0 107.804596599,10.806244620,0 107.804478255,10.806263765,0 107.804305917,10.806346439,0 107.804179447,10.806464970,0 107.804018137,10.806755055,0 107.803936951,10.806837032,0 107.803682451,10.806902457,0 107.803454352,10.806868538,0 107.802734630,10.806866012,0 107.802615679,10.806822046,0 107.802596948,10.806758984,0 107.802595811,10.806632672,0 107.802604781,10.806623574,0 107.802611899,10.806407085,0 107.802573680,10.806217942,0 107.802581642,10.806091560,0 107.802608943,10.806091351,0 107.802700204,10.806108530,0 107.802818841,10.806125501,0 107.803037470,10.806123556,0 107.803092385,10.806150043,0 107.803274669,10.806157406,0 107.803475630,10.806218712,0 107.803712719,10.806234594,0 107.803840749,10.806287609,0 107.803886564,10.806314257,0 107.803959202,10.806286522,0 107.804040279,10.806186578,0 107.804276980,10.806175374,0 107.804496053,10.806209453,0 107.804687383,10.806207717,0 107.804689419,10.806237967,0 107.804651146,10.806235082,0</coordinates></LinearRing></outerBoundaryIs></Polygon></Placemark><Placemark><name>Polygon hoàn công 1556</name><styleUrl>#lot</styleUrl><ExtendedData><Data name="Entity DXF"><value>1556</value></Data><Data name="Diện tích ha"><value>10.125761282348632</value></Data><Data name="Mã Lô"><value>DXF-1556</value></Data></ExtendedData><Polygon><tessellate>1</tessellate><outerBoundaryIs><LinearRing><coordinates>107.812621416,10.823662754,0 107.812575892,10.823672223,0 107.812466847,10.823700240,0 107.812421952,10.823763791,0 107.812367935,10.823836441,0 107.812322725,10.823872905,0 107.812305002,10.823927218,0 107.812295956,10.823936316,0 107.812286801,10.823927358,0 107.812271729,10.824270319,0 107.812258536,10.824811641,0 107.812258959,10.824856784,0 107.812322794,10.824865233,0 107.812441200,10.824855114,0 107.812459402,10.824854884,0 107.812559530,10.824844995,0 107.812759897,10.824843184,0 107.812932983,10.824832555,0 107.813051443,10.824831464,0 107.813115224,10.824830884,0 107.813206436,10.824839122,0 107.813388472,10.824828422,0 107.813543411,10.824826961,0 107.813762184,10.824834039,0 107.813898846,10.824832717,0 107.814026332,10.824831556,0 107.814244921,10.824820576,0 107.814372428,10.824810386,0 107.814527216,10.824808924,0 107.814581711,10.824790447,0 107.814618189,10.824790076,0 107.814663898,10.824798664,0 107.814800485,10.824797433,0 107.814928176,10.824805300,0 107.815083149,10.824821896,0 107.815174122,10.824803048,0 107.815301683,10.824801886,0 107.815310784,10.824801816,0 107.815447446,10.824800584,0 107.815565961,10.824808431,0 107.815602439,10.824808151,0 107.815775559,10.824815577,0 107.815893834,10.824796428,0 107.816012165,10.824786308,0 107.816139671,10.824776207,0 107.816157688,10.824757919,0 107.816184641,10.824712656,0 107.816238767,10.824657972,0 107.816219292,10.824522952,0 107.816178517,10.824063218,0 107.816182124,10.823467793,0 107.816185839,10.822890426,0 107.816165811,10.822701233,0 107.815917875,10.822486978,0 107.815768591,10.822118463,0 107.815748159,10.821875098,0 107.815754769,10.821613465,0 107.815490494,10.821606830,0 107.815125962,10.821601146,0 107.814878691,10.821459120,0 107.814884290,10.821080204,0 107.814920029,10.821007694,0 107.814928966,10.820980538,0 107.815036922,10.820835147,0 107.815244691,10.820652870,0 107.815552791,10.820469732,0 107.815806453,10.820313920,0 107.815714947,10.820269748,0 107.815040455,10.820239812,0 107.814995006,10.820249281,0 107.814977339,10.820312532,0 107.814941654,10.820394071,0 107.814905491,10.820421438,0 107.814887529,10.820448754,0 107.814878593,10.820475820,0 107.814833514,10.820521405,0 107.814806451,10.820548701,0 107.814770158,10.820567039,0 107.814733865,10.820585376,0 107.814706563,10.820585677,0 107.814651570,10.820559101,0 107.814633313,10.820550303,0 107.814633074,10.820523217,0 107.814642175,10.820523147,0 107.814668998,10.820468764,0 107.814668943,10.820459735,0 107.814586354,10.820397255,0 107.814557595,10.820244247,0 107.814548419,10.820244317,0 107.814247613,10.820229023,0 107.813937946,10.820240885,0 107.813883267,10.820241395,0 107.813856280,10.820268692,0 107.813856574,10.820304716,0 107.813856888,10.820331803,0 107.813856998,10.820349860,0 107.813858639,10.820521225,0 107.813870207,10.820791746,0 107.813880709,10.820936046,0 107.813881188,10.820990128,0 107.813919416,10.821179181,0 107.813919765,10.821224234,0 107.813929365,10.821269308,0 107.813921885,10.821449772,0 107.813895246,10.821522212,0 107.813904422,10.821522142,0 107.813885961,10.821504224,0 107.813776677,10.821505245,0 107.813612640,10.821506777,0 107.813567560,10.821552271,0 107.813567745,10.821570328,0 107.813522830,10.821642818,0 107.813496669,10.821769340,0 107.813515000,10.821778319,0 107.813524580,10.821832331,0 107.813570288,10.821840919,0 107.813770598,10.821830079,0 107.813852580,10.821829358,0 107.813907443,10.821846905,0 107.814071351,10.821836345,0 107.814216928,10.821816986,0 107.814353458,10.821806726,0 107.814435700,10.821823973,0 107.814590616,10.821831630,0 107.814617918,10.821831330,0 107.814645350,10.821840148,0 107.814709130,10.821839568,0 107.814736692,10.821857325,0 107.814900654,10.821855793,0 107.814946158,10.821855442,0 107.815064542,10.821854351,0 107.815083003,10.821872178,0 107.815083058,10.821881207,0 107.815229298,10.821933987,0 107.815238658,10.821951975,0 107.815248422,10.822024044,0 107.815249086,10.822096184,0 107.815259274,10.822213397,0 107.815279541,10.822429676,0 107.815280574,10.822537840,0 107.815244705,10.822601321,0 107.815235529,10.822601391,0 107.815162778,10.822611071,0 107.815117624,10.822656655,0 107.815063074,10.822666195,0 107.815063129,10.822675223,0 107.815063368,10.822702310,0 107.815046330,10.822819733,0 107.815037633,10.822873885,0 107.815038111,10.822927967,0 107.815038665,10.822982140,0 107.815020888,10.823027333,0 107.815011972,10.823045461,0 107.815004123,10.823189900,0 107.815004677,10.823244073,0 107.815023432,10.823298015,0 107.815023487,10.823307044,0 107.814996664,10.823361336,0 107.815006004,10.823388352,0 107.814997272,10.823424537,0 107.814997696,10.823469591,0 107.814979604,10.823487788,0 107.814970928,10.823533002,0 107.814934819,10.823569487,0 107.814853022,10.823588266,0 107.814707185,10.823589567,0 107.814643404,10.823590148,0 107.814424836,10.823592190,0 107.814315532,10.823602150,0 107.814169955,10.823621508,0 107.814087973,10.823622319,0 107.814051570,10.823622600,0 107.813987845,10.823632209,0 107.813960412,10.823623480,0 107.813851183,10.823633530,0 107.813814705,10.823633810,0 107.813787218,10.823616053,0 107.813741585,10.823607465,0 107.813659842,10.823635271,0 107.813577970,10.823654049,0 107.813505089,10.823654700,0 107.813477787,10.823654910,0 107.813432283,10.823655350,0 107.813268190,10.823647853,0 107.813204464,10.823657462,0 107.813086080,10.823658552,0 107.812922116,10.823659993,0 107.812803581,10.823661083,0 107.812721729,10.823670833,0 107.812621546,10.823671783,0 107.812621416,10.823662754,0</coordinates></LinearRing></outerBoundaryIs></Polygon></Placemark><Placemark><name>Polygon hoàn công 1557</name><styleUrl>#lot</styleUrl><ExtendedData><Data name="Entity DXF"><value>1557</value></Data><Data name="Diện tích ha"><value>17.489875680541992</value></Data><Data name="Mã Lô"><value>DXF-1557</value></Data></ExtendedData><Polygon><tessellate>1</tessellate><outerBoundaryIs><LinearRing><coordinates>107.820168864,10.821085929,0 107.820177965,10.821085859,0 107.820196296,10.821094657,0 107.820196481,10.821112715,0 107.820205637,10.821121673,0 107.820205692,10.821130612,0 107.820205822,10.821139640,0 107.820205822,10.821139640,0 107.820196721,10.821139801,0 107.820196666,10.821130772,0 107.820196666,10.821130772,0 107.820196666,10.821130772,0 107.820196666,10.821130772,0 107.820196666,10.821130772,0 107.820187490,10.821130842,0 107.820187490,10.821130842,0 107.820187490,10.821130842,0 107.820187490,10.821130842,0 107.820206007,10.821157698,0 107.820215642,10.821220739,0 107.820253319,10.821355798,0 107.820272685,10.821472851,0 107.820291976,10.821589904,0 107.820311397,10.821716076,0 107.820321718,10.821842227,0 107.820341194,10.821977338,0 107.820360485,10.822094480,0 107.820379851,10.822211623,0 107.820380385,10.822274734,0 107.820409517,10.822463856,0 107.820447085,10.822580769,0 107.820585130,10.822732933,0 107.820833014,10.822938066,0 107.820870637,10.823064097,0 107.820900804,10.823361384,0 107.820912804,10.823677048,0 107.820907583,10.824092080,0 107.820908857,10.824227330,0 107.820882830,10.824362882,0 107.820782941,10.824399950,0 107.820728206,10.824391433,0 107.820062859,10.824370376,0 107.819197145,10.824351223,0 107.818896390,10.824344961,0 107.818322310,10.824341256,0 107.818222052,10.824342118,0 107.818112473,10.824307025,0 107.818093902,10.824271141,0 107.818066230,10.824235327,0 107.817983029,10.824109827,0 107.817937101,10.824065124,0 107.817854379,10.823993796,0 107.817762818,10.823940416,0 107.817579729,10.823851892,0 107.817224424,10.823855169,0 107.817070889,10.824000911,0 107.817025809,10.824046496,0 107.816890291,10.824173950,0 107.816863283,10.824210275,0 107.816827065,10.824228613,0 107.816790771,10.824247042,0 107.816745247,10.824256421,0 107.816699743,10.824256862,0 107.816654164,10.824257303,0 107.816362585,10.824250969,0 107.816317006,10.824251319,0 107.816234894,10.824243102,0 107.816197697,10.824162304,0 107.816196794,10.824063078,0 107.816209132,10.823431468,0 107.816208707,10.823386325,0 107.816213511,10.822926240,0 107.816174802,10.822683106,0 107.815936077,10.822486747,0 107.815917027,10.822396781,0 107.815805014,10.822109063,0 107.815794511,10.821964854,0 107.815774982,10.821820805,0 107.815899942,10.821539933,0 107.816036123,10.821484619,0 107.816296819,10.821112318,0 107.816305865,10.821103219,0 107.816305735,10.821094190,0 107.820003388,10.820925037,0 107.820168864,10.821085929,0</coordinates></LinearRing></outerBoundaryIs></Polygon></Placemark><Placemark><name>Polygon hoàn công 1558</name><styleUrl>#lot</styleUrl><ExtendedData><Data name="Entity DXF"><value>1558</value></Data><Data name="Diện tích ha"><value>6.017188035583496</value></Data><Data name="Mã Lô"><value>DXF-1558</value></Data></ExtendedData><Polygon><tessellate>1</tessellate><outerBoundaryIs><LinearRing><coordinates>107.819782933,10.819763388,0 107.819699068,10.819565749,0 107.819347128,10.818946517,0 107.819273138,10.818838914,0 107.819125754,10.818659914,0 107.819006153,10.818534695,0 107.818637877,10.818123083,0 107.818582404,10.818042425,0 107.818609836,10.818051153,0 107.818791943,10.818040450,0 107.818937832,10.818048175,0 107.818965058,10.818047965,0 107.819019682,10.818038424,0 107.819174617,10.818036960,0 107.819302231,10.818044826,0 107.819393366,10.818052972,0 107.819466671,10.818097464,0 107.819476086,10.818124390,0 107.819513523,10.818232363,0 107.819513893,10.818268478,0 107.819551994,10.818448502,0 107.819579481,10.818466258,0 107.819743572,10.818473752,0 107.819844308,10.818526972,0 107.819853409,10.818526902,0 107.820144688,10.818497207,0 107.820527344,10.818502654,0 107.820773250,10.818482430,0 107.821000435,10.818426230,0 107.821300260,10.818342292,0 107.821291290,10.818351391,0 107.821300150,10.818324234,0 107.821409323,10.818305243,0 107.821509689,10.818322347,0 107.821582384,10.818303637,0 107.821600715,10.818312435,0 107.821673725,10.818320812,0 107.821592705,10.818429789,0 107.821583789,10.818447917,0 107.821576149,10.818601386,0 107.821568358,10.818754764,0 107.821633653,10.818916519,0 107.821779488,10.818915214,0 107.821934218,10.818904719,0 107.821970751,10.818913467,0 107.821989452,10.818958380,0 107.822035195,10.818985025,0 107.822062628,10.818993752,0 107.822153894,10.819010926,0 107.822317800,10.819000452,0 107.822463690,10.819008085,0 107.822609375,10.819006780,0 107.822727778,10.818996657,0 107.822864623,10.819013479,0 107.822873778,10.819022347,0 107.822839242,10.819230199,0 107.822812365,10.819275554,0 107.822813511,10.819401866,0 107.822760663,10.819591802,0 107.822751933,10.819627987,0 107.822689429,10.819763820,0 107.822581271,10.819900095,0 107.822426486,10.819901470,0 107.822344375,10.819893255,0 107.822153166,10.819904030,0 107.822071295,10.819922811,0 107.821916434,10.819924186,0 107.821880086,10.819933676,0 107.821779959,10.819943568,0 107.821652345,10.819935704,0 107.821506585,10.819937099,0 107.821479262,10.819946338,0 107.821406273,10.819928933,0 107.821260512,10.819930238,0 107.821214934,10.819930680,0 107.821151209,10.819940381,0 107.821114807,10.819940662,0 107.821087635,10.819949901,0 107.820959761,10.819923979,0 107.820877835,10.819933730,0 107.820868734,10.819933800,0 107.820759821,10.819971029,0 107.820751070,10.820016153,0 107.820742395,10.820061367,0 107.820761686,10.820178420,0 107.820752880,10.820214514,0 107.820744629,10.820304782,0 107.820744814,10.820322839,0 107.820764181,10.820439982,0 107.820782917,10.820502953,0 107.820782917,10.820502953,0 107.820691245,10.820431696,0 107.820599849,10.820405403,0 107.820335869,10.820434887,0 107.820153686,10.820445590,0 107.820144530,10.820436632,0 107.820071595,10.820428346,0 107.820062494,10.820428416,0 107.819998769,10.820438026,0 107.819782933,10.819763388,0 107.819782933,10.819763388,0</coordinates></LinearRing></outerBoundaryIs></Polygon></Placemark><Placemark><name>Polygon hoàn công 1559</name><styleUrl>#lot</styleUrl><ExtendedData><Data name="Entity DXF"><value>1559</value></Data><Data name="Diện tích ha"><value>16.0067011138916</value></Data><Data name="Mã Lô"><value>DXF-1559</value></Data></ExtendedData><Polygon><tessellate>1</tessellate><outerBoundaryIs><LinearRing><coordinates>107.815893280,10.803236956,0 107.815893280,10.803236956,0 107.815875079,10.803237187,0 107.815875025,10.803228158,0 107.815874600,10.803183014,0 107.815761450,10.802769075,0 107.815751851,10.802724091,0 107.815582807,10.802184351,0 107.815532105,10.801625551,0 107.815465065,10.801274282,0 107.815299047,10.801059396,0 107.815197599,10.800924916,0 107.815133215,10.800862386,0 107.815049911,10.800718828,0 107.815003323,10.800601986,0 107.814984384,10.800530077,0 107.814993299,10.800511949,0 107.815148335,10.800528544,0 107.815221525,10.800554979,0 107.815412722,10.800544207,0 107.815576748,10.800542674,0 107.815749669,10.800532042,0 107.815977231,10.800502931,0 107.816104652,10.800492740,0 107.816131528,10.800447296,0 107.816331954,10.800445482,0 107.816404904,10.800444830,0 107.816459375,10.800435290,0 107.816705266,10.800415068,0 107.817014913,10.800403202,0 107.817160589,10.800401899,0 107.817306415,10.800400505,0 107.817360961,10.800390965,0 107.817534066,10.800398480,0 107.817625162,10.800388569,0 107.817880079,10.800368185,0 107.818016785,10.800375980,0 107.818080560,10.800375399,0 107.818289956,10.800364484,0 107.818481227,10.800353711,0 107.818554103,10.800353059,0 107.818608723,10.800343518,0 107.818863435,10.800314105,0 107.819027461,10.800312660,0 107.819200457,10.800302026,0 107.819255078,10.800292486,0 107.819364408,10.800300581,0 107.819391838,10.800309309,0 107.819565314,10.800352848,0 107.819620544,10.800406418,0 107.819666175,10.800415006,0 107.819711990,10.800441650,0 107.819803490,10.800486001,0 107.819712360,10.800477856,0 107.819675885,10.800478137,0 107.819631639,10.800622858,0 107.819623444,10.800722154,0 107.819605559,10.800749381,0 107.819605798,10.800776467,0 107.819606594,10.800857545,0 107.819626233,10.801019832,0 107.819682313,10.801163600,0 107.819691948,10.801226640,0 107.819721263,10.801433911,0 107.819749653,10.801550893,0 107.819767908,10.801559781,0 107.819913440,10.801522362,0 107.819958995,10.801530949,0 107.820095407,10.801502628,0 107.820150082,10.801502117,0 107.820187038,10.801555918,0 107.820205533,10.801591802,0 107.820224768,10.801699916,0 107.820253843,10.801880100,0 107.820300914,10.802051024,0 107.820321129,10.802258365,0 107.820350369,10.802465544,0 107.820350479,10.802483602,0 107.820496971,10.802554347,0 107.820642963,10.802580128,0 107.820652783,10.802661226,0 107.820580092,10.802679936,0 107.820436041,10.802861636,0 107.820401450,10.803060369,0 107.820266443,10.803233059,0 107.820221402,10.803296612,0 107.820103025,10.803297706,0 107.819884452,10.803308691,0 107.819848051,10.803309062,0 107.819720554,10.803319255,0 107.819602232,10.803329378,0 107.819429104,10.803330892,0 107.819347258,10.803340734,0 107.819137545,10.803324562,0 107.818937301,10.803344436,0 107.818846095,10.803336290,0 107.818363152,10.803322675,0 107.817971396,10.803326235,0 107.817370296,10.803349737,0 107.817169758,10.803333585,0 107.816422297,10.803295277,0 107.816021311,10.803289966,0 107.815893280,10.803236956,0 107.815838679,10.803237467,0 107.815838734,10.803246496,0 107.815893280,10.803236956,0</coordinates></LinearRing></outerBoundaryIs></Polygon></Placemark><Placemark><name>Polygon hoàn công 1560</name><styleUrl>#lot</styleUrl><ExtendedData><Data name="Entity DXF"><value>1560</value></Data><Data name="Diện tích ha"><value>0.6925497362136841</value></Data><Data name="Mã Lô"><value>DXF-1560</value></Data></ExtendedData><Polygon><tessellate>1</tessellate><outerBoundaryIs><LinearRing><coordinates>107.800709599,10.795788839,0 107.800709654,10.795797778,0 107.800574088,10.795916287,0 107.800583372,10.795934274,0 107.800684757,10.796059639,0 107.800813389,10.796175676,0 107.800813389,10.796175676,0 107.800960479,10.796309721,0 107.800960479,10.796309721,0 107.801179925,10.796406912,0 107.801289328,10.796414924,0 107.801605851,10.796159499,0 107.801651057,10.796122945,0 107.801595614,10.796033257,0 107.801476136,10.795926180,0 107.801476136,10.795926180,0 107.801310921,10.795792365,0 107.801301822,10.795792434,0 107.801273310,10.795666332,0 107.801271751,10.795494966,0 107.801288997,10.795386573,0 107.801197188,10.795315311,0 107.801188088,10.795315380,0 107.801007792,10.795524435,0 107.800917692,10.795624448,0 107.800872833,10.795706055,0 107.800863787,10.795715154,0 107.800727874,10.795788610,0 107.800709599,10.795788839,0</coordinates></LinearRing></outerBoundaryIs></Polygon></Placemark><Placemark><name>Polygon hoàn công 1561</name><styleUrl>#lot</styleUrl><ExtendedData><Data name="Entity DXF"><value>1561</value></Data><Data name="Diện tích ha"><value>0.834782011795044</value></Data><Data name="Mã Lô"><value>DXF-1561</value></Data></ExtendedData><Polygon><tessellate>1</tessellate><outerBoundaryIs><LinearRing><coordinates>107.798502942,10.794600022,0 107.798512961,10.794690149,0 107.798494978,10.794726313,0 107.798377871,10.794862739,0 107.798287273,10.794917698,0 107.798250928,10.794927096,0 107.798178714,10.794999882,0 107.798151285,10.794991153,0 107.798115178,10.795027546,0 107.798079200,10.795072968,0 107.798143321,10.795117444,0 107.798353503,10.795187711,0 107.798389977,10.795187343,0 107.798480813,10.795159470,0 107.798489729,10.795141343,0 107.798552421,10.795023572,0 107.798579136,10.794951134,0 107.798670264,10.794959376,0 107.798716076,10.794986023,0 107.798816563,10.795012163,0 107.798907453,10.794993228,0 107.798953027,10.794992880,0 107.798989427,10.794992511,0 107.799117050,10.794991356,0 107.799234763,10.794918130,0 107.799316260,10.794863241,0 107.799371043,10.794880790,0 107.799398472,10.794889610,0 107.799508589,10.794978790,0 107.799573207,10.795068409,0 107.799619149,10.795104086,0 107.799664887,10.795130733,0 107.799710461,10.795130295,0 107.799719269,10.795094110,0 107.799727395,10.794994815,0 107.799598234,10.794815577,0 107.799579851,10.794797658,0 107.799488410,10.794762421,0 107.799286667,10.794619945,0 107.799103363,10.794504416,0 107.799030122,10.794468948,0 107.798919583,10.794334624,0 107.798635793,10.794192865,0 107.798581562,10.794229398,0 107.798473425,10.794356636,0 107.798345932,10.794366820,0 107.798355691,10.794438980,0 107.798438141,10.794492345,0 107.798547856,10.794527444,0 107.798538681,10.794527513,0 107.798493788,10.794591063,0 107.798502942,10.794600022,0</coordinates></LinearRing></outerBoundaryIs></Polygon></Placemark><Placemark><name>Polygon hoàn công 1562</name><styleUrl>#lot</styleUrl><ExtendedData><Data name="Entity DXF"><value>1562</value></Data><Data name="Diện tích ha"><value>1.2779869972229003</value></Data><Data name="Mã Lô"><value>DXF-1562</value></Data></ExtendedData><Polygon><tessellate>1</tessellate><outerBoundaryIs><LinearRing><coordinates>107.796885054,10.795002633,0 107.796912062,10.794966309,0 107.796911878,10.794948252,0 107.796911327,10.794894170,0 107.796911035,10.794857965,0 107.796910851,10.794839907,0 107.796937308,10.794749501,0 107.796936043,10.794614251,0 107.796989398,10.794469464,0 107.796943661,10.794442726,0 107.796943110,10.794388554,0 107.797006354,10.794324866,0 107.797069631,10.794279235,0 107.797096692,10.794251940,0 107.797113940,10.794143546,0 107.797068128,10.794116898,0 107.797050166,10.794144124,0 107.797031892,10.794144263,0 107.796912859,10.794073209,0 107.796912383,10.794019127,0 107.796912146,10.793991950,0 107.796929427,10.793901614,0 107.796983754,10.793856053,0 107.797046501,10.793747221,0 107.797037109,10.793711266,0 107.796963556,10.793648712,0 107.796917818,10.793622154,0 107.796898960,10.793550064,0 107.796916425,10.793477695,0 107.796916132,10.793441670,0 107.796897749,10.793423752,0 107.796897457,10.793387727,0 107.796915289,10.793351473,0 107.796932721,10.793261137,0 107.797042469,10.793314203,0 107.797115526,10.793331614,0 107.797279786,10.793357177,0 107.797307323,10.793383964,0 107.797471399,10.793391559,0 107.797663380,10.793461966,0 107.797836978,10.793514455,0 107.797846132,10.793523414,0 107.797882660,10.793532074,0 107.797992246,10.793558234,0 107.798010208,10.793530918,0 107.798037344,10.793503624,0 107.798010867,10.793603148,0 107.798075192,10.793656743,0 107.798111959,10.793692489,0 107.798203876,10.793781809,0 107.798433154,10.793951073,0 107.798543951,10.794103545,0 107.798626693,10.794192935,0 107.798563287,10.794229627,0 107.798491441,10.794338439,0 107.798373306,10.794366611,0 107.798208808,10.794313962,0 107.798180535,10.794215036,0 107.798143585,10.794161232,0 107.798133879,10.794098191,0 107.798142632,10.794053068,0 107.798115074,10.794035220,0 107.798041908,10.793999842,0 107.798005509,10.794000121,0 107.797824056,10.794091981,0 107.797787656,10.794092350,0 107.797587106,10.794085123,0 107.797468679,10.794077180,0 107.797386868,10.794104982,0 107.797277411,10.794087941,0 107.797222683,10.794079420,0 107.797232735,10.794187514,0 107.797188079,10.794278150,0 107.797125202,10.794377953,0 107.797080233,10.794441502,0 107.797053831,10.794541026,0 107.797000055,10.794640670,0 107.797064726,10.794739318,0 107.797128922,10.794783794,0 107.797183304,10.794747261,0 107.797201558,10.794756151,0 107.797228987,10.794764881,0 107.797228987,10.794764881,0 107.797183909,10.794810372,0 107.797183909,10.794810372,0 107.797157194,10.794882811,0 107.797139232,10.794910126,0 107.797065991,10.794874568,0 107.797021097,10.794938208,0 107.796885054,10.795002633,0</coordinates></LinearRing></outerBoundaryIs></Polygon></Placemark><Placemark><name>Polygon hoàn công 1563</name><styleUrl>#lot</styleUrl><ExtendedData><Data name="Entity DXF"><value>1563</value></Data><Data name="Diện tích ha"><value>6.969036712646484</value></Data><Data name="Mã Lô"><value>DXF-1563</value></Data></ExtendedData><Polygon><tessellate>1</tessellate><outerBoundaryIs><LinearRing><coordinates>107.796486927,10.790378486,0 107.796478195,10.790414581,0 107.796443407,10.790595343,0 107.796390841,10.790821298,0 107.796401627,10.791001713,0 107.796392948,10.791046926,0 107.796365996,10.791092188,0 107.796329467,10.791083528,0 107.796301984,10.791065770,0 107.796155525,10.790985895,0 107.796146296,10.790976936,0 107.796091201,10.790932390,0 107.796081810,10.790896255,0 107.795926835,10.790888679,0 107.795871923,10.790862101,0 107.795853540,10.790844273,0 107.795853302,10.790817187,0 107.795843965,10.790790260,0 107.795806356,10.790664317,0 107.795806172,10.790646260,0 107.795814667,10.790583079,0 107.795832153,10.790501682,0 107.795840593,10.790429382,0 107.795840356,10.790402296,0 107.795821843,10.790375439,0 107.795830521,10.790330316,0 107.795839220,10.790276075,0 107.795856577,10.790185738,0 107.795837902,10.790131796,0 107.795837059,10.790041599,0 107.795864066,10.790005185,0 107.795836087,10.789942282,0 107.795799083,10.789879540,0 107.795753034,10.789825806,0 107.795716376,10.789808117,0 107.795698014,10.789781260,0 107.795624407,10.789709768,0 107.795606078,10.789700878,0 107.795596687,10.789664923,0 107.795605548,10.789637767,0 107.795586669,10.789574705,0 107.795567940,10.789511734,0 107.795540144,10.789466889,0 107.795484941,10.789404286,0 107.795448651,10.789422621,0 107.795403023,10.789414031,0 107.795348350,10.789414538,0 107.795275478,10.789415185,0 107.795220437,10.789379577,0 107.795155951,10.789298986,0 107.795146668,10.789281089,0 107.795100143,10.789173272,0 107.795072844,10.789173481,0 107.795018225,10.789183017,0 107.794908825,10.789175003,0 107.794890701,10.789175143,0 107.794872372,10.789166343,0 107.794835477,10.789121478,0 107.794752662,10.789031997,0 107.794734463,10.789032136,0 107.794670874,10.789050770,0 107.794597342,10.788979277,0 107.794569914,10.788970547,0 107.794506195,10.788980153,0 107.794424169,10.788971840,0 107.794360397,10.788972417,0 107.794278404,10.788982162,0 107.794196140,10.788946853,0 107.794114222,10.788956598,0 107.794059440,10.788939048,0 107.793968423,10.788948952,0 107.793941049,10.788949161,0 107.793913804,10.788958398,0 107.793876379,10.788850512,0 107.793958005,10.788804743,0 107.793984883,10.788759391,0 107.794030457,10.788758953,0 107.794085130,10.788758446,0 107.794221775,10.788757222,0 107.794294334,10.788729490,0 107.794357686,10.788683769,0 107.794467032,10.788682754,0 107.794512109,10.788637263,0 107.794539061,10.788591911,0 107.794566306,10.788582673,0 107.794611988,10.788600293,0 107.794665818,10.788509589,0 107.794674626,10.788473404,0 107.794647014,10.788446617,0 107.794628761,10.788437818,0 107.794592233,10.788429067,0 107.794482962,10.788430082,0 107.794464925,10.788457307,0 107.794383266,10.788485109,0 107.794364992,10.788485248,0 107.794283020,10.788485964,0 107.794256013,10.788522288,0 107.794192186,10.788513926,0 107.794128705,10.788550527,0 107.794074032,10.788551035,0 107.793983328,10.788587935,0 107.793919555,10.788588512,0 107.793801110,10.788589596,0 107.793719138,10.788590312,0 107.793673435,10.788581721,0 107.793655311,10.788581860,0 107.793627883,10.788573130,0 107.793581813,10.788528424,0 107.793544334,10.788411509,0 107.793534522,10.788330411,0 107.793534101,10.788285357,0 107.793452075,10.788277044,0 107.793378998,10.788268662,0 107.793370211,10.788295818,0 107.793352066,10.788305076,0 107.793324821,10.788314313,0 107.793297393,10.788305492,0 107.793241932,10.788224741,0 107.793241274,10.788152602,0 107.793259256,10.788116348,0 107.793277088,10.788080184,0 107.793268172,10.788098221,0 107.793294758,10.788016844,0 107.793303729,10.788007746,0 107.793221703,10.787999433,0 107.793167634,10.788063141,0 107.793158718,10.788081178,0 107.793113512,10.788117731,0 107.793077330,10.788154123,0 107.793040986,10.788163430,0 107.792976425,10.788082838,0 107.792966613,10.788001740,0 107.792957513,10.788001899,0 107.792921115,10.788002177,0 107.792883928,10.787921377,0 107.792892715,10.787894222,0 107.792892477,10.787867135,0 107.792900552,10.787758812,0 107.792908830,10.787659517,0 107.792908776,10.787650488,0 107.792935945,10.787641251,0 107.792944883,10.787614095,0 107.792935341,10.787578050,0 107.792871148,10.787533573,0 107.792824624,10.787425756,0 107.792806079,10.787380752,0 107.792796721,10.787362764,0 107.792796483,10.787335768,0 107.792750564,10.787291062,0 107.792714037,10.787282401,0 107.792677509,10.787273651,0 107.792631515,10.787229035,0 107.792594987,10.787220284,0 107.792567321,10.787184468,0 107.792566425,10.787085242,0 107.792574996,10.787022062,0 107.792574996,10.787022062,0 107.792620072,10.786976571,0 107.792756662,10.786966320,0 107.792765687,10.786966250,0 107.792793061,10.786965951,0 107.792865933,10.786965305,0 107.792993423,10.786955123,0 107.793066533,10.786981563,0 107.793185399,10.787025533,0 107.793258141,10.787015858,0 107.793303606,10.786997453,0 107.793412931,10.787005467,0 107.793485748,10.786995792,0 107.793594964,10.786985749,0 107.793658737,10.786985172,0 107.793731609,10.786984526,0 107.793869700,10.787136610,0 107.793980180,10.787261908,0 107.794034961,10.787279457,0 107.794217783,10.787340907,0 107.794226883,10.787340838,0 107.794337417,10.787475163,0 107.794310777,10.787547602,0 107.794320481,10.787610643,0 107.794421203,10.787663870,0 107.794475876,10.787663363,0 107.794530419,10.787653826,0 107.794566872,10.787662487,0 107.794667301,10.787679689,0 107.794722212,10.787706178,0 107.794786039,10.787714629,0 107.794922629,10.787704377,0 107.794959157,10.787713128,0 107.795013830,10.787712620,0 107.795031900,10.787703362,0 107.795150345,10.787702368,0 107.795305372,10.787718972,0 107.795396573,10.787727124,0 107.795487644,10.787726339,0 107.795533218,10.787725901,0 107.795569745,10.787734651,0 107.795642931,10.787761000,0 107.795679329,10.787760632,0 107.795697399,10.787751464,0 107.795752018,10.787742018,0 107.795824890,10.787741281,0 107.795952489,10.787749155,0 107.796071226,10.787784185,0 107.796072437,10.787910497,0 107.796082746,10.788036739,0 107.796066342,10.788235239,0 107.796031370,10.788398035,0 107.796023957,10.788578498,0 107.796070114,10.788650199,0 107.796153480,10.788793852,0 107.796227671,10.788937485,0 107.796311200,10.789108043,0 107.796349469,10.789306216,0 107.796387921,10.789522356,0 107.796389477,10.789693812,0 107.796398782,10.789702681,0 107.796417933,10.789810796,0 107.796418721,10.789891964,0 107.796438131,10.790018047,0 107.796485132,10.790180035,0 107.796505147,10.790369229,0 107.796495972,10.790369298,0 107.796486927,10.790378486,0</coordinates></LinearRing></outerBoundaryIs></Polygon></Placemark><Placemark><name>Polygon hoàn công 1564</name><styleUrl>#lot</styleUrl><ExtendedData><Data name="Entity DXF"><value>1564</value></Data><Data name="Diện tích ha"><value>0.6883353691101074</value></Data><Data name="Mã Lô"><value>DXF-1564</value></Data></ExtendedData><Polygon><tessellate>1</tessellate><outerBoundaryIs><LinearRing><coordinates>107.796574831,10.790025941,0 107.796565731,10.790026011,0 107.796547403,10.790017031,0 107.796538303,10.790017101,0 107.796465138,10.789981723,0 107.796437342,10.789936878,0 107.796408779,10.789801837,0 107.796398360,10.789657627,0 107.796397993,10.789621603,0 107.796406909,10.789603476,0 107.796470573,10.789584841,0 107.796534346,10.789584264,0 107.796625289,10.789574358,0 107.796698291,10.789582740,0 107.796834882,10.789572397,0 107.796862181,10.789572188,0 107.796989889,10.789598119,0 107.797026363,10.789597841,0 107.797053792,10.789606571,0 107.797072120,10.789615460,0 107.797172659,10.789650629,0 107.797218341,10.789668248,0 107.797263915,10.789667810,0 107.797364162,10.789666954,0 107.797427989,10.789675315,0 107.797464463,10.789675036,0 107.797519115,10.789683557,0 107.797692160,10.789681963,0 107.797830091,10.789806960,0 107.797895163,10.789959690,0 107.797895347,10.789977748,0 107.797804826,10.790032797,0 107.797704579,10.790033743,0 107.797558833,10.790035038,0 107.797522489,10.790044345,0 107.797458716,10.790044923,0 107.797367590,10.790036771,0 107.797267343,10.790037626,0 107.797166987,10.790020515,0 107.797057641,10.790021531,0 107.796948478,10.790040514,0 107.796866743,10.790068317,0 107.796647996,10.790061319,0 107.796629613,10.790043401,0 107.796574831,10.790025941,0</coordinates></LinearRing></outerBoundaryIs></Polygon></Placemark><Placemark><name>Polygon hoàn công 1565</name><styleUrl>#lot</styleUrl><ExtendedData><Data name="Entity DXF"><value>1565</value></Data><Data name="Diện tích ha"><value>2.270040510559082</value></Data><Data name="Mã Lô"><value>DXF-1565</value></Data></ExtendedData><Polygon><tessellate>1</tessellate><outerBoundaryIs><LinearRing><coordinates>107.793216657,10.790417081,0 107.793207795,10.790444237,0 107.793208454,10.790516467,0 107.793273382,10.790633083,0 107.793383129,10.790686241,0 107.793401328,10.790686102,0 107.793474038,10.790658370,0 107.793573789,10.790612371,0 107.793700676,10.790539078,0 107.793873613,10.790519429,0 107.794028512,10.790527096,0 107.794174387,10.790534742,0 107.794320370,10.790560535,0 107.794329524,10.790569404,0 107.794412101,10.790631799,0 107.794467488,10.790712460,0 107.794532049,10.790793051,0 107.794532395,10.790838194,0 107.794487318,10.790883686,0 107.794414996,10.790938505,0 107.794269175,10.790939888,0 107.794150912,10.790958939,0 107.794141887,10.790959009,0 107.793996542,10.791014473,0 107.793905545,10.791015259,0 107.793868995,10.791015627,0 107.793750624,10.791016711,0 107.793686905,10.791026317,0 107.793559358,10.791027470,0 107.793449957,10.791019456,0 107.793340815,10.791029409,0 107.793277042,10.791029985,0 107.793222239,10.791021464,0 107.793112601,10.790986363,0 107.793103426,10.790986523,0 107.793030499,10.790978140,0 107.792930381,10.790988024,0 107.792803018,10.791007234,0 107.792739320,10.791007811,0 107.792611644,10.790999935,0 107.792602599,10.791009033,0 107.792511472,10.791000880,0 107.792401996,10.790992865,0 107.792319916,10.790975523,0 107.792319732,10.790957466,0 107.792365047,10.790938971,0 107.792410750,10.790947652,0 107.792447041,10.790929227,0 107.792492356,10.790910731,0 107.792537876,10.790901356,0 107.792555708,10.790865102,0 107.792454986,10.790811874,0 107.792400313,10.790812381,0 107.792308711,10.790750055,0 107.792299299,10.790723129,0 107.792372484,10.790749479,0 107.792408646,10.790722115,0 107.792380688,10.790650184,0 107.792316548,10.790614736,0 107.792271104,10.790624112,0 107.792243805,10.790624410,0 107.792188581,10.790570745,0 107.792088280,10.790562661,0 107.792060852,10.790553930,0 107.792050673,10.790436627,0 107.792041519,10.790427758,0 107.791941401,10.790437641,0 107.791932172,10.790428681,0 107.791895698,10.790429049,0 107.791777327,10.790430133,0 107.791741037,10.790448468,0 107.791667872,10.790413089,0 107.791630373,10.790305203,0 107.791611753,10.790260198,0 107.791583904,10.790206415,0 107.791601154,10.790098021,0 107.791600916,10.790070935,0 107.791618932,10.790052649,0 107.791645702,10.789989239,0 107.791599308,10.789890451,0 107.791544452,10.789872901,0 107.791534748,10.789809859,0 107.791534327,10.789764806,0 107.791543060,10.789728622,0 107.791605754,10.789610762,0 107.791632653,10.789556382,0 107.791632232,10.789511329,0 107.791695163,10.789420555,0 107.791694980,10.789402498,0 107.791703054,10.789294174,0 107.791665760,10.789195317,0 107.791656531,10.789186357,0 107.791582817,10.789096806,0 107.791518257,10.789016214,0 107.791490429,10.788953312,0 107.791490008,10.788908168,0 107.791600121,10.788997442,0 107.792039222,10.789191928,0 107.792186229,10.789325886,0 107.792204429,10.789325747,0 107.792316042,10.789577266,0 107.792317250,10.789703578,0 107.792254795,10.789848433,0 107.792330797,10.790181579,0 107.792387133,10.790370495,0 107.792433494,10.790451225,0 107.793071517,10.790481484,0 107.793189412,10.790426318,0 107.793216657,10.790417081,0</coordinates></LinearRing></outerBoundaryIs></Polygon></Placemark><Placemark><name>Polygon hoàn công 1567</name><styleUrl>#lot</styleUrl><ExtendedData><Data name="Entity DXF"><value>1567</value></Data><Data name="Diện tích ha"><value>3.076161211395264</value></Data><Data name="Mã Lô"><value>DXF-1567</value></Data></ExtendedData><Polygon><tessellate>1</tessellate><outerBoundaryIs><LinearRing><coordinates>107.797480101,10.827797214,0 107.797498119,10.827779017,0 107.797415791,10.827734680,0 107.797460268,10.827626078,0 107.797495958,10.827544632,0 107.797455157,10.827075869,0 107.797691657,10.827028646,0 107.797737583,10.827073261,0 107.797801364,10.827072684,0 107.797837659,10.827054349,0 107.798037864,10.827025462,0 107.798100510,10.826898573,0 107.798117317,10.826754155,0 107.798080601,10.826727437,0 107.798098273,10.826664007,0 107.798335011,10.826643870,0 107.798672538,10.826685808,0 107.798610497,10.826875897,0 107.798634547,10.827498107,0 107.798722832,10.828182941,0 107.798634407,10.828463346,0 107.798310303,10.828890290,0 107.797670478,10.829662848,0 107.797669873,10.829599737,0 107.797560057,10.829537642,0 107.797628121,10.829022810,0 107.797561941,10.828761826,0 107.797587503,10.828572105,0 107.797540973,10.828464289,0 107.797522771,10.828464428,0 107.797503046,10.828311259,0 107.797456516,10.828203443,0 107.797517952,10.827950333,0 107.797497276,10.827688910,0 107.797480101,10.827797214,0</coordinates></LinearRing></outerBoundaryIs></Polygon></Placemark><Placemark><name>Polygon hoàn công 1568</name><styleUrl>#lot</styleUrl><ExtendedData><Data name="Entity DXF"><value>1568</value></Data><Data name="Diện tích ha"><value>2.775009902191162</value></Data><Data name="Mã Lô"><value>DXF-1568</value></Data></ExtendedData><Polygon><tessellate>1</tessellate><outerBoundaryIs><LinearRing><coordinates>107.798860338,10.828271823,0 107.798868541,10.828172618,0 107.798849680,10.828100618,0 107.798840266,10.828073511,0 107.798839791,10.828019429,0 107.798839423,10.827983405,0 107.798765222,10.827839773,0 107.798753721,10.827578281,0 107.798752402,10.827433912,0 107.798770604,10.827433682,0 107.798788622,10.827415486,0 107.798769761,10.827343576,0 107.798778494,10.827307391,0 107.798814681,10.827270998,0 107.798786698,10.827208006,0 107.798786460,10.827181010,0 107.798749451,10.827118178,0 107.798749030,10.827073124,0 107.798848554,10.827000039,0 107.798893345,10.826918433,0 107.798874905,10.826891486,0 107.798819803,10.826846940,0 107.798819328,10.826792858,0 107.798882557,10.826738109,0 107.798909935,10.826737900,0 107.798946338,10.826737531,0 107.798964615,10.826737392,0 107.799110248,10.826727070,0 107.799128580,10.826735869,0 107.799165166,10.826753648,0 107.799210800,10.826762238,0 107.799320398,10.826788309,0 107.799375316,10.826814797,0 107.799448327,10.826823179,0 107.799494123,10.826858855,0 107.799558163,10.826876245,0 107.799713190,10.826901967,0 107.799768054,10.826919426,0 107.799768183,10.826928455,0 107.799768054,10.826919426,0 107.799758953,10.826919586,0 107.799786568,10.826946373,0 107.799777230,10.826919357,0 107.799786385,10.826928316,0 107.799841194,10.826936837,0 107.799932332,10.826944989,0 107.800023653,10.826971288,0 107.800078333,10.826970871,0 107.800124041,10.826979461,0 107.800169600,10.826988051,0 107.800242427,10.826978375,0 107.800315622,10.827004724,0 107.800361548,10.827049429,0 107.800370519,10.827040331,0 107.800417126,10.827148147,0 107.800409950,10.827355696,0 107.800430077,10.827563037,0 107.800450280,10.827770197,0 107.800406680,10.827987143,0 107.800280567,10.828141696,0 107.800262365,10.828141836,0 107.800217024,10.828169360,0 107.800036047,10.828306273,0 107.799827291,10.828389404,0 107.799617562,10.828373308,0 107.799425981,10.828347864,0 107.799234584,10.828340568,0 107.799088636,10.828323895,0 107.798988138,10.828297754,0 107.798851367,10.828280921,0 107.798860338,10.828271823,0</coordinates></LinearRing></outerBoundaryIs></Polygon></Placemark><Placemark><name>Polygon hoàn công 1569</name><styleUrl>#lot</styleUrl><ExtendedData><Data name="Entity DXF"><value>1569</value></Data><Data name="Diện tích ha"><value>1.0805821701049805</value></Data><Data name="Mã Lô"><value>DXF-1569</value></Data></ExtendedData><Polygon><tessellate>1</tessellate><outerBoundaryIs><LinearRing><coordinates>107.799034422,10.829352752,0 107.799034055,10.829316727,0 107.798986681,10.829118624,0 107.798975709,10.828920333,0 107.798955821,10.828740078,0 107.798890008,10.828515119,0 107.798880648,10.828497221,0 107.798871309,10.828470204,0 107.798870941,10.828434180,0 107.798897714,10.828370770,0 107.799125169,10.828332555,0 107.799261961,10.828340359,0 107.799316750,10.828357909,0 107.799453359,10.828347656,0 107.799480661,10.828347356,0 107.799562828,10.828364787,0 107.799773270,10.828462051,0 107.799756572,10.828624526,0 107.799747342,10.828615567,0 107.799684350,10.828697403,0 107.799684588,10.828724489,0 107.799666808,10.828769682,0 107.799667046,10.828796768,0 107.799649266,10.828841960,0 107.799649742,10.828896133,0 107.799668181,10.828923079,0 107.799741431,10.828958457,0 107.799778202,10.828994203,0 107.799815340,10.829066064,0 107.799788330,10.829102388,0 107.799788568,10.829129384,0 107.799698382,10.829229486,0 107.799689464,10.829247613,0 107.799690124,10.829319752,0 107.799681261,10.829346908,0 107.799690546,10.829364896,0 107.799663719,10.829419186,0 107.799636525,10.829437453,0 107.799627792,10.829473727,0 107.799609753,10.829500953,0 107.799573533,10.829519288,0 107.799528688,10.829591866,0 107.799510778,10.829628120,0 107.799438080,10.829646825,0 107.799392371,10.829638234,0 107.799364722,10.829593390,0 107.799200183,10.829549769,0 107.799054494,10.829551063,0 107.799026878,10.829524276,0 107.799034422,10.829352752,0</coordinates></LinearRing></outerBoundaryIs></Polygon></Placemark><Placemark><name>Polygon hoàn công 1570</name><styleUrl>#lot</styleUrl><ExtendedData><Data name="Entity DXF"><value>1570</value></Data><Data name="Diện tích ha"><value>0.769237109375</value></Data><Data name="Mã Lô"><value>DXF-1570</value></Data></ExtendedData><Polygon><tessellate>1</tessellate><outerBoundaryIs><LinearRing><coordinates>107.798852893,10.829435582,0 107.798844765,10.829534967,0 107.798827514,10.829643361,0 107.798708944,10.829626388,0 107.798644871,10.829590851,0 107.798626539,10.829582052,0 107.798562866,10.829600686,0 107.798499031,10.829592235,0 107.798435066,10.829574754,0 107.798371414,10.829584360,0 107.798344036,10.829584569,0 107.798335010,10.829584729,0 107.798307449,10.829566880,0 107.798298456,10.829585007,0 107.798289723,10.829621192,0 107.798153005,10.829613387,0 107.797961607,10.829606090,0 107.797925128,10.829606458,0 107.797852062,10.829589047,0 107.797842907,10.829580178,0 107.797905533,10.829462228,0 107.798058841,10.829289500,0 107.798194003,10.829125850,0 107.798338156,10.828944163,0 107.798446048,10.828798869,0 107.798572108,10.828635288,0 107.798698426,10.828489855,0 107.798716131,10.828444572,0 107.798743033,10.828390281,0 107.798770152,10.828371925,0 107.798825016,10.828389475,0 107.798789013,10.828443925,0 107.798771417,10.828507175,0 107.798781782,10.828642446,0 107.798782387,10.828705647,0 107.798791726,10.828732573,0 107.798792991,10.828867823,0 107.798821558,10.829002954,0 107.798821612,10.829011983,0 107.798831394,10.829075024,0 107.798841576,10.829192147,0 107.798841759,10.829210295,0 107.798841759,10.829210295,0 107.798852893,10.829435582,0</coordinates></LinearRing></outerBoundaryIs></Polygon></Placemark><Placemark><name>Polygon hoàn công 1572</name><styleUrl>#lot</styleUrl><ExtendedData><Data name="Entity DXF"><value>1572</value></Data><Data name="Diện tích ha"><value>9.592465225219726</value></Data><Data name="Mã Lô"><value>DXF-1572</value></Data></ExtendedData><Polygon><tessellate>1</tessellate><outerBoundaryIs><LinearRing><coordinates>107.797569213,10.829546601,0 107.799949208,10.829750459,0 107.800392091,10.828375246,0 107.800349678,10.826751822,0 107.798727272,10.826694329,0 107.798034676,10.826682642,0 107.797998732,10.827002801,0 107.797473013,10.827030586,0 107.797569213,10.829546601,0 107.797569213,10.829546601,0</coordinates></LinearRing></outerBoundaryIs></Polygon></Placemark><Placemark><name>ĐƯỜNG RANH DỰ ÁN</name><styleUrl>#boundary</styleUrl><Polygon><outerBoundaryIs><LinearRing><coordinates>107.799741900,10.815246659,0 107.798693118,10.815147945,0 107.798852826,10.814677380,0 107.797661217,10.813903365,0 107.798572188,10.812911846,0 107.797785962,10.812621328,0 107.797807466,10.811006354,0 107.796904769,10.810933427,0 107.796576448,10.809916971,0 107.797787059,10.809788720,0 107.797945087,10.808163493,0 107.797289452,10.808187554,0 107.797262821,10.807285724,0 107.796794942,10.806938055,0 107.796302822,10.806924475,0 107.796321953,10.806040265,0 107.794308820,10.806076574,0 107.793191038,10.806393359,0 107.793191038,10.806393359,0 107.792887302,10.806062401,0 107.792887302,10.806062401,0 107.792734416,10.805287946,0 107.792793008,10.804835390,0 107.792649382,10.804521497,0 107.792649382,10.804521497,0 107.792649382,10.804521497,0 107.791590210,10.803995688,0 107.791178000,10.803357691,0 107.791087626,10.803540312,0 107.790974014,10.803561990,0 107.790848791,10.803756719,0 107.790972641,10.804147035,0 107.790824664,10.804231293,0 107.790857239,10.804354878,0 107.790791508,10.804387230,0 107.790827309,10.804514072,0 107.791004012,10.804751747,0 107.790934728,10.804888099,0 107.791196918,10.805103218,0 107.791315415,10.805660278,0 107.791320631,10.805873273,0 107.791213646,10.806357230,0 107.790893434,10.806428811,0 107.790609544,10.806422562,0 107.790337258,10.806343208,0 107.789879022,10.805882156,0 107.788306600,10.802342161,0 107.789602244,10.797603454,0 107.788954617,10.795543464,0 107.789247646,10.791751978,0 107.790308592,10.789225523,0 107.789791939,10.788526524,0 107.789773005,10.787462198,0 107.789577408,10.786994880,0 107.790269403,10.786952592,0 107.790890955,10.787172507,0 107.791684892,10.787318691,0 107.792103633,10.787278839,0 107.792592666,10.786958632,0 107.793047383,10.786873358,0 107.793476174,10.786941599,0 107.793722585,10.786984505,0 107.794017788,10.787387761,0 107.794182465,10.787458468,0 107.794393958,10.787673017,0 107.796087469,10.787558508,0 107.795987137,10.788533633,0 107.796329713,10.789134900,0 107.796345312,10.789606225,0 107.797093824,10.789596008,0 107.797228020,10.788738872,0 107.798275683,10.788729422,0 107.798215392,10.789757726,0 107.798147266,10.790046214,0 107.799967234,10.791186758,0 107.799736095,10.791679293,0 107.799736095,10.791679293,0 107.799971783,10.791853255,0 107.800113628,10.791588047,0 107.800611362,10.791309648,0 107.800926382,10.791637193,0 107.801130472,10.792032292,0 107.800986523,10.792232039,0 107.801096899,10.792339277,0 107.801476509,10.792020072,0 107.802173983,10.792328074,0 107.802414035,10.792000428,0 107.802874308,10.792019703,0 107.803144719,10.791831886,0 107.803144719,10.791831886,0 107.804204288,10.792405597,0 107.804204288,10.792405597,0 107.804386273,10.792277620,0 107.804627138,10.792314817,0 107.805041615,10.792660819,0 107.805367794,10.792650537,0 107.805671359,10.792860500,0 107.805867165,10.793132608,0 107.805962758,10.793521863,0 107.806125655,10.793617660,0 107.805687744,10.793781900,0 107.806347314,10.793930184,0 107.806462224,10.793963486,0 107.806985397,10.794168433,0 107.807491688,10.795276286,0 107.807948471,10.795344120,0 107.807924606,10.794730937,0 107.809143884,10.794566454,0 107.809490792,10.794635484,0 107.809939601,10.794902015,0 107.810078183,10.795108175,0 107.810314526,10.795051913,0 107.810202582,10.794773313,0 107.811394635,10.794609120,0 107.811319752,10.794402290,0 107.812139530,10.794376757,0 107.812485112,10.795293744,0 107.811300721,10.795295533,0 107.811800009,10.796084838,0 107.812239893,10.797334646,0 107.812767737,10.797275780,0 107.813486425,10.797160997,0 107.814167392,10.797894453,0 107.814069788,10.799149207,0 107.814700300,10.799350949,0 107.816410748,10.798126488,0 107.817582490,10.797736965,0 107.817670075,10.798349566,0 107.818663393,10.798944120,0 107.819146815,10.799409615,0 107.820189028,10.800771249,0 107.821516500,10.802436957,0 107.822118850,10.803531909,0 107.810015371,10.803056143,0 107.810015371,10.803056143,0 107.810015371,10.803056143,0 107.810769545,10.804799343,0 107.811240248,10.807411088,0 107.811033368,10.807701617,0 107.811375975,10.809268112,0 107.811470934,10.810665492,0 107.813287506,10.812020026,0 107.814299200,10.812055860,0 107.815156940,10.812192469,0 107.816458050,10.811025881,0 107.817424404,10.811089231,0 107.817407750,10.812235009,0 107.818437886,10.812297685,0 107.818815533,10.813719614,0 107.820330539,10.813985411,0 107.820928164,10.815549480,0 107.820782197,10.817481272,0 107.821803142,10.817526041,0 107.821827220,10.818157280,0 107.822838697,10.818166091,0 107.823115259,10.818524319,0 107.822654192,10.819881656,0 107.820723178,10.819944495,0 107.820851415,10.824886740,0 107.819268809,10.825189863,0 107.819361635,10.825431072,0 107.819490068,10.825662273,0 107.819439782,10.825948548,0 107.819511933,10.826338470,0 107.819756902,10.826403203,0 107.819808980,10.826489180,0 107.819824896,10.826768649,0 107.819865935,10.826880603,0 107.819855947,10.827007342,0 107.819778538,10.827147565,0 107.819780590,10.827305028,0 107.818159690,10.827440670,0 107.818030499,10.827230832,0 107.818241640,10.827021746,0 107.818563361,10.826505301,0 107.818613806,10.825949434,0 107.818652069,10.825758294,0 107.818635907,10.825654610,0 107.818505090,10.825465715,0 107.818023809,10.824136190,0 107.817405582,10.823833089,0 107.817217334,10.823897046,0 107.816740065,10.824452239,0 107.816444319,10.824591887,0 107.816275916,10.824593771,0 107.816488218,10.825233102,0 107.816613430,10.825737443,0 107.814205317,10.826426937,0 107.813694297,10.826341474,0 107.813495586,10.825549409,0 107.812201108,10.825489105,0 107.812343290,10.823133333,0 107.813389598,10.822979469,0 107.813494994,10.821580278,0 107.811871467,10.821396634,0 107.811806601,10.821279931,0 107.810328784,10.821085949,0 107.810278448,10.821555502,0 107.809531974,10.821625519,0 107.809427640,10.822158692,0 107.809081787,10.822206943,0 107.808762594,10.822173816,0 107.808479087,10.822059060,0 107.807722850,10.822056913,0 107.807668887,10.822138591,0 107.806968229,10.822235249,0 107.806734032,10.822526074,0 107.807290510,10.823576439,0 107.805736233,10.823987446,0 107.805552193,10.823790662,0 107.805234137,10.823883842,0 107.804097613,10.821411166,0 107.804068179,10.819988383,0 107.803396585,10.819290859,0 107.802266045,10.819219960,0 107.802196336,10.818824895,0 107.802008177,10.818818511,0 107.801916089,10.818279389,0 107.801782969,10.818213993,0 107.801490220,10.818163583,0 107.801402616,10.817799716,0 107.801294352,10.817685892,0 107.800636126,10.817358472,0 107.799407128,10.816485607,0 107.799407128,10.816485607,0 107.799741900,10.815246659,0</coordinates></LinearRing></outerBoundaryIs></Polygon></Placemark></Document></kml>