<?xml version="1.0" encoding="UTF-8"?><kml xmlns="http://www.opengis.net/kml/2.2"><Document><name>Hoàn công + PDF - GIS tổng hợp</name><Style id="project"><LineStyle><color>ff0000ff</color><width>4</width></LineStyle><PolyStyle><color>120000ff</color></PolyStyle></Style>
<Style id="forest"><LineStyle><color>ff008000</color><width>2</width></LineStyle><PolyStyle><color>5500aa00</color></PolyStyle></Style>
<Style id="old"><LineStyle><color>ff00ffff</color><width>2</width></LineStyle><PolyStyle><color>6600ffff</color></PolyStyle></Style>
<Style id="new"><LineStyle><color>ff00a5ff</color><width>2</width></LineStyle><PolyStyle><color>6600a5ff</color></PolyStyle></Style>
<Style id="other"><LineStyle><color>ffff0000</color><width>1</width></LineStyle><PolyStyle><color>22000000</color></PolyStyle></Style><Folder><name>DXF - Ranh giới dự án</name><Placemark><name>Ranh giới dự án - DXF</name><description><![CDATA[Nguồn: HOANCONG-2024-2025_TAN-30-9-2026(1).dxf]]></description><styleUrl>#project</styleUrl><Polygon><outerBoundaryIs><LinearRing><coordinates>107.0493912113,10.8187022137,0107.0483305519,10.8186045128,0107.0484951438,10.8181304009,0107.0472942318,10.8173529160,0107.0482223317,10.8163530076,0107.0474285655,10.8160617291,0107.0474605480,10.8144354615,0107.0465475544,10.8143634786,0107.0462217547,10.8133404714,0107.0474475958,10.8132093639,0107.0476177913,10.8115725434,0107.0469541950,10.8115978300,0107.0469329498,10.8106897577,0107.0464616939,10.8103404123,0107.0459637892,10.8103275377,0107.0459887484,10.8094371307,0107.0439513952,10.8094769496,0107.0428182826,10.8097977540,0107.0428182826,10.8097977540,0107.0425130182,10.8094649738,0107.0425130182,10.8094649738,0107.0423632129,10.8086853698,0107.0424253629,10.8082295533,0107.0422820089,10.8079137083,0107.0422820089,10.8079137083,0107.0422820089,10.8079137083,0107.0412135477,10.8073859485,0107.0408004603,10.8067441654,0107.0407078512,10.8069282005,0107.0405927454,10.8069502169,0107.0404648054,10.8071465056,0107.0405876629,10.8075393435,0107.0404373861,10.8076244288,0107.0404695659,10.8077488261,0107.0404028451,10.8077815058,0107.0404382759,10.8079091742,0107.0406155807,10.8081482261,0107.0405446084,10.8082856372,0107.0408085601,10.8085018324,0107.0409249454,10.8090625907,0107.0409288763,10.8092770650,0107.0408175509,10.8097645710,0107.0404930700,10.8098371623,0107.0402058407,10.8098313301,0107.0399308054,10.8097518659,0107.0394700329,10.8092883362,0107.0379012610,10.8057261958,0107.0392423252,10.8009523366,0107.0386000089,10.7988790240,0107.0389205144,10.7950606097,0107.0400100869,10.7925148181,0107.0394916970,10.7918117765,0107.0394792648,10.7907400551,0107.0392842949,10.7902698039,0107.0399848027,10.7902260918,0107.0406123773,10.7904465389,0107.0414148464,10.7905924638,0107.0418388282,10.7905516523,0107.0423357231,10.7902284161,0107.0427963964,10.7901418108,0107.0432298610,10.7902098419,0107.0434789383,10.7902526451,0107.0437751097,10.7906582372,0107.0439413012,10.7907291687,0107.0441539569,10.7909448737,0107.0458683798,10.7908268309,0107.0457606848,10.7918089152,0107.0461035404,10.7924138270,0107.0461163437,10.7928884094,0107.0468738390,10.7928769071,0107.0470150543,10.7920135784,0107.0480752637,10.7920023667,0107.0480077511,10.7930379471,0107.0479369887,10.7933285541,0107.0497714269,10.7944741103,0107.0495344225,10.7949704588,0107.0495344225,10.7949704588,0107.0497718160,10.7951452515,0107.0499170315,10.7948779616,0107.0504224590,10.7945968181,0107.0507391569,10.7949261373,0107.0509431797,10.7953236568,0107.0507962537,10.7955250369,0107.0509072680,10.7956328394,0107.0512934185,10.7953107934,0107.0519972568,10.7956198172,0107.0522422434,10.7952894985,0107.0527078780,10.7953081648,0107.0529827037,10.7951185984,0107.0529827037,10.7951185984,0107.0540512649,10.7956945927,0107.0540512649,10.7956945927,0107.0542362325,10.7955654342,0107.0544797281,10.7956024957,0107.0548969572,10.7959502406,0107.0552270898,10.7959393578,0107.0555329446,10.7961502915,0107.0557293652,10.7964239839,0107.0558236339,10.7968158015,0107.0559878647,10.7969120006,0107.0555436965,10.7970780997,0107.0562101933,10.7972263451,0107.0563262594,10.7972596953,0107.0568543731,10.7974652277,0107.0573596885,10.7985799927,0107.0578214818,10.7986475537,0107.0578012165,10.7980301385,0107.0590360604,10.7978625301,0107.0593866693,10.7979314813,0107.0598391395,10.7981991422,0107.0599780723,10.7984065146,0107.0602175868,10.7983494779,0107.0601060726,10.7980691136,0107.0613133680,10.7979018553,0107.0612388952,10.7976937028,0107.0620686130,10.7976666659,0107.0624125085,10.7985894831,0107.0612139961,10.7985932024,0107.0617142403,10.7993872112,0107.0621514543,10.8006450190,0107.0626859604,10.8005848917,0107.0634139468,10.8004681478,0107.0640983884,10.8012056199,0107.0639916833,10.8024692787,0107.0646284309,10.8026714102,0107.0663670130,10.8014356423,0107.0675551828,10.8010414958,0107.0676399282,10.8016582309,0107.0686413284,10.8022553314,0107.0691275688,10.8027232824,0107.0701735918,10.8040927345,0107.0715063434,10.8057679087,0107.0721089490,10.8068695299,0107.0598642348,10.8064100340,0107.0598642348,10.8064100340,0107.0598642348,10.8064100340,0107.0606163658,10.8081641711,0107.0610761647,10.8107933800,0107.0608649786,10.8110862675,0107.0612017609,10.8126631408,0107.0612890058,10.8140701128,0107.0631186624,10.8154311536,0107.0641421904,10.8154656054,0107.0650092896,10.8156017775,0107.0663332829,10.8144249466,0107.0673107465,10.8144871767,0107.0672866473,10.8156409726,0107.0683286710,10.8157024126,0107.0687018148,10.8171336523,0107.0702332003,10.8173988540,0107.0708280528,10.8189728668,0107.0706681302,10.8209183699,0107.0717009511,10.8209618044,0107.0717213265,10.8215974050,0107.0727448046,10.8216046387,0107.0730223903,10.8219649171,0107.0725472406,10.8233324764,0107.0705928231,10.8233988735,0107.0706913162,10.8283753957,0107.0690879374,10.8286831956,0107.0691803458,10.8289259285,0107.0693088454,10.8291585384,0107.0692561485,10.8294468948,0107.0693266899,10.8298394226,0107.0695741667,10.8299042024,0107.0696263228,10.8299906984,0107.0696406668,10.8302720928,0107.0696814793,10.8303847566,0107.0696705757,10.8305124049,0107.0695913509,10.8306537271,0107.0695924310,10.8308122847,0107.0679513608,10.8309514940,0107.0678219509,10.8307404005,0107.0680369380,10.8305295176,0107.0683657610,10.8300089520,0107.0684203188,10.8294491242,0107.0684602515,10.8292565866,0107.0684445467,10.8291522053,0107.0683133663,10.8289622081,0107.0678347595,10.8276241862,0107.0672110862,10.8273199641,0107.0670201867,10.8273846732,0107.0665337247,10.8279445103,0107.0662335712,10.8280856122,0107.0660631482,10.8280877826,0107.0662739328,10.8287312358,0107.0663974504,10.8292388882,0107.0639562706,10.8299370939,0107.0634397002,10.8298518576,0107.0632436305,10.8290545883,0107.0619341136,10.8289959588,0107.0620928866,10.8266235177,0107.0631526362,10.8264668923,0107.0632681442,10.8250577700,0107.0616264343,10.8248754729,0107.0615615343,10.8247580576,0107.0600673302,10.8245651175,0107.0600134227,10.8250380192,0107.0592576077,10.8251097396,0107.0591486530,10.8256468005,0107.0587983741,10.8256959447,0107.0584755938,10.8256631044,0107.0581894251,10.8255480094,0107.0574241973,10.8255470680,0107.0573690700,10.8256294026,0107.0566594493,10.8257278711,0107.0564206246,10.8260210986,0107.0569770860,10.8270778963,0107.0554016857,10.8274942788,0107.0552166985,10.8272964192,0107.0548942582,10.8273907670,0107.0537598394,10.8249026793,0107.0537390552,10.8234700197,0107.0530638664,10.8227687184,0107.0519203011,10.8226991459,0107.0518522606,10.8223014465,0107.0516619015,10.8222953144,0107.0515721244,10.8217525815,0107.0514378328,10.8216869417,0107.0511419109,10.8216366561,0107.0510555646,10.8212703962,0107.0509467310,10.8211559517,0107.0502827351,10.8208273122,0107.0490446117,10.8199503474,0107.0490446117,10.8199503474,0107.0493912113,10.8187022137,0</coordinates></LinearRing></outerBoundaryIs></Polygon></Placemark></Folder><Folder><name>DXF - Polygon hoàn công &gt; 0,1 ha</name><Placemark><name>DXF polygon 80</name><description><![CDATA[DXF entity 80; diện tích hình học thô xấp xỉ 2.7740 ha; phân loại tham chiếu theo màu PDF: Đất trảng đồi/suối/G.T.]]></description><styleUrl>#other</styleUrl><Polygon><outerBoundaryIs><LinearRing><coordinates>107.0484168182,10.8318194850,0107.0484256711,10.8317194850,0107.0484070354,10.8316469232,0107.0483977626,10.8316197251,0107.0483975426,10.8315652687,0107.0483974727,10.8315289979,0107.0483232998,10.8313844844,0107.0483224500,10.8311210054,0107.0483128172,10.8309758119,0107.0483312329,10.8309756419,0107.0483496587,10.8309572864,0107.0483309530,10.8308848146,0107.0483400959,10.8308483637,0107.0483768674,10.8308116628,0107.0483490288,10.8307482737,0107.0483580917,10.8307210056,0107.0483118274,10.8306578766,0107.0483116874,10.8306125130,0107.0484221419,10.8305386710,0107.0484587033,10.8304565064,0107.0484402877,10.8304294983,0107.0483847405,10.8303846348,0107.0483846005,10.8303301784,0107.0484490006,10.8302749420,0107.0484766292,10.8302746019,0107.0485135507,10.8302742619,0107.0485319664,10.8302740018,0107.0486794823,10.8302633688,0107.0487071008,10.8302722015,0107.0487348094,10.8302900469,0107.0487810038,10.8302986196,0107.0488916681,10.8303247876,0107.0489471453,10.8303514657,0107.0490208982,10.8303596882,0107.0490670925,10.8303955391,0107.0491409154,10.8304129544,0107.0492885013,10.8304386023,0107.0493438284,10.8304561877,0107.0493438984,10.8304652804,0107.0493438284,10.8304561877,0107.0493438284,10.8304561877,0107.0493623942,10.8304831958,0107.0493531113,10.8304560976,0107.0493715370,10.8304649303,0107.0494177314,10.8304736030,0107.0495099000,10.8304816555,0107.0496022187,10.8305079036,0107.0496575559,10.8305073035,0107.0497036802,10.8305158861,0107.0497497245,10.8305245488,0107.0498235574,10.8305145959,0107.0498973803,10.8305411040,0107.0499527875,10.8305858675,0107.0499620004,10.8305766947,0107.0499992718,10.8306852673,0107.0499906188,10.8308943700,0107.0500096744,10.8311030326,0107.0500288000,10.8313117852,0107.0499833155,10.8315302306,0107.0498547153,10.8316860572,0107.0498362996,10.8316862272,0107.0497902452,10.8317140255,0107.0496155307,10.8318520966,0107.0493944719,10.8319361414,0107.0491823460,10.8319202664,0107.0489887158,10.8318950485,0107.0487950056,10.8318881061,0107.0486474998,10.8318714609,0107.0485459783,10.8318453029,0107.0484075253,10.8318286577,0107.0484168182,10.8318194850,0</coordinates></LinearRing></outerBoundaryIs></Polygon></Placemark><Placemark><name>DXF polygon 132</name><description><![CDATA[DXF entity 132; diện tích hình học thô xấp xỉ 1.0804 ha; phân loại tham chiếu theo màu PDF: Tràm 2022-2025.]]></description><styleUrl>#forest</styleUrl><Polygon><outerBoundaryIs><LinearRing><coordinates>107.0485860591,10.8329075815,0107.0485859892,10.8328712106,0107.0485392249,10.8326719908,0107.0485293822,10.8324721508,0107.0485103966,10.8322907564,0107.0484452267,10.8320643384,0107.0484358638,10.8320462430,0107.0484265809,10.8320191449,0107.0484265210,10.8319827740,0107.0484632225,10.8319188849,0107.0486935541,10.8318800336,0107.0488227143,10.8318877561,0107.0488873343,10.8319052514,0107.0490255573,10.8318947085,0107.0490439730,10.8318945384,0107.0491270088,10.8319117837,0107.0493393446,10.8320093833,0107.0493214988,10.8321731124,0107.0493122160,10.8321641897,0107.0492478758,10.8322466143,0107.0492479458,10.8322737925,0107.0492296701,10.8323194161,0107.0492298201,10.8323466943,0107.0492114643,10.8323922279,0107.0492208871,10.8324466943,0107.0492301700,10.8324737924,0107.0493040629,10.8325093032,0107.0493410443,10.8325453240,0107.0493780957,10.8326176257,0107.0493505371,10.8326542467,0107.0493506071,10.8326815249,0107.0492587884,10.8327823850,0107.0492495755,10.8328006504,0107.0492497855,10.8328732922,0107.0492406426,10.8329006504,0107.0492499254,10.8329186558,0107.0492225068,10.8329734622,0107.0491948782,10.8329919877,0107.0491857353,10.8330284386,0107.0491673796,10.8330558868,0107.0491306181,10.8330744023,0107.0490846237,10.8331475642,0107.0490663480,10.8331840951,0107.0489926650,10.8332030507,0107.0489464707,10.8331944780,0107.0489187722,10.8331493645,0107.0487526206,10.8331057011,0107.0486051147,10.8331072414,0107.0485773361,10.8330803132,0107.0485860591,10.8329075815,0</coordinates></LinearRing></outerBoundaryIs></Polygon></Placemark><Placemark><name>DXF polygon 178</name><description><![CDATA[DXF entity 178; diện tích hình học thô xấp xỉ 0.7683 ha; phân loại tham chiếu theo màu PDF: Tràm 2022-2025.]]></description><styleUrl>#forest</styleUrl><Polygon><outerBoundaryIs><LinearRing><coordinates>107.0484019218,10.8329912863,0107.0483929888,10.8330913763,0107.0483841359,10.8332004690,0107.0482549658,10.8331836537,0107.0481903558,10.8331479729,0107.0481718600,10.8331391403,0107.0481073099,10.8331580058,0107.0480428499,10.8331496032,0107.0479782299,10.8331320979,0107.0479228927,10.8331417907,0107.0478860512,10.8331421307,0107.0478768383,10.8331423108,0107.0478491398,10.8331243754,0107.0478400069,10.8331426508,0107.0478307840,10.8331791017,0107.0477016939,10.8331713692,0107.0474988508,10.8331644168,0107.0474619394,10.8331648469,0107.0473881164,10.8331474316,0107.0473789036,10.8331385189,0107.0474430937,10.8330197334,0107.0476085354,10.8328453813,0107.0477371356,10.8326805421,0107.0478840816,10.8324972674,0107.0479942561,10.8323507836,0107.0481228463,10.8321859544,0107.0482515165,10.8320391206,0107.0482697922,10.8319935770,0107.0483064937,10.8319386906,0107.0483340523,10.8319202551,0107.0483803267,10.8319379204,0107.0483435552,10.8319928068,0107.0483252694,10.8320565259,0107.0483349022,10.8321927268,0107.0483351121,10.8322562758,0107.0483536779,10.8322833840,0107.0483448949,10.8324196548,0107.0483728734,10.8325556856,0107.0483729434,10.8325647784,0107.0483823663,10.8326282474,0107.0483919290,10.8327461628,0107.0483919990,10.8327643482,0107.0483919990,10.8327643482,0107.0484019218,10.8329912863,0</coordinates></LinearRing></outerBoundaryIs></Polygon></Placemark><Placemark><name>DXF polygon 211</name><description><![CDATA[DXF entity 211; diện tích hình học thô xấp xỉ 0.6223 ha; phân loại tham chiếu theo màu PDF: Tràm 2022-2025.]]></description><styleUrl>#forest</styleUrl><Polygon><outerBoundaryIs><LinearRing><coordinates>107.0644238553,10.8171791696,0107.0644238653,10.8171700769,0107.0643778110,10.8171705969,0107.0643684582,10.8171343161,0107.0643774511,10.8170615943,0107.0643401797,10.8169439189,0107.0643124111,10.8168988154,0107.0641280638,10.8169098784,0107.0640729465,10.8169922230,0107.0640550307,10.8171649448,0107.0641383565,10.8172640046,0107.0642122494,10.8173085981,0107.0641113677,10.8174822800,0107.0641764077,10.8176541516,0107.0642415277,10.8178351060,0107.0644077392,10.8179150402,0107.0645368993,10.8179409381,0107.0646747624,10.8177941843,0107.0648126954,10.8176746287,0107.0649783270,10.8175728985,0107.0650425871,10.8174813911,0107.0649775372,10.8173095195,0107.0649222100,10.8173192123,0107.0648669528,10.8173198124,0107.0646916684,10.8173035273,0107.0646640398,10.8173128700,0107.0645994997,10.8173044674,0107.0644333582,10.8172518214,0107.0644148724,10.8172338059,0107.0644055196,10.8171793396,0107.0644238553,10.8171791696,0</coordinates></LinearRing></outerBoundaryIs></Polygon></Placemark><Placemark><name>DXF polygon 214</name><description><![CDATA[DXF entity 214; diện tích hình học thô xấp xỉ 2.0082 ha; phân loại tham chiếu theo màu PDF: Đất trảng đồi/suối/G.T.]]></description><styleUrl>#other</styleUrl><Polygon><outerBoundaryIs><LinearRing><coordinates>107.0600362459,10.8144648192,0107.0600270331,10.8144739920,0107.0600086173,10.8144741620,0107.0599901216,10.8144743320,0107.0599809888,10.8144744220,0107.0599716959,10.8144655094,0107.0599624930,10.8144655894,0107.0599532101,10.8144565867,0107.0599439973,10.8144566667,0107.0599348644,10.8144567567,0107.0599255816,10.8144569267,0107.0599070858,10.8144389213,0107.0598978830,10.8144390013,0107.0598885901,10.8144390913,0107.0598794573,10.8144392614,0107.0598517587,10.8144304287,0107.0598333429,10.8144305987,0107.0598333429,10.8144396914,0107.0598149172,10.8144399515,0107.0598057043,10.8144491242,0107.0597965015,10.8144492142,0107.0597872086,10.8144492942,0107.0597780757,10.8144493842,0107.0597595100,10.8144404615,0107.0597503771,10.8144406416,0107.0597411643,10.8144407216,0107.0597226785,10.8144408916,0107.0597134657,10.8144409816,0107.0597042528,10.8144319689,0107.0596950500,10.8144321489,0107.0596765542,10.8144232262,0107.0596673514,10.8144142235,0107.0596488556,10.8144144836,0107.0596304299,10.8144146536,0107.0596211470,10.8144147336,0107.0596120142,10.8144148236,0107.0596028113,10.8144149136,0107.0595935184,10.8144059910,0107.0595843156,10.8144151737,0107.0595751027,10.8144152537,0107.0595658898,10.8144153437,0107.0595566070,10.8144154237,0107.0595382613,10.8144155937,0107.0595197655,10.8144158538,0107.0595013498,10.8144160238,0107.0594921469,10.8144161138,0107.0594737212,10.8144162839,0107.0594645183,10.8144163639,0107.0594552255,10.8144165439,0107.0594460226,10.8144166339,0107.0594460226,10.8144166339,0107.0594368097,10.8144076212,0107.0593998983,10.8143989586,0107.0593721997,10.8143901259,0107.0593445711,10.8143904759,0107.0593261554,10.8143906460,0107.0593168625,10.8143907260,0107.0592707482,10.8143730606,0107.0592430496,10.8143643179,0107.0592246239,10.8143644880,0107.0592153410,10.8143554852,0107.0591877124,10.8143467326,0107.0591600138,10.8143469926,0107.0591046866,10.8143385000,0107.0590677652,10.8143389301,0107.0590309337,10.8143392701,0107.0589847394,10.8143306975,0107.0589478979,10.8143311275,0107.0589386851,10.8143221248,0107.0588647222,10.8142684386,0107.0587816864,10.8142602060,0107.0587264292,10.8142517134,0107.0586526863,10.8142525735,0107.0585513748,10.8142899646,0107.0584133018,10.8143458912,0107.0582379473,10.8143205033,0107.0580627429,10.8142951154,0107.0579060342,10.8142877430,0107.0577215469,10.8142806306,0107.0575555553,10.8142733381,0107.0575187939,10.8142918636,0107.0573436594,10.8143210321,0107.0571868707,10.8143044769,0107.0571591721,10.8143048170,0107.0571586022,10.8141139898,0107.0571583923,10.8140322553,0107.0571762381,10.8138232526,0107.0571760981,10.8137959744,0107.0571760982,10.8137777890,0107.0572403583,10.8136861916,0107.0573970670,10.8136754686,0107.0575906171,10.8136825010,0107.0577934502,10.8136803607,0107.0580515404,10.8136594248,0107.0582820720,10.8136569344,0107.0584387807,10.8136733996,0107.0584114421,10.8137555742,0107.0583654577,10.8138105406,0107.0583471820,10.8138470815,0107.0583751705,10.8139648369,0107.0584029391,10.8140008577,0107.0584953277,10.8140633766,0107.0585877863,10.8141441609,0107.0586062720,10.8141712691,0107.0587446350,10.8141879943,0107.0587538479,10.8141788116,0107.0587260093,10.8141063398,0107.0587439251,10.8139608862,0107.0587803367,10.8138060799,0107.0587339324,10.8136974972,0107.0587706939,10.8136698790,0107.0590197212,10.8136763113,0107.0592501128,10.8136738209,0107.0594806445,10.8136805033,0107.0597296018,10.8136778428,0107.0599235120,10.8137757025,0107.0599419977,10.8138028006,0107.0599884019,10.8139022005,0107.0600258833,10.8141016003,0107.0600448089,10.8142377212,0107.0600633646,10.8143100929,0107.0600362459,10.8144648192,0</coordinates></LinearRing></outerBoundaryIs></Polygon></Placemark><Placemark><name>DXF polygon 246</name><description><![CDATA[DXF entity 246; diện tích hình học thô xấp xỉ 0.6603 ha; phân loại tham chiếu theo màu PDF: Tràm 2022-2025.]]></description><styleUrl>#forest</styleUrl><Polygon><outerBoundaryIs><LinearRing><coordinates>107.0673560919,10.8202631686,0107.0673097476,10.8201911369,0107.0672820490,10.8201732115,0107.0672357047,10.8201192752,0107.0671895904,10.8200925171,0107.0671526090,10.8200565763,0107.0671249004,10.8200387409,0107.0670602204,10.8199939774,0107.0670046732,10.8199128430,0107.0669861075,10.8198858349,0107.0668937889,10.8198413214,0107.0668473046,10.8197237361,0107.0668840761,10.8196870251,0107.0669757448,10.8195044305,0107.0670214292,10.8193858150,0107.0670765465,10.8193125731,0107.0672609638,10.8193196855,0107.0674084696,10.8193180453,0107.0675744712,10.8193254177,0107.0676206655,10.8193611785,0107.0676392212,10.8194064621,0107.0676485740,10.8194518357,0107.0676586568,10.8197150447,0107.0676224652,10.8199334901,0107.0675861236,10.8201154846,0107.0675405092,10.8202885564,0107.0675312963,10.8202886465,0107.0674114191,10.8202717512,0107.0673560919,10.8202632586,0107.0673560919,10.8202631686,0</coordinates></LinearRing></outerBoundaryIs></Polygon></Placemark><Placemark><name>DXF polygon 247</name><description><![CDATA[DXF entity 247; diện tích hình học thô xấp xỉ 9.0606 ha; phân loại tham chiếu theo màu PDF: Tràm 2022-2025.]]></description><styleUrl>#forest</styleUrl><Polygon><outerBoundaryIs><LinearRing><coordinates>107.0623811868,10.8064829596,0107.0623535582,10.8064832097,0107.0622981510,10.8064747270,0107.0621690809,10.8064580118,0107.0620768423,10.8064498593,0107.0620305080,10.8063686448,0107.0620305080,10.8063686448,0107.0620303580,10.8063323640,0107.0620211451,10.8063233613,0107.0620026594,10.8062962531,0107.0620025894,10.8062781677,0107.0619748108,10.8062511495,0107.0619467624,10.8061062060,0107.0619556752,10.8060243015,0107.0619649581,10.8060332142,0107.0619279767,10.8060063761,0107.0619464024,10.8059880206,0107.0619371196,10.8059609225,0107.0619461824,10.8059244715,0107.0619551754,10.8058517398,0107.0619552453,10.8058880206,0107.0619551754,10.8058517398,0107.0619643182,10.8058243816,0107.0620100026,10.8056876706,0107.0620006498,10.8056423871,0107.0620097927,10.8056332143,0107.0619912970,10.8056060161,0107.0620003699,10.8055514698,0107.0620000799,10.8054515598,0107.0620183556,10.8054241116,0107.0620182057,10.8053787480,0107.0619903671,10.8053245417,0107.0619811542,10.8053155390,0107.0619810843,10.8052792582,0107.0619898672,10.8051609827,0107.0619898672,10.8051518900,0107.0619990801,10.8051246218,0107.0620171359,10.8050154491,0107.0620261988,10.8049699055,0107.0620905289,10.8048965736,0107.0621549189,10.8048505199,0107.0622010433,10.8048409071,0107.0623667449,10.8047664550,0107.0624587736,10.8047199712,0107.0624771893,10.8047107084,0107.0625692880,10.8046824901,0107.0625692880,10.8046824901,0107.0626613766,10.8046633545,0107.0626890852,10.8046631045,0107.0627350596,10.8046081281,0107.0628086625,10.8045800798,0107.0628363611,10.8045797297,0107.0628547868,10.8045795597,0107.0628639197,10.8045612942,0107.0629837870,10.8045509113,0107.0630021327,10.8045507412,0107.0630297613,10.8045323058,0107.0630849485,10.8044863321,0107.0630940814,10.8044680666,0107.0631124371,10.8044224329,0107.0631399958,10.8043767193,0107.0631583415,10.8043583638,0107.0631951030,10.8043307556,0107.0632319444,10.8043121400,0107.0632595031,10.8042754191,0107.0632685659,10.8042481509,0107.0631945331,10.8041490111,0107.0631851802,10.8040855420,0107.0631941731,10.8040219130,0107.0631755475,10.8039403485,0107.0631938132,10.8039038076,0107.0631936033,10.8038310758,0107.0631843204,10.8038039776,0107.0631931733,10.8036948849,0107.0632022362,10.8036584340,0107.0632760591,10.8036485712,0107.0632944049,10.8036393084,0107.0633589449,10.8036386183,0107.0634234850,10.8036379282,0107.0634880150,10.8036463308,0107.0635158636,10.8036914444,0107.0635437122,10.8037547434,0107.0635529850,10.8037818415,0107.0635534149,10.8039272151,0107.0635534949,10.8039363078,0107.0635078705,10.8041184724,0107.0635078705,10.8041184724,0107.0634804619,10.8041731888,0107.0634897447,10.8042094696,0107.0635174433,10.8042091196,0107.0637200564,10.8041525129,0107.0638399136,10.8041694082,0107.0639598608,10.8041772107,0107.0640890109,10.8041939259,0107.0642457196,10.8042013783,0107.0643656569,10.8042182736,0107.0644670284,10.8042262461,0107.0645869056,10.8042249559,0107.0646606486,10.8042060003,0107.0646975600,10.8042237457,0107.0647621000,10.8042321483,0107.0648910302,10.8041944972,0107.0650201103,10.8041931270,0107.0650570917,10.8042380605,0107.0650663746,10.8042470633,0107.0650940731,10.8042650787,0107.0651866717,10.8043911466,0107.0652144403,10.8044362602,0107.0652145203,10.8044635284,0107.0652517817,10.8045902964,0107.0652704974,10.8046627682,0107.0652706373,10.8047173145,0107.0652985559,10.8048168844,0107.0653358273,10.8049254570,0107.0653358973,10.8049436425,0107.0653543930,10.8049615679,0107.0653544629,10.8049979288,0107.0653730987,10.8050431224,0107.0654102201,10.8051426123,0107.0654104400,10.8052062513,0107.0654105800,10.8052426223,0107.0654292157,10.8053150940,0107.0654477014,10.8053421021,0107.0654480613,10.8054602075,0107.0654481413,10.8054692002,0107.0654390684,10.8055238366,0107.0654207227,10.8055512848,0107.0654302155,10.8056602075,0107.0654489312,10.8057235865,0107.0654490012,10.8057417720,0107.0654768497,10.8058140637,0107.0655138312,10.8058499945,0107.0655231040,10.8058771927,0107.0655788012,10.8059855953,0107.0656066397,10.8060579770,0107.0656066397,10.8060579770,0107.0656160726,10.8061123533,0107.0656345583,10.8061394515,0107.0656533339,10.8062482041,0107.0656625468,10.8062572068,0107.0657459425,10.8063743621,0107.0657460825,10.8064107230,0107.0657373695,10.8066015502,0107.0657282366,10.8066198256,0107.0656821923,10.8066385212,0107.0655808108,10.8066486441,0107.0654886421,10.8066586769,0107.0653780578,10.8066689799,0107.0652766762,10.8066701000,0107.0651752247,10.8066711302,0107.0651752247,10.8066711302,0107.0650461546,10.8066543250,0107.0650092432,10.8066456623,0107.0649355602,10.8066737106,0107.0648617373,10.8066653880,0107.0647326572,10.8066576755,0107.0646035871,10.8066500530,0107.0644837199,10.8066422505,0107.0644467984,10.8066425906,0107.0643453569,10.8066346180,0107.0642531083,10.8066174727,0107.0641516567,10.8066185029,0107.0640778438,10.8065920949,0107.0640039510,10.8065384087,0107.0639023595,10.8064757997,0107.0638192537,10.8064494717,0107.0636994565,10.8064416692,0107.0636072878,10.8064517021,0107.0635519606,10.8064432195,0107.0633860491,10.8064540225,0107.0632016318,10.8064650955,0107.0629803930,10.8064493204,0107.0628513129,10.8064597934,0107.0626761885,10.8064616837,0107.0624918512,10.8064817494,0107.0624088154,10.8064736069,0107.0623811868,10.8064829596,0</coordinates></LinearRing></outerBoundaryIs></Polygon></Placemark><Placemark><name>DXF polygon 292</name><description><![CDATA[DXF entity 292; diện tích hình học thô xấp xỉ 12.8753 ha; phân loại tham chiếu theo màu PDF: Tràm 2022-2025.]]></description><styleUrl>#forest</styleUrl><Polygon><outerBoundaryIs><LinearRing><coordinates>107.0444803669,10.7983534354,0107.0444619511,10.7983536054,0107.0444527382,10.7983809636,0107.0443884081,10.7984451927,0107.0442503351,10.7985193848,0107.0441951479,10.7985471630,0107.0441400307,10.7986204049,0107.0441310378,10.7986841340,0107.0440944063,10.7987753913,0107.0440211532,10.7989487131,0107.0439385474,10.7990766714,0107.0438191000,10.7992143225,0107.0436626813,10.7993067700,0107.0435891484,10.7993619964,0107.0435246783,10.7993899547,0107.0435062525,10.7994174029,0107.0433958081,10.7994730594,0107.0432668780,10.7995197932,0107.0432116208,10.7995385788,0107.0430822008,10.7994037481,0107.0430637050,10.7994039182,0107.0428881607,10.7992786103,0107.0427865692,10.7992161715,0107.0427033335,10.7991352071,0107.0426016020,10.7990363973,0107.0425739135,10.7990003764,0107.0424906677,10.7989285948,0107.0423982291,10.7988297050,0107.0423889463,10.7988206923,0107.0423520348,10.7987938542,0107.0423057805,10.7987489106,0107.0422780820,10.7987310652,0107.0422411705,10.7987133199,0107.0421578648,10.7986141600,0107.0420563433,10.7985880020,0107.0419641147,10.7985435685,0107.0419641147,10.7985435685,0107.0419270632,10.7985167204,0107.0418809489,10.7984990551,0107.0418439675,10.7984631242,0107.0417885703,10.7984364462,0107.0417515189,10.7983915026,0107.0417054746,10.7983919327,0107.0416317316,10.7983927028,0107.0415948902,10.7984113083,0107.0415303501,10.7984119984,0107.0415304201,10.7984301739,0107.0414197657,10.7984221913,0107.0412814727,10.7984418270,0107.0411524026,10.7984341945,0107.0410878026,10.7983985137,0107.0410324754,10.7983900211,0107.0409587225,10.7983907812,0107.0408573510,10.7984099868,0107.0406822266,10.7984118671,0107.0405348707,10.7984861392,0107.0404520549,10.7985232702,0107.0403230548,10.7985428158,0107.0402861433,10.7985432459,0107.0402953562,10.7985340732,0107.0403137719,10.7985248104,0107.0403688891,10.7984787567,0107.0404147335,10.7983602312,0107.0404330793,10.7983509685,0107.0404233765,10.7981874994,0107.0403217251,10.7980977824,0107.0402569750,10.7980440062,0107.0402569051,10.7980076453,0107.0402935965,10.7979527589,0107.0402472023,10.7978442663,0107.0401915952,10.7977448564,0107.0402098109,10.7976720446,0107.0402097310,10.7976538591,0107.0402003781,10.7976267610,0107.0402003181,10.7975813074,0107.0400894538,10.7975098558,0107.0399973551,10.7975562495,0107.0399882223,10.7975563395,0107.0399514408,10.7976112259,0107.0399330950,10.7976477569,0107.0398687749,10.7977029033,0107.0397950220,10.7977036734,0107.0397486977,10.7976224490,0107.0397394249,10.7975952608,0107.0397207192,10.7975137864,0107.0396836678,10.7974687628,0107.0396649721,10.7973871083,0107.0396187778,10.7973512475,0107.0395727335,10.7973517676,0107.0395359720,10.7973793758,0107.0395175463,10.7974069140,0107.0394899176,10.7974253495,0107.0394163047,10.7974715733,0107.0393704104,10.7975083642,0107.0393611975,10.7975266297,0107.0393060103,10.7975726934,0107.0392600959,10.7976366625,0107.0392417502,10.7976641107,0107.0392510930,10.7977094843,0107.0392420301,10.7977549279,0107.0392605858,10.7978001315,0107.0392514429,10.7978274897,0107.0392423101,10.7978458452,0107.0392146714,10.7978733734,0107.0391871828,10.7979281798,0107.0391504213,10.7979648808,0107.0391227927,10.7979833162,0107.0390954441,10.7980563081,0107.0390862312,10.7980745735,0107.0390496097,10.7981475554,0107.0390403968,10.7981658208,0107.0390128382,10.7982024418,0107.0389577210,10.7982574982,0107.0389577210,10.7982574982,0107.0389395052,10.7983395828,0107.0389303723,10.7983578482,0107.0389119466,10.7983762037,0107.0388382737,10.7983860566,0107.0387830164,10.7984138448,0107.0386817749,10.7984694113,0107.0386358706,10.7985243877,0107.0386175848,10.7985971995,0107.0385993090,10.7986337304,0107.0385348490,10.7986525960,0107.0385164232,10.7986800442,0107.0384610960,10.7986624588,0107.0384702389,10.7986351007,0107.0384699590,10.7985352707,0107.0384698190,10.7984989098,0107.0385157234,10.7984348407,0107.0385341491,10.7984164852,0107.0385708406,10.7983706915,0107.0385892663,10.7983523461,0107.0386443136,10.7982699214,0107.0386625994,10.7982062024,0107.0386807351,10.7981152051,0107.0386713823,10.7980698315,0107.0386985910,10.7979152052,0107.0387258697,10.7977876670,0107.0387350126,10.7977603088,0107.0387714341,10.7976145952,0107.0387527984,10.7975694016,0107.0387526584,10.7975149452,0107.0387248999,10.7974516462,0107.0387061242,10.7973700817,0107.0386599399,10.7973251382,0107.0386505171,10.7972798546,0107.0386413042,10.7972708519,0107.0386412442,10.7972344810,0107.0386963515,10.7971794246,0107.0387239201,10.7971337109,0107.0387329830,10.7970973500,0107.0387329830,10.7970882673,0107.0387605516,10.7970425536,0107.0387695445,10.7969788245,0107.0387786774,10.7969696518,0107.0387694045,10.7969424636,0107.0387598518,10.7968154455,0107.0387505589,10.7968246183,0107.0387320032,10.7967703320,0107.0387226604,10.7967159557,0107.0387223804,10.7966251284,0107.0387407961,10.7966158757,0107.0387869905,10.7966335410,0107.0388515205,10.7966691318,0107.0388885019,10.7966777945,0107.0389531019,10.7967225680,0107.0389992263,10.7967129652,0107.0390175720,10.7967037024,0107.0391003879,10.7966302105,0107.0391094607,10.7965846669,0107.0391829237,10.7964929895,0107.0392013495,10.7964837268,0107.0392472538,10.7964287503,0107.0392933082,10.7963919594,0107.0393207168,10.7963371630,0107.0393481354,10.7962460857,0107.0393202969,10.7961918794,0107.0393108841,10.7961193177,0107.0393199470,10.7960646813,0107.0393198770,10.7960554986,0107.0393290898,10.7960373231,0107.0393290999,10.7960191477,0107.0393382327,10.7960099649,0107.0393382327,10.7960099649,0107.0393290898,10.7960373231,0107.0393475156,10.7960279703,0107.0393383027,10.7960371531,0107.0393383027,10.7960280604,0107.0393383027,10.7960280604,0107.0393290898,10.7960373231,0107.0393198070,10.7960283204,0107.0392919684,10.7959559287,0107.0392734127,10.7959198278,0107.0392640699,10.7958654515,0107.0392362314,10.7958021525,0107.0392175257,10.7957296807,0107.0392082528,10.7956934898,0107.0391896171,10.7956392035,0107.0391895471,10.7956118353,0107.0392078329,10.7955662117,0107.0392630901,10.7955293407,0107.0392907887,10.7955471761,0107.0393369030,10.7955648415,0107.0394567702,10.7955726540,0107.0395397960,10.7955808966,0107.0396042661,10.7955529383,0107.0396410276,10.7955344128,0107.0397239134,10.7954971918,0107.0398068691,10.7954963417,0107.0398529835,10.7955049243,0107.0399175935,10.7955315124,0107.0399638578,10.7955672732,0107.0399914764,10.7955761159,0107.0400653693,10.7956025239,0107.0400745721,10.7956116266,0107.0401392522,10.7956473074,0107.0401484550,10.7956562201,0107.0401762336,10.7956741555,0107.0401948593,10.7957556300,0107.0401765136,10.7957739755,0107.0401488850,10.7957834182,0107.0401211764,10.7957836683,0107.0400752020,10.7958114565,0107.0400844149,10.7958112865,0107.0400661391,10.7958569102,0107.0400569962,10.7958933611,0107.0400294376,10.7959390747,0107.0400388605,10.7959843583,0107.0400757619,10.7960111964,0107.0401126733,10.7960198591,0107.0401681405,10.7960557199,0107.0402050520,10.7960734753,0107.0402602991,10.7960728752,0107.0402971406,10.7960543497,0107.0403433249,10.7960811178,0107.0403711735,10.7961353141,0107.0404082149,10.7961894404,0107.0404267006,10.7962255412,0107.0404821678,10.7962703147,0107.0405005135,10.7962519593,0107.0405467078,10.7962606319,0107.0406205307,10.7962779572,0107.0406851308,10.7963136380,0107.0407498808,10.7963674143,0107.0407960751,10.7964032651,0107.0408053479,10.7964303632,0107.0408238336,10.7964574714,0107.0408700879,10.7965115076,0107.0408700879,10.7965115076,0107.0408978665,10.7965475285,0107.0408980065,10.7965929821,0107.0409350479,10.7966561011,0107.0409351279,10.7966651938,0107.0409075593,10.7967018148,0107.0409076992,10.7967653638,0107.0409171221,10.7968107374,0107.0409356078,10.7968377556,0107.0409448206,10.7968467583,0107.0409818021,10.7968645136,0107.0410095006,10.7968914418,0107.0410925264,10.7968996844,0107.0411479236,10.7969263624,0107.0412124536,10.7969348551,0107.0412864865,10.7970066367,0107.0413418837,10.7970515003,0107.0413511565,10.7970695957,0107.0414067037,10.7971325447,0107.0414159066,10.7971324646,0107.0414435351,10.7971321146,0107.0414990823,10.7971860708,0107.0415359837,10.7972129189,0107.0416007338,10.7972757779,0107.0416284323,10.7972936233,0107.0416285023,10.7973027060,0107.0416377152,10.7973117187,0107.0417023252,10.7973292141,0107.0417854110,10.7973920030,0107.0418131896,10.7974098384,0107.0418316753,10.7974368565,0107.0419055582,10.7974815501,0107.0419148410,10.7974995555,0107.0419885839,10.7975078781,0107.0419978668,10.7975077981,0107.0420716897,10.7975252034,0107.0420900254,10.7975249433,0107.0421362198,10.7975245233,0107.0421823341,10.7975421887,0107.0421824840,10.7975875623,0107.0422010397,10.7976236631,0107.0422564369,10.7976685266,0107.0423488055,10.7977311356,0107.0423765141,10.7977307955,0107.0424411941,10.7977664763,0107.0425426356,10.7977835416,0107.0425518485,10.7977834616,0107.0426071757,10.7977828615,0107.0426347243,10.7977825114,0107.0426992643,10.7977818313,0107.0427822901,10.7977809812,0107.0428283344,10.7977804611,0107.0428651759,10.7977710383,0107.0429389988,10.7977793609,0107.0429666274,10.7977608254,0107.0430034589,10.7977514026,0107.0430772118,10.7977506325,0107.0431233961,10.7977682979,0107.0431970690,10.7977584350,0107.0432431933,10.7977670177,0107.0433353620,10.7977478921,0107.0434183178,10.7977288565,0107.0434827879,10.7977099909,0107.0435010536,10.7976825427,0107.0435469680,10.7975912054,0107.0435743866,10.7975274063,0107.0436202910,10.7974633372,0107.0436107982,10.7973816927,0107.0436013854,10.7972999482,0107.0435644039,10.7972640174,0107.0435272825,10.7971918057,0107.0435180097,10.7971646175,0107.0435085868,10.7971102412,0107.0434344140,10.7969748205,0107.0433973726,10.7969025187,0107.0433695240,10.7968574052,0107.0433694540,10.7968392197,0107.0434153684,10.7967478824,0107.0435075970,10.7967832131,0107.0435906328,10.7967823630,0107.0436367471,10.7968091211,0107.0436643757,10.7967906856,0107.0437380487,10.7967626473,0107.0437748901,10.7967622172,0107.0438579159,10.7967613571,0107.0438946074,10.7967155634,0107.0439497246,10.7966423215,0107.0439862862,10.7965329788,0107.0440413334,10.7964597369,0107.0441148663,10.7963953277,0107.0441609807,10.7963857149,0107.0442718550,10.7964572566,0107.0443457379,10.7965110328,0107.0443275321,10.7965838446,0107.0443093263,10.7966566564,0107.0443187392,10.7967292082,0107.0443559306,10.7968286980,0107.0443376548,10.7968925071,0107.0443748462,10.7969920871,0107.0444487291,10.7970457733,0107.0445226120,10.7970813741,0107.0445318248,10.7970811940,0107.0445504605,10.7971354903,0107.0446518320,10.7971253674,0107.0446886035,10.7970886665,0107.0447252950,10.7970337801,0107.0447620665,10.7969879764,0107.0448079709,10.7969239173,0107.0448723709,10.7968777735,0107.0449735325,10.7968040216,0107.0450564883,10.7967940687,0107.0451486569,10.7967930386,0107.0452225398,10.7968377321,0107.0452960728,10.7967642301,0107.0453327043,10.7966730629,0107.0453601229,10.7966091738,0107.0453785387,10.7965999110,0107.0454153801,10.7965722928,0107.0454430088,10.7965538573,0107.0454519316,10.7964810455,0107.0454702174,10.7964081436,0107.0455251147,10.7962895282,0107.0455250447,10.7962713527,0107.0455157719,10.7962260691,0107.0455246948,10.7961442446,0107.0456075106,10.7960888481,0107.0456166435,10.7960705727,0107.0456350692,10.7960431345,0107.0456532750,10.7959793254,0107.0456991794,10.7959152562,0107.0457542966,10.7958601998,0107.0457172552,10.7957878981,0107.0456892666,10.7956974209,0107.0456983395,10.7956336918,0107.0457258181,10.7955879781,0107.0457718725,10.7955511872,0107.0458087140,10.7955416644,0107.0459009426,10.7955770951,0107.0459931812,10.7955760650,0107.0460485084,10.7955664622,0107.0460762870,10.7956024830,0107.0460764970,10.7956751248,0107.0460859798,10.7957748647,0107.0460677739,10.7958749547,0107.0460587710,10.7959386838,0107.0460314324,10.7960298511,0107.0459671023,10.7961213584,0107.0459027722,10.7961946803,0107.0458569378,10.7962587494,0107.0458018906,10.7963501768,0107.0457283576,10.7964235887,0107.0456733904,10.7965150960,0107.0456274060,10.7965881679,0107.0456181931,10.7965882479,0107.0455447402,10.7966617498,0107.0454894730,10.7967077235,0107.0454527815,10.7967535172,0107.0454527815,10.7967626099,0107.0454252929,10.7968083236,0107.0454161500,10.7968356817,0107.0453886613,10.7968995709,0107.0453427570,10.7969545473,0107.0452967026,10.7969913382,0107.0452324525,10.7970647501,0107.0452232397,10.7970829356,0107.0452051039,10.7971649301,0107.0452051139,10.7971558374,0107.0451867581,10.7972104638,0107.0451409238,10.7972836156,0107.0451134352,10.7973293293,0107.0450949394,10.7973386821,0107.0450767336,10.7974024912,0107.0450583879,10.7974299394,0107.0450400421,10.7974663803,0107.0450492450,10.7974663003,0107.0450493950,10.7975026612,0107.0450126235,10.7975484648,0107.0450126235,10.7975393721,0107.0449852049,10.7976213567,0107.0449852049,10.7976213567,0107.0449577162,10.7976943385,0107.0449486433,10.7977307894,0107.0449211547,10.7977855958,0107.0448660475,10.7978497449,0107.0448661175,10.7978588377,0107.0447924345,10.7979141541,0107.0447280344,10.7979511151,0107.0447188316,10.7979602979,0107.0447005558,10.7979877361,0107.0446545015,10.7980336198,0107.0446546414,10.7980790734,0107.0446824900,10.7981241869,0107.0446827699,10.7982241069,0107.0446828399,10.7982422924,0107.0446552713,10.7982879960,0107.0444803669,10.7983534354,0</coordinates></LinearRing></outerBoundaryIs></Polygon></Placemark><Placemark><name>DXF polygon 352</name><description><![CDATA[DXF entity 352; diện tích hình học thô xấp xỉ 0.2695 ha; phân loại tham chiếu theo màu PDF: Tràm 2022-2025.]]></description><styleUrl>#forest</styleUrl><Polygon><outerBoundaryIs><LinearRing><coordinates>107.0578238144,10.8236079072,0107.0578238144,10.8236079072,0107.0578238144,10.8236079072,0107.0578330973,10.8236078272,0107.0578330973,10.8236078272,0107.0578423102,10.8236077372,0107.0578700088,10.8236073971,0107.0578792216,10.8236073071,0107.0578792216,10.8236073071,0107.0578883545,10.8236072171,0107.0579068502,10.8236070471,0107.0579160631,10.8236068770,0107.0579345588,10.8236067070,0107.0579437617,10.8236066170,0107.0579529745,10.8236156297,0107.0579621774,10.8236155397,0107.0579714603,10.8236244624,0107.0579807431,10.8236607433,0107.0579808131,10.8236788287,0107.0579716802,10.8236880114,0107.0579717502,10.8237243723,0107.0579625373,10.8237426378,0107.0579625373,10.8237517305,0107.0579442616,10.8237791787,0107.0579350487,10.8237792687,0107.0579258358,10.8238066269,0107.0579167730,10.8238338951,0107.0579167730,10.8238338951,0107.0579076301,10.8238612533,0107.0578892143,10.8238796088,0107.0578893543,10.8239159697,0107.0578802114,10.8239433278,0107.0578802914,10.8239614233,0107.0578619357,10.8240071470,0107.0578436599,10.8240436779,0107.0578344470,10.8240528606,0107.0578254541,10.8241255824,0107.0578254541,10.8241255824,0107.0578071784,10.8241802988,0107.0578073184,10.8242165797,0107.0577981055,10.8242439379,0107.0577800397,10.8243531206,0107.0577526210,10.8244351951,0107.0576700252,10.8245359652,0107.0576239009,10.8245455780,0107.0575040236,10.8245286828,0107.0574669622,10.8244836592,0107.0575035237,10.8243651237,0107.0575400053,10.8242375956,0107.0575856996,10.8241281628,0107.0576130483,10.8240098074,0107.0576496098,10.8239003646,0107.0576952942,10.8237909319,0107.0577410586,10.8236723164,0107.0577776901,10.8235902418,0107.0577776901,10.8235902418,0107.0577776901,10.8235902418,0107.0578238144,10.8236079072,0</coordinates></LinearRing></outerBoundaryIs></Polygon></Placemark><Placemark><name>DXF polygon 392</name><description><![CDATA[DXF entity 392; diện tích hình học thô xấp xỉ 0.6839 ha; phân loại tham chiếu theo màu PDF: Tràm 2022-2025.]]></description><styleUrl>#forest</styleUrl><Polygon><outerBoundaryIs><LinearRing><coordinates>107.0610878687,10.8236638688,0107.0610417444,10.8236552962,0107.0610325415,10.8236553762,0107.0607835742,10.8236580366,0107.0607282470,10.8236495540,0107.0607006184,10.8236588968,0107.0606913255,10.8236498941,0107.0604608639,10.8236523845,0107.0603133580,10.8236539247,0107.0602673037,10.8236544448,0107.0601751351,10.8236644777,0107.0601659922,10.8237009286,0107.0602401050,10.8238090811,0107.0602493079,10.8238180838,0107.0602493879,10.8238453620,0107.0602773065,10.8239086510,0107.0602959321,10.8239811228,0107.0603145678,10.8240445018,0107.0603332136,10.8240896954,0107.0603792578,10.8240983681,0107.0605452594,10.8241056505,0107.0605728880,10.8240962177,0107.0605821009,10.8240961277,0107.0607757311,10.8240940674,0107.0609692812,10.8240829143,0107.0611076542,10.8240905468,0107.0612182486,10.8240893366,0107.0614211617,10.8240962890,0107.0614579931,10.8240958589,0107.0615776604,10.8240310097,0107.0616237047,10.8240124041,0107.0616050690,10.8239581178,0107.0615675877,10.8237586280,0107.0615212534,10.8236774136,0107.0613643947,10.8236517656,0107.0611706845,10.8236266378,0107.0610970116,10.8236455934,0107.0610878687,10.8236638688,0</coordinates></LinearRing></outerBoundaryIs></Polygon></Placemark><Placemark><name>DXF polygon 451</name><description><![CDATA[DXF entity 451; diện tích hình học thô xấp xỉ 1.9347 ha; phân loại tham chiếu theo màu PDF: Tràm 2022-2025.]]></description><styleUrl>#forest</styleUrl><Polygon><outerBoundaryIs><LinearRing><coordinates>107.0616568969,10.8228220673,0107.0616661797,10.8228310700,0107.0617123041,10.8228305599,0107.0618598099,10.8228290097,0107.0620626529,10.8228359521,0107.0621640345,10.8228257492,0107.0622838317,10.8228244590,0107.0624129918,10.8228412642,0107.0624222747,10.8228411742,0107.0625515047,10.8229215385,0107.0627451349,10.8229194781,0107.0628096750,10.8229187880,0107.0628650122,10.8229090952,0107.0628834279,10.8229089252,0107.0629110565,10.8229085751,0107.0630678452,10.8229069449,0107.0631323853,10.8229153475,0107.0632799011,10.8229046145,0107.0633721397,10.8229308625,0107.0633814226,10.8229398652,0107.0634003483,10.8230850688,0107.0634095511,10.8230940715,0107.0634372597,10.8231028241,0107.0635756227,10.8231286321,0107.0636678013,10.8231366946,0107.0638614215,10.8231346243,0107.0638706344,10.8231345443,0107.0639261115,10.8231974932,0107.0639450372,10.8233426068,0107.0639825285,10.8235239112,0107.0639919513,10.8236055657,0107.0639462570,10.8237240912,0107.0638723540,10.8237066758,0107.0636880867,10.8237268416,0107.0635682095,10.8237281318,0107.0633652964,10.8237211894,0107.0632547021,10.8237132969,0107.0631716663,10.8236869689,0107.0631346848,10.8236601308,0107.0629224889,10.8236351830,0107.0627842660,10.8236457359,0107.0625999886,10.8236839871,0107.0625629372,10.8236208682,0107.0625075300,10.8235941901,0107.0624614857,10.8235947102,0107.0622770584,10.8236147759,0107.0620465168,10.8235990909,0107.0619266495,10.8235731029,0107.0618435337,10.8235558676,0107.0617974194,10.8235291095,0107.0616867551,10.8235212270,0107.0616681793,10.8235032115,0107.0616309180,10.8233582680,0107.0616305580,10.8232583581,0107.0616396909,10.8232219972,0107.0616488338,10.8231855463,0107.0616568969,10.8228220673,0</coordinates></LinearRing></outerBoundaryIs></Polygon></Placemark><Placemark><name>DXF polygon 541</name><description><![CDATA[DXF entity 541; diện tích hình học thô xấp xỉ 0.8109 ha; phân loại tham chiếu theo màu PDF: Tràm 2022-2025.]]></description><styleUrl>#forest</styleUrl><Polygon><outerBoundaryIs><LinearRing><coordinates>107.0598245062,10.8235774411,0107.0598245062,10.8235774411,0107.0598245062,10.8235774411,0107.0598245062,10.8235774411,0107.0598429219,10.8235863538,0107.0598614177,10.8235860937,0107.0598706206,10.8235860137,0107.0598798334,10.8235950164,0107.0598798334,10.8235950164,0107.0598983292,10.8235948464,0107.0599167449,10.8235945863,0107.0599443735,10.8235943263,0107.0599535863,10.8235942463,0107.0599628692,10.8235941563,0107.0599720021,10.8235849835,0107.0599812149,10.8235848935,0107.0599904278,10.8235847235,0107.0599997107,10.8235846335,0107.0600088435,10.8235754607,0107.0600180564,10.8235753707,0107.0600273393,10.8235661980,0107.0600365522,10.8235661180,0107.0600456850,10.8235660280,0107.0600641107,10.8235476725,0107.0600641107,10.8235476725,0107.0600733236,10.8235384997,0107.0600733236,10.8235384997,0107.0600732436,10.8235294070,0107.0600639708,10.8235021288,0107.0600454751,10.8234842034,0107.0600361922,10.8234661080,0107.0600269094,10.8234390099,0107.0600176265,10.8234299971,0107.0600176265,10.8234209044,0107.0599991408,10.8233938963,0107.0599897779,10.8233848936,0107.0599806451,10.8233849736,0107.0599713622,10.8233759709,0107.0599436636,10.8233490428,0107.0599343808,10.8233310373,0107.0599066122,10.8232949265,0107.0598788336,10.8232770811,0107.0598604179,10.8232682584,0107.0598050807,10.8232687685,0107.0597682392,10.8232691986,0107.0597221149,10.8232606259,0107.0596390791,10.8232614760,0107.0596390791,10.8232614760,0107.0594823604,10.8232631963,0107.0593072259,10.8232831821,0107.0592243401,10.8233022176,0107.0592058444,10.8232843022,0107.0590766843,10.8232674870,0107.0590491357,10.8232768398,0107.0589015499,10.8232784700,0107.0588555755,10.8232970855,0107.0587724597,10.8232798503,0107.0586250339,10.8232904832,0107.0585789796,10.8233000860,0107.0585327852,10.8232824207,0107.0583759266,10.8232295946,0107.0583574308,10.8232297646,0107.0582007221,10.8232405776,0107.0581730936,10.8232226422,0107.0579978091,10.8232154498,0107.0579885962,10.8232155298,0107.0578785818,10.8233983845,0107.0578051788,10.8235262527,0107.0578054687,10.8236171699,0107.0578606559,10.8235893817,0107.0580542761,10.8235963241,0107.0582017819,10.8235947838,0107.0584415464,10.8235831107,0107.0584691750,10.8235828607,0107.0585429980,10.8235820905,0107.0586259637,10.8235902331,0107.0587458410,10.8235889429,0107.0589025497,10.8235964054,0107.0590224269,10.8236042079,0107.0591515171,10.8235937449,0107.0593082258,10.8235920247,0107.0594371659,10.8235634663,0107.0594556616,10.8235632062,0107.0596123803,10.8235615760,0107.0597322576,10.8235693785,0107.0597691690,10.8235871339,0107.0598337091,10.8235864438,0107.0598245062,10.8235774411,0</coordinates></LinearRing></outerBoundaryIs></Polygon></Placemark><Placemark><name>DXF polygon 616</name><description><![CDATA[DXF entity 616; diện tích hình học thô xấp xỉ 3.9169 ha; phân loại tham chiếu theo màu PDF: Tràm 2022-2025.]]></description><styleUrl>#forest</styleUrl><Polygon><outerBoundaryIs><LinearRing><coordinates>107.0518858039,10.8204285150,0107.0518859439,10.8204830614,0107.0518860239,10.8205012469,0107.0518860139,10.8205103396,0107.0517941251,10.8206111897,0107.0514254405,10.8206514112,0107.0513977319,10.8206426685,0107.0510566759,10.8206462591,0107.0508999572,10.8206751575,0107.0507247527,10.8206588624,0107.0506325841,10.8206689852,0107.0501528752,10.8205742061,0107.0500231552,10.8203665637,0107.0499028580,10.8202043849,0107.0497826308,10.8200967524,0107.0495702350,10.8199717846,0107.0494134463,10.8199643221,0107.0490999389,10.8199585699,0107.0490811732,10.8198407246,0107.0491636391,10.8196854982,0107.0492184764,10.8195213390,0107.0492549679,10.8193847181,0107.0493184482,10.8190298218,0107.0493355942,10.8186299920,0107.0493628029,10.8184752756,0107.0493628029,10.8184752756,0107.0494827501,10.8184921709,0107.0496394588,10.8184995433,0107.0497777518,10.8184980931,0107.0499345405,10.8184964628,0107.0500543377,10.8185042754,0107.0501097449,10.8185127680,0107.0502022036,10.8185843796,0107.0502762364,10.8186835194,0107.0503595421,10.8188189502,0107.0503781778,10.8188732365,0107.0504339349,10.8189906418,0107.0504340749,10.8190451981,0107.0504617835,10.8190539408,0107.0505079678,10.8190897916,0107.0505450992,10.8191711861,0107.0505913535,10.8192343151,0107.0506376978,10.8192973440,0107.0506561035,10.8193153594,0107.0506930949,10.8193422076,0107.0508039693,10.8194045564,0107.0508132521,10.8194317446,0107.0509149836,10.8195396371,0107.0510073722,10.8196022460,0107.0510442837,10.8196109987,0107.0510811951,10.8196287540,0107.0510996808,10.8196466694,0107.0511090437,10.8196647749,0107.0512198380,10.8197452992,0107.0512291209,10.8197634046,0107.0513030837,10.8198352763,0107.0513677738,10.8198708671,0107.0513954724,10.8198977952,0107.0515064167,10.8199965049,0107.0515341153,10.8200144404,0107.0515711667,10.8200685566,0107.0515713167,10.8201049175,0107.0515990153,10.8201318557,0107.0516268639,10.8201678765,0107.0517008267,10.8202397482,0107.0517469410,10.8202755890,0107.0517932053,10.8203114398,0107.0518856639,10.8203921441,0107.0518949468,10.8204102496,0107.0518950168,10.8204284250,0107.0518950168,10.8204284250,0107.0518950168,10.8204284250,0107.0518858039,10.8204285150,0</coordinates></LinearRing></outerBoundaryIs></Polygon></Placemark><Placemark><name>DXF polygon 699</name><description><![CDATA[DXF entity 699; diện tích hình học thô xấp xỉ 0.7788 ha; phân loại tham chiếu theo màu PDF: Tràm 2022-2025.]]></description><styleUrl>#forest</styleUrl><Polygon><outerBoundaryIs><LinearRing><coordinates>107.0513379321,10.8214095884,0107.0513355314,10.8214063174,0107.0513170357,10.8213792992,0107.0513077628,10.8213611138,0107.0513076828,10.8213520211,0107.0512984800,10.8213431084,0107.0512984100,10.8213158302,0107.0512891271,10.8213068275,0107.0512891271,10.8212977347,0107.0512891272,10.8212886420,0107.0512798443,10.8212797193,0107.0512798443,10.8212706366,0107.0512798443,10.8212615439,0107.0512704914,10.8212434384,0107.0512704214,10.8212253530,0107.0512703415,10.8212071676,0107.0512703515,10.8211980748,0107.0512702815,10.8211798894,0107.0512702815,10.8211617139,0107.0512702115,10.8211526212,0107.0512609986,10.8211436985,0107.0512794244,10.8211253531,0107.0512978401,10.8211250930,0107.0513069730,10.8211250030,0107.0513162659,10.8211158303,0107.0513254687,10.8211157402,0107.0513346116,10.8211065675,0107.0513346116,10.8211065675,0107.0513346116,10.8211065675,0107.0513346116,10.8210974748,0107.0513346116,10.8210974748,0107.0513345316,10.8210883821,0107.0513621702,10.8210699466,0107.0513713731,10.8210698566,0107.0513897988,10.8210605938,0107.0514175074,10.8210602537,0107.0514266403,10.8210510810,0107.0514542689,10.8210235428,0107.0514541989,10.8210053673,0107.0514541289,10.8209872719,0107.0514540589,10.8209599937,0107.0514447061,10.8209328056,0107.0514354232,10.8209147101,0107.0514262204,10.8208966147,0107.0514169375,10.8208785993,0107.0514168675,10.8208604238,0107.0514075047,10.8208332257,0107.0513798161,10.8207972048,0107.0513705332,10.8207882021,0107.0513519675,10.8207430085,0107.0513518976,10.8207158204,0107.0514255805,10.8206968648,0107.0514624920,10.8206964347,0107.0515362449,10.8206956646,0107.0516007149,10.8206767991,0107.0516099278,10.8206767190,0107.0517665665,10.8206478106,0107.0518592351,10.8208011567,0107.0518414492,10.8210194321,0107.0518507321,10.8210556230,0107.0518967864,10.8210188320,0107.0519612565,10.8209999665,0107.0520534951,10.8210352972,0107.0520812037,10.8210350472,0107.0521644495,10.8211159216,0107.0521829352,10.8211338470,0107.0522016509,10.8212063187,0107.0522294195,10.8212423396,0107.0522391222,10.8214058086,0107.0521839949,10.8214971459,0107.0521750020,10.8215608750,0107.0521295276,10.8217429495,0107.0521111719,10.8217885732,0107.0518991960,10.8218090690,0107.0518714874,10.8218002363,0107.0518527217,10.8216914036,0107.0518430089,10.8215371074,0107.0516401759,10.8215211623,0107.0516124673,10.8215214123,0107.0515295115,10.8215223625,0107.0513379321,10.8214095884,0</coordinates></LinearRing></outerBoundaryIs></Polygon></Placemark><Placemark><name>DXF polygon 768</name><description><![CDATA[DXF entity 768; diện tích hình học thô xấp xỉ 0.7581 ha; phân loại tham chiếu theo màu PDF: Đất lấn chiếm mới.]]></description><styleUrl>#new</styleUrl><Polygon><outerBoundaryIs><LinearRing><coordinates>107.0493348144,10.8183575203,0107.0493440972,10.8184028039,0107.0493536600,10.8184844484,0107.0493352342,10.8185118966,0107.0493076756,10.8185394248,0107.0492431356,10.8185401049,0107.0491601798,10.8185319623,0107.0491140555,10.8185142869,0107.0490033911,10.8185244898,0107.0489204353,10.8185163473,0107.0488925867,10.8184803264,0107.0488741710,10.8184532183,0107.0488741710,10.8184532183,0107.0488556753,10.8184624810,0107.0488003481,10.8184630811,0107.0487727195,10.8184452457,0107.0487817824,10.8184178875,0107.0487999881,10.8183541685,0107.0488092010,10.8183358930,0107.0488366897,10.8182810966,0107.0488364797,10.8182174475,0107.0488549055,10.8181900093,0107.0488824641,10.8181624811,0107.0489100227,10.8181349529,0107.0489191555,10.8181166774,0107.0489559970,10.8180980719,0107.0490018414,10.8180068146,0107.0490017014,10.8179704537,0107.0489924186,10.8179524483,0107.0490015515,10.8179250901,0107.0490013415,10.8178524483,0107.0490012015,10.8178159874,0107.0490379030,10.8177520083,0107.0490379030,10.8177520083,0107.0490286202,10.8177340029,0107.0490286202,10.8177158174,0107.0490467660,10.8176157274,0107.0490372631,10.8175431757,0107.0490096446,10.8175253403,0107.0489911488,10.8175255003,0107.0489450245,10.8175078349,0107.0488619188,10.8174724142,0107.0487696801,10.8174552589,0107.0487603973,10.8174371635,0107.0487419116,10.8174101553,0107.0487509744,10.8173827872,0107.0487323387,10.8173284108,0107.0487322088,10.8172648618,0107.0488149546,10.8171821871,0107.0488240875,10.8171730044,0107.0488240275,10.8171367335,0107.0488055318,10.8171187181,0107.0488053918,10.8170551690,0107.0488052518,10.8170278908,0107.0489434749,10.8169901597,0107.0489895192,10.8169896496,0107.0490171578,10.8169712142,0107.0490539892,10.8169707841,0107.0491370250,10.8169881094,0107.0491557307,10.8170786766,0107.0492762378,10.8172863090,0107.0493599035,10.8175033842,0107.0493606133,10.8177394950,0107.0493151989,10.8179671132,0107.0493250416,10.8181849485,0107.0493253215,10.8182758658,0107.0493348144,10.8183575203,0</coordinates></LinearRing></outerBoundaryIs></Polygon></Placemark><Placemark><name>DXF polygon 835</name><description><![CDATA[DXF entity 835; diện tích hình học thô xấp xỉ 0.5958 ha; phân loại tham chiếu theo màu PDF: Đất lấn chiếm KL 260.]]></description><styleUrl>#old</styleUrl><Polygon><outerBoundaryIs><LinearRing><coordinates>107.0576900498,10.8190314049,0107.0576623413,10.8190225722,0107.0576345626,10.8190047368,0107.0576805470,10.8189770286,0107.0577450871,10.8189581630,0107.0578002043,10.8189031066,0107.0578094171,10.8189029265,0107.0578370457,10.8188935838,0107.0578739572,10.8188931437,0107.0579201516,10.8189018164,0107.0579292944,10.8189016363,0107.0579753387,10.8188921236,0107.0579845516,10.8188920335,0107.0579938345,10.8188828608,0107.0580398088,10.8188641553,0107.0580582345,10.8188548925,0107.0580950660,10.8188454697,0107.0581688189,10.8188356069,0107.0582056604,10.8188351668,0107.0582425719,10.8188347367,0107.0583346805,10.8188065184,0107.0583438834,10.8188064384,0107.0583530962,10.8188063484,0107.0583807249,10.8187879129,0107.0583992206,10.8187967456,0107.0584636906,10.8187869628,0107.0584912392,10.8187685273,0107.0585281607,10.8187500018,0107.0585372936,10.8187408290,0107.0586018336,10.8187401389,0107.0586940123,10.8187482015,0107.0587309938,10.8187478614,0107.0588415881,10.8187557440,0107.0588692867,10.8187644866,0107.0589522525,10.8187545438,0107.0590259254,10.8187355882,0107.0591273870,10.8187526535,0107.0592471842,10.8187332678,0107.0592748928,10.8187238350,0107.0593301500,10.8187323277,0107.0593577086,10.8186866140,0107.0594775859,10.8186853238,0107.0594960016,10.8186851538,0107.0595328431,10.8186757210,0107.0596250817,10.8186837735,0107.0596438574,10.8188016189,0107.0596903416,10.8189282870,0107.0596445073,10.8190105415,0107.0596260815,10.8190198043,0107.0595892400,10.8190383298,0107.0594324614,10.8190218646,0107.0592758227,10.8190234949,0107.0591835740,10.8190154323,0107.0591191039,10.8190525734,0107.0591006082,10.8190527434,0107.0588517908,10.8190735893,0107.0586580207,10.8190391987,0107.0586396850,10.8190393687,0107.0585934906,10.8190217033,0107.0583999304,10.8190419391,0107.0581878845,10.8190442695,0107.0580034673,10.8190280543,0107.0577914214,10.8190302847,0107.0577452970,10.8190398975,0107.0576900498,10.8190314049,0</coordinates></LinearRing></outerBoundaryIs></Polygon></Placemark><Placemark><name>DXF polygon 1122</name><description><![CDATA[DXF entity 1122; diện tích hình học thô xấp xỉ 10.4675 ha; phân loại tham chiếu theo màu PDF: Tràm 2022-2025.]]></description><styleUrl>#forest</styleUrl><Polygon><outerBoundaryIs><LinearRing><coordinates>107.0523100357,10.8204876134,0107.0522731942,10.8204971362,0107.0521164855,10.8205078492,0107.0520705011,10.8205446401,0107.0520705812,10.8205537329,0107.0520799240,10.8206081092,0107.0521169754,10.8206804109,0107.0521171853,10.8207530527,0107.0521266882,10.8208074190,0107.0521728125,10.8208341871,0107.0522836168,10.8208875333,0107.0523852083,10.8209500522,0107.0524498883,10.8210038284,0107.0524686740,10.8210944856,0107.0524872297,10.8211487719,0107.0524873697,10.8211941355,0107.0525336440,10.8212299863,0107.0525428469,10.8212389990,0107.0525706854,10.8213022880,0107.0525892511,10.8213383989,0107.0526168797,10.8213380488,0107.0526537912,10.8213559843,0107.0527093383,10.8214098405,0107.0527186212,10.8214279459,0107.0527373969,10.8215275958,0107.0527373968,10.8215457813,0107.0527466797,10.8215728794,0107.0527653154,10.8216090803,0107.0527930739,10.8216813720,0107.0528209925,10.8217537638,0107.0528396982,10.8218354083,0107.0528398382,10.8218807819,0107.0528678267,10.8219803518,0107.0529048781,10.8220435608,0107.0529512124,10.8221338679,0107.0529883438,10.8222060796,0107.0530254652,10.8222784714,0107.0530717995,10.8223596958,0107.0531089209,10.8224409903,0107.0531644681,10.8225312174,0107.0531738209,10.8225402201,0107.0531923066,10.8225854237,0107.0532110923,10.8226760809,0107.0532295780,10.8227031790,0107.0532574866,10.8227937462,0107.0532945480,10.8228568752,0107.0533410222,10.8229744505,0107.0533966394,10.8230646777,0107.0534615394,10.8231911857,0107.0535078737,10.8232633974,0107.0535079436,10.8232814929,0107.0535724837,10.8232898955,0107.0536739452,10.8232978780,0107.0538030253,10.8233055905,0107.0538677053,10.8233503640,0107.0539323254,10.8233768621,0107.0539417482,10.8234312384,0107.0539511711,10.8234947975,0107.0539697368,10.8235399911,0107.0539794395,10.8237124628,0107.0539980752,10.8237667491,0107.0539982152,10.8238213054,0107.0540262038,10.8239026899,0107.0540078480,10.8239574063,0107.0540080679,10.8240210453,0107.0539806493,10.8241030399,0107.0539715764,10.8241485835,0107.0539811392,10.8242755916,0107.0539720063,10.8242847744,0107.0539628635,10.8243030398,0107.0539445077,10.8243577562,0107.0539356547,10.8244668489,0107.0539083161,10.8245671189,0107.0538992432,10.8246125625,0107.0538995231,10.8247124825,0107.0539088160,10.8247214852,0107.0538721845,10.8248126525,0107.0538909602,10.8249032197,0107.0539094459,10.8249485933,0107.0539187987,10.8249938769,0107.0539557802,10.8250116323,0107.0540479588,10.8250106921,0107.0541401275,10.8250005692,0107.0541493403,10.8250004792,0107.0541677661,10.8249821337,0107.0542230233,10.8249815236,0107.0542507219,10.8249903663,0107.0542875633,10.8249899362,0107.0543429705,10.8249984289,0107.0543705991,10.8249890761,0107.0544628478,10.8249971387,0107.0545181050,10.8249874458,0107.0545735122,10.8250050312,0107.0546472651,10.8250042611,0107.0547118151,10.8250035710,0107.0547947709,10.8250118036,0107.0547947709,10.8250118036,0107.0548870196,10.8250198661,0107.0549238610,10.8250013406,0107.0550160997,10.8250275886,0107.0551174912,10.8250082830,0107.0551174912,10.8250082830,0107.0552003770,10.8249983401,0107.0552557142,10.8249977400,0107.0553387500,10.8250059726,0107.0553663786,10.8250056326,0107.0554399915,10.8249503961,0107.0554953187,10.8249588888,0107.0555783645,10.8249489459,0107.0556520474,10.8249390831,0107.0557073046,10.8249384730,0107.0557903404,10.8249466255,0107.0558087561,10.8249555382,0107.0558087561,10.8249555382,0107.0558088261,10.8249737237,0107.0557996233,10.8249556282,0107.0558549605,10.8249550281,0107.0558640933,10.8249458554,0107.0558732962,10.8249457654,0107.0559010048,10.8249455154,0107.0559378463,10.8249359926,0107.0559655449,10.8249448252,0107.0560300949,10.8249531378,0107.0560392978,10.8249530578,0107.0560392278,10.8249439651,0107.0560577935,10.8249528878,0107.0561038478,10.8249523677,0107.0561499722,10.8249519377,0107.0562052294,10.8249422448,0107.0562882651,10.8249503974,0107.0563343095,10.8249499673,0107.0563528052,10.8249588000,0107.0564172752,10.8249581099,0107.0564265581,10.8249580299,0107.0564726824,10.8249575098,0107.0565280896,10.8249932806,0107.0565560782,10.8250928505,0107.0565561482,10.8251110260,0107.0565655010,10.8251563095,0107.0565933395,10.8252287013,0107.0565934195,10.8252377940,0107.0565934895,10.8252559695,0107.0566119052,10.8252738949,0107.0566119752,10.8252920803,0107.0566213981,10.8253556394,0107.0566213981,10.8253556394,0107.0566398938,10.8253644621,0107.0567043638,10.8253546892,0107.0567689039,10.8253539991,0107.0568150282,10.8253535791,0107.0568703654,10.8253529790,0107.0568980640,10.8253617216,0107.0568795683,10.8253709844,0107.0568980640,10.8253708144,0107.0569072769,10.8253707243,0107.0569164097,10.8253615516,0107.0569532512,10.8253521188,0107.0569994455,10.8253606915,0107.0570270741,10.8253603514,0107.0570547827,10.8253872795,0107.0570917641,10.8254141176,0107.0570827713,10.8254687540,0107.0571103998,10.8254774967,0107.0571473113,10.8254771566,0107.0571841528,10.8254676338,0107.0572579057,10.8254668637,0107.0573132429,10.8254571709,0107.0573132429,10.8254571709,0107.0573683601,10.8253930217,0107.0573774930,10.8253838490,0107.0573495145,10.8252660036,0107.0573308088,10.8251935319,0107.0573121731,10.8251211501,0107.0573028203,10.8250757765,0107.0572841146,10.8249943021,0107.0572561960,10.8249219203,0107.0572559860,10.8248491785,0107.0572743318,10.8248126476,0107.0573111033,10.8247668439,0107.0573478048,10.8247119575,0107.0574027820,10.8246024447,0107.0574302707,10.8245385456,0107.0574577593,10.8244838293,0107.0574669722,10.8244745665,0107.0575035937,10.8243833092,0107.0575310124,10.8243013147,0107.0575675739,10.8242009746,0107.0575857696,10.8241463383,0107.0576040454,10.8240916219,0107.0576315441,10.8240096374,0107.0576588127,10.8239184601,0107.0576495998,10.8239094573,0107.0576678856,10.8238365555,0107.0576952242,10.8237727464,0107.0577135800,10.8237180300,0107.0577502015,10.8236359555,0107.0577501315,10.8236177700,0107.0577223529,10.8235908419,0107.0576578129,10.8235824393,0107.0576024157,10.8235466685,0107.0575008942,10.8235022450,0107.0574731856,10.8234934924,0107.0573625212,10.8234947026,0107.0573440955,10.8234948726,0107.0572427140,10.8235050755,0107.0572150854,10.8235235210,0107.0571412625,10.8234970129,0107.0571320496,10.8234971029,0107.0570212352,10.8234711150,0107.0570212352,10.8234620223,0107.0569751209,10.8234533596,0107.0569474123,10.8234446169,0107.0569014380,10.8234633125,0107.0568737394,10.8234453870,0107.0568183322,10.8234459871,0107.0567445093,10.8234013937,0107.0567260836,10.8234106564,0107.0566707564,10.8234112565,0107.0566430478,10.8234024138,0107.0565877906,10.8233939312,0107.0565046848,10.8233766959,0107.0564770562,10.8233951314,0107.0564493577,10.8233500178,0107.0564030934,10.8233051643,0107.0563200576,10.8232787463,0107.0562368718,10.8232433355,0107.0561907575,10.8232165674,0107.0561075717,10.8231720640,0107.0560430417,10.8231454759,0107.0560245460,10.8231457359,0107.0559323673,10.8231466761,0107.0559045887,10.8231288407,0107.0558124301,10.8231025027,0107.0557293143,10.8230760846,0107.0556370656,10.8230771148,0107.0555541099,10.8230597895,0107.0554618612,10.8230517269,0107.0553696226,10.8230254889,0107.0553603397,10.8230255789,0107.0553050126,10.8229989008,0107.0552311096,10.8229724828,0107.0551757825,10.8229640002,0107.0551665696,10.8229640802,0107.0550742510,10.8229196567,0107.0549911452,10.8228933287,0107.0549727295,10.8228934987,0107.0548989066,10.8228579079,0107.0548158008,10.8228315799,0107.0548065179,10.8228225672,0107.0547696765,10.8228229973,0107.0547788793,10.8228320100,0107.0547420479,10.8228323501,0107.0547696765,10.8228139046,0107.0547142693,10.8228054219,0107.0545848992,10.8227159649,0107.0544281206,10.8226722216,0107.0542343404,10.8226470037,0107.0540681389,10.8225579868,0107.0539940260,10.8224406515,0107.0539477717,10.8223685298,0107.0538735089,10.8222422018,0107.0538456703,10.8221697200,0107.0538179717,10.8221518846,0107.0537160903,10.8219985385,0107.0535865803,10.8218546252,0107.0535309631,10.8217734007,0107.0535216803,10.8217463026,0107.0535124774,10.8217372999,0107.0534939117,10.8217102818,0107.0534107360,10.8216203147,0107.0533921003,10.8215842038,0107.0532719431,10.8214583059,0107.0531608488,10.8213323079,0107.0530775331,10.8212060700,0107.0529572359,10.8210710693,0107.0528831331,10.8209538340,0107.0528830530,10.8209447413,0107.0527719688,10.8207914752,0107.0526888630,10.8207469617,0107.0526518815,10.8207201236,0107.0525781286,10.8207118010,0107.0525133786,10.8206398494,0107.0523838586,10.8205141115,0107.0523561600,10.8204780906,0107.0523100357,10.8204876134,0</coordinates></LinearRing></outerBoundaryIs></Polygon></Placemark><Placemark><name>DXF polygon 1123</name><description><![CDATA[DXF entity 1123; diện tích hình học thô xấp xỉ 11.1054 ha; phân loại tham chiếu theo màu PDF: Tràm 2022-2025.]]></description><styleUrl>#forest</styleUrl><Polygon><outerBoundaryIs><LinearRing><coordinates>107.0618561891,10.8160430651,0107.0619963323,10.8162604405,0107.0620148280,10.8162966314,0107.0620148980,10.8163056341,0107.0620427466,10.8163599304,0107.0620519494,10.8163689331,0107.0620611623,10.8163779358,0107.0621261323,10.8165225393,0107.0621726166,10.8166219392,0107.0622371566,10.8166121563,0107.0622738481,10.8165572699,0107.0622828510,10.8164845381,0107.0623653768,10.8163655826,0107.0623837926,10.8163563198,0107.0624848142,10.8162280115,0107.0624848242,10.8162098261,0107.0624935971,10.8160735452,0107.0624935272,10.8160462771,0107.0624933872,10.8160099962,0107.0625577073,10.8159366643,0107.0626128945,10.8158997033,0107.0626401732,10.8157540697,0107.0626767947,10.8156719051,0107.0628056648,10.8155978831,0107.0629438878,10.8155782474,0107.0629807293,10.8155778073,0107.0630267036,10.8155410164,0107.0630080679,10.8154594519,0107.0629525908,10.8154236911,0107.0627404049,10.8153714651,0107.0625097333,10.8153103164,0107.0623250960,10.8152578404,0107.0622605560,10.8152494378,0107.0622329274,10.8152406951,0107.0620206015,10.8151611910,0107.0619743372,10.8151072447,0107.0619369959,10.8149531185,0107.0619092173,10.8149171076,0107.0618812287,10.8148175377,0107.0617704244,10.8147550989,0107.0616321314,10.8147656518,0107.0615306799,10.8147485866,0107.0614936985,10.8147126457,0107.0614291584,10.8147133358,0107.0613554755,10.8147322914,0107.0612817326,10.8147330615,0107.0612631669,10.8146969607,0107.0611891940,10.8146341817,0107.0611523625,10.8146255191,0107.0609770881,10.8146001412,0107.0609308838,10.8145915686,0107.0608295823,10.8146107742,0107.0607004221,10.8146030617,0107.0606359621,10.8146128345,0107.0605437934,10.8146047820,0107.0605252977,10.8146140447,0107.0604239162,10.8146151649,0107.0603501633,10.8146159350,0107.0603225347,10.8146161851,0107.0601657459,10.8146179153,0107.0600183901,10.8146558265,0107.0599446372,10.8146656893,0107.0598892400,10.8146481040,0107.0598062742,10.8146398714,0107.0596311498,10.8146508544,0107.0595389111,10.8146246164,0107.0595295583,10.8145791528,0107.0593911953,10.8145625176,0107.0592159809,10.8145734106,0107.0590776979,10.8145567754,0107.0590131478,10.8145665482,0107.0588288106,10.8145685285,0107.0587826162,10.8145508632,0107.0586626790,10.8145248752,0107.0585151732,10.8145082400,0107.0583306859,10.8144921149,0107.0582385872,10.8145203332,0107.0581740472,10.8145210233,0107.0581740472,10.8145210233,0107.0581187200,10.8145125307,0107.0580818785,10.8145219635,0107.0580633928,10.8145040381,0107.0579618613,10.8144687973,0107.0578603398,10.8144426393,0107.0577865969,10.8144343167,0107.0575929667,10.8144545625,0107.0575009380,10.8144827808,0107.0573350265,10.8144845811,0107.0572150692,10.8144857813,0107.0570859891,10.8144781488,0107.0569110046,10.8145435882,0107.0567821345,10.8145994247,0107.0566442714,10.8147553413,0107.0566358484,10.8149915421,0107.0566364883,10.8152186502,0107.0566461911,10.8153729365,0107.0566189924,10.8155186601,0107.0565917837,10.8156914719,0107.0566017164,10.8158911317,0107.0566203421,10.8159727863,0107.0566299149,10.8160635235,0107.0566299849,10.8160907016,0107.0566853121,10.8160991943,0107.0567958965,10.8160980841,0107.0568328879,10.8161067467,0107.0570541367,10.8161134291,0107.0570817653,10.8161040863,0107.0571371025,10.8161125689,0107.0572385540,10.8161205515,0107.0573123069,10.8161106886,0107.0574228913,10.8161185712,0107.0574966442,10.8161178010,0107.0576626358,10.8161341762,0107.0577180430,10.8161426688,0107.0576814915,10.8162430189,0107.0576815614,10.8162611143,0107.0577741500,10.8164237232,0107.0578295572,10.8164413085,0107.0579126730,10.8164585438,0107.0581523475,10.8164468707,0107.0584565520,10.8164437002,0107.0586501022,10.8164416399,0107.0587608466,10.8164495324,0107.0590189368,10.8164467820,0107.0592770270,10.8164258461,0107.0594982858,10.8164052602,0107.0595811716,10.8163953074,0107.0596175131,10.8162132328,0107.0595894546,10.8161045702,0107.0595893846,10.8160681993,0107.0596446418,10.8160495038,0107.0598289791,10.8160475335,0107.0599580692,10.8160461532,0107.0600042636,10.8160547359,0107.0601793980,10.8160437529,0107.0602255123,10.8160614182,0107.0604007168,10.8160686206,0107.0606865156,10.8160565174,0107.0607878971,10.8160553973,0107.0609077643,10.8160631998,0107.0609169772,10.8160540270,0107.0610275716,10.8160438241,0107.0610829788,10.8160432240,0107.0611383060,10.8160698921,0107.0613227233,10.8160588291,0107.0614886449,10.8160570188,0107.0615161934,10.8160476660,0107.0615623978,10.8160471559,0107.0616083721,10.8160375431,0107.0616636993,10.8160188476,0107.0617834266,10.8159993819,0107.0618573295,10.8160348827,0107.0618573195,10.8160439754,0107.0618561891,10.8160430651,0</coordinates></LinearRing></outerBoundaryIs></Polygon></Placemark><Placemark><name>DXF polygon 1410</name><description><![CDATA[DXF entity 1410; diện tích hình học thô xấp xỉ 12.9080 ha; phân loại tham chiếu theo màu PDF: Tràm 2022-2025.]]></description><styleUrl>#forest</styleUrl><Polygon><outerBoundaryIs><LinearRing><coordinates>107.0627324818,10.8158074958,0107.0627324118,10.8157894004,0107.0627692533,10.8157616921,0107.0628612819,10.8157243811,0107.0628798477,10.8157423965,0107.0629351748,10.8157599819,0107.0630181406,10.8157590317,0107.0631010964,10.8157490789,0107.0631377879,10.8157032752,0107.0631930551,10.8156664042,0107.0632297466,10.8156206005,0107.0633863953,10.8155735166,0107.0634509354,10.8155728265,0107.0635061926,10.8155631337,0107.0635430240,10.8155718864,0107.0636075741,10.8155711062,0107.0637183085,10.8155699861,0107.0637366542,10.8155697260,0107.0637644228,10.8155967442,0107.0638566014,10.8155866213,0107.0639580530,10.8155855911,0107.0640778502,10.8155933936,0107.0641331874,10.8155837008,0107.0641608860,10.8156015362,0107.0642992490,10.8156091687,0107.0643730719,10.8156355767,0107.0644932391,10.8157251137,0107.0646131063,10.8157419990,0107.0646315220,10.8157418289,0107.0646684335,10.8157504916,0107.0648160093,10.8157762195,0107.0648345050,10.8157850522,0107.0648898322,10.8157935348,0107.0649912137,10.8157834119,0107.0650003566,10.8157560538,0107.0650001367,10.8156834120,0107.0651105911,10.8156095700,0107.0651933269,10.8155450708,0107.0652944185,10.8154532134,0107.0653679615,10.8153706187,0107.0654231486,10.8153427405,0107.0654599901,10.8153242150,0107.0654876887,10.8153239549,0107.0656259117,10.8153043092,0107.0656536103,10.8153130519,0107.0656720360,10.8153037892,0107.0656903818,10.8152945264,0107.0657088775,10.8152852637,0107.0657180804,10.8152850936,0107.0658285947,10.8152748807,0107.0659116305,10.8152740306,0107.0659207035,10.8152193942,0107.0658468005,10.8151838935,0107.0658098891,10.8151661381,0107.0658282448,10.8151386899,0107.0658559434,10.8151474426,0107.0658651463,10.8151564453,0107.0659665278,10.8151462324,0107.0660586964,10.8151452922,0107.0660955379,10.8151266767,0107.0661047508,10.8151265867,0107.0661416623,10.8151262466,0107.0661967795,10.8150711802,0107.0662427538,10.8150162038,0107.0662334710,10.8150162938,0107.0662057024,10.8149711802,0107.0662332610,10.8149435620,0107.0662608896,10.8149250265,0107.0662606696,10.8148614774,0107.0662513968,10.8148252866,0107.0662696625,10.8147887556,0107.0662695226,10.8147433820,0107.0662877284,10.8146613875,0107.0662876584,10.8146251166,0107.0662967212,10.8145977584,0107.0662966513,10.8145614775,0107.0663334127,10.8145428620,0107.0663796171,10.8145423419,0107.0664165285,10.8145510946,0107.0665178301,10.8145227863,0107.0665270429,10.8145226162,0107.0665823701,10.8145220161,0107.0666098587,10.8144943879,0107.0667297260,10.8144750022,0107.0668588061,10.8144917174,0107.0670431534,10.8144807444,0107.0671539577,10.8145249879,0107.0671912991,10.8146790241,0107.0672008719,10.8147878567,0107.0672289304,10.8149237975,0107.0672292904,10.8150328902,0107.0672201575,10.8150783439,0107.0672205174,10.8151964493,0107.0672209474,10.8153235474,0107.0672120944,10.8154418228,0107.0671939686,10.8155419128,0107.0671941187,10.8155690910,0107.0672126743,10.8156233773,0107.0671943986,10.8156690109,0107.0671575571,10.8156875364,0107.0671482742,10.8156876164,0107.0670930171,10.8156882265,0107.0669915656,10.8156711613,0107.0669638669,10.8156715113,0107.0669084598,10.8156539260,0107.0669086098,10.8156811141,0107.0669178826,10.8157083023,0107.0669181025,10.8157900368,0107.0669182425,10.8158263077,0107.0669091097,10.8158537559,0107.0669001168,10.8159173949,0107.0669093996,10.8159445831,0107.0668819110,10.8160174849,0107.0668912638,10.8160355804,0107.0668452195,10.8160542859,0107.0667900323,10.8160820742,0107.0667255622,10.8161100324,0107.0666980736,10.8161829343,0107.0666705849,10.8162377407,0107.0666707349,10.8162740115,0107.0666893606,10.8163465733,0107.0666894406,10.8163647588,0107.0667357749,10.8164368805,0107.0667265620,10.8164460632,0107.0667268520,10.8165368804,0107.0667085762,10.8166006995,0107.0666536090,10.8166920368,0107.0666352632,10.8167285678,0107.0666078446,10.8168107424,0107.0665986317,10.8168108224,0107.0665528773,10.8169111724,0107.0665436645,10.8169294378,0107.0665161058,10.8169751515,0107.0665069630,10.8169934170,0107.0664979701,10.8170570560,0107.0665073229,10.8171114324,0107.0664612786,10.8171210352,0107.0664612786,10.8171119524,0107.0664796943,10.8171298678,0107.0664707014,10.8171936870,0107.0664430728,10.8172121225,0107.0663324084,10.8171951472,0107.0663139927,10.8171953172,0107.0662218940,10.8172144428,0107.0662035383,10.8172600765,0107.0661483511,10.8172879548,0107.0661390682,10.8172880348,0107.0661022267,10.8172974675,0107.0660838810,10.8173068303,0107.0660838810,10.8173158230,0107.0660655352,10.8173523639,0107.0660471095,10.8173707194,0107.0660104180,10.8174165131,0107.0660104880,10.8174437913,0107.0659923622,10.8175347885,0107.0660017150,10.8175891648,0107.0660294136,10.8175979975,0107.0660572622,10.8176521938,0107.0660480493,10.8176704693,0107.0659466678,10.8176806822,0107.0659374549,10.8176807622,0107.0658452863,10.8176817124,0107.0657899591,10.8176823125,0107.0656977804,10.8176924354,0107.0656331704,10.8176749400,0107.0655594175,10.8176575347,0107.0655409217,10.8176577947,0107.0655317189,10.8176487920,0107.0655407818,10.8176031584,0107.0655222961,10.8175852330,0107.0654486131,10.8175950958,0107.0654486131,10.8175950958,0107.0653748602,10.8175958759,0107.0653932759,10.8176047886,0107.0653841431,10.8176139714,0107.0653564445,10.8176142214,0107.0653380187,10.8176234841,0107.0653380887,10.8176599451,0107.0653567244,10.8177142314,0107.0653936359,10.8177319868,0107.0654307673,10.8177951958,0107.0653941458,10.8178772703,0107.0653851529,10.8179409994,0107.0654130714,10.8180314766,0107.0654131414,10.8180496520,0107.0654407700,10.8180584047,0107.0655146629,10.8180849028,0107.0655792030,10.8180933054,0107.0656805845,10.8180830925,0107.0657543374,10.8180915051,0107.0658004617,10.8181000777,0107.0658834275,10.8180809421,0107.0659387547,10.8180895248,0107.0659665233,10.8181255456,0107.0659391147,10.8182075301,0107.0659116260,10.8182805220,0107.0659025631,10.8183259756,0107.0658843574,10.8183715993,0107.0658567988,10.8184173129,0107.0658385230,10.8184719493,0107.0658571587,10.8185354183,0107.0658572287,10.8185535938,0107.0658480958,10.8185900547,0107.0658481658,10.8186172328,0107.0658577386,10.8187170628,0107.0658670914,10.8187714391,0107.0658764442,10.8188258154,0107.0659134957,10.8188708390,0107.0659689029,10.8188975071,0107.0659781857,10.8189155125,0107.0659967414,10.8189608061,0107.0661166887,10.8189867840,0107.0661905216,10.8189951066,0107.0662088673,10.8189858439,0107.0662457788,10.8189854138,0107.0662919731,10.8190030792,0107.0663565132,10.8190114818,0107.0664394689,10.8190288071,0107.0664855932,10.8190373798,0107.0665686290,10.8190455223,0107.0666055405,10.8190542650,0107.0666792934,10.8190534048,0107.0666608777,10.8190536649,0107.0666608777,10.8190536649,0107.0666610977,10.8191081212,0107.0667164248,10.8191438920,0107.0667164248,10.8191438920,0107.0667350605,10.8191981783,0107.0667352005,10.8192435419,0107.0666985090,10.8192984383,0107.0666985790,10.8193257065,0107.0666894361,10.8193620674,0107.0666710204,10.8193441520,0107.0666802332,10.8193621574,0107.0666988689,10.8194074410,0107.0666989389,10.8194256265,0107.0666805132,10.8194621574,0107.0666529646,10.8194806029,0107.0666254059,10.8195172238,0107.0666162631,10.8195445820,0107.0665612259,10.8196178339,0107.0665519330,10.8196270066,0107.0665244543,10.8196727203,0107.0664321357,10.8196192041,0107.0664135700,10.8196012887,0107.0663764486,10.8195017088,0107.0663301043,10.8194204944,0107.0662929729,10.8193481927,0107.0662836900,10.8193391899,0107.0662467086,10.8193032491,0107.0662005143,10.8192583156,0107.0661913115,10.8192493929,0107.0661728157,10.8192404802,0107.0661172685,10.8191957167,0107.0660896400,10.8191777813,0107.0660342328,10.8191512032,0107.0659418442,10.8190976870,0107.0658679513,10.8190440008,0107.0658401727,10.8190260754,0107.0657662798,10.8189722992,0107.0657200855,10.8189364484,0107.0656646083,10.8188825921,0107.0655998483,10.8188288259,0107.0655443711,10.8187839724,0107.0654981868,10.8187390288,0107.0654520625,10.8187122708,0107.0653596039,10.8186497619,0107.0653041967,10.8186230838,0107.0652118881,10.8185695676,0107.0651564009,10.8185338068,0107.0651010037,10.8185071387,0107.0650456766,10.8184895534,0107.0649810565,10.8184538826,0107.0649163765,10.8184182918,0107.0648978808,10.8184093691,0107.0648055722,10.8183468502,0107.0647593678,10.8183291849,0107.0646762721,10.8182755887,0107.0646762721,10.8182755887,0107.0646392806,10.8182577433,0107.0645654578,10.8182131498,0107.0645376892,10.8181862217,0107.0645191934,10.8181773090,0107.0645007777,10.8181684763,0107.0644360877,10.8181327955,0107.0644175919,10.8181239628,0107.0643529819,10.8181064675,0107.0643068576,10.8180978048,0107.0642606632,10.8180710467,0107.0642422475,10.8180621240,0107.0641499989,10.8180631642,0107.0640669731,10.8180276534,0107.0640022831,10.8179829800,0107.0639191073,10.8179202810,0107.0638360016,10.8178848703,0107.0637805244,10.8178400068,0107.0637805244,10.8178400068,0107.0636790029,10.8177957633,0107.0636051800,10.8177692653,0107.0635128614,10.8177339346,0107.0634205527,10.8176895111,0107.0633190213,10.8176450776,0107.0632728269,10.8176274123,0107.0632081469,10.8175918215,0107.0631433869,10.8175198698,0107.0631063355,10.8174566608,0107.0630231597,10.8173758765,0107.0628938597,10.8173046149,0107.0627552767,10.8172242506,0107.0626166238,10.8171076955,0107.0625703595,10.8170536692,0107.0624779009,10.8169547794,0107.0624500523,10.8169096759,0107.0623114094,10.8167839379,0107.0623112695,10.8167384843,0107.0624028582,10.8165467970,0107.0625040298,10.8164458569,0107.0625039598,10.8164367641,0107.0625315184,10.8164092359,0107.0625407213,10.8164000532,0107.0626416829,10.8162444667,0107.0626875173,10.8161623121,0107.0627333416,10.8160982430,0107.0627426345,10.8160890703,0107.0627425545,10.8160799775,0107.0627422746,10.8159800576,0107.0627326317,10.8158620422,0107.0627140661,10.8158077559,0107.0627324818,10.8158074958,0</coordinates></LinearRing></outerBoundaryIs></Polygon></Placemark><Placemark><name>DXF polygon 1411</name><description><![CDATA[DXF entity 1411; diện tích hình học thô xấp xỉ 12.3203 ha; phân loại tham chiếu theo màu PDF: Tràm 2022-2025.]]></description><styleUrl>#forest</styleUrl><Polygon><outerBoundaryIs><LinearRing><coordinates>107.0573182697,10.8089985363,0107.0573274025,10.8089984563,0107.0573274025,10.8089984563,0107.0573274025,10.8089984563,0107.0573274025,10.8089984563,0107.0573274025,10.8089984563,0107.0573182697,10.8089985363,0107.0573089868,10.8090077190,0107.0573090567,10.8090349872,0107.0572998439,10.8090350772,0107.0572999239,10.8090441700,0107.0572907110,10.8090533427,0107.0572814281,10.8090534327,0107.0572814981,10.8090716082,0107.0572723653,10.8090807909,0107.0572723653,10.8090898836,0107.0572631524,10.8090899636,0107.0572632224,10.8090990564,0107.0572632224,10.8091081491,0107.0572632224,10.8091081491,0107.0572540895,10.8091173218,0107.0572540895,10.8091173218,0107.0572632224,10.8091171518,0107.0572632224,10.8091171518,0107.0572540895,10.8091264145,0107.0572540895,10.8091264145,0107.0572540895,10.8091264145,0107.0572540895,10.8091264145,0107.0572540895,10.8091264145,0107.0572540895,10.8091264145,0107.0572448066,10.8091265046,0107.0572448066,10.8091265046,0107.0572356638,10.8091356773,0107.0572265309,10.8091539428,0107.0572266009,10.8091811309,0107.0572266709,10.8091993164,0107.0572174680,10.8092084891,0107.0572174680,10.8092084891,0107.0572174580,10.8092175818,0107.0571991123,10.8092359373,0107.0571898994,10.8092542028,0107.0571806865,10.8092725583,0107.0571807565,10.8092907437,0107.0571716236,10.8093180119,0107.0571624907,10.8093271946,0107.0571440650,10.8093546328,0107.0571257193,10.8093729883,0107.0571073735,10.8093913438,0107.0570890278,10.8094187920,0107.0570613992,10.8094282247,0107.0570521863,10.8094283148,0107.0570521863,10.8094283148,0107.0570060620,10.8094288248,0107.0569968591,10.8094289149,0107.0569783634,10.8094199922,0107.0569231062,10.8094296850,0107.0568954776,10.8094390277,0107.0568769819,10.8094392878,0107.0568401404,10.8094396278,0107.0567847432,10.8094038670,0107.0567660375,10.8093405780,0107.0567289861,10.8092682763,0107.0566920747,10.8092595236,0107.0566551632,10.8092507709,0107.0565722074,10.8092608138,0107.0565168702,10.8092523212,0107.0564891717,10.8092343958,0107.0564614031,10.8092074677,0107.0564520502,10.8091530913,0107.0563965731,10.8091082378,0107.0563412559,10.8090816498,0107.0563227602,10.8090727371,0107.0562577902,10.8089463191,0107.0562208788,10.8089194710,0107.0562023931,10.8088923728,0107.0561743345,10.8087836202,0107.0561649117,10.8087201511,0107.0561554889,10.8086566921,0107.0561554189,10.8086294139,0107.0561553489,10.8085931330,0107.0561460660,10.8085841303,0107.0561460660,10.8085750376,0107.0561459860,10.8085659449,0107.0561273603,10.8085025658,0107.0561087247,10.8084301841,0107.0560901589,10.8084030859,0107.0560256289,10.8083856806,0107.0559336702,10.8084592625,0107.0559336702,10.8084592625,0107.0558969687,10.8085232417,0107.0558417915,10.8085601226,0107.0557773914,10.8086062664,0107.0557868842,10.8087060063,0107.0557594656,10.8087970836,0107.0556764398,10.8087707556,0107.0556672270,10.8087527501,0107.0556578041,10.8087073765,0107.0555837013,10.8085901413,0107.0555188712,10.8085090869,0107.0554911727,10.8084821587,0107.0554450584,10.8084644934,0107.0554173498,10.8084556607,0107.0553804383,10.8084560908,0107.0553527397,10.8084382554,0107.0553064755,10.8083750364,0107.0552878397,10.8083298428,0107.0552694240,10.8083300128,0107.0552509283,10.8083211801,0107.0552138869,10.8082488784,0107.0551953912,10.8082218603,0107.0551584797,10.8082222003,0107.0550476753,10.8081780369,0107.0549184553,10.8081158581,0107.0548352895,10.8080440764,0107.0548167938,10.8080260610,0107.0547890252,10.8079991329,0107.0547704595,10.8079630320,0107.0547518338,10.8078904702,0107.0547518338,10.8078904702,0107.0547793225,10.8078356639,0107.0547791725,10.8078084757,0107.0547974482,10.8077446666,0107.0547788925,10.8077085657,0107.0547511940,10.8076725449,0107.0547511940,10.8076725449,0107.0547509740,10.8076089959,0107.0546954368,10.8075459469,0107.0546861540,10.8075097660,0107.0546767312,10.8074643924,0107.0546211140,10.8073559798,0107.0545932755,10.8072835981,0107.0545745698,10.8072202190,0107.0545652869,10.8071931109,0107.0545005369,10.8071211592,0107.0544911841,10.8070667829,0107.0544724084,10.8069669529,0107.0544537828,10.8068854785,0107.0544535628,10.8068128367,0107.0544348571,10.8067494577,0107.0544255843,10.8067131768,0107.0544255043,10.8067040841,0107.0544439300,10.8066766359,0107.0544438600,10.8066494577,0107.0544712686,10.8066036540,0107.0544988972,10.8065852085,0107.0545173930,10.8065759458,0107.0545817231,10.8065116266,0107.0545999988,10.8064751757,0107.0545998488,10.8064388148,0107.0546182046,10.8063931811,0107.0546182046,10.8063840884,0107.0546088518,10.8063478975,0107.0546271275,10.8063022739,0107.0546546862,10.8062566502,0107.0546820348,10.8061654830,0107.0546819648,10.8061200193,0107.0546908178,10.8060200194,0107.0546907478,10.8059927412,0107.0547364321,10.8058742257,0107.0547823466,10.8057829684,0107.0548374538,10.8057369147,0107.0548648024,10.8056275620,0107.0548739353,10.8056183792,0107.0549384053,10.8055995137,0107.0549752468,10.8055718954,0107.0549658940,10.8055175191,0107.0549749569,10.8054901609,0107.0550671355,10.8054710353,0107.0551225327,10.8054886207,0107.0551502313,10.8054973633,0107.0552425399,10.8055508795,0107.0552978771,10.8055502794,0107.0553532743,10.8055587721,0107.0554269572,10.8055398165,0107.0555374616,10.8055205209,0107.0556020817,10.8055289335,0107.0556480560,10.8055102279,0107.0556384132,10.8053650344,0107.0556383432,10.8053469390,0107.0556379233,10.8051924727,0107.0556282805,10.8050562718,0107.0555908792,10.8048841502,0107.0555815963,10.8048661447,0107.0555630306,10.8048208511,0107.0555443249,10.8047392867,0107.0555442549,10.8047211112,0107.0555533278,10.8046665649,0107.0555531879,10.8046120185,0107.0555900294,10.8045934930,0107.0556083651,10.8045842303,0107.0558204010,10.8045729072,0107.0560232340,10.8045615841,0107.0561983585,10.8045506911,0107.0563919786,10.8045486308,0107.0565763059,10.8045466604,0107.0567976347,10.8045442501,0107.0569542634,10.8045426198,0107.0570925463,10.8045320768,0107.0571847150,10.8045220340,0107.0573692023,10.8045381591,0107.0574337323,10.8045738399,0107.0574251593,10.8047827525,0107.0574442250,10.8049734197,0107.0574264491,10.8051824223,0107.0574265191,10.8052187832,0107.0574086033,10.8053825123,0107.0573999603,10.8055733395,0107.0573546258,10.8058099704,0107.0573546958,10.8058372385,0107.0573456329,10.8058917849,0107.0573642586,10.8059642566,0107.0573649085,10.8061641766,0107.0573654684,10.8063639265,0107.0573845340,10.8065634963,0107.0573391295,10.8068002072,0107.0573304866,10.8069728590,0107.0573309864,10.8071455008,0107.0573224935,10.8073726088,0107.0573415490,10.8075904542,0107.0573330561,10.8078175522,0107.0573154202,10.8080630158,0107.0573344758,10.8082989566,0107.0573348357,10.8083989566,0107.0573262627,10.8086260646,0107.0573173498,10.8087078792,0107.0573174898,10.8087623355,0107.0573456083,10.8089347372,0107.0573456083,10.8089347372,0107.0573456083,10.8089347372,0107.0573182697,10.8089985363,0</coordinates></LinearRing></outerBoundaryIs></Polygon></Placemark><Placemark><name>DXF polygon 1461</name><description><![CDATA[DXF entity 1461; diện tích hình học thô xấp xỉ 1.1344 ha; phân loại tham chiếu theo màu PDF: Tràm 2022-2025.]]></description><styleUrl>#forest</styleUrl><Polygon><outerBoundaryIs><LinearRing><coordinates>107.0616546173,10.8220590986,0107.0616545373,10.8220500058,0107.0616360416,10.8220411832,0107.0616543273,10.8219773640,0107.0616814560,10.8217954596,0107.0616812361,10.8217319105,0107.0616993718,10.8216499159,0107.0616993718,10.8216499159,0107.0616993019,10.8216135550,0107.0617079348,10.8214228179,0107.0617077249,10.8213410834,0107.0617442864,10.8212315506,0107.0617440664,10.8211770942,0107.0617439265,10.8211226379,0107.0617344936,10.8210682616,0107.0617618423,10.8209589989,0107.0617706152,10.8208408135,0107.0617705452,10.8208135353,0107.0617704752,10.8207862671,0107.0618073168,10.8207404634,0107.0618164596,10.8207403834,0107.0618256625,10.8207402034,0107.0618533711,10.8207490361,0107.0618902825,10.8207486060,0107.0620285755,10.8207653312,0107.0620654870,10.8207649011,0107.0621485228,10.8207731337,0107.0623236572,10.8207712434,0107.0623513558,10.8207800761,0107.0623881972,10.8207796460,0107.0623974801,10.8207977415,0107.0624070529,10.8209066642,0107.0624165457,10.8209974014,0107.0624169057,10.8210972313,0107.0624542470,10.8212513576,0107.0624546770,10.8213875484,0107.0624733826,10.8215053838,0107.0624734526,10.8215144765,0107.0624922283,10.8216232191,0107.0624929482,10.8218503272,0107.0624934481,10.8220047035,0107.0623737108,10.8220696328,0107.0622354278,10.8220529176,0107.0620510805,10.8220639806,0107.0618850789,10.8220657009,0107.0617191574,10.8220584184,0107.0616638202,10.8220681113,0107.0616546173,10.8220590986,0</coordinates></LinearRing></outerBoundaryIs></Polygon></Placemark><Placemark><name>DXF polygon 1506</name><description><![CDATA[DXF entity 1506; diện tích hình học thô xấp xỉ 1.4203 ha; phân loại tham chiếu theo màu PDF: Tràm 2022-2025.]]></description><styleUrl>#forest</styleUrl><Polygon><outerBoundaryIs><LinearRing><coordinates>107.0616271186,10.8221320904,0107.0616271986,10.8221503659,0107.0616365415,10.8222047322,0107.0616094928,10.8223866467,0107.0616194855,10.8226317602,0107.0616197055,10.8227134947,0107.0616291283,10.8227860465,0107.0616388411,10.8229403327,0107.0616388310,10.8229585182,0107.0616298382,10.8230130645,0107.0614916152,10.8230418029,0107.0613810308,10.8230339104,0107.0612335149,10.8230537261,0107.0611504791,10.8230454935,0107.0609660618,10.8230474739,0107.0607909274,10.8230402714,0107.0606065801,10.8230512545,0107.0604682171,10.8230255265,0107.0604312357,10.8229895957,0107.0604125200,10.8229262067,0107.0603384871,10.8228180641,0107.0601811285,10.8226380499,0107.0601348642,10.8225658282,0107.0601252215,10.8224206347,0107.0601522101,10.8222205447,0107.0601984045,10.8222291174,0107.0604012475,10.8222360597,0107.0605855148,10.8222159040,0107.0606501349,10.8222243066,0107.0607420836,10.8221598174,0107.0608065637,10.8221226664,0107.0608249794,10.8221224963,0107.0608434051,10.8221132436,0107.0609171580,10.8221214662,0107.0609356438,10.8221303889,0107.0609449266,10.8221483943,0107.0610186795,10.8221568069,0107.0611661154,10.8221369812,0107.0613690184,10.8221531163,0107.0614611971,10.8221520761,0107.0616179858,10.8221595386,0107.0616271986,10.8221503659,0107.0616271186,10.8221320904,0</coordinates></LinearRing></outerBoundaryIs></Polygon></Placemark><Placemark><name>DXF polygon 1530</name><description><![CDATA[DXF entity 1530; diện tích hình học thô xấp xỉ 0.5765 ha; phân loại tham chiếu theo màu PDF: Tràm 2022-2025.]]></description><styleUrl>#forest</styleUrl><Polygon><outerBoundaryIs><LinearRing><coordinates>107.0518818447,10.8191206029,0107.0518910476,10.8191296056,0107.0519187561,10.8191384483,0107.0521215892,10.8191362079,0107.0522045449,10.8191535433,0107.0522139678,10.8192079096,0107.0522515191,10.8194164021,0107.0522979334,10.8195158120,0107.0522887205,10.8195158920,0107.0522987032,10.8197791910,0107.0522989232,10.8198428301,0107.0523086259,10.8200243945,0107.0523365345,10.8200967863,0107.0523743058,10.8203869233,0107.0522360828,10.8204065590,0107.0518852440,10.8202468606,0107.0519024500,10.8198652162,0107.0518742515,10.8196929045,0107.0518739016,10.8195566236,0107.0519001904,10.8191112501,0107.0519001904,10.8191112501,0107.0518818447,10.8191206029,0</coordinates></LinearRing></outerBoundaryIs></Polygon></Placemark><Placemark><name>DXF polygon 1531</name><description><![CDATA[DXF entity 1531; diện tích hình học thô xấp xỉ 13.6330 ha; phân loại tham chiếu theo màu PDF: Tràm 2022-2025.]]></description><styleUrl>#forest</styleUrl><Polygon><outerBoundaryIs><LinearRing><coordinates>107.0574023652,10.8093973460,0107.0574484895,10.8093968359,0107.0576051282,10.8093679275,0107.0576419697,10.8093584047,0107.0577525541,10.8093572945,0107.0578540056,10.8093470816,0107.0578816342,10.8093468316,0107.0579278285,10.8093644969,0107.0580661215,10.8093630367,0107.0581858387,10.8093435610,0107.0583241317,10.8093330181,0107.0584716376,10.8093132824,0107.0585361776,10.8093126023,0107.0586743906,10.8093020493,0107.0588218865,10.8092913263,0107.0588495150,10.8092910663,0107.0589786052,10.8092806034,0107.0590155066,10.8092892660,0107.0591261010,10.8092881458,0107.0591537996,10.8092878058,0107.0593380669,10.8092767327,0107.0594949156,10.8092932879,0107.0595685885,10.8092834251,0107.0597437930,10.8092815348,0107.0598820859,10.8092709818,0107.0598912988,10.8092708918,0107.0599372731,10.8092431035,0107.0601861505,10.8092040722,0107.0603797007,10.8092020119,0107.0604902851,10.8091826262,0107.0605087108,10.8091824562,0107.0606839052,10.8091987514,0107.0607575781,10.8091797958,0107.0607944996,10.8091794457,0107.0609234297,10.8091417046,0107.0609139369,10.8090509674,0107.0608860184,10.8089786757,0107.0608768855,10.8089787557,0107.0608675327,10.8089334821,0107.0608672427,10.8088426549,0107.0608393342,10.8087610804,0107.0608393342,10.8087610804,0107.0608115556,10.8087432450,0107.0608114156,10.8086796959,0107.0608020628,10.8086343223,0107.0607928499,10.8086345023,0107.0607464456,10.8085531979,0107.0607094642,10.8085172571,0107.0606816156,10.8084540581,0107.0606816156,10.8084540581,0107.0606355014,10.8084273000,0107.0605710313,10.8084551682,0107.0605156941,10.8084648611,0107.0604696498,10.8084653812,0107.0604235254,10.8084658912,0107.0604050397,10.8084387931,0107.0603954769,10.8083299604,0107.0603954769,10.8083299604,0107.0603400697,10.8083031923,0107.0603215840,10.8082852769,0107.0602753197,10.8082403334,0107.0602474711,10.8081952198,0107.0602473312,10.8081407635,0107.0602101998,10.8080593690,0107.0602101998,10.8080593690,0107.0601271040,10.8079966801,0107.0600993254,10.8079697520,0107.0600899726,10.8079244684,0107.0600344355,10.8078523367,0107.0600250826,10.8078069631,0107.0600341455,10.8077615095,0107.0600156598,10.8077254086,0107.0600061570,10.8076619396,0107.0599877413,10.8076439242,0107.0599969541,10.8076438441,0107.0599968741,10.8076347514,0107.0599875213,10.8075894678,0107.0599783184,10.8075804651,0107.0599688956,10.8075260888,0107.0599503299,10.8074808952,0107.0599408270,10.8074082434,0107.0599498300,10.8073082435,0107.0599680357,10.8072535271,0107.0599770986,10.8071898880,0107.0599771087,10.8071807953,0107.0599860316,10.8070807953,0107.0599396873,10.8070268491,0107.0599396873,10.8070177663,0107.0598655844,10.8069004311,0107.0598099673,10.8068011212,0107.0598191802,10.8067919485,0107.0598557317,10.8067006912,0107.0598647246,10.8066370521,0107.0598645146,10.8065461348,0107.0598645146,10.8065461348,0107.0597722760,10.8065289896,0107.0596799574,10.8065027415,0107.0596707545,10.8064846461,0107.0596611817,10.8063848162,0107.0597440775,10.8063566879,0107.0597901218,10.8063471651,0107.0597992547,10.8063288996,0107.0597529204,10.8062476852,0107.0597343647,10.8062024816,0107.0597251519,10.8062025716,0107.0597342147,10.8061661207,0107.0597435076,10.8061569380,0107.0597434276,10.8061478452,0107.0597618433,10.8061476752,0107.0597526405,10.8061477652,0107.0597248619,10.8061208371,0107.0596971633,10.8061120044,0107.0596234904,10.8061128646,0107.0595957818,10.8061131146,0107.0595495275,10.8060589983,0107.0595495275,10.8060589983,0107.0595126161,10.8060321502,0107.0594940503,10.8060142348,0107.0594478660,10.8059692913,0107.0594015318,10.8058698914,0107.0593369217,10.8058614888,0107.0592907974,10.8058619989,0107.0592723817,10.8058530762,0107.0592631688,10.8058622589,0107.0592538859,10.8058624289,0107.0591987088,10.8058720317,0107.0591800630,10.8058268382,0107.0591523645,10.8058090028,0107.0591245959,10.8057911674,0107.0590692687,10.8057553966,0107.0590415601,10.8057647493,0107.0589954458,10.8057470840,0107.0589954458,10.8057379912,0107.0589950859,10.8056289786,0107.0589670973,10.8055293186,0107.0589576045,10.8054477642,0107.0589576045,10.8054386714,0107.0589943760,10.8053837850,0107.0590218546,10.8053562468,0107.0590771918,10.8053556467,0107.0590680590,10.8053557367,0107.0590772618,10.8053647395,0107.0590771918,10.8053556467,0107.0590680489,10.8053648295,0107.0590679789,10.8053466440,0107.0590863247,10.8053373813,0107.0591139533,10.8053098531,0107.0590676990,10.8052558168,0107.0590584161,10.8052378114,0107.0589753104,10.8052022106,0107.0589382590,10.8051299989,0107.0589012075,10.8050849753,0107.0588825019,10.8049944081,0107.0588825019,10.8049944081,0107.0589190533,10.8049031508,0107.0589283362,10.8048939781,0107.0589651077,10.8048572671,0107.0589833735,10.8048207362,0107.0589464020,10.8047847954,0107.0589003477,10.8047853155,0107.0588817920,10.8047582073,0107.0589275464,10.8046486845,0107.0589366893,10.8046214164,0107.0589089207,10.8045853055,0107.0588164621,10.8045136939,0107.0587148706,10.8044511750,0107.0586872420,10.8044424324,0107.0585674448,10.8044618080,0107.0585489490,10.8044711608,0107.0584199489,10.8044725410,0107.0582908788,10.8044557257,0107.0582170559,10.8044474131,0107.0581248073,10.8044393506,0107.0581248073,10.8044393506,0107.0580971887,10.8044396106,0107.0580603472,10.8044491334,0107.0579773914,10.8044499836,0107.0579220542,10.8044505837,0107.0578575942,10.8044694592,0107.0578208927,10.8045333483,0107.0578117598,10.8045516138,0107.0577936940,10.8046789819,0107.0577937639,10.8047243455,0107.0577480796,10.8048339583,0107.0577480696,10.8048430511,0107.0575820880,10.8048356786,0107.0574622107,10.8048369588,0107.0574438750,10.8048462216,0107.0574532979,10.8049096906,0107.0574444449,10.8050278760,0107.0574355820,10.8051732396,0107.0574359419,10.8053005278,0107.0574360819,10.8053277059,0107.0574180961,10.8054641668,0107.0574185260,10.8056003576,0107.0574095331,10.8056730794,0107.0574006001,10.8057913549,0107.0574007401,10.8058458212,0107.0573919572,10.8059821821,0107.0573832542,10.8061367384,0107.0573834642,10.8062002874,0107.0573746812,10.8063456510,0107.0574120226,10.8064996872,0107.0574307283,10.8065994372,0107.0574215154,10.8065904245,0107.0574307283,10.8065994372,0107.0574307283,10.8065903445,0107.0574215154,10.8065813417,0107.0574397911,10.8065628962,0107.0574214454,10.8065722490,0107.0574306583,10.8065630663,0107.0574215154,10.8065813417,0107.0574398611,10.8065811717,0107.0574122326,10.8065723290,0107.0573665381,10.8067182227,0107.0573764709,10.8069178826,0107.0573399793,10.8070817817,0107.0573217736,10.8071455908,0107.0573219236,10.8071818616,0107.0573406992,10.8073087897,0107.0573502620,10.8074086297,0107.0573413391,10.8075269051,0107.0573140005,10.8075997969,0107.0573607546,10.8078444804,0107.0573334760,10.8079720186,0107.0573245631,10.8080538331,0107.0573529715,10.8082896938,0107.0573534714,10.8084532529,0107.0573442585,10.8084896138,0107.0573540413,10.8086439000,0107.0573356256,10.8086622555,0107.0573544712,10.8087891836,0107.0573731669,10.8088981063,0107.0573736668,10.8090524826,0107.0574202911,10.8091972560,0107.0574295039,10.8092062587,0107.0574202211,10.8091881633,0107.0574023652,10.8093973460,0</coordinates></LinearRing></outerBoundaryIs></Polygon></Placemark><Placemark><name>DXF polygon 1532</name><description><![CDATA[DXF entity 1532; diện tích hình học thô xấp xỉ 12.7541 ha; phân loại tham chiếu theo màu PDF: Tràm 2022-2025.]]></description><styleUrl>#forest</styleUrl><Polygon><outerBoundaryIs><LinearRing><coordinates>107.0524304562,10.8054900771,0107.0524399490,10.8055807243,0107.0524310961,10.8056989097,0107.0524956361,10.8056982296,0107.0525880847,10.8057790139,0107.0525698789,10.8058701012,0107.0525608160,10.8059064621,0107.0525516032,10.8059156449,0107.0525424603,10.8059430030,0107.0525333274,10.8059703612,0107.0525610960,10.8059972893,0107.0525797217,10.8060788538,0107.0526352688,10.8061418028,0107.0528288890,10.8061397425,0107.0528934290,10.8061481551,0107.0529763848,10.8061472949,0107.0530499877,10.8061101539,0107.0531328136,10.8060275693,0107.0532523909,10.8059536373,0107.0532892323,10.8059441145,0107.0533262838,10.8059891481,0107.0533171409,10.8060255990,0107.0532808693,10.8062349517,0107.0531889206,10.8063176263,0107.0530322819,10.8063283393,0107.0528480846,10.8063938687,0107.0527466330,10.8064040716,0107.0526820930,10.8063956690,0107.0526175630,10.8063781736,0107.0524976957,10.8063703611,0107.0523968041,10.8065621284,0107.0523606125,10.8067623984,0107.0523428966,10.8070350402,0107.0523343936,10.8072623283,0107.0523906506,10.8075432926,0107.0525387163,10.8077505850,0107.0525572821,10.8077775931,0107.0526223120,10.8079494647,0107.0526597234,10.8081035910,0107.0526601433,10.8082579673,0107.0526238017,10.8084218664,0107.0526055959,10.8085219563,0107.0526057359,10.8085674100,0107.0525690344,10.8086222063,0107.0525415458,10.8086861055,0107.0525139972,10.8087136337,0107.0524773657,10.8087957983,0107.0524312413,10.8087872256,0107.0524036127,10.8087965684,0107.0523112341,10.8087339595,0107.0523203770,10.8086975086,0107.0523110242,10.8086613177,0107.0523107342,10.8085886759,0107.0523565686,10.8084883359,0107.0524393244,10.8084055612,0107.0523652916,10.8083156041,0107.0523375130,10.8082885760,0107.0522635601,10.8082077116,0107.0521249072,10.8081001592,0107.0521156243,10.8080911464,0107.0520693701,10.8080281175,0107.0520321087,10.8079012694,0107.0520320287,10.8078830839,0107.0520134730,10.8078378804,0107.0519488630,10.8078022996,0107.0519118815,10.8077754515,0107.0518841829,10.8077575261,0107.0518564043,10.8077305980,0107.0518471315,10.8077034898,0107.0518194329,10.8076764717,0107.0518100001,10.8076311881,0107.0517636758,10.8075499737,0107.0517359073,10.8075047701,0107.0516895030,10.8073962775,0107.0516432387,10.8073332485,0107.0516246030,10.8072970476,0107.0516152602,10.8072426713,0107.0516059073,10.8072064804,0107.0516058373,10.8071792123,0107.0515503602,10.8071253560,0107.0514856802,10.8070713998,0107.0514671144,10.8070534744,0107.0514115073,10.8069359790,0107.0513743859,10.8068637673,0107.0513556802,10.8067731101,0107.0514107275,10.8066817728,0107.0513918818,10.8065547547,0107.0513917418,10.8065092911,0107.0514008047,10.8064638475,0107.0513639733,10.8064641875,0107.0513269218,10.8064191540,0107.0512528890,10.8063201042,0107.0511604404,10.8062302171,0107.0511141761,10.8061670881,0107.0510956104,10.8061581654,0107.0510312203,10.8061679482,0107.0510127246,10.8061591155,0107.0509850260,10.8061502828,0107.0508924974,10.8060513931,0107.0508186845,10.8060248850,0107.0507263059,10.8059441907,0107.0506155016,10.8059090199,0107.0505139101,10.8058555838,0107.0504490901,10.8057655367,0107.0504120386,10.8057022376,0107.0503287929,10.8056122705,0107.0503008844,10.8055308761,0107.0502731858,10.8055220434,0107.0502362043,10.8054861026,0107.0501437557,10.8054054082,0107.0500513072,10.8052973357,0107.0500143257,10.8052795803,0107.0498850357,10.8051992260,0107.0498756828,10.8051720279,0107.0498753229,10.8050540225,0107.0498841159,10.8048813807,0107.0498839759,10.8048449198,0107.0499113845,10.8047811207,0107.0498926189,10.8046540926,0107.0498833360,10.8046269945,0107.0498644903,10.8045091591,0107.0498457947,10.8044184119,0107.0498180961,10.8043914838,0107.0497809047,10.8042829112,0107.0497896177,10.8041284449,0107.0498447349,10.8040461103,0107.0497889778,10.8039194322,0107.0497976907,10.8037649759,0107.0499078452,10.8036184921,0107.0498801567,10.8035733786,0107.0497970509,10.8035470506,0107.0496956793,10.8035662562,0107.0496129335,10.8036216626,0107.0494653577,10.8036232029,0107.0493731991,10.8036151403,0107.0492530418,10.8035345960,0107.0491974347,10.8034352861,0107.0491416876,10.8032724172,0107.0490676548,10.8031823601,0107.0490767177,10.8031369065,0107.0491039264,10.8029911929,0107.0491404079,10.8028636547,0107.0492969066,10.8027893926,0107.0494533954,10.8027150306,0107.0494990898,10.8025782396,0107.0494251269,10.8025154607,0107.0493788026,10.8024251436,0107.0492774311,10.8024262637,0107.0492036782,10.8024270339,0107.0492036082,10.8024179411,0107.0492128111,10.8024178611,0107.0492036782,10.8024270339,0107.0491943953,10.8024362066,0107.0491852625,10.8024453893,0107.0490929438,10.8024100486,0107.0490559624,10.8023832105,0107.0490189210,10.8023199915,0107.0490554725,10.8022106488,0107.0490646154,10.8021741078,0107.0490552625,10.8021470097,0107.0490367768,10.8021108088,0107.0489349754,10.8019757381,0107.0489438283,10.8018666455,0107.0489157098,10.8017215219,0107.0489064270,10.8016944238,0107.0488970742,10.8016400474,0107.0488784485,10.8015857611,0107.0488044156,10.8015047968,0107.0487766370,10.8014687759,0107.0486843284,10.8014334352,0107.0486657727,10.8013700561,0107.0486652828,10.8012246826,0107.0486833486,10.8010973244,0107.0487293230,10.8010423480,0107.0488768888,10.8010679959,0107.0489601345,10.8011488703,0107.0489786902,10.8012122493,0107.0490343073,10.8012933837,0107.0490714187,10.8013747782,0107.0490993373,10.8014562626,0107.0492284074,10.8014639852,0107.0493573375,10.8014353368,0107.0493941790,10.8014168113,0107.0494218076,10.8014073785,0107.0494585790,10.8013797603,0107.0494862077,10.8013522320,0107.0495324020,10.8013789901,0107.0495877991,10.8014237536,0107.0496341334,10.8014777899,0107.0498001049,10.8015214533,0107.0498927035,10.8016385185,0107.0498927735,10.8016657967,0107.0499851521,10.8017192228,0107.0501052293,10.8018179426,0107.0501237950,10.8018359580,0107.0501607065,10.8018446207,0107.0501792722,10.8018716288,0107.0502530851,10.8019072296,0107.0502899966,10.8019158923,0107.0504652510,10.8019594556,0107.0504837467,10.8019591955,0107.0505297210,10.8019314973,0107.0505849882,10.8019037190,0107.0506953527,10.8018207843,0107.0508334257,10.8017647778,0107.0508979657,10.8017640877,0107.0510823730,10.8017621173,0107.0511192845,10.8017617773,0107.0511746816,10.8017975481,0107.0512577074,10.8018056907,0107.0513499460,10.8018410214,0107.0513867875,10.8018225059,0107.0514975819,10.8018757620,0107.0515439861,10.8019751619,0107.0515717547,10.8020202755,0107.0514798060,10.8020939474,0107.0514338916,10.8021580166,0107.0513879173,10.8022130730,0107.0513789244,10.8022676193,0107.0513789944,10.8022858048,0107.0512592671,10.8023324586,0107.0511397498,10.8024518442,0107.0510294554,10.8025528643,0107.0509557724,10.8025809126,0107.0508173495,10.8025279065,0107.0506695637,10.8024568150,0107.0506050236,10.8024574951,0107.0505958908,10.8024575851,0107.0505502664,10.8026124715,0107.0505688220,10.8026759405,0107.0506059535,10.8027481523,0107.0506522077,10.8028021885,0107.0506614906,10.8028202840,0107.0507261706,10.8028558747,0107.0507814978,10.8028825528,0107.0508646036,10.8029088808,0107.0508923022,10.8029177135,0107.0509292136,10.8029263762,0107.0510123094,10.8029890751,0107.0510216622,10.8030071705,0107.0510402179,10.8030704595,0107.0511417394,10.8030967976,0107.0512156223,10.8031504838,0107.0512249052,10.8031594065,0107.0512527537,10.8032226955,0107.0512436108,10.8032500537,0107.0512620965,10.8032679791,0107.0512992280,10.8033402808,0107.0512994379,10.8034220153,0107.0512445306,10.8035588963,0107.0512169720,10.8035955172,0107.0511435090,10.8036871146,0107.0511347261,10.8038143027,0107.0511347961,10.8038597563,0107.0510796089,10.8038966373,0107.0510985245,10.8040418409,0107.0511539217,10.8040866944,0107.0511817602,10.8041409007,0107.0512649360,10.8042034996,0107.0513665275,10.8042660285,0107.0513942860,10.8043202348,0107.0514590460,10.8043921864,0107.0515145832,10.8044461327,0107.0516161747,10.8045086616,0107.0516901375,10.8045714405,0107.0517548875,10.8046524849,0107.0518011518,10.8047155239,0107.0518657519,10.8047421120,0107.0520134677,10.8047950281,0107.0521056363,10.8048031806,0107.0521980149,10.8048566968,0107.0522627649,10.8049196558,0107.0522998164,10.8049736821,0107.0523093192,10.8050553366,0107.0523093892,10.8050644193,0107.0523002463,10.8051099629,0107.0523095992,10.8051461538,0107.0523006662,10.8052643392,0107.0523008862,10.8053188856,0107.0523287247,10.8053911873,0107.0524304562,10.8054900771,0</coordinates></LinearRing></outerBoundaryIs></Polygon></Placemark><Placemark><name>DXF polygon 1533</name><description><![CDATA[DXF entity 1533; diện tích hình học thô xấp xỉ 1.5566 ha; phân loại tham chiếu theo màu PDF: Đất lấn chiếm KL 260.]]></description><styleUrl>#old</styleUrl><Polygon><outerBoundaryIs><LinearRing><coordinates>107.0509788625,10.8071677079,0107.0509792125,10.8072767206,0107.0509793625,10.8073129914,0107.0510257567,10.8074305768,0107.0510537352,10.8075393294,0107.0511185652,10.8076203838,0107.0512477153,10.8076462818,0107.0513216782,10.8077181534,0107.0513310310,10.8077634370,0107.0513403839,10.8077996279,0107.0512851167,10.8078365989,0107.0512390723,10.8078371090,0107.0511377008,10.8078381391,0107.0510362493,10.8078301566,0107.0509347978,10.8078311867,0107.0509163021,10.8078132613,0107.0508886035,10.8077954259,0107.0508701078,10.8077865032,0107.0507502406,10.8077696080,0107.0507133391,10.8077609453,0107.0506303833,10.8077527027,0107.0505472675,10.8077354674,0107.0504458960,10.8077364976,0107.0503351717,10.8077014169,0107.0503258788,10.8077105997,0107.0502797645,10.8076929243,0107.0501968787,10.8077028771,0107.0500861443,10.8076858919,0107.0500768615,10.8076677964,0107.0500307472,10.8076501311,0107.0499290857,10.8075604140,0107.0498828214,10.8075335659,0107.0497809500,10.8073803098,0107.0497254828,10.8073081781,0107.0496608728,10.8072907728,0107.0496423770,10.8072818501,0107.0494394840,10.8072477095,0107.0493656611,10.8072393869,0107.0493379625,10.8072215515,0107.0492458639,10.8072315844,0107.0491167138,10.8072238619,0107.0489505123,10.8071257422,0107.0488489208,10.8070722160,0107.0488394280,10.8069905715,0107.0488578537,10.8069813088,0107.0489315966,10.8069896314,0107.0491160839,10.8070058465,0107.0492820655,10.8070222317,0107.0494480570,10.8070295241,0107.0496047557,10.8070369866,0107.0496231815,10.8070277239,0107.0496873016,10.8068816702,0107.0496872317,10.8068453893,0107.0496773789,10.8066729176,0107.0496957246,10.8066272039,0107.0497878933,10.8066171710,0107.0498525134,10.8066255736,0107.0499170434,10.8066613445,0107.0499725205,10.8066879325,0107.0500923878,10.8066866423,0107.0501385021,10.8066953150,0107.0502306708,10.8066942848,0107.0502584494,10.8067121202,0107.0503506779,10.8067656364,0107.0503600408,10.8067837318,0107.0503880193,10.8069014872,0107.0504067250,10.8069830516,0107.0504528393,10.8070098097,0107.0505542908,10.8070177923,0107.0506373166,10.8070259349,0107.0506650952,10.8070438603,0107.0507204224,10.8070614456,0107.0507572538,10.8070610155,0107.0508033782,10.8070514928,0107.0508679882,10.8070689081,0107.0509510940,10.8071225943,0107.0509695797,10.8071315170,0107.0509788625,10.8071677079,0</coordinates></LinearRing></outerBoundaryIs></Polygon></Placemark><Placemark><name>DXF polygon 1534</name><description><![CDATA[DXF entity 1534; diện tích hình học thô xấp xỉ 1.3939 ha; phân loại tham chiếu theo màu PDF: Tràm 2022-2025.]]></description><styleUrl>#forest</styleUrl><Polygon><outerBoundaryIs><LinearRing><coordinates>107.0422754677,10.8009200415,0107.0423862621,10.8009825704,0107.0426077807,10.8010982755,0107.0427740522,10.8011873024,0107.0429402438,10.8012673267,0107.0430788067,10.8013748891,0107.0431342838,10.8014015572,0107.0431620524,10.8014466708,0107.0432819096,10.8014635760,0107.0433003354,10.8014542232,0107.0433279640,10.8014266950,0107.0433554526,10.8013900741,0107.0433830812,10.8013716386,0107.0434379885,10.8012438504,0107.0434562643,10.8011710386,0107.0434928958,10.8010979667,0107.0435111015,10.8010251549,0107.0435201644,10.8009887040,0107.0435291673,10.8008976967,0107.0435842246,10.8008062794,0107.0435841446,10.8007971867,0107.0436207061,10.8006878440,0107.0436297790,10.8006242049,0107.0436666105,10.8006146821,0107.0436756134,10.8005419603,0107.0436754734,10.8004965867,0107.0436938192,10.8004599657,0107.0437029621,10.8004326076,0107.0437212378,10.8004051594,0107.0437487964,10.8003503530,0107.0437301708,10.8002779712,0107.0435823950,10.8001977770,0107.0434069206,10.8000906546,0107.0433607363,10.8000548038,0107.0433237549,10.8000278656,0107.0431117190,10.8000392687,0107.0430012745,10.8001040180,0107.0429829288,10.8001223735,0107.0429278816,10.8002137908,0107.0428727543,10.8002870327,0107.0427349612,10.8004610446,0107.0426799940,10.8005434692,0107.0426063810,10.8006259639,0107.0425788924,10.8006535021,0107.0425052095,10.8007087285,0107.0423395778,10.8008104388,0107.0421924319,10.8009209817,0107.0422017148,10.8009390771,0107.0422754677,10.8009200415,0</coordinates></LinearRing></outerBoundaryIs></Polygon></Placemark><Placemark><name>DXF polygon 1535</name><description><![CDATA[DXF entity 1535; diện tích hình học thô xấp xỉ 13.1467 ha; phân loại tham chiếu theo màu PDF: Tràm 2022-2025.]]></description><styleUrl>#forest</styleUrl><Polygon><outerBoundaryIs><LinearRing><coordinates>107.0432208337,10.7995293960,0107.0432022680,10.7994842025,0107.0432022680,10.7994842025,0107.0431560137,10.7994301662,0107.0427032635,10.7991170216,0107.0426477364,10.7990086990,0107.0423336191,10.7988121997,0107.0420656262,10.7985970047,0107.0419917332,10.7985705867,0107.0416041031,10.7983930429,0107.0411984570,10.7983973135,0107.0408111567,10.7983923214,0107.0405440136,10.7984587810,0107.0402862833,10.7985886095,0107.0401940446,10.7985805469,0107.0401018060,10.7985723943,0107.0400465588,10.7985639017,0107.0400464788,10.7985548090,0107.0400189302,10.7985733345,0107.0400371959,10.7985549890,0107.0400554117,10.7984639018,0107.0401196019,10.7983270308,0107.0401836520,10.7981718744,0107.0402202036,10.7980625317,0107.0402477622,10.7980350035,0107.0402565551,10.7978896399,0107.0401179222,10.7977728947,0107.0400254736,10.7976921903,0107.0398964635,10.7977298314,0107.0398324133,10.7978940706,0107.0397122062,10.7977590699,0107.0397122062,10.7977499772,0107.0396842277,10.7976413146,0107.0396471762,10.7975962910,0107.0395182461,10.7976430248,0107.0393984489,10.7976533977,0107.0393892460,10.7976534778,0107.0393339888,10.7976722633,0107.0392696587,10.7977364925,0107.0391686371,10.7978648008,0107.0391045170,10.7980016717,0107.0390862312,10.7980654808,0107.0390219711,10.7981750836,0107.0389944225,10.7981936091,0107.0389669339,10.7982483255,0107.0389947024,10.7982843463,0107.0388658323,10.7983494456,0107.0386725720,10.7984785940,0107.0385993090,10.7986337304,0107.0385901061,10.7986429032,0107.0385717604,10.7986612587,0107.0385437719,10.7985707815,0107.0385434219,10.7984617688,0107.0385984792,10.7983522560,0107.0386991509,10.7980967596,0107.0387352225,10.7978329506,0107.0387712941,10.7975692316,0107.0387153270,10.7973699017,0107.0387151171,10.7972972599,0107.0387241900,10.7972336309,0107.0387516786,10.7971970099,0107.0388250816,10.7970600490,0107.0387967532,10.7968332009,0107.0387316532,10.7966522266,0107.0387958434,10.7965153556,0107.0388324749,10.7964512865,0107.0388875921,10.7963780446,0107.0389333565,10.7962777046,0107.0390251853,10.7961223081,0107.0391079211,10.7960578089,0107.0391537554,10.7959937498,0107.0392086627,10.7958569589,0107.0391900471,10.7957663016,0107.0392358114,10.7956659616,0107.0392264586,10.7956205880,0107.0393279101,10.7956195679,0107.0393832973,10.7956734241,0107.0394386945,10.7956819267,0107.0394570402,10.7956635713,0107.0394845988,10.7956451358,0107.0395030945,10.7956358730,0107.0395122374,10.7956176076,0107.0396503004,10.7955615110,0107.0396595133,10.7955523382,0107.0396778690,10.7955158973,0107.0396962848,10.7955065445,0107.0398622563,10.7955411152,0107.0399361492,10.7955676232,0107.0401208364,10.7956565702,0107.0401485350,10.7956744056,0107.0401578778,10.7957287819,0107.0400751421,10.7957841784,0107.0400568563,10.7958478974,0107.0400573462,10.7960113664,0107.0401493648,10.7959650627,0107.0402415335,10.7959458571,0107.0403429850,10.7959539197,0107.0404075151,10.7959532396,0107.0405181694,10.7959702248,0107.0405922723,10.7960784674,0107.0405925522,10.7961692946,0107.0407311751,10.7963040352,0107.0408422594,10.7964482086,0107.0408889336,10.7966293430,0107.0408981464,10.7966383457,0107.0409351179,10.7966742865,0107.0409628165,10.7966922120,0107.0409998679,10.7967371555,0107.0410369193,10.7968003645,0107.0411200851,10.7968630634,0107.0412772037,10.7969977240,0107.0412956994,10.7970156494,0107.0414067037,10.7971325447,0107.0415175680,10.7972221717,0107.0417023152,10.7973383068,0107.0417208109,10.7973562322,0107.0418224624,10.7974460293,0107.0419056282,10.7974906428,0107.0419516725,10.7974901227,0107.0419701682,10.7974989554,0107.0421547054,10.7975606341,0107.0421640683,10.7975786396,0107.0422009698,10.7975964850,0107.0422564269,10.7976776194,0107.0422934083,10.7977135502,0107.0424687427,10.7977479508,0107.0424780256,10.7977569535,0107.0426439472,10.7977461605,0107.0428835317,10.7977254047,0107.0430495132,10.7977237044,0107.0431141233,10.7977411097,0107.0431416718,10.7977499424,0107.0432062119,10.7977310768,0107.0433813364,10.7977111011,0107.0435471779,10.7976729399,0107.0436207109,10.7976086208,0107.0436201510,10.7974088809,0107.0435551311,10.7972369192,0107.0435364954,10.7972008084,0107.0434901011,10.7970741303,0107.0434343440,10.7969475423,0107.0433601012,10.7967938461,0107.0434153684,10.7967660578,0107.0435352256,10.7967738704,0107.0435814200,10.7967824430,0107.0436182514,10.7967821130,0107.0437380487,10.7967717300,0107.0437933059,10.7967529545,0107.0438487131,10.7967523544,0107.0439498046,10.7966605070,0107.0439956990,10.7966146233,0107.0440324005,10.7965506442,0107.0440782348,10.7964774823,0107.0441242892,10.7964406013,0107.0441611306,10.7964310885,0107.0442534393,10.7964483338,0107.0443179693,10.7964840146,0107.0442909006,10.7966569164,0107.0442726248,10.7967297282,0107.0442823276,10.7968931072,0107.0443011733,10.7970019499,0107.0443103761,10.7970200453,0107.0443472775,10.7970378007,0107.0443566404,10.7970558061,0107.0443750561,10.7970647288,0107.0443935419,10.7970736515,0107.0444953433,10.7971906368,0107.0445137590,10.7971994694,0107.0446611849,10.7971706510,0107.0447164421,10.7971609582,0107.0447440707,10.7971425227,0107.0447808321,10.7971149145,0107.0448637980,10.7970867862,0107.0448637980,10.7970867862,0107.0448636580,10.7970323199,0107.0448358794,10.7970053917,0107.0448356695,10.7969326599,0107.0448539452,10.7969053118,0107.0449184153,10.7968772635,0107.0449643896,10.7968313798,0107.0450841169,10.7968028214,0107.0452224698,10.7968195466,0107.0452593113,10.7968009311,0107.0453235614,10.7967185165,0107.0453511200,10.7966728928,0107.0454338759,10.7965811255,0107.0455718689,10.7964979407,0107.0456085704,10.7964339616,0107.0456451919,10.7963608897,0107.0457000991,10.7962331915,0107.0456816834,10.7962151761,0107.0455985077,10.7961706626,0107.0455892348,10.7961525672,0107.0456074406,10.7960615699,0107.0456440021,10.7959521272,0107.0457176051,10.7959149962,0107.0457545065,10.7959328416,0107.0458098337,10.7959231488,0107.0458925096,10.7958314714,0107.0459387039,10.7958400440,0107.0459571196,10.7958489667,0107.0460402853,10.7959115756,0107.0459579694,10.7961214484,0107.0458386721,10.7962952904,0107.0456916661,10.7964876578,0107.0456366889,10.7965789851,0107.0455997774,10.7965976006,0107.0455814317,10.7966159561,0107.0455446602,10.7966435743,0107.0454251529,10.7967628599,0107.0453793885,10.7968723827,0107.0452784269,10.7970278692,0107.0451224980,10.7973019711,0107.0449575763,10.7976307894,0107.0448199931,10.7978775332,0107.0446270128,10.7980975189,0107.0444988526,10.7983714508,0107.0441768022,10.7985837040,0107.0439476802,10.7990584859,0107.0438375258,10.7991868843,0107.0435797955,10.7993439910,0107.0433404809,10.7994645668,0107.0433221352,10.7994829122,0107.0432760108,10.7995016178,0107.0432300365,10.7995202233,0107.0432208337,10.7995293960,0</coordinates></LinearRing></outerBoundaryIs></Polygon></Placemark><Placemark><name>DXF polygon 1536</name><description><![CDATA[DXF entity 1536; diện tích hình học thô xấp xỉ 8.6861 ha; phân loại tham chiếu theo màu PDF: Đất trảng đồi/suối/G.T.]]></description><styleUrl>#other</styleUrl><Polygon><outerBoundaryIs><LinearRing><coordinates>107.0446637844,10.7980244470,0107.0446913429,10.7980150943,0107.0447373273,10.7979510351,0107.0448933861,10.7977494849,0107.0450033407,10.7975121839,0107.0451316409,10.7972746129,0107.0452600811,10.7970553174,0107.0453977342,10.7968449445,0107.0455911344,10.7967883378,0107.0457846046,10.7967227384,0107.0459779348,10.7966389436,0107.0460516078,10.7966109053,0107.0463093281,10.7964810668,0107.0465214340,10.7964879392,0107.0466322982,10.7965866489,0107.0465958867,10.7967231798,0107.0466329382,10.7967773061,0107.0466238652,10.7968319325,0107.0466424909,10.7969044042,0107.0467533653,10.7969668531,0107.0467721409,10.7970846885,0107.0467353594,10.7971395749,0107.0466619765,10.7972402649,0107.0466346278,10.7973496177,0107.0466439106,10.7973676231,0107.0466532635,10.7973948113,0107.0467824036,10.7974479074,0107.0468747822,10.7975014236,0107.0468381507,10.7975744954,0107.0467461320,10.7976389846,0107.0467464819,10.7977570800,0107.0467464719,10.7977753555,0107.0467469018,10.7979024536,0107.0467562547,10.7979205590,0107.0467935860,10.7980926807,0107.0467111202,10.7982570899,0107.0465916128,10.7983673828,0107.0465823300,10.7983674728,0107.0464902313,10.7983775056,0107.0464074155,10.7984329021,0107.0463797869,10.7984604303,0107.0463523083,10.7984879686,0107.0463339525,10.7985425949,0107.0463157467,10.7986154967,0107.0463622110,10.7987421748,0107.0462980309,10.7988518676,0107.0462796051,10.7988702130,0107.0462244279,10.7988980913,0107.0461416021,10.7989624905,0107.0461416721,10.7989897687,0107.0461511049,10.7990441450,0107.0461696606,10.7990893386,0107.0461605977,10.7991258795,0107.0461515249,10.7991713331,0107.0462808749,10.7992971510,0107.0463178563,10.7993149064,0107.0463454849,10.7993145664,0107.0463916092,10.7993141363,0107.0465021936,10.7992856679,0107.0466405466,10.7993296713,0107.0467791895,10.7994280410,0107.0468253038,10.7994457064,0107.0468990467,10.7994449363,0107.0469451710,10.7994444262,0107.0471018798,10.7994246205,0107.0471386412,10.7993879096,0107.0471660599,10.7993149277,0107.0471935385,10.7992783968,0107.0472303900,10.7992325031,0107.0473128458,10.7990862794,0107.0473312616,10.7990770166,0107.0473865988,10.7990764165,0107.0474141474,10.7990488883,0107.0474969632,10.7990116673,0107.0475153889,10.7989842191,0107.0475706461,10.7989564409,0107.0476442491,10.7989102171,0107.0477364177,10.7989001842,0107.0477643962,10.7990361150,0107.0477184219,10.7990638133,0107.0476999961,10.7990821687,0107.0476542318,10.7991825988,0107.0476450989,10.7991917815,0107.0476268131,10.7992737761,0107.0476546617,10.7993188896,0107.0477930146,10.7993446176,0107.0478299861,10.7993805484,0107.0478304160,10.7995258320,0107.0478580446,10.7995164892,0107.0479410704,10.7995156291,0107.0480238862,10.7994602326,0107.0480238162,10.7994420471,0107.0480513048,10.7993873308,0107.0480696506,10.7993779780,0107.0481526064,10.7993498497,0107.0482536979,10.7992580023,0107.0483551495,10.7992478894,0107.0485024353,10.7991827101,0107.0485299240,10.7991279037,0107.0485482697,10.7991004555,0107.0486217327,10.7989906827,0107.0486400784,10.7989813299,0107.0487600856,10.7990164106,0107.0487877142,10.7990161506,0107.0488245557,10.7989975451,0107.0489166544,10.7989602340,0107.0489809744,10.7989141803,0107.0490455145,10.7989044075,0107.0491009117,10.7989219928,0107.0491010517,10.7989673564,0107.0490919188,10.7990038074,0107.0490920588,10.7990491710,0107.0491014116,10.7990855419,0107.0490832658,10.7991947246,0107.0490557172,10.7992222528,0107.0490559972,10.7993039873,0107.0490560671,10.7993311654,0107.0491393728,10.7994575034,0107.0491578685,10.7994754289,0107.0492316115,10.7994655660,0107.0493329230,10.7994281749,0107.0493604716,10.7994006467,0107.0493880302,10.7993912140,0107.0493876803,10.7992731986,0107.0494517904,10.7991272349,0107.0494885519,10.7990996167,0107.0495994262,10.7991528728,0107.0496823820,10.7991611154,0107.0497466421,10.7990604253,0107.0497742707,10.7990419798,0107.0497926165,10.7990236344,0107.0499311894,10.7991039086,0107.0499311894,10.7991130014,0107.0499313994,10.7991675477,0107.0498854850,10.7992497023,0107.0499224664,10.7992947358,0107.0499781536,10.7993940457,0107.0499782935,10.7994576047,0107.0499599478,10.7994850429,0107.0499785035,10.7995121511,0107.0499785035,10.7995212438,0107.0499600177,10.7995032284,0107.0499507349,10.7994760402,0107.0497756905,10.7995051987,0107.0497572647,10.7995327369,0107.0497112904,10.7995604352,0107.0496470302,10.7996701280,0107.0496471702,10.7997063988,0107.0495830601,10.7998433698,0107.0494636228,10.7999626654,0107.0493625312,10.8000636955,0107.0493074739,10.8001823910,0107.0492617896,10.8002918238,0107.0492434338,10.8003283647,0107.0492250181,10.8003376275,0107.0492067423,10.8003923438,0107.0491054408,10.8004207322,0107.0490500336,10.8004121495,0107.0489581549,10.8005040069,0107.0489042374,10.8009769186,0107.0488029959,10.8010324851,0107.0486552201,10.8009341154,0107.0484606901,10.8006273232,0107.0479905040,10.8006414767,0107.0476582510,10.8005177891,0107.0473624894,10.8002665733,0107.0469929050,10.7999981323,0107.0469553637,10.7997895497,0107.0465952021,10.7995571995,0107.0463455549,10.7993327418,0107.0461607377,10.7991712531,0107.0458933046,10.7991559781,0107.0456073058,10.7991135150,0107.0453761544,10.7988707018,0107.0451452129,10.7987006305,0107.0452003301,10.7986636595,0107.0448399586,10.7983768629,0107.0445720356,10.7981889362,0107.0446637144,10.7979972589,0107.0447190415,10.7980148442,0107.0446637844,10.7980244470,0</coordinates></LinearRing></outerBoundaryIs></Polygon></Placemark><Placemark><name>DXF polygon 1537</name><description><![CDATA[DXF entity 1537; diện tích hình học thô xấp xỉ 7.1597 ha; phân loại tham chiếu theo màu PDF: Tràm 2022-2025.]]></description><styleUrl>#forest</styleUrl><Polygon><outerBoundaryIs><LinearRing><coordinates>107.0438743573,10.7991864542,0107.0438835001,10.7991681787,0107.0439019159,10.7991498333,0107.0439662460,10.7990673186,0107.0440029375,10.7990306177,0107.0441130319,10.7988478631,0107.0442871766,10.7985098620,0107.0445630427,10.7982617580,0107.0446365756,10.7981882561,0107.0448398886,10.7983495848,0107.0451358600,10.7986735323,0107.0453761644,10.7988526164,0107.0455796873,10.7990955795,0107.0458563932,10.7991381327,0107.0461515249,10.7991713331,0107.0464009521,10.7993594199,0107.0465951321,10.7995481068,0107.0466413964,10.7995930503,0107.0469461508,10.7997714443,0107.0470114008,10.8000069650,0107.0473440037,10.8002486579,0107.0476673938,10.8004996137,0107.0479536625,10.8006508995,0107.0481841242,10.8006212309,0107.0484421244,10.8006094078,0107.0486552301,10.8009250227,0107.0487937930,10.8010143897,0107.0487845801,10.8010508406,0107.0487754372,10.8010691061,0107.0487300328,10.8012875515,0107.0487304527,10.8014329251,0107.0487122469,10.8015057369,0107.0484725124,10.8015083073,0107.0483710710,10.8014821493,0107.0481497522,10.8014663642,0107.0480385979,10.8012949127,0107.0478634035,10.8012876202,0107.0477799578,10.8011160086,0107.0476321020,10.8010267216,0107.0476132664,10.8008634227,0107.0475486564,10.8008459273,0107.0475209578,10.8008371747,0107.0473916677,10.8007749058,0107.0473087220,10.8007576705,0107.0472441019,10.8007583506,0107.0472256862,10.8007585206,0107.0471979076,10.8007406852,0107.0471425904,10.8007140071,0107.0470962561,10.8006600609,0107.0470684876,10.8005876792,0107.0470407190,10.8005698438,0107.0470222233,10.8005609211,0107.0469484804,10.8005525985,0107.0468748774,10.8005897295,0107.0468287531,10.8005993423,0107.0467642130,10.8005909297,0107.0466350030,10.8005286608,0107.0465703230,10.8004839773,0107.0465518272,10.8004932401,0107.0464228271,10.8005037030,0107.0464136842,10.8005401539,0107.0464048313,10.8006401539,0107.0463038097,10.8007774549,0107.0462762511,10.8008049831,0107.0462301967,10.8008235986,0107.0462117110,10.8008056732,0107.0461747296,10.8007788251,0107.0460824209,10.8007524871,0107.0459995352,10.8007625300,0107.0458613922,10.8008002511,0107.0458521893,10.8008094338,0107.0457600106,10.8008285494,0107.0455850362,10.8008758933,0107.0455666104,10.8008851561,0107.0454745818,10.8009497353,0107.0453550045,10.8010236573,0107.0453365087,10.8010330101,0107.0452168615,10.8010705711,0107.0451800200,10.8010890966,0107.0451246228,10.8010625086,0107.0451061271,10.8010626786,0107.0450784985,10.8010629386,0107.0450232413,10.8010726215,0107.0448941712,10.8010739917,0107.0447186269,10.8009486838,0107.0445430125,10.8007960978,0107.0443951567,10.8007069109,0107.0443397596,10.8006529546,0107.0443761811,10.8005072410,0107.0444863356,10.8003607572,0107.0444771327,10.8003608472,0107.0445046914,10.8003060408,0107.0446522572,10.8003498742,0107.0447075844,10.8003492741,0107.0447536987,10.8003578467,0107.0447812573,10.8003212258,0107.0447904002,10.8002939576,0107.0448084660,10.8001665995,0107.0447805574,10.8000942077,0107.0446234288,10.7999505544,0107.0444111230,10.7998619475,0107.0442358586,10.7998183742,0107.0440971457,10.7996927263,0107.0441338472,10.7996287472,0107.0442350087,10.7995549952,0107.0442719902,10.7995910161,0107.0443455231,10.7995174242,0107.0442068903,10.7993826835,0107.0440682574,10.7992843138,0107.0438929930,10.7992407405,0107.0438837101,10.7992317278,0107.0438652244,10.7992138124,0107.0438743573,10.7991864542,0</coordinates></LinearRing></outerBoundaryIs></Polygon></Placemark><Placemark><name>DXF polygon 1538</name><description><![CDATA[DXF entity 1538; diện tích hình học thô xấp xỉ 1.0719 ha; phân loại tham chiếu theo màu PDF: Đất trảng đồi/suối/G.T.]]></description><styleUrl>#other</styleUrl><Polygon><outerBoundaryIs><LinearRing><coordinates>107.0411064280,10.7922670955,0107.0410879322,10.7922582628,0107.0410786494,10.7922492601,0107.0409772879,10.7922502802,0107.0409587222,10.7922232621,0107.0408016036,10.7920795988,0107.0407179379,10.7918715263,0107.0405883179,10.7916640639,0107.0405419137,10.7915736667,0107.0405142151,10.7915557313,0107.0404957294,10.7915287131,0107.0404588279,10.7915109678,0107.0404495451,10.7915019551,0107.0404126336,10.7914932924,0107.0402095406,10.7914046055,0107.0401078892,10.7913148884,0107.0400986064,10.7912877003,0107.0400889036,10.7911333240,0107.0400796207,10.7911244013,0107.0401344580,10.7909603422,0107.0401803724,10.7908962730,0107.0401986482,10.7908324639,0107.0402168539,10.7907778376,0107.0402259968,10.7907232012,0107.0402442725,10.7906958531,0107.0402347898,10.7905959331,0107.0402158041,10.7904144486,0107.0401973184,10.7903874305,0107.0401601970,10.7903152188,0107.0400587655,10.7902890608,0107.0398283139,10.7903005439,0107.0395885894,10.7903031043,0107.0395424651,10.7903126171,0107.0393767035,10.7903506882,0107.0394229578,10.7904047245,0107.0394322407,10.7904228200,0107.0394599392,10.7904406654,0107.0397092165,10.7905832985,0107.0397930221,10.7908277319,0107.0398952335,10.7910990934,0107.0400066577,10.7913704650,0107.0401180019,10.7916236510,0107.0401834417,10.7919408062,0107.0402671774,10.7921670642,0107.0404796231,10.7923282128,0107.0407193476,10.7923256524,0107.0410326750,10.7922951338,0107.0410418879,10.7922859610,0107.0410326750,10.7922860410,0107.0411064280,10.7922670955,0</coordinates></LinearRing></outerBoundaryIs></Polygon></Placemark><Placemark><name>DXF polygon 1539</name><description><![CDATA[DXF entity 1539; diện tích hình học thô xấp xỉ 1.8806 ha; phân loại tham chiếu theo màu PDF: Tràm 2022-2025.]]></description><styleUrl>#forest</styleUrl><Polygon><outerBoundaryIs><LinearRing><coordinates>107.0477394818,10.7968655842,0107.0477394818,10.7968655842,0107.0477671104,10.7968560614,0107.0478222976,10.7968191804,0107.0478222976,10.7968191804,0107.0478771349,10.7966551113,0107.0479412451,10.7965091477,0107.0479594508,10.7964453386,0107.0480142881,10.7962812695,0107.0480601225,10.7961990249,0107.0480693354,10.7961807494,0107.0481058169,10.7960532212,0107.0481149598,10.7960349558,0107.0481699270,10.7959253430,0107.0481699270,10.7959253430,0107.0482249043,10.7958066475,0107.0482799516,10.7957153102,0107.0483255659,10.7955786093,0107.0483347089,10.7955330656,0107.0484081718,10.7954413782,0107.0484358105,10.7954138500,0107.0484909176,10.7953769691,0107.0485922192,10.7953304853,0107.0487120864,10.7953201123,0107.0487765565,10.7952921541,0107.0488779280,10.7952820412,0107.0490254238,10.7952985864,0107.0490531924,10.7953255145,0107.0490257038,10.7953985063,0107.0490166409,10.7954349572,0107.0490351966,10.7954892435,0107.0489618036,10.7955990263,0107.0489436678,10.7956810209,0107.0488976835,10.7957450800,0107.0488885506,10.7957723482,0107.0488702748,10.7958270746,0107.0488703448,10.7958452500,0107.0488243705,10.7958729583,0107.0487875290,10.7958914738,0107.0487783961,10.7959188320,0107.0487417646,10.7959920038,0107.0487880289,10.7960550328,0107.0487511874,10.7960736483,0107.0487051431,10.7960740684,0107.0486870073,10.7961832511,0107.0487054931,10.7961830811,0107.0487147759,10.7962101792,0107.0487148459,10.7962465401,0107.0487149159,10.7962647256,0107.0487428244,10.7963461200,0107.0487336815,10.7963916536,0107.0487154058,10.7964282846,0107.0486877771,10.7964558128,0107.0487064829,10.7965100991,0107.0486973400,10.7965555527,0107.0486605085,10.7965741683,0107.0486053912,10.7966474101,0107.0485778326,10.7966749383,0107.0485320682,10.7967843711,0107.0484861639,10.7968393475,0107.0484401795,10.7968853212,0107.0484311166,10.7969399576,0107.0484220538,10.7969763185,0107.0483944951,10.7970129394,0107.0482931136,10.7970413278,0107.0482472093,10.7970872114,0107.0482474192,10.7971507605,0107.0482662649,10.7972958740,0107.0482847506,10.7973229722,0107.0483588534,10.7974312148,0107.0483681263,10.7974583129,0107.0484049677,10.7974397874,0107.0484141806,10.7974215219,0107.0484418092,10.7974121792,0107.0484510221,10.7974119991,0107.0484324564,10.7973758983,0107.0483677063,10.7973221221,0107.0483307249,10.7972769985,0107.0483949150,10.7971673057,0107.0484593051,10.7971212620,0107.0485603967,10.7970203219,0107.0485879553,10.7969837009,0107.0486250067,10.7970377272,0107.0487081825,10.7970732380,0107.0487265982,10.7971002461,0107.0487819954,10.7971178314,0107.0487822054,10.7971813805,0107.0487915582,10.7972357568,0107.0488283896,10.7972263240,0107.0488650911,10.7971714376,0107.0488650911,10.7971623449,0107.0488741540,10.7971168013,0107.0489571898,10.7971159511,0107.0489664626,10.7971612247,0107.0489667526,10.7972339665,0107.0489852383,10.7972609747,0107.0489579596,10.7973885129,0107.0489673125,10.7974247037,0107.0490134368,10.7974332764,0107.0490685440,10.7973691272,0107.0491053855,10.7973687872,0107.0491884213,10.7973587543,0107.0492253227,10.7973855924,0107.0492715770,10.7974396287,0107.0492717970,10.7975031777,0107.0492075369,10.7976037778,0107.0491985440,10.7976765096,0107.0492540811,10.7977486413,0107.0491714053,10.7978494114,0107.0491530595,10.7978768596,0107.0490884495,10.7978412688,0107.0489406037,10.7977610745,0107.0488944894,10.7977251337,0107.0488205265,10.7976714475,0107.0487003793,10.7975638150,0107.0485803721,10.7975196416,0107.0484235934,10.7975122592,0107.0484144606,10.7975123492,0107.0482848906,10.7973593431,0107.0481184891,10.7971974943,0107.0479337319,10.7970632738,0107.0478225776,10.7969191904,0107.0477394818,10.7968655842,0</coordinates></LinearRing></outerBoundaryIs></Polygon></Placemark><Placemark><name>DXF polygon 1540</name><description><![CDATA[DXF entity 1540; diện tích hình học thô xấp xỉ 0.4858 ha; phân loại tham chiếu theo màu PDF: Tràm 2022-2025.]]></description><styleUrl>#forest</styleUrl><Polygon><outerBoundaryIs><LinearRing><coordinates>107.0466320183,10.7964867390,0107.0466320183,10.7964867390,0107.0466320183,10.7964867390,0107.0466320183,10.7964867390,0107.0466228055,10.7964868190,0107.0466043197,10.7964778963,0107.0465859040,10.7964781563,0107.0465766211,10.7964691536,0107.0465490626,10.7964694036,0107.0465397797,10.7964694937,0107.0465213640,10.7964697537,0107.0465120811,10.7964698337,0107.0465028682,10.7964608310,0107.0464936654,10.7964609110,0107.0464751696,10.7964611711,0107.0464660368,10.7964612611,0107.0464568339,10.7964613411,0107.0464476211,10.7964614311,0107.0464291253,10.7964616011,0107.0464199225,10.7964616811,0107.0464106296,10.7964618612,0107.0464014267,10.7964528485,0107.0463830110,10.7964530185,0107.0463737981,10.7964531085,0107.0463645953,10.7964531885,0107.0463553824,10.7964533685,0107.0463368867,10.7964626313,0107.0463277538,10.7964627113,0107.0463185410,10.7964628013,0107.0463185409,10.7964718940,0107.0463092581,10.7964719741,0107.0462908423,10.7964630514,0107.0462816395,10.7964541387,0107.0462816395,10.7964450459,0107.0462907724,10.7964266905,0107.0462907024,10.7964175977,0107.0462999152,10.7964084150,0107.0462999152,10.7964084150,0107.0462998453,10.7963902395,0107.0463089781,10.7963810568,0107.0463089081,10.7963538786,0107.0463181210,10.7963356032,0107.0463364668,10.7963081650,0107.0463456797,10.7962808068,0107.0463456097,10.7962626213,0107.0463547525,10.7962443559,0107.0463638854,10.7962260804,0107.0463915140,10.7962076449,0107.0464097897,10.7961802067,0107.0464374184,10.7961617612,0107.0464650470,10.7961524185,0107.0464835427,10.7961430657,0107.0464926756,10.7961338930,0107.0465109513,10.7960883493,0107.0465108813,10.7960610812,0107.0465199543,10.7959974421,0107.0465198843,10.7959791666,0107.0465750015,10.7959241102,0107.0466026301,10.7959056747,0107.0466209758,10.7958691338,0107.0466208359,10.7958236802,0107.0466390416,10.7957690538,0107.0466663903,10.7956597911,0107.0467307104,10.7955864592,0107.0467674119,10.7955223901,0107.0467854777,10.7953859392,0107.0468221092,10.7953038646,0107.0468403050,10.7952491482,0107.0468770064,10.7951942618,0107.0468863593,10.7952032646,0107.0469690251,10.7951297726,0107.0470058666,10.7951111571,0107.0470334952,10.7951018144,0107.0470611238,10.7950833689,0107.0471347967,10.7950734260,0107.0471810610,10.7951365450,0107.0471444995,10.7952368950,0107.0471171609,10.7953097868,0107.0470989551,10.7953916914,0107.0470713965,10.7954464978,0107.0470347750,10.7955104769,0107.0470073463,10.7956016442,0107.0469707248,10.7956747160,0107.0469340233,10.7957476979,0107.0469066047,10.7958297824,0107.0468607703,10.7959119370,0107.0468332816,10.7959758361,0107.0468149359,10.7960124571,0107.0467783144,10.7960855289,0107.0467693115,10.7961582607,0107.0467326900,10.7962312425,0107.0466868556,10.7963225798,0107.0466503041,10.7964137371,0107.0466320183,10.7964867390,0</coordinates></LinearRing></outerBoundaryIs></Polygon></Placemark><Placemark><name>DXF polygon 1541</name><description><![CDATA[DXF entity 1541; diện tích hình học thô xấp xỉ 1.7191 ha; phân loại tham chiếu theo màu PDF: Tràm 2022-2025.]]></description><styleUrl>#forest</styleUrl><Polygon><outerBoundaryIs><LinearRing><coordinates>107.0461755389,10.7949019531,0107.0461755389,10.7949019531,0107.0461755389,10.7948928604,0107.0461755490,10.7948837777,0107.0461754690,10.7948656823,0107.0461661861,10.7948566695,0107.0461661161,10.7948384941,0107.0461660461,10.7948294014,0107.0461660461,10.7948203086,0107.0461659761,10.7948022132,0107.0461752590,10.7947929505,0107.0461659061,10.7947840278,0107.0461751890,10.7947748550,0107.0461751890,10.7947657623,0107.0461658361,10.7947567596,0107.0461658362,10.7947476669,0107.0461657662,10.7947294814,0107.0461657662,10.7947204787,0107.0461656962,10.7947113860,0107.0461656962,10.7946932105,0107.0461656262,10.7946841178,0107.0461656262,10.7946750251,0107.0461748391,10.7946658523,0107.0461747691,10.7946476669,0107.0461747691,10.7946384841,0107.0461747691,10.7946294814,0107.0461654062,10.7946204787,0107.0461654162,10.7946113860,0107.0461654163,10.7946022933,0107.0461653463,10.7945841078,0107.0461653463,10.7945750151,0107.0461652663,10.7945660124,0107.0461652763,10.7945569297,0107.0461651963,10.7945478370,0107.0461652063,10.7945387442,0107.0461559934,10.7945297315,0107.0461559235,10.7945024633,0107.0461650663,10.7944842879,0107.0461649863,10.7944751952,0107.0461465006,10.7944389943,0107.0461464306,10.7944208989,0107.0461555735,10.7943935407,0107.0461555035,10.7943753552,0107.0461554335,10.7943480870,0107.0461461507,10.7943300816,0107.0461460807,10.7943028035,0107.0461644265,10.7942753553,0107.0461642865,10.7942390844,0107.0461734994,10.7942117262,0107.0461640765,10.7941753553,0107.0461732194,10.7941299017,0107.0461822823,10.7940843580,0107.0461913552,10.7940298117,0107.0462004881,10.7940206389,0107.0462187739,10.7939387344,0107.0462186339,10.7938932808,0107.0462641783,10.7937382944,0107.0463008098,10.7936471271,0107.0464391628,10.7936456769,0107.0466143472,10.7936710648,0107.0467158687,10.7937063155,0107.0467160787,10.7937608718,0107.0467531301,10.7938331736,0107.0467899615,10.7938236508,0107.0468913330,10.7938135379,0107.0470296160,10.7938029849,0107.0471494832,10.7938107975,0107.0472600676,10.7938005045,0107.0473061820,10.7937999945,0107.0473523063,10.7937995644,0107.0474351821,10.7937895315,0107.0474905893,10.7937980242,0107.0475553393,10.7938699758,0107.0475554092,10.7938972540,0107.0475095649,10.7939885913,0107.0474820062,10.7940252123,0107.0474361019,10.7940801887,0107.0474361019,10.7940892814,0107.0474177562,10.7940985341,0107.0474086932,10.7941621732,0107.0474086132,10.7941530805,0107.0473719217,10.7942080669,0107.0473442931,10.7942174097,0107.0473075917,10.7942722961,0107.0472984588,10.7942996543,0107.0472433415,10.7943728961,0107.0472341287,10.7943729861,0107.0472341987,10.7943911616,0107.0471975072,10.7944551507,0107.0471700185,10.7945189498,0107.0471608857,10.7945281225,0107.0471242542,10.7946193799,0107.0471151813,10.7946649235,0107.0470509312,10.7947564308,0107.0470417183,10.7947656136,0107.0469772482,10.7948026646,0107.0468943724,10.7948217002,0107.0468299024,10.7948314730,0107.0467838580,10.7948500785,0107.0467562294,10.7948594313,0107.0467193880,10.7948689541,0107.0466549279,10.7949059151,0107.0466643507,10.7949603714,0107.0466552778,10.7950149177,0107.0466461450,10.7950331832,0107.0466002306,10.7951155278,0107.0466003006,10.7951336132,0107.0465359005,10.7951797570,0107.0465084219,10.7952345634,0107.0465363304,10.7953159478,0107.0465456133,10.7953249605,0107.0465458232,10.7954066950,0107.0465275474,10.7954613214,0107.0464352988,10.7954623515,0107.0464076002,10.7954535089,0107.0463523530,10.7954541089,0107.0463155116,10.7954545390,0107.0462600444,10.7954278709,0107.0462230630,10.7953828374,0107.0461953644,10.7953650020,0107.0462043573,10.7953103656,0107.0462040073,10.7951832675,0107.0461946645,10.7951379839,0107.0461944445,10.7950743449,0107.0461851017,10.7950108758,0107.0461851717,10.7950289712,0107.0461664660,10.7949655922,0107.0461756089,10.7949201386,0107.0461755389,10.7949019531,0</coordinates></LinearRing></outerBoundaryIs></Polygon></Placemark><Placemark><name>DXF polygon 1542</name><description><![CDATA[DXF entity 1542; diện tích hình học thô xấp xỉ 0.3994 ha; phân loại tham chiếu theo màu PDF: Tràm 2022-2025.]]></description><styleUrl>#forest</styleUrl><Polygon><outerBoundaryIs><LinearRing><coordinates>107.0437583688,10.7943281174,0107.0437675816,10.7943280374,0107.0437584388,10.7943372101,0107.0437400231,10.7943374702,0107.0437031116,10.7943378102,0107.0436662001,10.7943382403,0107.0436569973,10.7943383303,0107.0436017401,10.7943480131,0107.0435741115,10.7943573659,0107.0435464829,10.7943576159,0107.0434910857,10.7943491233,0107.0434450414,10.7943405507,0107.0434081299,10.7943409807,0107.0433528027,10.7943415808,0107.0432329355,10.7943427710,0107.0431961040,10.7943522938,0107.0430486782,10.7943720095,0107.0430395453,10.7943993677,0107.0430397553,10.7944720095,0107.0430398952,10.7945264658,0107.0430214695,10.7945357285,0107.0430126166,10.7946357285,0107.0429758451,10.7946816222,0107.0429854079,10.7947905449,0107.0429947607,10.7948449212,0107.0430041836,10.7948901948,0107.0430041735,10.7949083802,0107.0430410850,10.7949170429,0107.0430594307,10.7948986874,0107.0431517393,10.7949340282,0107.0431885808,10.7949245954,0107.0432989452,10.7948416707,0107.0433540725,10.7947593361,0107.0434460912,10.7946948469,0107.0435012784,10.7946668786,0107.0435472527,10.7946209949,0107.0436392814,10.7945655084,0107.0436852557,10.7945378102,0107.0437220972,10.7945192947,0107.0437680716,10.7944733210,0107.0438600303,10.7943906463,0107.0439704646,10.7943440825,0107.0440350047,10.7943434024,0107.0440903319,10.7943428023,0107.0441732177,10.7943237667,0107.0442101291,10.7943233367,0107.0442193420,10.7943050612,0107.0441914935,10.7942599476,0107.0440532105,10.7942614979,0107.0438965118,10.7942631181,0107.0437768645,10.7943188647,0107.0437583688,10.7943281174,0</coordinates></LinearRing></outerBoundaryIs></Polygon></Placemark><Placemark><name>DXF polygon 1543</name><description><![CDATA[DXF entity 1543; diện tích hình học thô xấp xỉ 0.5199 ha; phân loại tham chiếu theo màu PDF: Tràm 2022-2025.]]></description><styleUrl>#forest</styleUrl><Polygon><outerBoundaryIs><LinearRing><coordinates>107.0425051791,10.7945231140,0107.0425051791,10.7945231140,0107.0425051791,10.7945231140,0107.0425051791,10.7945231140,0107.0425051791,10.7945231140,0107.0425052591,10.7945321967,0107.0425052491,10.7945411994,0107.0424961162,10.7945503821,0107.0424961162,10.7945594649,0107.0424961162,10.7945685576,0107.0424961862,10.7945776503,0107.0424961862,10.7945776503,0107.0424961862,10.7945867430,0107.0424961862,10.7945867430,0107.0424961862,10.7945958358,0107.0424961862,10.7945958358,0107.0424869733,10.7946050085,0107.0424869733,10.7946141012,0107.0424870433,10.7946231940,0107.0424870433,10.7946322867,0107.0424871133,10.7946412894,0107.0424871133,10.7946412894,0107.0424779004,10.7946504621,0107.0424779004,10.7946595548,0107.0424779804,10.7946686476,0107.0424779704,10.7946777403,0107.0424779704,10.7946777403,0107.0424780504,10.7946869230,0107.0424780404,10.7946960158,0107.0424872532,10.7946959258,0107.0425057490,10.7947047584,0107.0425149518,10.7947137612,0107.0425241547,10.7947227739,0107.0425242347,10.7947318666,0107.0425243047,10.7947499520,0107.0425242946,10.7947681375,0107.0425243646,10.7947863229,0107.0425152317,10.7948136811,0107.0424968860,10.7948229439,0107.0424876732,10.7948321166,0107.0424786103,10.7948776602,0107.0424694674,10.7949049284,0107.0424603345,10.7949231939,0107.0424603245,10.7949322866,0107.0424328459,10.7949780003,0107.0424052173,10.7949964357,0107.0423960744,10.7950147112,0107.0423961444,10.7950419794,0107.0423685858,10.7950695076,0107.0423685858,10.7950695076,0107.0423594429,10.7950968658,0107.0423135385,10.7951700276,0107.0423227414,10.7951881231,0107.0423320942,10.7952062185,0107.0423228813,10.7952335767,0107.0422398556,10.7952071587,0107.0421753955,10.7952260242,0107.0420925797,10.7952723380,0107.0420372525,10.7952638453,0107.0420279697,10.7952457499,0107.0420277697,10.7951640154,0107.0419814354,10.7951008864,0107.0419167554,10.7950652056,0107.0418705711,10.7950293548,0107.0418427925,10.7950024267,0107.0418335197,10.7949571431,0107.0418425226,10.7949025067,0107.0418425226,10.7948934140,0107.0418423826,10.7948480504,0107.0418328898,10.7947573032,0107.0418328898,10.7947573032,0107.0418328198,10.7947391277,0107.0418326799,10.7946845714,0107.0418326099,10.7946663959,0107.0418600985,10.7946025868,0107.0418692414,10.7945752286,0107.0418507557,10.7945482105,0107.0418873072,10.7944569632,0107.0419241487,10.7944384377,0107.0419609801,10.7944199122,0107.0419978916,10.7944285749,0107.0420439359,10.7944280648,0107.0420624216,10.7944460802,0107.0420624216,10.7944460802,0107.0420900603,10.7944184620,0107.0421268917,10.7943999365,0107.0421914318,10.7944174318,0107.0422653147,10.7944529426,0107.0422930832,10.7944980561,0107.0423668961,10.7945245642,0107.0424314362,10.7945147814,0107.0424959063,10.7944868231,0107.0425234648,10.7944683876,0107.0425051791,10.7945231140,0</coordinates></LinearRing></outerBoundaryIs></Polygon></Placemark><Placemark><name>DXF polygon 1544</name><description><![CDATA[DXF entity 1544; diện tích hình học thô xấp xỉ 4.6152 ha; phân loại tham chiếu theo màu PDF: Tràm 2022-2025.]]></description><styleUrl>#forest</styleUrl><Polygon><outerBoundaryIs><LinearRing><coordinates>107.0429176385,10.7937284263,0107.0429176385,10.7937193336,0107.0429267814,10.7937010582,0107.0429818986,10.7936188236,0107.0429908915,10.7935550945,0107.0429723358,10.7935099009,0107.0429721958,10.7934645273,0107.0428798972,10.7934201038,0107.0428519786,10.7933568048,0107.0427872387,10.7932756704,0107.0427409144,10.7931853533,0107.0427132058,10.7931856133,0107.0426208972,10.7931593653,0107.0426666016,10.7930135616,0107.0426754645,10.7928862935,0107.0426845974,10.7928680180,0107.0427120861,10.7927950362,0107.0427304418,10.7927675880,0107.0427393647,10.7926766807,0107.0427757063,10.7924946962,0107.0427937821,10.7923581553,0107.0428670351,10.7921939162,0107.0429128695,10.7921298471,0107.0429310753,10.7920388598,0107.0429123796,10.7919663881,0107.0428843910,10.7918667281,0107.0428659853,10.7918488027,0107.0428195811,10.7917584856,0107.0427733968,10.7917135420,0107.0426901611,10.7916145722,0107.0426159882,10.7915153324,0107.0425418954,10.7913799117,0107.0425139868,10.7913075299,0107.0424124054,10.7912450910,0107.0424031925,10.7912451710,0107.0423847068,10.7912180729,0107.0423844268,10.7911272457,0107.0423843569,10.7910908748,0107.0423473054,10.7910458512,0107.0422827754,10.7910374386,0107.0421536953,10.7910479015,0107.0420890953,10.7910123108,0107.0420797524,10.7909578444,0107.0420427010,10.7909129109,0107.0419868739,10.7907590447,0107.0419683882,10.7907411193,0107.0419499025,10.7907231038,0107.0418851525,10.7906419594,0107.0418759496,10.7906330467,0107.0418481110,10.7905879331,0107.0417375267,10.7905981360,0107.0417006152,10.7906076488,0107.0415255708,10.7906367173,0107.0413227577,10.7906297649,0107.0412582177,10.7906304450,0107.0411661290,10.7906496606,0107.0410277761,10.7906420181,0107.0410185632,10.7906420981,0107.0409633060,10.7906517909,0107.0407789087,10.7906718467,0107.0407236515,10.7906815395,0107.0406038643,10.7906828197,0107.0405211884,10.7908018653,0107.0405123255,10.7909290534,0107.0405493069,10.7909558915,0107.0406324727,10.7910005050,0107.0408166600,10.7909621738,0107.0410286059,10.7909417680,0107.0410748002,10.7909594334,0107.0410938458,10.7911591032,0107.0410021071,10.7913054070,0107.0408362655,10.7913343954,0107.0407994340,10.7913439082,0107.0408364855,10.7913979445,0107.0408641740,10.7914249626,0107.0409196412,10.7914879116,0107.0409381269,10.7914967442,0107.0409749684,10.7914782187,0107.0410214326,10.7916231723,0107.0410030869,10.7916324350,0107.0409477597,10.7916330351,0107.0408925024,10.7916699061,0107.0408925724,10.7916880915,0107.0408927824,10.7917607333,0107.0408929224,10.7918060969,0107.0408745766,10.7918244524,0107.0408655037,10.7918699960,0107.0409026952,10.7919603932,0107.0409210409,10.7919602232,0107.0410133495,10.7919955539,0107.0410503209,10.7920224920,0107.0410504009,10.7920406775,0107.0410597437,10.7920950538,0107.0411706081,10.7921664954,0107.0411706781,10.7921755881,0107.0413368696,10.7922828005,0107.0415399625,10.7923805801,0107.0417338526,10.7924785298,0107.0418910512,10.7926130104,0107.0419558612,10.7927213429,0107.0420301040,10.7928658564,0107.0420305239,10.7930112300,0107.0419848995,10.7931661163,0107.0419758866,10.7932661163,0107.0420504094,10.7934924543,0107.0420970236,10.7936735887,0107.0421525607,10.7937365476,0107.0424107009,10.7937519926,0107.0425950982,10.7937591151,0107.0428071241,10.7937658974,0107.0428993627,10.7937740500,0107.0429085756,10.7937739600,0107.0429176385,10.7937284263,0</coordinates></LinearRing></outerBoundaryIs></Polygon></Placemark><Placemark><name>DXF polygon 1545</name><description><![CDATA[DXF entity 1545; diện tích hình học thô xấp xỉ 1.0204 ha; phân loại tham chiếu theo màu PDF: Tràm 2022-2025.]]></description><styleUrl>#forest</styleUrl><Polygon><outerBoundaryIs><LinearRing><coordinates>107.0505302956,10.7990793922,0107.0505579242,10.7990608567,0107.0506683686,10.7990142929,0107.0507052101,10.7989775819,0107.0507142830,10.7989229456,0107.0507417616,10.7988773319,0107.0508061617,10.7988220955,0107.0508244375,10.7987855545,0107.0508887676,10.7987122326,0107.0509440248,10.7986753517,0107.0509439548,10.7986480835,0107.0509345219,10.7986118926,0107.0509529477,10.7985843544,0107.0508792048,10.7985851245,0107.0507500547,10.7985683093,0107.0507407019,10.7985139430,0107.0507404919,10.7984413012,0107.0507311390,10.7984141930,0107.0507034405,10.7983781722,0107.0506849547,10.7983783422,0107.0506111419,10.7983427514,0107.0505742204,10.7983522742,0107.0505100403,10.7984528743,0107.0505284560,10.7984617070,0107.0505378189,10.7984888952,0107.0505471617,10.7985341787,0107.0505082395,10.7986186140,0107.0504459301,10.7986079307,0107.0503906029,10.7986085308,0107.0503349958,10.7984910355,0107.0502702458,10.7984190838,0107.0502609529,10.7984191638,0107.0501964929,10.7984380294,0107.0501042542,10.7984207941,0107.0500121556,10.7984580951,0107.0499938098,10.7984946361,0107.0499663312,10.7985221643,0107.0498742325,10.7985776508,0107.0498098325,10.7986147018,0107.0498099824,10.7986510727,0107.0498376710,10.7986780008,0107.0498562367,10.7987141917,0107.0498839353,10.7987411198,0107.0499027110,10.7988226843,0107.0498936381,10.7988954161,0107.0498936381,10.7988954161,0107.0497921865,10.7988964362,0107.0497922665,10.7989055289,0107.0497925465,10.7990054489,0107.0497925465,10.7990145416,0107.0498849251,10.7990589651,0107.0499035508,10.7991224341,0107.0498394407,10.7992593151,0107.0497843234,10.7993325570,0107.0496833018,10.7994516825,0107.0497943161,10.7995958559,0107.0499050405,10.7996038385,0107.0499973491,10.7996663574,0107.0501079335,10.7996197836,0107.0502091650,10.7995823925,0107.0503009838,10.7994541742,0107.0503101866,10.7994540842,0107.0503837296,10.7993806723,0107.0503558911,10.7993082905,0107.0503556711,10.7992447415,0107.0505211627,10.7990976576,0107.0505302956,10.7990793922,0</coordinates></LinearRing></outerBoundaryIs></Polygon></Placemark><Placemark><name>DXF polygon 1546</name><description><![CDATA[DXF entity 1546; diện tích hình học thô xấp xỉ 1.1708 ha; phân loại tham chiếu theo màu PDF: Tràm 2022-2025.]]></description><styleUrl>#forest</styleUrl><Polygon><outerBoundaryIs><LinearRing><coordinates>107.0498409421,10.7985992672,0107.0499471953,10.7985351481,0107.0500149664,10.7984592755,0107.0501042542,10.7984207941,0107.0501872800,10.7984381194,0107.0502701058,10.7984176234,0107.0503256329,10.7984729401,0107.0503721772,10.7986087008,0107.0505105402,10.7986164334,0107.0505471617,10.7985523642,0107.0505283860,10.7984435215,0107.0505008374,10.7984620470,0107.0505737002,10.7983516341,0107.0506385505,10.7982789424,0107.0505369590,10.7982164235,0107.0503703376,10.7980002084,0107.0503055276,10.7978918858,0107.0503420091,10.7977734404,0107.0503233734,10.7977099713,0107.0502494805,10.7976744705,0107.0501850204,10.7977023388,0107.0500933417,10.7978669280,0107.0500103159,10.7978495927,0107.0500286717,10.7977949663,0107.0499545688,10.7977139119,0107.0498253588,10.7976426404,0107.0497052016,10.7975531033,0107.0496037601,10.7975450408,0107.0495023086,10.7975279655,0107.0494192928,10.7974925447,0107.0492900727,10.7974576441,0107.0492626541,10.7975305359,0107.0492168197,10.7976036978,0107.0492076768,10.7976673368,0107.0492077468,10.7976855123,0107.0492816297,10.7977392985,0107.0491621924,10.7978585941,0107.0491068652,10.7978591942,0107.0489868680,10.7977878326,0107.0489499566,10.7977791700,0107.0489132651,10.7978249736,0107.0490518280,10.7979324361,0107.0492365752,10.7980667466,0107.0493750781,10.7981288354,0107.0494860124,10.7982367380,0107.0495140709,10.7983725787,0107.0496064495,10.7984351977,0107.0497449425,10.7984972865,0107.0498380512,10.7985991772,0107.0498409421,10.7985992672,0</coordinates></LinearRing></outerBoundaryIs></Polygon></Placemark><Placemark><name>DXF polygon 1547</name><description><![CDATA[DXF entity 1547; diện tích hình học thô xấp xỉ 11.8212 ha; phân loại tham chiếu theo màu PDF: Tràm 2022-2025.]]></description><styleUrl>#forest</styleUrl><Polygon><outerBoundaryIs><LinearRing><coordinates>107.0571703966,10.8136527815,0107.0573232441,10.8136762388,0107.0573232441,10.8136671560,0107.0574339784,10.8136932240,0107.0574524641,10.8137204222,0107.0577196972,10.8136811308,0107.0577935202,10.8136893634,0107.0578856888,10.8136884133,0107.0581069476,10.8136588247,0107.0581437791,10.8136583946,0107.0581898334,10.8136397891,0107.0583004978,10.8136567644,0107.0585033208,10.8136546241,0107.0585401622,10.8136632767,0107.0586508966,10.8136802620,0107.0586508966,10.8136711692,0107.0587984025,10.8136696290,0107.0589643240,10.8136678187,0107.0591118199,10.8136753712,0107.0594068916,10.8136812834,0107.0595267688,10.8136709005,0107.0595636803,10.8136886458,0107.0596558489,10.8136968884,0107.0597848590,10.8136772427,0107.0597848590,10.8136772427,0107.0598496191,10.8137311090,0107.0599606334,10.8138661797,0107.0599607033,10.8138933678,0107.0600258133,10.8140834249,0107.0600537318,10.8141648994,0107.0600445890,10.8141831648,0107.0600540218,10.8142466339,0107.0600635846,10.8143736520,0107.0601282646,10.8144184155,0107.0601743889,10.8144179054,0107.0602020175,10.8144085526,0107.0603403805,10.8144251878,0107.0604601878,10.8144058022,0107.0605891979,10.8143953392,0107.0606814365,10.8143943091,0107.0607274109,10.8143666008,0107.0607825381,10.8142933590,0107.0607824581,10.8142842662,0107.0607823881,10.8142569981,0107.0608100167,10.8142385526,0107.0608376453,10.8142383025,0107.0608649840,10.8141472153,0107.0608463583,10.8140655708,0107.0608185897,10.8140295499,0107.0607815283,10.8139754236,0107.0607998040,10.8139388927,0107.0607720355,10.8138937791,0107.0606980726,10.8138219075,0107.0606609412,10.8137406130,0107.0606239597,10.8136955795,0107.0607069255,10.8136947294,0107.0607530399,10.8136942093,0107.0608544214,10.8137021818,0107.0609189614,10.8137014917,0107.0610295558,10.8136912888,0107.0611310073,10.8136901686,0107.0612415217,10.8136707830,0107.0612600174,10.8136705229,0107.0612597275,10.8135797857,0107.0612227461,10.8135347622,0107.0612314590,10.8133712131,0107.0612126034,10.8132351823,0107.0612126134,10.8132259996,0107.0612031105,10.8131625405,0107.0611569962,10.8131357824,0107.0610555347,10.8131369026,0107.0609910747,10.8131465854,0107.0609265346,10.8131472756,0107.0608433488,10.8130936794,0107.0608063075,10.8130123749,0107.0607969446,10.8129942795,0107.0607690260,10.8129128850,0107.0607504703,10.8128676915,0107.0606670746,10.8127322707,0107.0605930417,10.8126422136,0107.0605744761,10.8125879273,0107.0605096560,10.8125068829,0107.0604356932,10.8124260086,0107.0603617203,10.8123813251,0107.0603433745,10.8123905878,0107.0602971802,10.8123639198,0107.0602879674,10.8123640098,0107.0602417831,10.8123280689,0107.0602322103,10.8122191462,0107.0601487545,10.8120748028,0107.0601303388,10.8120567974,0107.0599642673,10.8120313295,0107.0598074086,10.8120057716,0107.0597151699,10.8119795336,0107.0596317142,10.8118259175,0107.0595576114,10.8116995895,0107.0594650128,10.8115734315,0107.0593911099,10.8115288380,0107.0592618898,10.8114847546,0107.0591972798,10.8114673493,0107.0590864755,10.8114048204,0107.0590587769,10.8113778923,0107.0589941668,10.8113694897,0107.0588650167,10.8113345890,0107.0587448596,10.8112359593,0107.0586893824,10.8111911057,0107.0585602323,10.8111742905,0107.0585418166,10.8111563751,0107.0585232509,10.8111202642,0107.0584955523,10.8111114315,0107.0584031637,10.8110489127,0107.0584030237,10.8110033690,0107.0583753251,10.8109855336,0107.0583475465,10.8109585955,0107.0583291308,10.8109678583,0107.0582738736,10.8109684684,0107.0581906878,10.8109329576,0107.0581630592,10.8109332976,0107.0581261478,10.8109336377,0107.0580800335,10.8108978869,0107.0580890963,10.8108614360,0107.0581166550,10.8108248050,0107.0582180365,10.8108146922,0107.0582640808,10.8108141721,0107.0583010023,10.8108046493,0107.0583748252,10.8108129719,0107.0584025238,10.8108308073,0107.0584486481,10.8108394699,0107.0585133981,10.8109204243,0107.0585226010,10.8109203443,0107.0586516811,10.8109280568,0107.0587898341,10.8108721402,0107.0588081098,10.8108174239,0107.0588077499,10.8106994185,0107.0588168228,10.8106447821,0107.0588164629,10.8105447721,0107.0588440215,10.8104991485,0107.0588807930,10.8104624475,0107.0587884743,10.8104361095,0107.0587514229,10.8103820833,0107.0587329372,10.8103549751,0107.0587878344,10.8102272769,0107.0587970473,10.8102181042,0107.0587507030,10.8101459725,0107.0587046687,10.8101373098,0107.0586122801,10.8100928863,0107.0585382473,10.8099846538,0107.0585194615,10.8099030893,0107.0584917630,10.8098943366,0107.0583811786,10.8098864541,0107.0583534800,10.8098776214,0107.0583073557,10.8098690388,0107.0582887900,10.8098420306,0107.0582334628,10.8098153526,0107.0581135256,10.8097893646,0107.0580489055,10.8097719593,0107.0579936483,10.8097906548,0107.0579567369,10.8097819922,0107.0579108325,10.8098551540,0107.0578372296,10.8098832023,0107.0577357780,10.8098842325,0107.0576711680,10.8098577344,0107.0576340366,10.8097763400,0107.0575323051,10.8096774502,0107.0575046066,10.8096505221,0107.0574214308,10.8095787404,0107.0573384050,10.8095704978,0107.0573106964,10.8095708479,0107.0572928506,10.8097436697,0107.0572839976,10.8098890332,0107.0572749248,10.8099345769,0107.0572842776,10.8099707677,0107.0572848475,10.8101616050,0107.0572850675,10.8102251540,0107.0572852774,10.8102977958,0107.0573131260,10.8103519921,0107.0573321116,10.8105333865,0107.0573324016,10.8106243038,0107.0573420343,10.8107604046,0107.0572868471,10.8108154710,0107.0572594285,10.8108793601,0107.0572137341,10.8110251638,0107.0572142340,10.8111978155,0107.0572051711,10.8112432691,0107.0572145939,10.8113067282,0107.0571963182,10.8113523618,0107.0571968181,10.8115159209,0107.0572061709,10.8115521117,0107.0573266081,10.8117324660,0107.0573823651,10.8119044276,0107.0573922179,10.8120950848,0107.0573830050,10.8121133503,0107.0573739421,10.8121588939,0107.0573009091,10.8123776794,0107.0572733505,10.8124143003,0107.0572550647,10.8124871121,0107.0572003074,10.8126602740,0107.0571825315,10.8128785494,0107.0571738886,10.8130601938,0107.0571648957,10.8131330157,0107.0571654656,10.8133146601,0107.0571751683,10.8134871318,0107.0571810399,10.8136547921,0107.0571703966,10.8136527815,0</coordinates></LinearRing></outerBoundaryIs></Polygon></Placemark><Placemark><name>DXF polygon 1548</name><description><![CDATA[DXF entity 1548; diện tích hình học thô xấp xỉ 2.6545 ha; phân loại tham chiếu theo màu PDF: Tràm 2022-2025.]]></description><styleUrl>#forest</styleUrl><Polygon><outerBoundaryIs><LinearRing><coordinates>107.0556403082,10.8089982937,0107.0556402382,10.8089892010,0107.0556402382,10.8089892010,0107.0556402382,10.8089892010,0107.0556402382,10.8089892010,0107.0556402382,10.8089892010,0107.0556402382,10.8089892010,0107.0556402382,10.8089892010,0107.0556403082,10.8089982937,0107.0556494411,10.8089982137,0107.0556495211,10.8090072964,0107.0556772897,10.8090342346,0107.0556865025,10.8090522400,0107.0556958554,10.8090703354,0107.0556682968,10.8091069563,0107.0556682968,10.8091160491,0107.0556498710,10.8091253118,0107.0556406682,10.8091253918,0107.0556314553,10.8091254818,0107.0555945438,10.8091259119,0107.0555669152,10.8091352547,0107.0555392866,10.8091356047,0107.0555023752,10.8091359448,0107.0554655337,10.8091363749,0107.0554378351,10.8091366349,0107.0554379051,10.8091457176,0107.0554102765,10.8091550704,0107.0554194094,10.8091458876,0107.0554378351,10.8091366349,0107.0554287023,10.8091367149,0107.0554193394,10.8091278022,0107.0554193394,10.8091278022,0107.0554009936,10.8091461577,0107.0553643022,10.8091919514,0107.0552999721,10.8092743660,0107.0552355020,10.8092842388,0107.0552078034,10.8092753161,0107.0551617591,10.8092850090,0107.0551249176,10.8092853490,0107.0550326790,10.8092863792,0107.0549128017,10.8092876694,0107.0548667574,10.8092971822,0107.0548390588,10.8092884395,0107.0548113502,10.8092886995,0107.0547560930,10.8092892996,0107.0547560930,10.8092892996,0107.0546270829,10.8093088553,0107.0545163586,10.8092645018,0107.0544608914,10.8092197383,0107.0544238999,10.8092019830,0107.0542945399,10.8090943505,0107.0542668413,10.8090946105,0107.0542484156,10.8090857779,0107.0541930884,10.8090863780,0107.0540637183,10.8090060137,0107.0540176040,10.8089883483,0107.0539714097,10.8089706829,0107.0539345082,10.8089438348,0107.0538791711,10.8089353422,0107.0537684367,10.8089273696,0107.0537408881,10.8089368024,0107.0537040366,10.8089735134,0107.0537411680,10.8090276297,0107.0538149209,10.8090358622,0107.0538335466,10.8091083340,0107.0538798109,10.8091441848,0107.0538890938,10.8091803757,0107.0537510908,10.8092635604,0107.0537418779,10.8092637405,0107.0536681249,10.8092826960,0107.0535391948,10.8093113344,0107.0535115663,10.8093116845,0107.0534653719,10.8092939291,0107.0532993104,10.8092684512,0107.0532070717,10.8092421232,0107.0530502231,10.8091983798,0107.0530224445,10.8091805444,0107.0529855330,10.8091627891,0107.0529671173,10.8091447736,0107.0529941760,10.8089810546,0107.0529756903,10.8089449537,0107.0529018674,10.8089275384,0107.0528464002,10.8088736822,0107.0528278345,10.8088374813,0107.0527816502,10.8088016305,0107.0526524201,10.8087575471,0107.0526431373,10.8087486344,0107.0526613531,10.8086485444,0107.0527439589,10.8085295888,0107.0528361276,10.8085285587,0107.0530112520,10.8085176657,0107.0531493950,10.8084798445,0107.0532599894,10.8084514562,0107.0534350439,10.8084132050,0107.0535179996,10.8084123549,0107.0535272125,10.8084122648,0107.0535639040,10.8083663811,0107.0535914026,10.8082933893,0107.0536280941,10.8082295002,0107.0536741485,10.8082198874,0107.0537294756,10.8082192873,0107.0537755900,10.8082278699,0107.0538953872,10.8082175770,0107.0539967687,10.8082164668,0107.0541719631,10.8082236693,0107.0543195390,10.8082312118,0107.0543655833,10.8082216089,0107.0544024948,10.8082211789,0107.0544855306,10.8082294115,0107.0546607250,10.8082547993,0107.0546791407,10.8082546293,0107.0546975664,10.8082452765,0107.0547898051,10.8082534291,0107.0548452022,10.8082981926,0107.0548545551,10.8083253808,0107.0548823337,10.8083614016,0107.0549837752,10.8083876497,0107.0550115538,10.8084054850,0107.0551132852,10.8085133775,0107.0551224981,10.8085132975,0107.0551409838,10.8085313030,0107.0551409838,10.8085313030,0107.0551687624,10.8085582311,0107.0552241595,10.8085940019,0107.0552796367,10.8086387654,0107.0552888396,10.8086477681,0107.0553811482,10.8086922016,0107.0554274125,10.8087280524,0107.0555014554,10.8088180095,0107.0555662054,10.8088900612,0107.0555939739,10.8089442574,0107.0556310254,10.8089801983,0107.0556310254,10.8089801983,0107.0556403082,10.8089982937,0</coordinates></LinearRing></outerBoundaryIs></Polygon></Placemark><Placemark><name>DXF polygon 1549</name><description><![CDATA[DXF entity 1549; diện tích hình học thô xấp xỉ 20.4156 ha; phân loại tham chiếu theo màu PDF: Tràm 2022-2025.]]></description><styleUrl>#forest</styleUrl><Polygon><outerBoundaryIs><LinearRing><coordinates>107.0521067431,10.8135997180,0107.0520762440,10.8133234051,0107.0520847470,10.8130963070,0107.0521207287,10.8128143125,0107.0521290217,10.8125054700,0107.0521190290,10.8122511737,0107.0521276720,10.8120604365,0107.0521546707,10.8118420811,0107.0521540308,10.8116241558,0107.0521902324,10.8114148030,0107.0522909741,10.8111775721,0107.0523086900,10.8109412012,0107.0522896243,10.8107325386,0107.0522984173,10.8105870850,0107.0523069903,10.8103689797,0107.0523350993,10.8102060809,0107.0524802643,10.8102549057,0107.0532094209,10.8102608286,0107.0534398225,10.8102919783,0107.0536868793,10.8102263190,0107.0537931625,10.8101327411,0107.0539331164,10.8098666315,0107.0540606562,10.8097350622,0107.0542479546,10.8096448155,0107.0544311715,10.8096218389,0107.0545542598,10.8096183780,0107.0547202514,10.8096256604,0107.0548124900,10.8096519985,0107.0548401186,10.8096425557,0107.0549600658,10.8096685437,0107.0551075617,10.8096579107,0107.0551167745,10.8096578307,0107.0551351903,10.8096575706,0107.0552826961,10.8096469277,0107.0553287405,10.8096283221,0107.0553654319,10.8095734357,0107.0554299720,10.8095727456,0107.0554668135,10.8095632228,0107.0556050365,10.8095345845,0107.0556511508,10.8095431571,0107.0558263552,10.8095594522,0107.0559739210,10.8095760074,0107.0560294682,10.8096571318,0107.0560573767,10.8097387063,0107.0561863868,10.8097099679,0107.0563523784,10.8097173404,0107.0563892199,10.8097078176,0107.0564538999,10.8097525911,0107.0565276528,10.8097609137,0107.0566198914,10.8097780590,0107.0566383772,10.8097960744,0107.0566752886,10.8098229225,0107.0566845715,10.8098228325,0107.0566846515,10.8098409279,0107.0567124901,10.8098860415,0107.0567494015,10.8099038769,0107.0568597759,10.8098300349,0107.0569792932,10.8097197420,0107.0570899476,10.8097276246,0107.0571175762,10.8097182818,0107.0572372335,10.8096533525,0107.0573018435,10.8096890333,0107.0572928506,10.8097436697,0107.0572657219,10.8099346669,0107.0573306819,10.8100701676,0107.0572849175,10.8101887831,0107.0572947003,10.8103612548,0107.0572947803,10.8103703476,0107.0573039831,10.8103884530,0107.0573040531,10.8103974457,0107.0573226188,10.8104245539,0107.0572952702,10.8105429093,0107.0572582887,10.8105160612,0107.0571936087,10.8104622050,0107.0571843258,10.8104532823,0107.0571381315,10.8104265242,0107.0570550358,10.8103729280,0107.0570457529,10.8103639153,0107.0570273372,10.8103459999,0107.0569903457,10.8103281545,0107.0569625072,10.8102558627,0107.0569163929,10.8102381974,0107.0568148614,10.8102210321,0107.0568056585,10.8102303048,0107.0567780999,10.8102578331,0107.0567601041,10.8104032866,0107.0567601741,10.8104214721,0107.0567234126,10.8104672658,0107.0567142697,10.8104855412,0107.0566500196,10.8105679558,0107.0565392052,10.8105418879,0107.0563917094,10.8105343354,0107.0562442135,10.8105359656,0107.0560967177,10.8105375159,0107.0560782920,10.8105285932,0107.0560505934,10.8105380260,0107.0559953362,10.8105567215,0107.0559771304,10.8106206206,0107.0559679175,10.8106298034,0107.0559219432,10.8106665943,0107.0559497118,10.8106935224,0107.0560787919,10.8107103277,0107.0561157033,10.8107098976,0107.0561341190,10.8107279130,0107.0561618976,10.8107457484,0107.0563186763,10.8107622136,0107.0564477564,10.8107699361,0107.0564662422,10.8107788588,0107.0566598623,10.8107858912,0107.0568166510,10.8108023564,0107.0568260039,10.8108385472,0107.0568721182,10.8108562126,0107.0568814010,10.8108924935,0107.0569093196,10.8109647852,0107.0569370182,10.8109827106,0107.0570200540,10.8109817705,0107.0570476725,10.8109815104,0107.0570474626,10.8109179614,0107.0570842240,10.8108903431,0107.0571394912,10.8108715576,0107.0571948985,10.8108709575,0107.0572229470,10.8110068983,0107.0572229470,10.8110159910,0107.0572050311,10.8111797201,0107.0572238768,10.8113157409,0107.0572240968,10.8113701972,0107.0572429324,10.8115154008,0107.0572522152,10.8115515917,0107.0572248066,10.8116063980,0107.0569944849,10.8116815302,0107.0569760592,10.8116907930,0107.0568931734,10.8117098286,0107.0566813475,10.8117937934,0107.0565800359,10.8118402772,0107.0562669684,10.8119618132,0107.0562117913,10.8119805987,0107.0561481010,10.8122718559,0107.0561851524,10.8123349749,0107.0562137809,10.8126344648,0107.0562972365,10.8128152591,0107.0564362394,10.8130318142,0107.0565471837,10.8131577121,0107.0566852567,10.8130927029,0107.0567495868,10.8130011955,0107.0567771454,10.8129736673,0107.0568781770,10.8128454490,0107.0568965928,10.8128270035,0107.0570254629,10.8127529915,0107.0571082787,10.8127248532,0107.0571451902,10.8127244231,0107.0571825315,10.8128785494,0107.0571826015,10.8128966448,0107.0571828115,10.8129783793,0107.0571558228,10.8131966447,0107.0571558928,10.8132148302,0107.0571560327,10.8132784693,0107.0570731469,10.8132884221,0107.0570178197,10.8132799295,0107.0569624926,10.8132622541,0107.0569070854,10.8132628642,0107.0568521781,10.8133906524,0107.0568800966,10.8134812196,0107.0570922725,10.8135334456,0107.0571294739,10.8136147500,0107.0571639946,10.8136538718,0107.0521152657,10.8136006383,0107.0521067431,10.8135997180,0</coordinates></LinearRing></outerBoundaryIs></Polygon></Placemark><Placemark><name>DXF polygon 1550</name><description><![CDATA[DXF entity 1550; diện tích hình học thô xấp xỉ 5.0367 ha; phân loại tham chiếu theo màu PDF: Tràm 2022-2025.]]></description><styleUrl>#forest</styleUrl><Polygon><outerBoundaryIs><LinearRing><coordinates>107.0521195289,10.8124055500,0107.0521195989,10.8124237354,0107.0521108159,10.8125782818,0107.0521109659,10.8126055599,0107.0520928901,10.8127601062,0107.0520842472,10.8129237453,0107.0520843171,10.8129510235,0107.0520663313,10.8130783816,0107.0520666812,10.8132145725,0107.0520578983,10.8133691288,0107.0520397625,10.8134419406,0107.0520212668,10.8134512934,0107.0520029210,10.8134696388,0107.0518093709,10.8134807919,0107.0516802107,10.8134730694,0107.0515327149,10.8134564242,0107.0514588920,10.8134482016,0107.0513021133,10.8134225437,0107.0513204590,10.8134223736,0107.0512744047,10.8134319864,0107.0510900674,10.8134339568,0107.0508780315,10.8134361771,0107.0508504029,10.8134364371,0107.0506751185,10.8134292347,0107.0504999940,10.8134402077,0107.0503617011,10.8134325752,0107.0503615611,10.8133872016,0107.0504626627,10.8132770788,0107.0504994241,10.8132584633,0107.0505821100,10.8131305150,0107.0507016173,10.8130474903,0107.0508765418,10.8129547828,0107.0509500148,10.8128359172,0107.0510141249,10.8127262245,0107.0510967308,10.8125981762,0107.0510870980,10.8124529726,0107.0510406937,10.8123625755,0107.0510222080,10.8123264646,0107.0510032924,10.8121813511,0107.0510124952,10.8121812711,0107.0510121453,10.8120722584,0107.0510117154,10.8119268848,0107.0510117154,10.8119268848,0107.0510206483,10.8118177921,0107.0510206484,10.8118086994,0107.0511124671,10.8116987566,0107.0511767171,10.8116254247,0107.0512227015,10.8115613655,0107.0512227015,10.8115523628,0107.0512591831,10.8114337373,0107.0512589031,10.8113430101,0107.0512495503,10.8112885438,0107.0512493403,10.8112159020,0107.0512027860,10.8110983167,0107.0511656647,10.8110078295,0107.0510917718,10.8109632360,0107.0510456575,10.8109364779,0107.0509532788,10.8108920545,0107.0508517574,10.8108477110,0107.0508146259,10.8107754993,0107.0508049931,10.8106574839,0107.0508416947,10.8105571339,0107.0508783262,10.8104841520,0107.0508875290,10.8104930747,0107.0509335134,10.8104562838,0107.0509610020,10.8104014774,0107.0509701349,10.8103742092,0107.0510068364,10.8103102301,0107.0510435379,10.8102462410,0107.0510985051,10.8101456409,0107.0511351366,10.8100544736,0107.0511442795,10.8100271154,0107.0511809010,10.8099450409,0107.0512360882,10.8098989771,0107.0512453011,10.8098988971,0107.0512912055,10.8098439207,0107.0513556056,10.8097887743,0107.0514014399,10.8097155324,0107.0515027515,10.8096781413,0107.0515857872,10.8096863739,0107.0516687430,10.8096763410,0107.0517886803,10.8097114217,0107.0518994146,10.8097374897,0107.0519086175,10.8097465024,0107.0519917233,10.8097729205,0107.0520655462,10.8097993285,0107.0521117405,10.8098351793,0107.0521117405,10.8098351793,0107.0522131819,10.8098522446,0107.0522043290,10.8099704300,0107.0521953361,10.8100340691,0107.0522046190,10.8100612573,0107.0522049689,10.8101701699,0107.0522052488,10.8102792726,0107.0522055388,10.8103700998,0107.0521965359,10.8104337289,0107.0521783301,10.8105247262,0107.0521692572,10.8105702698,0107.0521789000,10.8107064707,0107.0521698971,10.8107700997,0107.0521978156,10.8108515842,0107.0521980256,10.8109151332,0107.0521892426,10.8110877750,0107.0521802497,10.8111424114,0107.0521895226,10.8111695995,0107.0521988754,10.8112057904,0107.0522082283,10.8112420713,0107.0522082982,10.8112692594,0107.0522176511,10.8113146331,0107.0521629638,10.8115058803,0107.0521358951,10.8117151530,0107.0521363950,10.8118786120,0107.0521271821,10.8118968875,0107.0521367449,10.8119967174,0107.0521186791,10.8121240756,0107.0521283118,10.8122783619,0107.0521286018,10.8123600964,0107.0521193889,10.8123692791,0107.0521195289,10.8124055500,0</coordinates></LinearRing></outerBoundaryIs></Polygon></Placemark><Placemark><name>DXF polygon 1552</name><description><![CDATA[DXF entity 1552; diện tích hình học thô xấp xỉ 1.5912 ha; phân loại tham chiếu theo màu PDF: Tràm 2022-2025.]]></description><styleUrl>#forest</styleUrl><Polygon><outerBoundaryIs><LinearRing><coordinates>107.0700412208,10.8239404050,0107.0700596366,10.8239402350,0107.0700688494,10.8239310623,0107.0702070024,10.8238932311,0107.0702254982,10.8238930611,0107.0703913497,10.8238731554,0107.0704651027,10.8238632025,0107.0705574213,10.8238895305,0107.0706497399,10.8239611321,0107.0706500299,10.8240428666,0107.0706506098,10.8242245211,0107.0706510397,10.8243698947,0107.0706510397,10.8243789874,0107.0706886010,10.8245964727,0107.0706892509,10.8247964026,0107.0706894009,10.8248508589,0107.0707083965,10.8250232507,0107.0707083965,10.8250322434,0107.0707176794,10.8250503488,0107.0707086165,10.8250958924,0107.0707276121,10.8252864596,0107.0707374049,10.8254407459,0107.0707377649,10.8255587613,0107.0707378349,10.8255769367,0107.0707658234,10.8256947821,0107.0707569004,10.8258129675,0107.0707664033,10.8258764365,0107.0707486374,10.8261037147,0107.0707487074,10.8261309928,0107.0706476058,10.8262410257,0107.0705831358,10.8262599012,0107.0705001800,10.8262516687,0107.0703525241,10.8262169380,0107.0703060399,10.8260902700,0107.0702968270,10.8260812673,0107.0702594857,10.8259272310,0107.0702684086,10.8258454065,0107.0702589058,10.8257546693,0107.0702492630,10.8256184784,0107.0702119916,10.8254917104,0107.0702027087,10.8254646122,0107.0701931359,10.8253557796,0107.0701930659,10.8253285114,0107.0701557146,10.8251653825,0107.0701462917,10.8251200088,0107.0701461417,10.8250746452,0107.0701365689,10.8249567199,0107.0701179332,10.8249114363,0107.0700992275,10.8248117764,0107.0700712390,10.8246939410,0107.0700431705,10.8245852784,0107.0700339576,10.8245762657,0107.0700152519,10.8244948012,0107.0700148220,10.8243585103,0107.0699776106,10.8242589404,0107.0699405592,10.8241867287,0107.0699219235,10.8241233497,0107.0699031378,10.8240236098,0107.0699212036,10.8238872389,0107.0699396193,10.8238870689,0107.0700041594,10.8238953815,0107.0700412208,10.8239404050,0</coordinates></LinearRing></outerBoundaryIs></Polygon></Placemark><Placemark><name>DXF polygon 1553</name><description><![CDATA[DXF entity 1553; diện tích hình học thô xấp xỉ 1.3429 ha; phân loại tham chiếu theo màu PDF: Đất lấn chiếm KL 260.]]></description><styleUrl>#old</styleUrl><Polygon><outerBoundaryIs><LinearRing><coordinates>107.0538435647,10.8123872071,0107.0538435647,10.8123872071,0107.0538435647,10.8123872071,0107.0538343518,10.8123872971,0107.0538158561,10.8123875571,0107.0537789446,10.8123878972,0107.0537513961,10.8123791445,0107.0537329003,10.8123793145,0107.0536959888,10.8123797446,0107.0536683603,10.8123800047,0107.0536683602,10.8123890974,0107.0536407317,10.8123893474,0107.0536223159,10.8123896075,0107.0536130230,10.8123896975,0107.0535761916,10.8123991302,0107.0535761916,10.8123991302,0107.0535209344,10.8123997303,0107.0535024387,10.8123999004,0107.0534655272,10.8123912377,0107.0534378986,10.8123915878,0107.0533917743,10.8123920078,0107.0533549429,10.8123833452,0107.0532904028,10.8123931280,0107.0532811899,10.8123932080,0107.0532535613,10.8123934681,0107.0531981541,10.8123849754,0107.0531057655,10.8123405520,0107.0531057755,10.8123224566,0107.0530592313,10.8121775931,0107.0529944013,10.8120874559,0107.0529944013,10.8120874559,0107.0529295713,10.8119974088,0107.0529660628,10.8118606979,0107.0529841286,10.8117333397,0107.0529840586,10.8117151543,0107.0529929815,10.8116242470,0107.0529925616,10.8114788635,0107.0530753075,10.8113962788,0107.0531949648,10.8113314396,0107.0532318062,10.8113219168,0107.0533885849,10.8113293892,0107.0535176650,10.8113371017,0107.0535822051,10.8113364216,0107.0536283294,10.8113359016,0107.0537574095,10.8113436241,0107.0537942510,10.8113341013,0107.0539326739,10.8113781047,0107.0539603825,10.8113959401,0107.0539883711,10.8114864172,0107.0539884411,10.8115136954,0107.0540254925,10.8115679017,0107.0540624039,10.8115765644,0107.0541730583,10.8115935396,0107.0542006869,10.8115841969,0107.0542009769,10.8116750241,0107.0542380283,10.8117472358,0107.0542290254,10.8118108649,0107.0542475211,10.8118379730,0107.0542477310,10.8119106148,0107.0542385982,10.8119197875,0107.0542294553,10.8119561484,0107.0542110295,10.8119746839,0107.0541741881,10.8119841167,0107.0541742681,10.8119932094,0107.0541467794,10.8120570185,0107.0541468494,10.8120751940,0107.0540918022,10.8121484359,0107.0540735264,10.8122213477,0107.0540736664,10.8122576186,0107.0539999135,10.8122674814,0107.0538986119,10.8122957797,0107.0538619804,10.8123870371,0107.0538619804,10.8123779443,0107.0538435647,10.8123872071,0</coordinates></LinearRing></outerBoundaryIs></Polygon></Placemark><Placemark><name>DXF polygon 1554</name><description><![CDATA[DXF entity 1554; diện tích hình học thô xấp xỉ 4.8182 ha; phân loại tham chiếu theo màu PDF: Đất lấn chiếm KL 260.]]></description><styleUrl>#old</styleUrl><Polygon><outerBoundaryIs><LinearRing><coordinates>107.0521067731,10.8136059899,0107.0520903677,10.8138224547,0107.0520995202,10.8140241052,0107.0520856054,10.8143413903,0107.0520991892,10.8146288765,0107.0520755808,10.8152845431,0107.0520356781,10.8154739898,0107.0520361081,10.8155999976,0107.0520511527,10.8156565546,0107.0521833438,10.8156383693,0107.0524515273,10.8155157130,0107.0525346632,10.8155022190,0107.0526303430,10.8154214550,0107.0527751181,10.8153380002,0107.0529345779,10.8152207352,0107.0529836031,10.8152013095,0107.0530493437,10.8150787929,0107.0530425118,10.8149528751,0107.0530574165,10.8149190650,0107.0530674799,10.8147487839,0107.0531200765,10.8145445328,0107.0533497483,10.8143235769,0107.0534623334,10.8141964589,0107.0535088681,10.8140950186,0107.0536046379,10.8140206264,0107.0536618559,10.8139149248,0107.0537959976,10.8138651901,0107.0538725716,10.8137845961,0107.0539428934,10.8137753734,0107.0540260593,10.8137850564,0107.0540581792,10.8138119946,0107.0541246198,10.8138375823,0107.0541756956,10.8139158059,0107.0542461674,10.8139695821,0107.0545702581,10.8139725135,0107.0547005085,10.8140298709,0107.0547303777,10.8140610803,0107.0547838543,10.8140731140,0107.0549056420,10.8141852878,0107.0549418932,10.8141911296,0107.0550677023,10.8141897593,0107.0551232096,10.8141955212,0107.0553065065,10.8142082753,0107.0554993165,10.8141953917,0107.0556156926,10.8142112866,0107.0557777530,10.8142158482,0107.0558162149,10.8142386051,0107.0558485048,10.8143337237,0107.0561301122,10.8144105371,0107.0562665346,10.8143965331,0107.0566417512,10.8144009550,0107.0569403039,10.8144104183,0107.0570809077,10.8143877817,0107.0571401763,10.8142569826,0107.0571607931,10.8139920732,0107.0571815298,10.8138280741,0107.0571639846,10.8136644150,0107.0571111982,10.8136603837,0107.0521067431,10.8135996280,0107.0521067731,10.8136059899,0</coordinates></LinearRing></outerBoundaryIs></Polygon></Placemark><Placemark><name>DXF polygon 1555</name><description><![CDATA[DXF entity 1555; diện tích hình học thô xấp xỉ 1.3114 ha; phân loại tham chiếu theo màu PDF: Tràm 2022-2025.]]></description><styleUrl>#forest</styleUrl><Polygon><outerBoundaryIs><LinearRing><coordinates>107.0544159768,10.8096198282,0107.0543607196,10.8096295211,0107.0542408424,10.8096489967,0107.0540659279,10.8097325215,0107.0539371977,10.8098520871,0107.0537721259,10.8101444546,0107.0536894601,10.8102271392,0107.0534315099,10.8102934287,0107.0532009083,10.8102596382,0107.0524726219,10.8102582667,0107.0523525347,10.8102141833,0107.0523339790,10.8101507143,0107.0523336291,10.8100235161,0107.0523427620,10.8100143434,0107.0523513350,10.8097963380,0107.0523138536,10.8096059309,0107.0523227166,10.8094786528,0107.0523503451,10.8094784027,0107.0524425838,10.8094955580,0107.0525625210,10.8095124533,0107.0527837698,10.8095101429,0107.0528391770,10.8095367209,0107.0530235843,10.8095438434,0107.0532265472,10.8096052521,0107.0534663617,10.8096208571,0107.0535955818,10.8096740332,0107.0536417761,10.8097007913,0107.0537154591,10.8096727530,0107.0537981349,10.8095719730,0107.0540377294,10.8095603098,0107.0542591981,10.8095942703,0107.0544528183,10.8095922200,0107.0544546788,10.8096226691,0107.0544159768,10.8096198282,0</coordinates></LinearRing></outerBoundaryIs></Polygon></Placemark><Placemark><name>DXF polygon 1556</name><description><![CDATA[DXF entity 1556; diện tích hình học thô xấp xỉ 10.1258 ha; phân loại tham chiếu theo màu PDF: Đất lấn chiếm KL 260.]]></description><styleUrl>#old</styleUrl><Polygon><outerBoundaryIs><LinearRing><coordinates>107.0623709822,10.8271561878,0107.0623248578,10.8271657906,0107.0622143334,10.8271941790,0107.0621684991,10.8272582481,0107.0621133819,10.8273314900,0107.0620673975,10.8273682910,0107.0620491217,10.8274230073,0107.0620399089,10.8274321801,0107.0620307060,10.8274231774,0107.0620132801,10.8277685509,0107.0619965040,10.8283136743,0107.0619966540,10.8283591279,0107.0620611941,10.8283675405,0107.0621810713,10.8283571576,0107.0621994971,10.8283568976,0107.0623008786,10.8283467747,0107.0625036416,10.8283446243,0107.0626788561,10.8283336413,0107.0627987433,10.8283323511,0107.0628632834,10.8283316610,0107.0629555321,10.8283398136,0107.0631398093,10.8283287405,0107.0632965981,10.8283270202,0107.0635179369,10.8283337926,0107.0636562298,10.8283322423,0107.0637852499,10.8283308721,0107.0640065087,10.8283194590,0107.0641355989,10.8283089861,0107.0642922475,10.8283072658,0107.0643475047,10.8282885703,0107.0643844162,10.8282881402,0107.0644306206,10.8282967128,0107.0645688435,10.8282952526,0107.0646980036,10.8283029751,0107.0648547223,10.8283194303,0107.0649469010,10.8283003047,0107.0650759811,10.8282989244,0107.0650851940,10.8282988444,0107.0652234970,10.8282973842,0107.0653433742,10.8283050867,0107.0653802857,10.8283047466,0107.0655554201,10.8283119491,0107.0656752274,10.8282924734,0107.0657950346,10.8282820905,0107.0659241248,10.8282717175,0107.0659424705,10.8282532720,0107.0659700291,10.8282076484,0107.0660251463,10.8281524919,0107.0660062907,10.8280165612,0107.0659679395,10.8275536923,0107.0659753627,10.8269541026,0107.0659827659,10.8263726983,0107.0659637002,10.8261822211,0107.0657141630,10.8259668762,0107.0655654373,10.8255960248,0107.0655463018,10.8253510013,0107.0655546448,10.8250875323,0107.0652872617,10.8250812801,0107.0649184170,10.8250761380,0107.0646690998,10.8249335248,0107.0646771629,10.8245519604,0107.0647137844,10.8244788786,0107.0647229973,10.8244515204,0107.0648331617,10.8243049466,0107.0650445577,10.8241210618,0107.0653574952,10.8239361468,0107.0656151655,10.8237788300,0107.0655228469,10.8237345066,0107.0648405049,10.8237054469,0107.0647944506,10.8237150597,0107.0647761748,10.8237787788,0107.0647395533,10.8238609434,0107.0647027818,10.8238885616,0107.0646844361,10.8239160998,0107.0646752232,10.8239433680,0107.0646293188,10.8239893417,0107.0646017602,10.8240168699,0107.0645649188,10.8240353954,0107.0645280773,10.8240539209,0107.0645004487,10.8240542710,0107.0644449615,10.8240275929,0107.0644265458,10.8240187702,0107.0644264758,10.8239914920,0107.0644356887,10.8239914020,0107.0644631673,10.8239365956,0107.0644631773,10.8239275129,0107.0643799915,10.8238647240,0107.0643518630,10.8237106977,0107.0643425802,10.8237107878,0107.0640382856,10.8236958728,0107.0637248482,10.8237083161,0107.0636695110,10.8237089162,0107.0636420324,10.8237364444,0107.0636421024,10.8237727253,0107.0636422524,10.8237999935,0107.0636422423,10.8238181789,0107.0636428223,10.8239907407,0107.0636528150,10.8242631323,0107.0636625277,10.8244084159,0107.0636626777,10.8244628722,0107.0637001591,10.8246531893,0107.0637002290,10.8246985530,0107.0637096619,10.8247439266,0107.0637009489,10.8249256610,0107.0636735303,10.8249986529,0107.0636828232,10.8249985629,0107.0636642474,10.8249805474,0107.0635536630,10.8249817576,0107.0633876615,10.8249835679,0107.0633417571,10.8250294516,0107.0633418271,10.8250476271,0107.0632959127,10.8251206989,0107.0632686441,10.8252481471,0107.0632871398,10.8252571598,0107.0632964926,10.8253115361,0107.0633426870,10.8253201088,0107.0635454500,10.8253088657,0107.0636284158,10.8253080056,0107.0636838230,10.8253255909,0107.0638497546,10.8253146879,0107.0639971804,10.8252949622,0107.0641354034,10.8252844092,0107.0642185192,10.8253016445,0107.0643752379,10.8253090970,0107.0644028665,10.8253087569,0107.0644305651,10.8253175896,0107.0644951151,10.8253168995,0107.0645228837,10.8253347349,0107.0646888153,10.8253329346,0107.0647348596,10.8253325046,0107.0648546668,10.8253312143,0107.0648732326,10.8253491397,0107.0648732326,10.8253582225,0107.0650208784,10.8254111386,0107.0650302413,10.8254292340,0107.0650396641,10.8255017958,0107.0650398740,10.8255744375,0107.0650494468,10.8256924529,0107.0650685824,10.8259102083,0107.0650689524,10.8260191209,0107.0650322509,10.8260831000,0107.0650229680,10.8260831901,0107.0649492851,10.8260930529,0107.0649033007,10.8261390266,0107.0648480435,10.8261487194,0107.0648480435,10.8261578122,0107.0648481135,10.8261850903,0107.0648301277,10.8263033558,0107.0648209848,10.8263579021,0107.0648211248,10.8264123584,0107.0648213448,10.8264669148,0107.0648030690,10.8265124484,0107.0647939362,10.8265307139,0107.0647850732,10.8266761775,0107.0647852932,10.8267307238,0107.0648039289,10.8267850201,0107.0648039289,10.8267941029,0107.0647764402,10.8268488192,0107.0647857231,10.8268760074,0107.0647766602,10.8269124583,0107.0647768002,10.8269578319,0107.0647583844,10.8269761874,0107.0647493115,10.8270217310,0107.0647125401,10.8270585220,0107.0646296543,10.8270775676,0107.0644820684,10.8270791178,0107.0644175283,10.8270797980,0107.0641963396,10.8270822083,0107.0640856752,10.8270924212,0107.0639382393,10.8271121469,0107.0638552735,10.8271130971,0107.0638184321,10.8271134372,0107.0637538920,10.8271232200,0107.0637261834,10.8271144673,0107.0636155890,10.8271247702,0107.0635786776,10.8271251103,0107.0635509690,10.8271072749,0107.0635048447,10.8270987023,0107.0634219589,10.8271268306,0107.0633389930,10.8271458762,0107.0632652401,10.8271466463,0107.0632376115,10.8271468963,0107.0631915572,10.8271474164,0107.0630255556,10.8271401340,0107.0629610156,10.8271499168,0107.0628412083,10.8271512070,0107.0626752868,10.8271529173,0107.0625553295,10.8271542075,0107.0624724437,10.8271641604,0107.0623710522,10.8271652805,0107.0623709822,10.8271561878,0</coordinates></LinearRing></outerBoundaryIs></Polygon></Placemark><Placemark><name>DXF polygon 1557</name><description><![CDATA[DXF entity 1557; diện tích hình học thô xấp xỉ 17.4899 ha; phân loại tham chiếu theo màu PDF: Tràm 2022-2025.]]></description><styleUrl>#forest</styleUrl><Polygon><outerBoundaryIs><LinearRing><coordinates>107.0700246748,10.8245491675,0107.0700338876,10.8245490875,0107.0700523834,10.8245579102,0107.0700524534,10.8245760956,0107.0700616662,10.8245851083,0107.0700616662,10.8245941010,0107.0700617362,10.8246031938,0107.0700617362,10.8246031938,0107.0700525233,10.8246033738,0107.0700525334,10.8245942811,0107.0700525334,10.8245942811,0107.0700525334,10.8245942811,0107.0700525334,10.8245942811,0107.0700525334,10.8245942811,0107.0700432405,10.8245943711,0107.0700432405,10.8245943711,0107.0700432405,10.8245943711,0107.0700432405,10.8245943711,0107.0700618062,10.8246213792,0107.0700711590,10.8246848483,0107.0701084304,10.8248207891,0107.0701272861,10.8249386244,0107.0701460717,10.8250564598,0107.0701649274,10.8251834779,0107.0701745702,10.8253104960,0107.0701934259,10.8254465168,0107.0702122015,10.8255644522,0107.0702310572,10.8256823776,0107.0702311972,10.8257459266,0107.0702594857,10.8259363238,0107.0702967571,10.8260539891,0107.0704354899,10.8262069952,0107.0706850272,10.8264131573,0107.0707222986,10.8265400054,0107.0707509470,10.8268393152,0107.0707610897,10.8271571605,0107.0707531866,10.8275750958,0107.0707536166,10.8277112866,0107.0707264279,10.8278478275,0107.0706251064,10.8278853186,0107.0705697792,10.8278768260,0107.0698966300,10.8278566990,0107.0690207278,10.8278388123,0107.0687164232,10.8278330001,0107.0681355227,10.8278301984,0107.0680340712,10.8278312286,0107.0679234068,10.8277960679,0107.0679048411,10.8277599570,0107.0678770625,10.8277239462,0107.0677936668,10.8275976982,0107.0677474725,10.8275527647,0107.0676642168,10.8274810731,0107.0675718981,10.8274274669,0107.0673871909,10.8273386200,0107.0670276291,10.8273424906,0107.0668713403,10.8274895044,0107.0668254360,10.8275354781,0107.0666874929,10.8276640365,0107.0666599343,10.8277006674,0107.0666231729,10.8277191829,0107.0665863314,10.8277377984,0107.0665402070,10.8277473212,0107.0664941527,10.8277478413,0107.0664480284,10.8277483514,0107.0661530167,10.8277424492,0107.0661068924,10.8277428793,0107.0660238566,10.8277347367,0107.0659867252,10.8276534323,0107.0659864352,10.8275535223,0107.0660029213,10.8269174816,0107.0660027713,10.8268720180,0107.0660105444,10.8264087191,0107.0659729131,10.8261639557,0107.0657325887,10.8259666162,0107.0657138730,10.8258760490,0107.0656023488,10.8255865020,0107.0655926360,10.8254413084,0107.0655737804,10.8252962849,0107.0657020107,10.8250132503,0107.0658401637,10.8249573337,0107.0661063270,10.8245820116,0107.0661155298,10.8245728288,0107.0661154598,10.8245637361,0107.0698582533,10.8243874188,0107.0700246748,10.8245491675,0</coordinates></LinearRing></outerBoundaryIs></Polygon></Placemark><Placemark><name>DXF polygon 1558</name><description><![CDATA[DXF entity 1558; diện tích hình học thô xấp xỉ 6.0172 ha; phân loại tham chiếu theo màu PDF: Tràm 2022-2025.]]></description><styleUrl>#forest</styleUrl><Polygon><outerBoundaryIs><LinearRing><coordinates>107.0696425180,10.8232180279,0107.0695589023,10.8230191481,0107.0692066838,10.8223961608,0107.0691324909,10.8222879282,0107.0689844852,10.8221079140,0107.0688642480,10.8219820161,0107.0684941936,10.8215681315,0107.0684385665,10.8214869971,0107.0684662651,10.8214957497,0107.0686506124,10.8214846767,0107.0687981982,10.8214922192,0107.0688257468,10.8214919591,0107.0688810840,10.8214822663,0107.0690378727,10.8214805360,0107.0691669528,10.8214882585,0107.0692591215,10.8214963111,0107.0693330244,10.8215409946,0107.0693423772,10.8215680927,0107.0693795786,10.8216767554,0107.0693797286,10.8217131263,0107.0694171400,10.8218943407,0107.0694448485,10.8219121760,0107.0696108401,10.8219194585,0107.0697124416,10.8219728846,0107.0697216545,10.8219728046,0107.0700165962,10.8219424260,0107.0704037765,10.8219472980,0107.0706527339,10.8219265321,0107.0708829855,10.8218695654,0107.0711869201,10.8217845603,0107.0711777773,10.8217937331,0107.0711869202,10.8217663749,0107.0712975146,10.8217470793,0107.0713989661,10.8217641345,0107.0714726490,10.8217451790,0107.0714911447,10.8217540116,0107.0715649677,10.8217623242,0107.0714822918,10.8218721971,0107.0714731589,10.8218904625,0107.0714644560,10.8220450188,0107.0714556030,10.8221994751,0107.0715206530,10.8223622540,0107.0716682288,10.8223607038,0107.0718248675,10.8223498908,0107.0718617790,10.8223586335,0107.0718804247,10.8224038270,0107.0719265390,10.8224305851,0107.0719542476,10.8224393278,0107.0720464963,10.8224564831,0107.0722124178,10.8224456701,0107.0723600037,10.8224531125,0107.0725074295,10.8224515623,0107.0726273068,10.8224411793,0107.0727656798,10.8224578945,0107.0727748826,10.8224668172,0107.0727386210,10.8226761699,0107.0727111324,10.8227218836,0107.0727115023,10.8228490817,0107.0726568151,10.8230404290,0107.0726477522,10.8230768800,0107.0725836421,10.8232137609,0107.0724733376,10.8233511619,0107.0723166989,10.8233527922,0107.0722336631,10.8233446496,0107.0720401029,10.8233558127,0107.0719571371,10.8233748583,0107.0718004284,10.8233764985,0107.0717635869,10.8233861114,0107.0716622054,10.8233962343,0107.0715331153,10.8233885218,0107.0713856095,10.8233901620,0107.0713579008,10.8233995048,0107.0712841579,10.8233820995,0107.0711366521,10.8233836497,0107.0710905278,10.8233841698,0107.0710259777,10.8233940427,0107.0709891362,10.8233943827,0107.0709615877,10.8234037255,0107.0708323475,10.8233778375,0107.0707493917,10.8233877904,0107.0707401789,10.8233878704,0107.0706297345,10.8234255315,0107.0706205916,10.8234709851,0107.0706115287,10.8235165288,0107.0706303044,10.8236343741,0107.0706211715,10.8236707350,0107.0706122486,10.8237616423,0107.0706123186,10.8237798277,0107.0706311742,10.8238977531,0107.0706497399,10.8239611321,0107.0706497399,10.8239611321,0107.0705574213,10.8238895305,0107.0704651027,10.8238632025,0107.0701977896,10.8238933111,0107.0700133722,10.8239043842,0107.0700041594,10.8238953815,0107.0699304065,10.8238871589,0107.0699212036,10.8238872389,0107.0698566535,10.8238970217,0107.0696425180,10.8232180279,0107.0696425180,10.8232180279,0</coordinates></LinearRing></outerBoundaryIs></Polygon></Placemark><Placemark><name>DXF polygon 1559</name><description><![CDATA[DXF entity 1559; diện tích hình học thô xấp xỉ 16.0067 ha; phân loại tham chiếu theo màu PDF: Tràm 2022-2025.]]></description><styleUrl>#forest</styleUrl><Polygon><outerBoundaryIs><LinearRing><coordinates>107.0658110524,10.8065825946,0107.0658110524,10.8065825946,0107.0657926267,10.8065828546,0107.0657926367,10.8065737619,0107.0657924867,10.8065283083,0107.0656806126,10.8061116632,0107.0656711798,10.8060663796,0107.0655035385,10.8055231465,0107.0654557645,10.8049605377,0107.0653901446,10.8046069216,0107.0652235132,10.8043908066,0107.0651217017,10.8042555559,0107.0650569417,10.8041926869,0107.0649735560,10.8040482635,0107.0649271518,10.8039306882,0107.0649084461,10.8038583065,0107.0649175789,10.8038400310,0107.0650743576,10.8038564962,0107.0651482506,10.8038829942,0107.0653418007,10.8038718412,0107.0655077923,10.8038700309,0107.0656828367,10.8038590478,0107.0659132984,10.8038293593,0107.0660422985,10.8038188963,0107.0660697871,10.8037730926,0107.0662726101,10.8037709323,0107.0663464331,10.8037701622,0107.0664016102,10.8037604693,0107.0666505576,10.8037397035,0107.0669639750,10.8037272602,0107.0671113908,10.8037257100,0107.0672589667,10.8037240697,0107.0673142239,10.8037143769,0107.0674893483,10.8037216593,0107.0675815869,10.8037115364,0107.0678396672,10.8036905905,0107.0679779601,10.8036982230,0107.0680425002,10.8036975329,0107.0682544561,10.8036861998,0107.0684480763,10.8036750467,0107.0685218192,10.8036742666,0107.0685771564,10.8036645738,0107.0688350866,10.8036345452,0107.0690010782,10.8036328249,0107.0691762026,10.8036218319,0107.0692315398,10.8036121390,0107.0693421142,10.8036201116,0107.0693698227,10.8036288643,0107.0695450871,10.8036724176,0107.0696006343,10.8037262738,0107.0696467586,10.8037348464,0107.0696929530,10.8037616045,0107.0697852616,10.8038061180,0107.0696930929,10.8037980655,0107.0696561815,10.8037984055,0107.0696104971,10.8039442092,0107.0696015741,10.8040442091,0107.0695832984,10.8040716573,0107.0695833784,10.8040989355,0107.0695836684,10.8041805700,0107.0696025140,10.8043439590,0107.0696583511,10.8044886425,0107.0696677039,10.8045521015,0107.0696960524,10.8047607741,0107.0697240409,10.8048785295,0107.0697424566,10.8048874522,0107.0698899625,10.8048495310,0107.0699360068,10.8048581036,0107.0700742198,10.8048293652,0107.0701295570,10.8048287651,0107.0701666085,10.8048828814,0107.0701850941,10.8049189823,0107.0702038798,10.8050278249,0107.0702321583,10.8052092193,0107.0702787125,10.8053812510,0107.0702978582,10.8055900136,0107.0703261367,10.8057985862,0107.0703261366,10.8058167716,0107.0704739224,10.8058877731,0107.0706214883,10.8059135011,0107.0706309111,10.8059951456,0107.0705572381,10.8060141011,0107.0704103222,10.8061973059,0107.0703740606,10.8063974758,0107.0702363576,10.8065715878,0107.0701903732,10.8066356570,0107.0700705760,10.8066369572,0107.0698493272,10.8066483703,0107.0698124958,10.8066488003,0107.0696834156,10.8066592733,0107.0695636184,10.8066696562,0107.0693884139,10.8066714665,0107.0693055382,10.8066815094,0107.0690934223,10.8066655643,0107.0688906693,10.8066859001,0107.0687984306,10.8066778376,0107.0683098188,10.8066649130,0107.0679133656,10.8066691336,0107.0673049565,10.8066937701,0107.0671021335,10.8066778351,0107.0663459986,10.8066404627,0107.0659402725,10.8066357707,0107.0658110524,10.8065825946,0107.0657557953,10.8065831947,0107.0657557953,10.8065922874,0107.0658110524,10.8065825946,0</coordinates></LinearRing></outerBoundaryIs></Polygon></Placemark><Placemark><name>DXF polygon 1560</name><description><![CDATA[DXF entity 1560; diện tích hình học thô xấp xỉ 0.6925 ha; phân loại tham chiếu theo màu PDF: Tràm 2022-2025.]]></description><styleUrl>#forest</styleUrl><Polygon><outerBoundaryIs><LinearRing><coordinates>107.0504935341,10.7991070904,0107.0504935341,10.7991160931,0107.0503556011,10.7992356488,0107.0503648839,10.7992537442,0107.0504666854,10.7993798222,0107.0505961154,10.7994964573,0107.0505961154,10.7994964573,0107.0507441012,10.7996311979,0107.0507441012,10.7996311979,0107.0509655498,10.7997287175,0107.0510762142,10.7997366101,0107.0513981146,10.7994788833,0107.0514440990,10.7994420023,0107.0513885619,10.7993517851,0107.0512683347,10.7992441527,0107.0512683347,10.7992441527,0107.0511019932,10.7991096721,0107.0510927903,10.7991097521,0107.0510647318,10.7989828140,0107.0510642419,10.7988102623,0107.0510823777,10.7987010796,0107.0509899291,10.7986294680,0107.0509807163,10.7986295580,0107.0507969488,10.7988403609,0107.0507051401,10.7989412210,0107.0506592358,10.7990234656,0107.0506500229,10.7990326484,0107.0505120299,10.7991068304,0107.0504935341,10.7991070904,0</coordinates></LinearRing></outerBoundaryIs></Polygon></Placemark><Placemark><name>DXF polygon 1561</name><description><![CDATA[DXF entity 1561; diện tích hình học thô xấp xỉ 0.8348 ha; phân loại tham chiếu theo màu PDF: Tràm 2022-2025.]]></description><styleUrl>#forest</styleUrl><Polygon><outerBoundaryIs><LinearRing><coordinates>107.0482680945,10.7979135492,0107.0482776673,10.7980042965,0107.0482592415,10.7980407373,0107.0481398742,10.7981783084,0107.0480478455,10.7982337949,0107.0480110141,10.7982433177,0107.0479374711,10.7983167296,0107.0479097725,10.7983079769,0107.0478730110,10.7983446879,0107.0478363096,10.7983904816,0107.0479009196,10.7984351651,0107.0481131554,10.7985055865,0107.0481500669,10.7985051564,0107.0482421655,10.7984769381,0107.0482512984,10.7984586726,0107.0483154885,10.7983399772,0107.0483429772,10.7982669953,0107.0484351358,10.7982751379,0107.0484813301,10.7983019060,0107.0485828516,10.7983280640,0107.0486749403,10.7983088484,0107.0487210646,10.7983084283,0107.0487578961,10.7983079882,0107.0488870462,10.7983066180,0107.0490066235,10.7982326960,0107.0490894393,10.7981772895,0107.0491447664,10.7981948749,0107.0491724650,10.7982037076,0107.0492833294,10.7982933346,0107.0493481494,10.7983834718,0107.0493944137,10.7984193226,0107.0494405280,10.7984460907,0107.0494866523,10.7984455706,0107.0494957952,10.7984091197,0107.0495046481,10.7983091197,0107.0493750781,10.7981288354,0107.0493565924,10.7981108300,0107.0492642838,10.7980754893,0107.0490610308,10.7979323461,0107.0488762736,10.7978163110,0107.0488023907,10.7977807102,0107.0486913864,10.7976456295,0107.0484051077,10.7975033364,0107.0483500005,10.7975402174,0107.0482397661,10.7976685157,0107.0481106859,10.7976789787,0107.0481201087,10.7977516205,0107.0482032045,10.7978052267,0107.0483140089,10.7978403974,0107.0483047160,10.7978404774,0107.0482588916,10.7979045465,0107.0482680945,10.7979135492,0</coordinates></LinearRing></outerBoundaryIs></Polygon></Placemark><Placemark><name>DXF polygon 1562</name><description><![CDATA[DXF entity 1562; diện tích hình học thô xấp xỉ 1.2780 ha; phân loại tham chiếu theo màu PDF: Tràm 2022-2025.]]></description><styleUrl>#forest</styleUrl><Polygon><outerBoundaryIs><LinearRing><coordinates>107.0466283843,10.7983215891,0107.0466559430,10.7982849681,0107.0466558630,10.7982667827,0107.0466556530,10.7982123264,0107.0466555830,10.7981758654,0107.0466555130,10.7981576900,0107.0466828617,10.7980666127,0107.0466824317,10.7979304119,0107.0467373390,10.7977845282,0107.0466912247,10.7977576801,0107.0466910148,10.7977031338,0107.0467554149,10.7976388946,0107.0468197349,10.7975928509,0107.0468472935,10.7975653227,0107.0468654293,10.7974561400,0107.0468192350,10.7974293819,0107.0468008893,10.7974568201,0107.0467823935,10.7974569901,0107.0466623964,10.7973856385,0107.0466622564,10.7973311822,0107.0466621864,10.7973038140,0107.0466802422,10.7972128167,0107.0467355094,10.7971668530,0107.0467996895,10.7970571602,0107.0467904167,10.7970209694,0107.0467163838,10.7969581004,0107.0466702695,10.7969314324,0107.0466516438,10.7968588606,0107.0466697696,10.7967859587,0107.0466696996,10.7967496879,0107.0466512139,10.7967316724,0107.0466511439,10.7966954016,0107.0466694197,10.7966588606,0107.0466876355,10.7965678734,0107.0467983498,10.7966211295,0107.0468721727,10.7966385449,0107.0470382243,10.7966640127,0107.0470659228,10.7966909409,0107.0472319044,10.7966983333,0107.0474257245,10.7967689148,0107.0476010589,10.7968214908,0107.0476102718,10.7968304935,0107.0476471732,10.7968391562,0107.0477579076,10.7968653242,0107.0477762533,10.7968377860,0107.0478038819,10.7968102577,0107.0477764633,10.7969105178,0107.0478412133,10.7969643840,0107.0478781947,10.7970003248,0107.0479706433,10.7970901119,0107.0482015848,10.7972601932,0107.0483127391,10.7974135494,0107.0483958948,10.7975034265,0107.0483315048,10.7975404775,0107.0482581118,10.7976501602,0107.0481383945,10.7976787186,0107.0479722630,10.7976259726,0107.0479442845,10.7975264027,0107.0479072330,10.7974722864,0107.0478978102,10.7974088173,0107.0479069531,10.7973633637,0107.0478791745,10.7973454383,0107.0478053616,10.7973099276,0107.0477685302,10.7973102676,0107.0475843328,10.7974030651,0107.0475475014,10.7974034952,0107.0473445983,10.7973965428,0107.0472248111,10.7973887403,0107.0471418553,10.7974168686,0107.0470312009,10.7973998834,0107.0469758738,10.7973913907,0107.0469853565,10.7975002234,0107.0469396022,10.7975915607,0107.0468753421,10.7976921607,0107.0468294377,10.7977562299,0107.0468020890,10.7978564899,0107.0467470418,10.7979569199,0107.0468118618,10.7980561498,0107.0468765418,10.7981008333,0107.0469317990,10.7980639523,0107.0469502147,10.7980728750,0107.0469779133,10.7980816177,0107.0469779133,10.7980816177,0107.0469320090,10.7981275014,0107.0469320090,10.7981275014,0107.0469045203,10.7982004932,0107.0468861746,10.7982280314,0107.0468122817,10.7981923406,0107.0467664473,10.7982564998,0107.0466283843,10.7983215891,0</coordinates></LinearRing></outerBoundaryIs></Polygon></Placemark><Placemark><name>DXF polygon 1563</name><description><![CDATA[DXF entity 1563; diện tích hình học thô xấp xỉ 6.9690 ha; phân loại tham chiếu theo màu PDF: Tràm 2022-2025.]]></description><styleUrl>#forest</styleUrl><Polygon><outerBoundaryIs><LinearRing><coordinates>107.0462547555,10.7936658326,0107.0462456926,10.7937021935,0107.0462093510,10.7938842681,0107.0461547237,10.7941118862,0107.0461644964,10.7942935407,0107.0461554336,10.7943390843,0107.0461278749,10.7943847080,0107.0460909635,10.7943760453,0107.0460632649,10.7943582099,0107.0459155691,10.7942780157,0107.0459062863,10.7942690030,0107.0458508091,10.7942242395,0107.0458415363,10.7941878685,0107.0456847676,10.7941804861,0107.0456293704,10.7941538180,0107.0456108747,10.7941358926,0107.0456108047,10.7941086144,0107.0456015319,10.7940815163,0107.0455642705,10.7939547582,0107.0455642005,10.7939365728,0107.0455731934,10.7938729337,0107.0455913992,10.7937909392,0107.0456004021,10.7937181273,0107.0456003321,10.7936908492,0107.0455817664,10.7936638410,0107.0455908392,10.7936183874,0107.0455999822,10.7935637510,0107.0456181179,10.7934727538,0107.0455995623,10.7934184675,0107.0455992723,10.7933276403,0107.0456268309,10.7932909293,0107.0455989224,10.7932276403,0107.0455618710,10.7931645113,0107.0455156167,10.7931104850,0107.0454786352,10.7930927296,0107.0454602195,10.7930657115,0107.0453861866,10.7929938399,0107.0453677009,10.7929849172,0107.0453584181,10.7929487263,0107.0453675610,10.7929213681,0107.0453488552,10.7928578990,0107.0453302996,10.7927945200,0107.0453024610,10.7927494064,0107.0452469939,10.7926864575,0107.0452101524,10.7927049730,0107.0451640381,10.7926964003,0107.0451087109,10.7926970004,0107.0450349680,10.7926977706,0107.0449794908,10.7926619997,0107.0449147508,10.7925809554,0107.0449054679,10.7925629499,0107.0448590737,10.7924544473,0107.0448314451,10.7924547074,0107.0447761179,10.7924644002,0107.0446654635,10.7924565077,0107.0446471178,10.7924566777,0107.0446286321,10.7924478450,0107.0445915806,10.7924027214,0107.0445083449,10.7923127543,0107.0444899292,10.7923129243,0107.0444254591,10.7923317899,0107.0443515063,10.7922599182,0107.0443238077,10.7922511756,0107.0442592676,10.7922609484,0107.0441763119,10.7922527058,0107.0441117818,10.7922533959,0107.0440287460,10.7922633388,0107.0439457302,10.7922279180,0107.0438627745,10.7922378609,0107.0438074473,10.7922202755,0107.0437152786,10.7922303984,0107.0436875800,10.7922306485,0107.0436599514,10.7922400012,0107.0436227600,10.7921314186,0107.0437056559,10.7920852049,0107.0437331345,10.7920394912,0107.0437792588,10.7920389711,0107.0438345860,10.7920383710,0107.0439728690,10.7920369208,0107.0440464619,10.7920088825,0107.0441108620,10.7919627388,0107.0442215164,10.7919615386,0107.0442674207,10.7919156549,0107.0442949793,10.7918699412,0107.0443226079,10.7918605985,0107.0443687222,10.7918782638,0107.0444237695,10.7917868465,0107.0444329124,10.7917503856,0107.0444051338,10.7917234575,0107.0443867181,10.7917146348,0107.0443498166,10.7917058821,0107.0442392323,10.7917070723,0107.0442208065,10.7917345205,0107.0441380007,10.7917626488,0107.0441195150,10.7917628189,0107.0440365592,10.7917636690,0107.0440090006,10.7918002899,0107.0439444605,10.7917919773,0107.0438799904,10.7918289383,0107.0438246632,10.7918295384,0107.0437326446,10.7918668395,0107.0436681145,10.7918675196,0107.0435482473,10.7918688098,0107.0434652915,10.7918696599,0107.0434190972,10.7918610873,0107.0434007615,10.7918612473,0107.0433730629,10.7918525046,0107.0433267286,10.7918075611,0107.0432895372,10.7916898957,0107.0432801244,10.7916082412,0107.0432799844,10.7915628776,0107.0431970287,10.7915546350,0107.0431231357,10.7915463124,0107.0431140729,10.7915736706,0107.0430956571,10.7915830234,0107.0430680285,10.7915923762,0107.0430403299,10.7915835335,0107.0429847128,10.7915023090,0107.0429845028,10.7914296672,0107.0430029286,10.7913931363,0107.0430212043,10.7913566854,0107.0430120715,10.7913748609,0107.0430394801,10.7912928763,0107.0430486230,10.7912837036,0107.0429656672,10.7912754610,0107.0429105500,10.7913397002,0107.0429014171,10.7913578856,0107.0428554428,10.7913947566,0107.0428186013,10.7914314675,0107.0427817598,10.7914409003,0107.0427169398,10.7913598459,0107.0427075270,10.7912782014,0107.0426983141,10.7912783714,0107.0426614827,10.7912787115,0107.0426243613,10.7911974071,0107.0426334241,10.7911700489,0107.0426333542,10.7911427807,0107.0426422171,10.7910336880,0107.0426512200,10.7909336780,0107.0426512201,10.7909245953,0107.0426787686,10.7909152425,0107.0426879915,10.7908878844,0107.0426785587,10.7908516035,0107.0426138786,10.7908069200,0107.0425674844,10.7906984274,0107.0425490087,10.7906531438,0107.0425396458,10.7906350383,0107.0425395759,10.7906078602,0107.0424933916,10.7905629166,0107.0424564901,10.7905542540,0107.0424195787,10.7905455013,0107.0423733244,10.7905006478,0107.0423364129,10.7904918951,0107.0423086443,10.7904558743,0107.0423083644,10.7903559543,0107.0423174373,10.7902923252,0107.0423174373,10.7902923252,0107.0423633417,10.7902464415,0107.0425016246,10.7902358986,0107.0425107575,10.7902358086,0107.0425384561,10.7902354685,0107.0426121990,10.7902346984,0107.0427412791,10.7902242355,0107.0428150920,10.7902507435,0107.0429350892,10.7902948269,0107.0430087621,10.7902849641,0107.0430548865,10.7902663586,0107.0431654608,10.7902742511,0107.0432392138,10.7902643983,0107.0433497881,10.7902541053,0107.0434143282,10.7902534252,0107.0434880711,10.7902526551,0107.0436268440,10.7904055712,0107.0437378483,10.7905315691,0107.0437931755,10.7905491545,0107.0439777827,10.7906107332,0107.0439869956,10.7906106432,0107.0440979999,10.7907457339,0107.0440705812,10.7908187157,0107.0440800041,10.7908821848,0107.0441815855,10.7909356209,0107.0442369127,10.7909350208,0107.0442921699,10.7909253280,0107.0443290013,10.7909339907,0107.0444305229,10.7909511460,0107.0444859200,10.7909777340,0107.0445504501,10.7909861466,0107.0446887331,10.7909755937,0107.0447256445,10.7909843464,0107.0447809717,10.7909837463,0107.0447993074,10.7909743935,0107.0449191747,10.7909732033,0107.0450759433,10.7909896785,0107.0451681820,10.7909977411,0107.0452603406,10.7909968009,0107.0453064650,10.7909962808,0107.0453433664,10.7910050335,0107.0454172593,10.7910314515,0107.0454540908,10.7910310215,0107.0454724365,10.7910217587,0107.0455277637,10.7910121559,0107.0456015166,10.7910112958,0107.0457305867,10.7910190183,0107.0458505139,10.7910540990,0107.0458509438,10.7911812971,0107.0458605766,10.7913084053,0107.0458427208,10.7915083152,0107.0458062992,10.7916723043,0107.0457976562,10.7918540387,0107.0458439105,10.7919261604,0107.0459273562,10.7920706839,0107.0460015290,10.7922151973,0107.0460849747,10.7923868089,0107.0461224460,10.7925862988,0107.0461599874,10.7928038841,0107.0461604772,10.7929765358,0107.0461698401,10.7929854485,0107.0461885358,10.7930942912,0107.0461888157,10.7931760257,0107.0462076614,10.7933029538,0107.0462541956,10.7934659927,0107.0462732512,10.7936564799,0107.0462639683,10.7936565599,0107.0462547555,10.7936658326,0</coordinates></LinearRing></outerBoundaryIs></Polygon></Placemark><Placemark><name>DXF polygon 1564</name><description><![CDATA[DXF entity 1564; diện tích hình học thô xấp xỉ 0.6883 ha; phân loại tham chiếu theo màu PDF: Tràm 2022-2025.]]></description><styleUrl>#forest</styleUrl><Polygon><outerBoundaryIs><LinearRing><coordinates>107.0463459443,10.7933106863,0107.0463367315,10.7933107663,0107.0463182458,10.7933017536,0107.0463090329,10.7933018436,0107.0462352200,10.7932663328,0107.0462073714,10.7932212193,0107.0461793229,10.7930852885,0107.0461697002,10.7929400849,0107.0461695502,10.7929038141,0107.0461786930,10.7928855386,0107.0462432331,10.7928666730,0107.0463077632,10.7928659929,0107.0463998518,10.7928558700,0107.0464736747,10.7928641926,0107.0466119577,10.7928535497,0107.0466395863,10.7928532996,0107.0467686464,10.7928792076,0107.0468055578,10.7928788675,0107.0468332564,10.7928876102,0107.0468517522,10.7928965329,0107.0469532636,10.7929317836,0107.0469993779,10.7929494490,0107.0470455023,10.7929489389,0107.0471469438,10.7929479188,0107.0472114838,10.7929562313,0107.0472483953,10.7929558913,0107.0473036425,10.7929643839,0107.0474787569,10.7929624936,0107.0476175398,10.7930881415,0107.0476824297,10.7932418377,0107.0476824997,10.7932600131,0107.0475905511,10.7933155997,0107.0474890995,10.7933167098,0107.0473416137,10.7933182501,0107.0473047722,10.7933276829,0107.0472402422,10.7933283630,0107.0471480736,10.7933203104,0107.0470466320,10.7933213306,0107.0469451906,10.7933042653,0107.0468345262,10.7933054655,0107.0467239518,10.7933247511,0107.0466410660,10.7933528794,0107.0464197572,10.7933461871,0107.0464012615,10.7933281716,0107.0463459443,10.7933106863,0</coordinates></LinearRing></outerBoundaryIs></Polygon></Placemark><Placemark><name>DXF polygon 1565</name><description><![CDATA[DXF entity 1565; diện tích hình học thô xấp xỉ 2.2700 ha; phân loại tham chiếu theo màu PDF: Tràm 2022-2025.]]></description><styleUrl>#forest</styleUrl><Polygon><outerBoundaryIs><LinearRing><coordinates>107.0429452671,10.7937099809,0107.0429361342,10.7937373490,0107.0429363442,10.7938100809,0107.0430013042,10.7939274061,0107.0431120185,10.7939807523,0107.0431304442,10.7939805823,0107.0432041972,10.7939525440,0107.0433054187,10.7939060602,0107.0434342888,10.7938320482,0107.0436094033,10.7938119825,0107.0437661020,10.7938194549,0107.0439136678,10.7938269174,0107.0440612336,10.7938526553,0107.0440704365,10.7938615680,0107.0441536022,10.7939242669,0107.0442091393,10.7940054014,0107.0442739593,10.7940864457,0107.0442740293,10.7941319094,0107.0442281250,10.7941777931,0107.0441545920,10.7942331095,0107.0440070262,10.7942347398,0107.0438872289,10.7942541154,0107.0438780961,10.7942541954,0107.0437306702,10.7943102820,0107.0436385816,10.7943112222,0107.0436016001,10.7943116522,0107.0434818029,10.7943129324,0107.0434172728,10.7943227053,0107.0432881927,10.7943240755,0107.0431775383,10.7943161830,0107.0430670340,10.7943263859,0107.0430024939,10.7943270660,0107.0429470967,10.7943185733,0107.0428363724,10.7942834026,0107.0428270895,10.7942835827,0107.0427533466,10.7942752600,0107.0426519751,10.7942853729,0107.0425229649,10.7943049286,0107.0424585049,10.7943056087,0107.0423293648,10.7942978862,0107.0423201519,10.7943070589,0107.0422279933,10.7942989964,0107.0421172589,10.7942911038,0107.0420343132,10.7942737685,0107.0420342332,10.7942555931,0107.0420802075,10.7942368975,0107.0421264018,10.7942455602,0107.0421632433,10.7942269447,0107.0422092176,10.7942082491,0107.0422553319,10.7941987363,0107.0422736077,10.7941621954,0107.0421720262,10.7941087592,0107.0421166990,10.7941093593,0107.0420244004,10.7940467504,0107.0420150476,10.7940196523,0107.0420889305,10.7940460703,0107.0421257020,10.7940184521,0107.0420978634,10.7939460704,0107.0420331834,10.7939104696,0107.0419871391,10.7939199924,0107.0419595105,10.7939203324,0107.0419039733,10.7938663862,0107.0418025218,10.7938584036,0107.0417748232,10.7938496610,0107.0417652704,10.7937315555,0107.0417560576,10.7937226328,0107.0416546860,10.7937327557,0107.0416454032,10.7937237430,0107.0416084917,10.7937241731,0107.0414887045,10.7937254533,0107.0414518630,10.7937439788,0107.0413780501,10.7937084680,0107.0413407887,10.7935998954,0107.0413222330,10.7935546018,0107.0412943945,10.7935004855,0107.0413125303,10.7933913128,0107.0413124603,10.7933640347,0107.0413308060,10.7933455992,0107.0413583047,10.7932817000,0107.0413119804,10.7931823002,0107.0412565832,10.7931647148,0107.0412471604,10.7931012458,0107.0412470204,10.7930558822,0107.0412560833,10.7930194312,0107.0413202734,10.7929006457,0107.0413478321,10.7928458393,0107.0413476921,10.7928004757,0107.0414119522,10.7927089684,0107.0414118722,10.7926907830,0107.0414207351,10.7925816903,0107.0413836138,10.7924822104,0107.0413743409,10.7924731977,0107.0413003080,10.7923831405,0107.0412354880,10.7923020961,0107.0412077295,10.7922387971,0107.0412075895,10.7921933435,0107.0413184438,10.7922830606,0107.0417615512,10.7924781897,0107.0419094670,10.7926128403,0107.0419278827,10.7926126803,0107.0420392369,10.7928657664,0107.0420396568,10.7929929645,0107.0419755467,10.7931389282,0107.0420503394,10.7934742688,0107.0421061564,10.7936644159,0107.0421525607,10.7937456303,0107.0427979912,10.7937750701,0107.0429176385,10.7937193336,0107.0429452671,10.7937099809,0</coordinates></LinearRing></outerBoundaryIs></Polygon></Placemark><Placemark><name>DXF polygon 1567</name><description><![CDATA[DXF entity 1567; diện tích hình học thô xấp xỉ 3.0762 ha; phân loại tham chiếu theo màu PDF: Đất trảng đồi/suối/G.T.]]></description><styleUrl>#other</styleUrl><Polygon><outerBoundaryIs><LinearRing><coordinates>107.0470230558,10.8313439803,0107.0470414015,10.8313256248,0107.0469583658,10.8312811114,0107.0470040701,10.8311716786,0107.0470406917,10.8310896041,0107.0470023705,10.8306176425,0107.0472419950,10.8305697085,0107.0472881793,10.8306145620,0107.0473527294,10.8306138719,0107.0473895709,10.8305953564,0107.0475923439,10.8305659379,0107.0476565441,10.8304380697,0107.0476744599,10.8302926161,0107.0476374784,10.8302657680,0107.0476557642,10.8302018688,0107.0478954487,10.8301812030,0107.0482367347,10.8302228860,0107.0481727545,10.8304144034,0107.0481931499,10.8310409212,0107.0482781553,10.8317303881,0107.0481868965,10.8320128926,0107.0478562330,10.8324433312,0107.0472038991,10.8332223137,0107.0472036791,10.8331587647,0107.0470929448,10.8330964158,0107.0471650780,10.8325778805,0107.0470997681,10.8323151816,0107.0471268268,10.8321241044,0107.0470804326,10.8320156118,0107.0470620068,10.8320157818,0107.0470430212,10.8318615755,0107.0469966169,10.8317530829,0107.0470603871,10.8314981066,0107.0470411216,10.8312348876,0107.0470230558,10.8313439803,0</coordinates></LinearRing></outerBoundaryIs></Polygon></Placemark><Placemark><name>DXF polygon 1568</name><description><![CDATA[DXF entity 1568; diện tích hình học thô xấp xỉ 2.7750 ha; phân loại tham chiếu theo màu PDF: Đất trảng đồi/suối/G.T.]]></description><styleUrl>#other</styleUrl><Polygon><outerBoundaryIs><LinearRing><coordinates>107.0484167382,10.8318196650,0107.0484256611,10.8317197551,0107.0484070354,10.8316472833,0107.0483976826,10.8316200052,0107.0483975426,10.8315655488,0107.0483973926,10.8315292679,0107.0483232198,10.8313847545,0107.0483132371,10.8311214556,0107.0483128172,10.8309760820,0107.0483312329,10.8309758219,0107.0483495887,10.8309574664,0107.0483309530,10.8308850847,0107.0483400158,10.8308486338,0107.0483768674,10.8308119328,0107.0483489488,10.8307485438,0107.0483488788,10.8307213657,0107.0483118274,10.8306581566,0107.0483116874,10.8306127830,0107.0484128590,10.8305390311,0107.0484587033,10.8304567765,0107.0484402076,10.8304296783,0107.0483847305,10.8303849048,0107.0483845905,10.8303304485,0107.0484489206,10.8302752120,0107.0484766292,10.8302749620,0107.0485134706,10.8302745319,0107.0485319664,10.8302743619,0107.0486794022,10.8302637289,0107.0486978880,10.8302725616,0107.0487347994,10.8302904070,0107.0487809237,10.8302989797,0107.0488916681,10.8303250577,0107.0489470753,10.8303516457,0107.0490208982,10.8303599683,0107.0490670125,10.8303958191,0107.0491317126,10.8304132245,0107.0492884212,10.8304388724,0107.0493438284,10.8304563677,0107.0493438984,10.8304654604,0107.0493438284,10.8304563677,0107.0493346156,10.8304565377,0107.0493623942,10.8304834759,0107.0493531113,10.8304562777,0107.0493623242,10.8304652904,0107.0494177314,10.8304737830,0107.0495099000,10.8304818456,0107.0496021486,10.8305081736,0107.0496574758,10.8305076636,0107.0497036802,10.8305162462,0107.0497497245,10.8305248188,0107.0498234774,10.8305149560,0107.0498973803,10.8305413740,0107.0499435746,10.8305863176,0107.0499527075,10.8305771448,0107.0499991918,10.8306856374,0107.0499906188,10.8308946401,0107.0500096644,10.8311033927,0107.0500288000,10.8313119653,0107.0499833055,10.8315305007,0107.0498547153,10.8316863372,0107.0498362996,10.8316865073,0107.0497902352,10.8317142955,0107.0496062378,10.8318524567,0107.0493944719,10.8319365016,0107.0491823460,10.8319206365,0107.0489886358,10.8318953186,0107.0487950056,10.8318882862,0107.0486474298,10.8318717310,0107.0485458983,10.8318455730,0107.0484076053,10.8318288378,0107.0484167382,10.8318196650,0</coordinates></LinearRing></outerBoundaryIs></Polygon></Placemark><Placemark><name>DXF polygon 1569</name><description><![CDATA[DXF entity 1569; diện tích hình học thô xấp xỉ 1.0806 ha; phân loại tham chiếu theo màu PDF: Tràm 2022-2025.]]></description><styleUrl>#forest</styleUrl><Polygon><outerBoundaryIs><LinearRing><coordinates>107.0485860591,10.8329078516,0107.0485859091,10.8328715807,0107.0485392249,10.8326721708,0107.0485293822,10.8324725109,0107.0485103966,10.8322910365,0107.0484452167,10.8320646085,0107.0484358638,10.8320466031,0107.0484265809,10.8320194149,0107.0484264410,10.8319831341,0107.0484539296,10.8319192450,0107.0486843413,10.8318803937,0107.0488227143,10.8318880262,0107.0488780414,10.8319056115,0107.0490163444,10.8318950686,0107.0490439730,10.8318947185,0107.0491270088,10.8319121438,0107.0493393446,10.8320097434,0107.0493214188,10.8321733825,0107.0493121359,10.8321643697,0107.0492478758,10.8322468844,0107.0492479458,10.8322741526,0107.0492296701,10.8323196962,0107.0492297400,10.8323469644,0107.0492114643,10.8323925080,0107.0492115943,10.8324470543,0107.0492300900,10.8324741625,0107.0493039829,10.8325096633,0107.0493409643,10.8325456041,0107.0493780957,10.8326179058,0107.0493505371,10.8326545268,0107.0493506071,10.8326817049,0107.0492587084,10.8327826550,0107.0492495755,10.8328009205,0107.0492497855,10.8328735623,0107.0492406426,10.8329009205,0107.0492499254,10.8329190159,0107.0492224368,10.8329737323,0107.0491947982,10.8329921678,0107.0491857353,10.8330287087,0107.0491673095,10.8330561569,0107.0491305381,10.8330746824,0107.0490847037,10.8331478343,0107.0490663480,10.8331843752,0107.0489926650,10.8332033208,0107.0489464607,10.8331947481,0107.0489187722,10.8331496345,0107.0487525506,10.8331059812,0107.0486051147,10.8331075114,0107.0485773361,10.8330805833,0107.0485860591,10.8329078516,0</coordinates></LinearRing></outerBoundaryIs></Polygon></Placemark><Placemark><name>DXF polygon 1570</name><description><![CDATA[DXF entity 1570; diện tích hình học thô xấp xỉ 0.7692 ha; phân loại tham chiếu theo màu PDF: Tràm 2022-2025.]]></description><styleUrl>#forest</styleUrl><Polygon><outerBoundaryIs><LinearRing><coordinates>107.0484018417,10.8329915564,0107.0483929888,10.8330916464,0107.0483748430,10.8332008191,0107.0482549658,10.8331839238,0107.0481903558,10.8331482430,0107.0481718600,10.8331394104,0107.0481073099,10.8331582759,0107.0480427699,10.8331498733,0107.0479781498,10.8331323779,0107.0479136798,10.8331421508,0107.0478859712,10.8331424008,0107.0478768383,10.8331425809,0107.0478490597,10.8331246554,0107.0478398468,10.8331429209,0107.0478307840,10.8331793718,0107.0476924810,10.8331717293,0107.0474988508,10.8331646969,0107.0474619394,10.8331651270,0107.0473881064,10.8331477117,0107.0473789036,10.8331387890,0107.0474430237,10.8330199234,0107.0475992525,10.8328457414,0107.0477370556,10.8326807322,0107.0478840816,10.8324975375,0107.0479941760,10.8323510537,0107.0481227663,10.8321861345,0107.0482515165,10.8320394807,0107.0482697222,10.8319938570,0107.0482972809,10.8319391407,0107.0483248395,10.8319206152,0107.0483802467,10.8319381905,0107.0483434751,10.8319930869,0107.0483252694,10.8320568060,0107.0483349022,10.8321929968,0107.0483351121,10.8322566459,0107.0483443950,10.8322837441,0107.0483448149,10.8324199349,0107.0483728634,10.8325559557,0107.0483728634,10.8325650485,0107.0483823663,10.8326285175,0107.0483919290,10.8327464429,0107.0483919990,10.8327647183,0107.0483919990,10.8327647183,0107.0484018417,10.8329915564,0</coordinates></LinearRing></outerBoundaryIs></Polygon></Placemark><Placemark><name>DXF polygon 1572</name><description><![CDATA[DXF entity 1572; diện tích hình học thô xấp xỉ 9.5925 ha; phân loại tham chiếu theo màu PDF: Đất lấn chiếm mới.]]></description><styleUrl>#new</styleUrl><Polygon><outerBoundaryIs><LinearRing><coordinates>107.0471021576,10.8331054285,0107.0495092254,10.8333068526,0107.0499660896,10.8319213379,0107.0499334419,10.8302866577,0107.0482920619,10.8302313787,0107.0475912841,10.8302207344,0107.0475528917,10.8305431810,0107.0470207263,10.8305720089,0107.0471021576,10.8331054285,0107.0471021576,10.8331054285,0</coordinates></LinearRing></outerBoundaryIs></Polygon></Placemark></Folder><Folder><name>PDF - Lấn chiếm cũ KL260</name><Placemark><name>PDF lấn chiếm cũ KL260 #1</name><description><![CDATA[Đa giác trích xuất từ màu bản đồ PDF; diện tích xấp xỉ theo độ phân giải bản đồ: 4.5146 ha. Đây là số liệu GIS xấp xỉ, không thay thế diện tích pháp lý.]]></description><styleUrl>#old</styleUrl><Polygon><outerBoundaryIs><LinearRing><coordinates>107.0680065580,10.8308970678,0107.0679662459,10.8306133526,0107.0684594603,10.8298445929,0107.0685429273,10.8291559765,0107.0685027053,10.8288317393,0107.0683392548,10.8286693003,0107.0680545776,10.8277772725,0107.0705528741,10.8277827878,0107.0705519632,10.8281879693,0107.0701424059,10.8281870684,0107.0698144838,10.8283078941,0107.0690360517,10.8284277289,0107.0690349506,10.8289139547,0107.0691577287,10.8289547371,0107.0692379025,10.8297247581,0107.0695241311,10.8299279794,0107.0695230400,10.8304141952,0107.0693588488,10.8305759135,0107.0691950278,10.8305755531,0107.0691537048,10.8307375316,0107.0689898738,10.8307371713,0107.0689491914,10.8306155247,0107.0682938076,10.8306545955,0107.0681702988,10.8309379503,0107.0680065580,10.8308970678,0</coordinates></LinearRing></outerBoundaryIs></Polygon></Placemark><Placemark><name>PDF lấn chiếm cũ KL260 #2</name><description><![CDATA[Đa giác trích xuất từ màu bản đồ PDF; diện tích xấp xỉ theo độ phân giải bản đồ: 4.9935 ha. Đây là số liệu GIS xấp xỉ, không thay thế diện tích pháp lý.]]></description><styleUrl>#old</styleUrl><Polygon><outerBoundaryIs><LinearRing><coordinates>107.0621140501,10.8286149648,0107.0621147007,10.8283313398,0107.0626883592,10.8282110646,0107.0637940728,10.8282540391,0107.0646543303,10.8281749166,0107.0651456128,10.8282570520,0107.0658418592,10.8282585935,0107.0658830021,10.8281776493,0107.0659649176,10.8281778295,0107.0661283681,10.8283402684,0107.0662908177,10.8289484010,0107.0661267165,10.8290695871,0107.0656350636,10.8291495303,0107.0655120052,10.8292302943,0107.0652662689,10.8292297538,0107.0651431304,10.8293510300,0107.0642005871,10.8295920508,0107.0641590738,10.8298350636,0107.0639133375,10.8298345131,0107.0639136177,10.8297129667,0107.0638318925,10.8296317422,0107.0635452034,10.8296311116,0107.0634238066,10.8289825470,0107.0631781603,10.8289414843,0107.0631785307,10.8287794057,0107.0630968054,10.8286981912,0107.0629329845,10.8286978309,0107.0628922120,10.8286166965,0107.0621140501,10.8286149648,0</coordinates></LinearRing></outerBoundaryIs></Polygon></Placemark><Placemark><name>PDF lấn chiếm cũ KL260 #4</name><description><![CDATA[Đa giác trích xuất từ màu bản đồ PDF; diện tích xấp xỉ theo độ phân giải bản đồ: 5.2613 ha. Đây là số liệu GIS xấp xỉ, không thay thế diện tích pháp lý.]]></description><styleUrl>#old</styleUrl><Polygon><outerBoundaryIs><LinearRing><coordinates>107.0567528466,10.8268606808,0107.0565071102,10.8268601303,0107.0564250146,10.8269409844,0107.0558512660,10.8271017618,0107.0550322516,10.8270593978,0107.0547063815,10.8262888263,0107.0545440520,10.8256401716,0107.0543804213,10.8255587669,0107.0542583939,10.8251938273,0107.0541359061,10.8250314785,0107.0541362765,10.8248694099,0107.0554057009,10.8249533069,0107.0558153482,10.8249137057,0107.0563885362,10.8249960312,0107.0566743845,10.8253613412,0107.0566741943,10.8254423755,0107.0565510559,10.8255636517,0107.0565507756,10.8256852081,0107.0564278173,10.8257254500,0107.0564268764,10.8261306215,0107.0564674588,10.8262927901,0107.0565492841,10.8263334925,0107.0566306291,10.8265767855,0107.0567532170,10.8266986122,0107.0567528466,10.8268606808,0</coordinates></LinearRing></outerBoundaryIs></Polygon></Placemark><Placemark><name>PDF lấn chiếm cũ KL260 #5</name><description><![CDATA[Đa giác trích xuất từ màu bản đồ PDF; diện tích xấp xỉ theo độ phân giải bản đồ: 3.0781 ha. Đây là số liệu GIS xấp xỉ, không thay thế diện tích pháp lý.]]></description><styleUrl>#old</styleUrl><Polygon><outerBoundaryIs><LinearRing><coordinates>107.0622821252,10.8267515064,0107.0623234483,10.8265895279,0107.0631836157,10.8265509276,0107.0632658014,10.8264295513,0107.0633504795,10.8252141970,0107.0647838249,10.8252579023,0107.0647835447,10.8253794587,0107.0649472755,10.8254203312,0107.0649462645,10.8258660348,0107.0647004380,10.8259060065,0107.0645756380,10.8267566113,0107.0632240178,10.8267941205,0107.0631833354,10.8266724740,0107.0622821252,10.8267515064,0</coordinates></LinearRing></outerBoundaryIs></Polygon></Placemark><Placemark><name>PDF lấn chiếm cũ KL260 #6</name><description><![CDATA[Đa giác trích xuất từ màu bản đồ PDF; diện tích xấp xỉ theo độ phân giải bản đồ: 197.4535 ha. Đây là số liệu GIS xấp xỉ, không thay thế diện tích pháp lý.]]></description><styleUrl>#old</styleUrl><Polygon><outerBoundaryIs><LinearRing><coordinates>107.0698642151,10.8244182580,0107.0661782396,10.8244101101,0107.0661392087,10.8235591450,0107.0649106470,10.8235159002,0107.0647879690,10.8234345956,0107.0641734579,10.8235142586,0107.0640099173,10.8233923418,0107.0640107381,10.8230276825,0107.0638471073,10.8229462878,0107.0634785128,10.8229454670,0107.0633970578,10.8227426861,0107.0617180861,10.8226579182,0107.0616784247,10.8220905680,0107.0620470192,10.8220913988,0107.0621292149,10.8219700226,0107.0625388523,10.8219304213,0107.0625409744,10.8209985019,0107.0624591590,10.8209577996,0107.0624189470,10.8206335723,0107.0617637635,10.8205915887,0107.0615986513,10.8211584785,0107.0615971698,10.8218067628,0107.0600815586,10.8219249360,0107.0600397651,10.8222895052,0107.0601214904,10.8223707197,0107.0601211200,10.8225327983,0107.0604483915,10.8226955976,0107.0604887937,10.8229388006,0107.0615946674,10.8229007508,0107.0615935563,10.8233869666,0107.0617570069,10.8235494055,0107.0635998094,10.8236345438,0107.0636381796,10.8247691340,0107.0630647114,10.8248083749,0107.0630239388,10.8247272505,0107.0624096179,10.8247258792,0107.0615906935,10.8246430232,0107.0615495506,10.8247239674,0107.0614676451,10.8247237772,0107.0614272430,10.8244805842,0107.0600759932,10.8243560049,0107.0599937174,10.8245178933,0107.0599932469,10.8247204840,0107.0598292458,10.8248011580,0107.0594195985,10.8248407592,0107.0592145446,10.8249618552,0107.0591317082,10.8253668465,0107.0585991926,10.8254061775,0107.0581081003,10.8252429978,0107.0575346320,10.8252822288,0107.0574125145,10.8249578113,0107.0574129750,10.8247552206,0107.0574954410,10.8245122979,0107.0576594521,10.8244316339,0107.0577827807,10.8242293234,0107.0579067600,10.8237433779,0107.0579887655,10.8237030460,0107.0579892360,10.8235004552,0107.0601189879,10.8234647077,0107.0601199188,10.8230595262,0107.0600381936,10.8229783117,0107.0597514144,10.8230181833,0107.0595053176,10.8231797113,0107.0593824495,10.8231794311,0107.0593007242,10.8230982166,0107.0582769361,10.8230554022,0107.0583183593,10.8228529016,0107.0586055989,10.8226104393,0107.0586875144,10.8226106195,0107.0588508648,10.8228135806,0107.0592195595,10.8227738892,0107.0593016551,10.8226930351,0107.0593021155,10.8224904444,0107.0591798079,10.8222470612,0107.0589751244,10.8222060886,0107.0589372346,10.8208688977,0107.0579543192,10.8208666955,0107.0579131763,10.8209476397,0107.0566845344,10.8209448871,0107.0566437719,10.8208637627,0107.0564389983,10.8208633022,0107.0559910107,10.8197683033,0107.0559912009,10.8196872690,0107.0561143393,10.8195659928,0107.0560741273,10.8192417555,0107.0559514493,10.8191604410,0107.0557466757,10.8191599805,0107.0557052625,10.8193624812,0107.0549271207,10.8193607295,0107.0546815845,10.8192791346,0107.0544371694,10.8187113340,0107.0519390432,10.8186651764,0107.0518562869,10.8190296556,0107.0518948973,10.8200426894,0107.0518129919,10.8200425092,0107.0514456185,10.8195149405,0107.0510773043,10.8193925532,0107.0507911857,10.8191487997,0107.0503833401,10.8184185502,0107.0500968412,10.8183368652,0107.0500152160,10.8182151186,0107.0499339712,10.8179313134,0107.0500569195,10.8178910715,0107.0500580506,10.8174048557,0107.0499352825,10.8173640633,0107.0498948903,10.8171208604,0107.0497318301,10.8167963428,0107.0496916281,10.8164721155,0107.0495278072,10.8164717352,0107.0493221928,10.8168359341,0107.0492402873,10.8168357539,0107.0489542689,10.8165514782,0107.0487494952,10.8165510078,0107.0486264469,10.8166317618,0107.0485831319,10.8176446154,0107.0483373154,10.8176845770,0107.0482555000,10.8176438747,0107.0482151079,10.8174006717,0107.0478875761,10.8173594088,0107.0478059510,10.8172376722,0107.0476012674,10.8171966896,0107.0476014576,10.8171156553,0107.0480120359,10.8166708926,0107.0484216732,10.8166313013,0107.0484228944,10.8161045734,0107.0481363154,10.8160634006,0107.0478090640,10.8159005813,0107.0476042904,10.8159001209,0107.0476488266,10.8143605294,0107.0477308321,10.8143201974,0107.0476905301,10.8140364823,0107.0473629983,10.8139952194,0107.0472809027,10.8140760735,0107.0472806224,10.8141976200,0107.0467073643,10.8141557966,0107.0466660313,10.8143177751,0107.0465022103,10.8143174047,0107.0465025006,10.8141958482,0107.0466664116,10.8141557065,0107.0466669722,10.8139126036,0107.0465859175,10.8135477541,0107.0464221967,10.8135068616,0107.0464225771,10.8133447930,0107.0468732573,10.8132647797,0107.0473647000,10.8132659007,0107.0474051823,10.8134685816,0107.0477329042,10.8134288101,0107.0477332745,10.8132667416,0107.0476514692,10.8132260292,0107.0476516594,10.8131449949,0107.0478155604,10.8131048531,0107.0478159407,10.8129427846,0107.0476931726,10.8129019821,0107.0477362975,10.8119701628,0107.0479002986,10.8118894989,0107.0479006789,10.8117274303,0107.0476550527,10.8116863576,0107.0476553329,10.8115648012,0107.0478600966,10.8115652716,0107.0479015198,10.8113627710,0107.0471234080,10.8113609993,0107.0471654017,10.8109153957,0107.0473701653,10.8109158662,0107.0474116886,10.8106728534,0107.0472074855,10.8104292800,0107.0468389010,10.8104284392,0107.0468393815,10.8102258485,0107.0467168937,10.8100634996,0107.0463893619,10.8100222368,0107.0463895521,10.8099412025,0107.0462668841,10.8098598879,0107.0462266821,10.8095356506,0107.0461448768,10.8094949383,0107.0461044846,10.8092517453,0107.0458997210,10.8092512749,0107.0458590485,10.8091296283,0107.0454494212,10.8091692096,0107.0452449478,10.8090471927,0107.0445896041,10.8090862134,0107.0444663656,10.8092480017,0107.0440978811,10.8092066488,0107.0440984517,10.8089635359,0107.0439758738,10.8088417092,0107.0438948192,10.8084768596,0107.0445500728,10.8084783511,0107.0445915861,10.8082353383,0107.0447964498,10.8081952866,0107.0448786355,10.8080739203,0107.0448797766,10.8075877046,0107.0447572888,10.8074253557,0107.0447575791,10.8073037993,0107.0448805274,10.8072635674,0107.0448811880,10.8069799423,0107.0445535662,10.8069791916,0107.0444309983,10.8068573649,0107.0443904259,10.8066951962,0107.0442267952,10.8066137816,0107.0441871738,10.8060464414,0107.0444745035,10.8057634670,0107.0447204101,10.8056829933,0107.0450070791,10.8056836539,0107.0451302176,10.8055623777,0107.0454577393,10.8056036406,0107.0456622226,10.8057256675,0107.0461526143,10.8061724822,0107.0462745316,10.8065779339,0107.0461913949,10.8071044817,0107.0463140629,10.8071857962,0107.0469281736,10.8072682319,0107.0470917944,10.8073496365,0107.0471321765,10.8075928395,0107.0470089480,10.8077546278,0107.0470492401,10.8080383530,0107.0472130510,10.8080387233,0107.0472543741,10.8078767448,0107.0474596082,10.8076746245,0107.0474601787,10.8074315116,0107.0475835974,10.8071886890,0107.0477064656,10.8071889693,0107.0479108489,10.8073514983,0107.0481157026,10.8073114466,0107.0481573160,10.8070279217,0107.0478713075,10.8067436460,0107.0479130110,10.8064195889,0107.0481592979,10.8061770466,0107.0486506305,10.8062186798,0107.0489778819,10.8063814891,0107.0490186445,10.8064626235,0107.0493052135,10.8065037863,0107.0493041825,10.8069494799,0107.0503270697,10.8073569836,0107.0508182221,10.8074796512,0107.0508177517,10.8076822419,0107.0507357461,10.8077225739,0107.0500807828,10.8075995360,0107.0500394597,10.8077615145,0107.0499165014,10.8078017564,0107.0499569837,10.8080044372,0107.0501207946,10.8080048076,0107.0501619375,10.8079238633,0107.0507351856,10.8079656767,0107.0508578536,10.8080469913,0107.0511035799,10.8080475519,0107.0512670105,10.8082099908,0107.0516354949,10.8082513438,0107.0519218837,10.8083735408,0107.0519212331,10.8086571659,0107.0516342737,10.8087780717,0107.0516338133,10.8089806624,0107.0520431503,10.8090626276,0107.0522065008,10.8092655887,0107.0521650776,10.8094680793,0107.0520422194,10.8094677991,0107.0518377361,10.8093457822,0107.0513871560,10.8093852834,0107.0511410593,10.8095468014,0107.0511406889,10.8097088700,0107.0513863052,10.8097499427,0107.0514274481,10.8096690085,0107.0519188908,10.8096701196,0107.0520414687,10.8097919463,0107.0520820410,10.8099541149,0107.0519585322,10.8102374597,0107.0509345139,10.8103161818,0107.0508923400,10.8108428196,0107.0511785386,10.8110460610,0107.0511776077,10.8114512324,0107.0510132262,10.8116939750,0107.0510522170,10.8125449402,0107.0508878356,10.8127876727,0107.0507649774,10.8127874024,0107.0506826916,10.8129492808,0107.0505187806,10.8129894326,0107.0504770771,10.8133134797,0107.0521149459,10.8134387397,0107.0521112923,10.8150189435,0107.0520282558,10.8155049691,0107.0519462602,10.8155453011,0107.0519843101,10.8168014477,0107.0521891738,10.8167613960,0107.0521901048,10.8163562146,0107.0522721103,10.8163158826,0107.0522323688,10.8157890546,0107.0525193281,10.8156681488,0107.0529707590,10.8152639883,0107.0529709492,10.8151829540,0107.0531351405,10.8150212557,0107.0531358912,10.8146971086,0107.0533000725,10.8145354103,0107.0533003528,10.8144138539,0107.0537520640,10.8138881369,0107.0539978804,10.8138481753,0107.0542021836,10.8140512265,0107.0546117208,10.8140521474,0107.0547342988,10.8141739741,0107.0549800251,10.8141745246,0107.0552252810,10.8143776659,0107.0557165436,10.8144598113,0107.0557572160,10.8145814578,0107.0566172433,10.8145833897,0107.0565735879,10.8157583219,0107.0564915924,10.8157986539,0107.0565316142,10.8162039254,0107.0573505986,10.8162462793,0107.0576784206,10.8161659758,0107.0582104557,10.8163292455,0107.0596028984,10.8163323585,0107.0596440313,10.8162514143,0107.0605865346,10.8160104135,0107.0617333410,10.8159724538,0107.0619782366,10.8163376637,0107.0620185387,10.8166213788,0107.0618949398,10.8169452457,0107.0615665672,10.8172686622,0107.0615649056,10.8179979808,0107.0614007143,10.8181596891,0107.0613592111,10.8184027119,0107.0610718813,10.8186856963,0107.0611121834,10.8189694114,0107.0612760043,10.8189697718,0107.0615222813,10.8187272194,0107.0616869330,10.8183629204,0107.0618917066,10.8183633809,0107.0619738022,10.8182825267,0107.0620152154,10.8180800261,0107.0624659957,10.8179594706,0107.0624255034,10.8177567898,0107.0621798671,10.8177157271,0107.0621813386,10.8170674428,0107.0622638046,10.8168245200,0107.0623457100,10.8168247002,0107.0632039055,10.8176369750,0107.0633267737,10.8176372453,0107.0647177450,10.8182886227,0107.0647585175,10.8183697570,0107.0649632011,10.8184107296,0107.0655357384,10.8187766602,0107.0656582263,10.8189390090,0107.0659854977,10.8191017983,0107.0663530813,10.8195483127,0107.0667217659,10.8195086114,0107.0667211253,10.8197922364,0107.0668027505,10.8199139730,0107.0669665714,10.8199143434,0107.0670072538,10.8200359799,0107.0670891593,10.8200361601,0107.0673752978,10.8202799036,0107.0675800715,10.8202803640,0107.0677444429,10.8200376115,0107.0678283604,10.8191463944,0107.0674598659,10.8191050615,0107.0674187230,10.8191860157,0107.0672958648,10.8191857354,0107.0672145900,10.8189019302,0107.0668868681,10.8189417217,0107.0668462757,10.8187795630,0107.0664369186,10.8186976178,0107.0661502395,10.8186969872,0107.0659862384,10.8187776612,0107.0659045132,10.8186964367,0107.0658640109,10.8184937559,0107.0659053340,10.8183317773,0107.0663976175,10.8179682091,0107.0663982581,10.8176845840,0107.0662755801,10.8176032695,0107.0662760406,10.8174006787,0107.0664809944,10.8173200949,0107.0665230482,10.8168339692,0107.0668924635,10.8164701307,0107.0669747394,10.8163082322,0107.0669752899,10.8160651293,0107.0668526119,10.8159838248,0107.0668530623,10.8157812341,0107.0670171535,10.8156600380,0107.0671400217,10.8156603082,0107.0671397414,10.8157818647,0107.0673033822,10.8158632593,0107.0673028316,10.8161063722,0107.0675480975,10.8163095035,0107.0676704052,10.8165528866,0107.0677917118,10.8172419634,0107.0679555327,10.8172423237,0107.0680377185,10.8171209475,0107.0679576348,10.8163104043,0107.0683670920,10.8163518274,0107.0685698437,10.8172436751,0107.0690613865,10.8172042440,0107.0700029788,10.8173683946,0107.0701251063,10.8176928120,0107.0701243756,10.8180169492,0107.0703699218,10.8180985340,0107.0706142768,10.8187068467,0107.0706138263,10.8189094275,0107.0706956417,10.8189501298,0107.0706949110,10.8192742770,0107.0706129155,10.8193146090,0107.0705702210,10.8200843597,0107.0704877650,10.8203272924,0107.0704865839,10.8208540303,0107.0705683092,10.8209352448,0107.0715101818,10.8209778289,0107.0715502236,10.8213831005,0107.0715089906,10.8215045669,0107.0710993533,10.8215441881,0107.0710582104,10.8216251324,0107.0706483928,10.8217457879,0107.0696244245,10.8217840479,0107.0694197410,10.8217430753,0107.0693792487,10.8215403945,0107.0692155179,10.8214995220,0107.0691751057,10.8212563190,0107.0686427002,10.8212551479,0107.0683967837,10.8213356416,0107.0683964133,10.8214977102,0107.0685598739,10.8216601392,0107.0687637266,10.8220657711,0107.0690912784,10.8221070139,0107.0690907278,10.8223501268,0107.0693354532,10.8227963610,0107.0695399566,10.8229183679,0107.0697019457,10.8237290912,0107.0698241733,10.8240129865,0107.0698642151,10.8244182580,0</coordinates></LinearRing></outerBoundaryIs></Polygon></Placemark><Placemark><name>PDF lấn chiếm cũ KL260 #7</name><description><![CDATA[Đa giác trích xuất từ màu bản đồ PDF; diện tích xấp xỉ theo độ phân giải bản đồ: 0.1157 ha. Đây là số liệu GIS xấp xỉ, không thay thế diện tích pháp lý.]]></description><styleUrl>#old</styleUrl><Polygon><outerBoundaryIs><LinearRing><coordinates>107.0539331845,10.8241396208,0107.0539348661,10.8234103021,0107.0540167716,10.8234104823,0107.0540150899,10.8241398110,0107.0539331845,10.8241396208,0</coordinates></LinearRing></outerBoundaryIs></Polygon></Placemark><Placemark><name>PDF lấn chiếm cũ KL260 #9</name><description><![CDATA[Đa giác trích xuất từ màu bản đồ PDF; diện tích xấp xỉ theo độ phân giải bản đồ: 3.2242 ha. Đây là số liệu GIS xấp xỉ, không thay thế diện tích pháp lý.]]></description><styleUrl>#old</styleUrl><Polygon><outerBoundaryIs><LinearRing><coordinates>107.0563930106,10.8230511681,0107.0554515083,10.8228464653,0107.0552471051,10.8226839363,0107.0550013787,10.8226833758,0107.0546332546,10.8224799642,0107.0543057029,10.8224387014,0107.0540605370,10.8221950380,0107.0540199547,10.8220328793,0107.0536523911,10.8215863448,0107.0536525813,10.8215053105,0107.0532439650,10.8210992082,0107.0532445255,10.8208561053,0107.0539818047,10.8208172447,0107.0539814343,10.8209793233,0107.0540632497,10.8210200257,0107.0540626891,10.8212631286,0107.0538985880,10.8213843146,0107.0538981175,10.8215869054,0107.0539798428,10.8216681199,0107.0541846164,10.8216685903,0107.0542261297,10.8214255675,0107.0546768199,10.8213455542,0107.0547180529,10.8212240878,0107.0548409211,10.8212243681,0107.0548814033,10.8214270489,0107.0550452242,10.8214274193,0107.0550864572,10.8213059529,0107.0552501881,10.8213468454,0107.0552498177,10.8215089140,0107.0554134484,10.8215903187,0107.0554536604,10.8219145559,0107.0552076438,10.8220355519,0107.0552072734,10.8221976305,0107.0554114865,10.8224411938,0107.0556572129,10.8224417443,0107.0556987362,10.8221987315,0107.0559034097,10.8222397141,0107.0559028492,10.8224828170,0107.0560253470,10.8226451659,0107.0563119360,10.8226863286,0107.0563930106,10.8230511681,0</coordinates></LinearRing></outerBoundaryIs></Polygon></Placemark><Placemark><name>PDF lấn chiếm cũ KL260 #10</name><description><![CDATA[Đa giác trích xuất từ màu bản đồ PDF; diện tích xấp xỉ theo độ phân giải bản đồ: 1.4812 ha. Đây là số liệu GIS xấp xỉ, không thay thế diện tích pháp lý.]]></description><styleUrl>#old</styleUrl><Polygon><outerBoundaryIs><LinearRing><coordinates>107.0530768709,10.8225169630,0107.0520940455,10.8224742287,0107.0520542139,10.8219879228,0107.0518495303,10.8219469402,0107.0517684657,10.8215820907,0107.0516457977,10.8215007762,0107.0516459779,10.8214197419,0107.0518916141,10.8214608146,0107.0518912438,10.8216228931,0107.0520548745,10.8217042978,0107.0522186954,10.8217046682,0107.0522598383,10.8216237240,0107.0524647921,10.8215431501,0107.0524653527,10.8213000472,0107.0523425846,10.8212592448,0107.0523433353,10.8209351076,0107.0522205672,10.8208943052,0107.0522208475,10.8207727588,0107.0523027530,10.8207729389,0107.0523843881,10.8208946756,0107.0525072463,10.8208949558,0107.0525884111,10.8212192832,0107.0527520418,10.8213006878,0107.0529145514,10.8218683083,0107.0529138908,10.8221519333,0107.0530775215,10.8222333380,0107.0530768709,10.8225169630,0</coordinates></LinearRing></outerBoundaryIs></Polygon></Placemark><Placemark><name>PDF lấn chiếm cũ KL260 #11</name><description><![CDATA[Đa giác trích xuất từ màu bản đồ PDF; diện tích xấp xỉ theo độ phân giải bản đồ: 1.0571 ha. Đây là số liệu GIS xấp xỉ, không thay thế diện tích pháp lý.]]></description><styleUrl>#old</styleUrl><Polygon><outerBoundaryIs><LinearRing><coordinates>107.0714664864,10.8221932833,0107.0714677676,10.8216260332,0107.0725735513,10.8216284656,0107.0727371820,10.8217098602,0107.0727360910,10.8221960760,0107.0726540053,10.8222769301,0107.0717938580,10.8223155604,0107.0717531755,10.8221939139,0107.0714664864,10.8221932833,0</coordinates></LinearRing></outerBoundaryIs></Polygon></Placemark><Placemark><name>PDF lấn chiếm cũ KL260 #13</name><description><![CDATA[Đa giác trích xuất từ màu bản đồ PDF; diện tích xấp xỉ theo độ phân giải bản đồ: 0.4220 ha. Đây là số liệu GIS xấp xỉ, không thay thế diện tích pháp lý.]]></description><styleUrl>#old</styleUrl><Polygon><outerBoundaryIs><LinearRing><coordinates>107.0514834782,10.8208521214,0107.0513194671,10.8209327854,0107.0512782341,10.8210542517,0107.0511963187,10.8210540616,0107.0510738309,10.8208917127,0107.0509509727,10.8208914324,0107.0504601706,10.8206066963,0107.0504603608,10.8205256620,0107.0513612707,10.8205682161,0107.0514834782,10.8208521214,0</coordinates></LinearRing></outerBoundaryIs></Polygon></Placemark><Placemark><name>PDF lấn chiếm cũ KL260 #15</name><description><![CDATA[Đa giác trích xuất từ màu bản đồ PDF; diện tích xấp xỉ theo độ phân giải bản đồ: 0.8015 ha. Đây là số liệu GIS xấp xỉ, không thay thế diện tích pháp lý.]]></description><styleUrl>#old</styleUrl><Polygon><outerBoundaryIs><LinearRing><coordinates>107.0530402223,10.8206530541,0107.0528764014,10.8206526837,0107.0527539136,10.8204903349,0107.0524266522,10.8203275256,0107.0524683556,10.8200034685,0107.0523459579,10.8198006075,0107.0523879416,10.8193550039,0107.0522655539,10.8191521329,0107.0522658342,10.8190305765,0107.0524706078,10.8190310369,0107.0526339483,10.8192339980,0107.0530402223,10.8206530541,0</coordinates></LinearRing></outerBoundaryIs></Polygon></Placemark><Placemark><name>PDF lấn chiếm cũ KL260 #20</name><description><![CDATA[Đa giác trích xuất từ màu bản đồ PDF; diện tích xấp xỉ theo độ phân giải bản đồ: 0.5357 ha. Đây là số liệu GIS xấp xỉ, không thay thế diện tích pháp lý.]]></description><styleUrl>#old</styleUrl><Polygon><outerBoundaryIs><LinearRing><coordinates>107.0603876867,10.8134168056,0107.0603878769,10.8133357713,0107.0607571922,10.8130124449,0107.0607581231,10.8126072734,0107.0611267977,10.8125675720,0107.0611266175,10.8126486063,0107.0610446120,10.8126889483,0107.0610428603,10.8134587891,0107.0606332229,10.8134983904,0107.0603876867,10.8134168056,0</coordinates></LinearRing></outerBoundaryIs></Polygon></Placemark><Placemark><name>PDF lấn chiếm cũ KL260 #21</name><description><![CDATA[Đa giác trích xuất từ màu bản đồ PDF; diện tích xấp xỉ theo độ phân giải bản đồ: 0.8948 ha. Đây là số liệu GIS xấp xỉ, không thay thế diện tích pháp lý.]]></description><styleUrl>#old</styleUrl><Polygon><outerBoundaryIs><LinearRing><coordinates>107.0532236824,10.8121446634,0107.0531421574,10.8119824047,0107.0531426178,10.8117798239,0107.0532246234,10.8117394819,0107.0532666972,10.8112533663,0107.0535943190,10.8112541070,0107.0536760443,10.8113353215,0107.0538398552,10.8113356918,0107.0538396750,10.8114167261,0107.0539624331,10.8114575185,0107.0540429471,10.8120654809,0107.0535513142,10.8121454041,0107.0535101713,10.8122263483,0107.0532236824,10.8121446634,0</coordinates></LinearRing></outerBoundaryIs></Polygon></Placemark><Placemark><name>PDF lấn chiếm cũ KL260 #22</name><description><![CDATA[Đa giác trích xuất từ màu bản đồ PDF; diện tích xấp xỉ theo độ phân giải bản đồ: 0.7751 ha. Đây là số liệu GIS xấp xỉ, không thay thế diện tích pháp lý.]]></description><styleUrl>#old</styleUrl><Polygon><outerBoundaryIs><LinearRing><coordinates>107.0601865266,10.8118361514,0107.0599003180,10.8116329200,0107.0598596456,10.8115112735,0107.0600646895,10.8113901775,0107.0604743168,10.8113505762,0107.0604750575,10.8110264290,0107.0603935224,10.8108641702,0107.0603534005,10.8104994208,0107.0605583543,10.8104188470,0107.0609268388,10.8104601799,0107.0609266486,10.8105412142,0107.0608446531,10.8105815562,0107.0608441025,10.8108246591,0107.0606386883,10.8111078337,0107.0605968947,10.8114724029,0107.0604739465,10.8115126448,0107.0604731156,10.8118773041,0107.0601865266,10.8118361514,0</coordinates></LinearRing></outerBoundaryIs></Polygon></Placemark><Placemark><name>PDF lấn chiếm cũ KL260 #23</name><description><![CDATA[Đa giác trích xuất từ màu bản đồ PDF; diện tích xấp xỉ theo độ phân giải bản đồ: 2.5931 ha. Đây là số liệu GIS xấp xỉ, không thay thế diện tích pháp lý.]]></description><styleUrl>#old</styleUrl><Polygon><outerBoundaryIs><LinearRing><coordinates>107.0580216577,10.8093596956,0107.0580218479,10.8092786613,0107.0606840753,10.8091630607,0107.0608048114,10.8100952503,0107.0591254494,10.8102130531,0107.0591262802,10.8098483938,0107.0588397012,10.8098072310,0107.0586353980,10.8096041799,0107.0583079564,10.8095224149,0107.0580216577,10.8093596956,0</coordinates></LinearRing></outerBoundaryIs></Polygon></Placemark><Placemark><name>PDF lấn chiếm cũ KL260 #24</name><description><![CDATA[Đa giác trích xuất từ màu bản đồ PDF; diện tích xấp xỉ theo độ phân giải bản đồ: 20.2885 ha. Đây là số liệu GIS xấp xỉ, không thay thế diện tích pháp lý.]]></description><styleUrl>#old</styleUrl><Polygon><outerBoundaryIs><LinearRing><coordinates>107.0436874930,10.8095703672,0107.0435236821,10.8095699968,0107.0434829196,10.8094888624,0107.0428684385,10.8095684954,0107.0428688189,10.8094064268,0107.0427871937,10.8092846802,0107.0427876642,10.8090820994,0107.0428696697,10.8090417675,0107.0429110929,10.8088392668,0107.0429124242,10.8082720167,0107.0426258452,10.8082308440,0107.0425864140,10.8075824695,0107.0428743143,10.8070563922,0107.0428749849,10.8067727672,0107.0429569805,10.8067324352,0107.0429987840,10.8063678660,0107.0427942106,10.8062863612,0107.0425893568,10.8063264129,0107.0421365046,10.8073383256,0107.0421359340,10.8075814385,0107.0418085925,10.8074591313,0107.0417678299,10.8073780070,0107.0416041191,10.8073371044,0107.0416043093,10.8072560701,0107.0412774482,10.8069311822,0107.0411955428,10.8069309921,0107.0411958231,10.8068094356,0107.0410730650,10.8067686432,0107.0410734454,10.8066065646,0107.0408696327,10.8062009227,0107.0408700130,10.8060388441,0107.0407881977,10.8059981418,0107.0407888683,10.8057145167,0107.0406661102,10.8056737143,0107.0405844851,10.8055519777,0107.0402981964,10.8053892484,0107.0398895299,10.8050236482,0107.0396847663,10.8050231778,0107.0396441940,10.8048610091,0107.0394393402,10.8049010608,0107.0394386696,10.8051846858,0107.0392745784,10.8053058619,0107.0392741980,10.8054679305,0107.0394377187,10.8055898573,0107.0394375285,10.8056708916,0107.0396422020,10.8057118842,0107.0398880985,10.8056314104,0107.0399285808,10.8058341013,0107.0401326738,10.8061181967,0107.0403374374,10.8061186672,0107.0406243968,10.8059977714,0107.0405002974,10.8065242190,0107.0402945828,10.8069289201,0107.0404148685,10.8080231883,0107.0407410689,10.8086317013,0107.0407403983,10.8089153263,0107.0405348739,10.8092390030,0107.0405344935,10.8094010716,0107.0403706826,10.8094007013,0107.0403311513,10.8087928389,0107.0398826732,10.8079409328,0107.0396368568,10.8079808844,0107.0395545710,10.8081427629,0107.0395535300,10.8085884565,0107.0394306718,10.8085881762,0107.0389010490,10.8074119327,0107.0389014294,10.8072498641,0107.0389833349,10.8072500543,0107.0391065734,10.8070882660,0107.0393115272,10.8070077022,0107.0396391490,10.8070084529,0107.0396806723,10.8067654401,0107.0394766694,10.8064408325,0107.0389035215,10.8063584769,0107.0389043823,10.8059938176,0107.0387407616,10.8059124029,0107.0387839064,10.8049805836,0107.0386201956,10.8049396911,0107.0386205760,10.8047776225,0107.0384161027,10.8046555956,0107.0385401020,10.8041696701,0107.0386221976,10.8040888160,0107.0387450558,10.8040890963,0107.0387855280,10.8042917871,0107.0389493389,10.8042921575,0107.0389905819,10.8041707011,0107.0392363884,10.8041307495,0107.0392768606,10.8043334303,0107.0394817244,10.8042933886,0107.0394821948,10.8040907979,0107.0397688639,10.8040914585,0107.0399317239,10.8044970104,0107.0404642895,10.8044171973,0107.0406277200,10.8045796462,0107.0407915309,10.8045800166,0107.0408737166,10.8044586503,0107.0409556221,10.8044588405,0107.0412007679,10.8047025139,0107.0413645788,10.8047028843,0107.0415695326,10.8046223205,0107.0415699130,10.8044602519,0107.0413656298,10.8042571907,0107.0411608662,10.8042567202,0107.0410381982,10.8041754056,0107.0410383884,10.8040943714,0107.0412025797,10.8039326731,0107.0412028599,10.8038111167,0107.0412848655,10.8037707947,0107.0413678119,10.8033252813,0107.0414497174,10.8033254715,0107.0414491468,10.8035685743,0107.0418172409,10.8037720059,0107.0425541898,10.8038547318,0107.0425947621,10.8040169005,0107.0430453322,10.8039774093,0107.0430866653,10.8038154308,0107.0434970434,10.8034517124,0107.0437428498,10.8034117508,0107.0438256061,10.8030472817,0107.0439075116,10.8030474718,0107.0441117947,10.8032505230,0107.0441931396,10.8034938161,0107.0439871448,10.8040200836,0107.0438640964,10.8041008376,0107.0439043885,10.8043845527,0107.0435763863,10.8045458806,0107.0433706818,10.8049505916,0107.0432065806,10.8050717677,0107.0432059200,10.8053553927,0107.0430828716,10.8054361468,0107.0430821109,10.8057602939,0107.0432454513,10.8059632550,0107.0433273567,10.8059634452,0107.0433672684,10.8064092289,0107.0432028870,10.8066519615,0107.0430389860,10.8066921032,0107.0430383153,10.8069757283,0107.0433246041,10.8071384575,0107.0433648961,10.8074221726,0107.0437327099,10.8077471606,0107.0437323396,10.8079092292,0107.0436091010,10.8080710275,0107.0436083403,10.8083951647,0107.0433625238,10.8084351263,0107.0433619633,10.8086782292,0107.0436481519,10.8088814706,0107.0438118727,10.8089223631,0107.0438521648,10.8092060882,0107.0436881637,10.8092867421,0107.0436874930,10.8095703672,0</coordinates></LinearRing></outerBoundaryIs></Polygon></Placemark><Placemark><name>PDF lấn chiếm cũ KL260 #25</name><description><![CDATA[Đa giác trích xuất từ màu bản đồ PDF; diện tích xấp xỉ theo độ phân giải bản đồ: 98.1779 ha. Đây là số liệu GIS xấp xỉ, không thay thế diện tích pháp lý.]]></description><styleUrl>#old</styleUrl><Polygon><outerBoundaryIs><LinearRing><coordinates>107.0491254543,10.7957255645,0107.0492483024,10.7957258448,0107.0493304882,10.7956044785,0107.0494123936,10.7956046587,0107.0494537167,10.7954426802,0107.0495766650,10.7954024383,0107.0495771354,10.7951998476,0107.0497818890,10.7952003180,0107.0499053078,10.7949574854,0107.0506015742,10.7949185448,0107.0507646243,10.7952430523,0107.0507636834,10.7956482338,0107.0514192774,10.7954876467,0107.0515009025,10.7956093833,0107.0519921350,10.7956915286,0107.0522385921,10.7953679420,0107.0526890521,10.7953689530,0107.0528531333,10.7952477669,0107.0529759914,10.7952480472,0107.0536303742,10.7956141879,0107.0536710367,10.7957358345,0107.0540396012,10.7957366553,0107.0541626395,10.7956559012,0107.0543674031,10.7956563617,0107.0548170223,10.7960220320,0107.0551855868,10.7960228628,0107.0555533105,10.7963883529,0107.0556345653,10.7966721581,0107.0556340048,10.7969152710,0107.0555520092,10.7969556030,0107.0555516389,10.7971176716,0107.0557970650,10.7972397785,0107.0562882975,10.7973219239,0107.0567383070,10.7975255156,0107.0570234746,10.7981744506,0107.0570231943,10.7982960071,0107.0571049196,10.7983772215,0107.0571047294,10.7984582558,0107.0567770275,10.7984980373,0107.0567764670,10.7987411502,0107.0569810404,10.7988226449,0107.0571849632,10.7991877647,0107.0571842225,10.7995119118,0107.0570612742,10.7995521537,0107.0570609039,10.7997142223,0107.0571832916,10.7999170933,0107.0575519462,10.7998773920,0107.0577150164,10.8002019095,0107.0576736933,10.8003638880,0107.0573869341,10.8004037595,0107.0573864737,10.8006063503,0107.0581236027,10.8006080019,0107.0582053280,10.8006892264,0107.0582046774,10.8009728514,0107.0586135440,10.8012573873,0107.0586123428,10.8017841252,0107.0586940581,10.8018653397,0107.0588169162,10.8018656200,0107.0588161755,10.8021897572,0107.0591844698,10.8023121344,0107.0592251422,10.8024337809,0107.0593889531,10.8024341513,0107.0594303663,10.8022316506,0107.0592666555,10.8021907681,0107.0592260731,10.8020286094,0107.0590217700,10.8018255583,0107.0588989118,10.8018252780,0107.0589404251,10.8015822652,0107.0595959389,10.8014621802,0107.0601691770,10.8015039736,0107.0602513527,10.8013826073,0107.0602111407,10.8010583700,0107.0595558170,10.8010974208,0107.0595559972,10.8010163865,0107.0602125321,10.8004505978,0107.0602948980,10.8002481872,0107.0604587990,10.8002080354,0107.0604591693,10.8000459669,0107.0603774440,10.7999647424,0107.0601726904,10.7999642919,0107.0599673763,10.8002069444,0107.0598034753,10.8002470962,0107.0598046764,10.7997203583,0107.0599684873,10.7997207286,0107.0600098004,10.7995587401,0107.0600918961,10.7994778960,0107.0602147442,10.7994781663,0107.0604199683,10.7992760360,0107.0604201585,10.7991949917,0107.0611571974,10.7992371554,0107.0612393732,10.7991157891,0107.0613212786,10.7991159693,0107.0614840685,10.7995620333,0107.0616475991,10.7996839501,0107.0618507912,10.8003732070,0107.0616454771,10.8006158595,0107.0616451067,10.8007779381,0107.0618088275,10.8008188206,0107.0618492297,10.8010620135,0107.0622586569,10.8011034466,0107.0623001601,10.8008604338,0107.0625869193,10.8008205523,0107.0626273115,10.8010637452,0107.0629549333,10.8010644759,0107.0630370189,10.8009836218,0107.0630372992,10.8008620654,0107.0631192046,10.8008622455,0107.0631190145,10.8009432898,0107.0632417825,10.8009840823,0107.0633234077,10.8011058089,0107.0635280813,10.8011467815,0107.0636897701,10.8020790612,0107.0631165320,10.8020372678,0107.0629934937,10.8021180319,0107.0629518002,10.8024420890,0107.0632793219,10.8024833318,0107.0635244877,10.8027269852,0107.0635649800,10.8029296661,0107.0637287909,10.8029300364,0107.0638520195,10.8027682381,0107.0639339149,10.8027684183,0107.0640570534,10.8026471321,0107.0643437224,10.8026477727,0107.0643434422,10.8027693291,0107.0641795412,10.8028094809,0107.0641791708,10.8029715495,0107.0643427114,10.8030934663,0107.0646703232,10.8030941970,0107.0648344144,10.8029730009,0107.0648347748,10.8028109323,0107.0646710640,10.8027700498,0107.0646713342,10.8026484934,0107.0647941924,10.8026487737,0107.0649175110,10.8024464532,0107.0650815922,10.8023252571,0107.0654910294,10.8023666801,0107.0656962434,10.8021645498,0107.0658600543,10.8021649102,0107.0659833730,10.8019625897,0107.0661474541,10.8018414036,0107.0662708628,10.8015985610,0107.0668038789,10.8013161171,0107.0671315908,10.8012763156,0107.0671719930,10.8015195186,0107.0670489546,10.8016002826,0107.0670072712,10.8019243397,0107.0671300393,10.8019651321,0107.0671298491,10.8020461664,0107.0672524370,10.8021679931,0107.0675390961,10.8021686238,0107.0677033674,10.8019663934,0107.0679899364,10.8020075461,0107.0682761450,10.8022107675,0107.0682755044,10.8024943925,0107.0685210406,10.8025759673,0107.0685205801,10.8027785581,0107.0688071591,10.8028197108,0107.0688065185,10.8031033359,0107.0682330903,10.8031425868,0107.0678239334,10.8029796173,0107.0675377247,10.8027763960,0107.0671281074,10.8028160072,0107.0668011362,10.8025316515,0107.0663509365,10.8024091041,0107.0659414093,10.8024082032,0107.0658180906,10.8026105137,0107.0656540095,10.8027317098,0107.0656533688,10.8030153348,0107.0658168094,10.8031777738,0107.0667591725,10.8029772650,0107.0669636559,10.8030992719,0107.0674959512,10.8031409652,0107.0675775764,10.8032627018,0107.0677823400,10.8032631523,0107.0678639752,10.8033848889,0107.0679867433,10.8034256713,0107.0679865531,10.8035067156,0107.0674951304,10.8035056245,0107.0674134952,10.8033838879,0107.0667172088,10.8034228686,0107.0666760759,10.8035038128,0107.0659798896,10.8035022813,0107.0658573016,10.8033804546,0107.0656934907,10.8033800842,0107.0656111348,10.8035824948,0107.0647098045,10.8037425715,0107.0646270783,10.8041070506,0107.0634394492,10.8041044181,0107.0634816932,10.8035372581,0107.0632368077,10.8031720482,0107.0631140396,10.8031312558,0107.0630737375,10.8028475407,0107.0624185940,10.8028055671,0107.0622951853,10.8030483998,0107.0622947148,10.8032509905,0107.0624172126,10.8034133394,0107.0624571444,10.8038591231,0107.0618836260,10.8039388861,0107.0616781217,10.8042625729,0107.0616776612,10.8044651636,0107.0615957558,10.8044649834,0107.0614726273,10.8045862596,0107.0614306536,10.8050318732,0107.0613487482,10.8050316830,0107.0613075252,10.8051531493,0107.0611026614,10.8051932110,0107.0611431537,10.8053958919,0107.0614709657,10.8053155883,0107.0612638898,10.8063280815,0107.0599945355,10.8062442145,0107.0599947257,10.8061631802,0107.0602405321,10.8061232086,0107.0604053640,10.8056778753,0107.0603657026,10.8051105352,0107.0598742699,10.8051094341,0107.0598738995,10.8052715027,0107.0600778323,10.8056366225,0107.0599951861,10.8059605895,0107.0599132807,10.8059603993,0107.0599138312,10.8057172964,0107.0597100886,10.8052711423,0107.0593005613,10.8052702215,0107.0590960780,10.8051482146,0107.0588917748,10.8049451634,0107.0588517530,10.8045398918,0107.0586473597,10.8043773628,0107.0577873625,10.8043754409,0107.0576641340,10.8045372392,0107.0576636635,10.8047398300,0107.0574179471,10.8047392795,0107.0574184176,10.8045366887,0107.0573366923,10.8044554642,0107.0556575505,10.8044922227,0107.0556167880,10.8044110884,0107.0554529771,10.8044107180,0107.0554110934,10.8048158094,0107.0554925284,10.8050185803,0107.0555323600,10.8055048862,0107.0548361737,10.8055033247,0107.0545064999,10.8063939812,0107.0543423086,10.8065556894,0107.0544229128,10.8071231197,0107.0546270258,10.8074072052,0107.0547080003,10.8078125668,0107.0549530561,10.8080967524,0107.0550758241,10.8081375448,0107.0550756440,10.8082185791,0107.0543795277,10.8081764954,0107.0527819910,10.8083349706,0107.0527828319,10.8079703012,0107.0526600638,10.8079295088,0107.0526606343,10.8076864059,0107.0524566114,10.8073617983,0107.0524181912,10.8062677202,0107.0531143875,10.8062692917,0107.0532789391,10.8059455149,0107.0536068412,10.8058246992,0107.0536072216,10.8056626306,0107.0534852042,10.8052976910,0107.0533627164,10.8051353421,0107.0533639276,10.8046086142,0107.0529951729,10.8046888177,0107.0528316423,10.8045668909,0107.0524221150,10.8045659700,0107.0522585844,10.8044440432,0107.0520538208,10.8044435828,0107.0520550419,10.8039168548,0107.0518503784,10.8038758722,0107.0517687532,10.8037541356,0107.0517301428,10.8027410918,0107.0519359274,10.8022958587,0107.0519374289,10.8016475743,0107.0516918126,10.8016065016,0107.0516510401,10.8015253672,0107.0506682848,10.8014826329,0107.0504223882,10.8015631067,0107.0502593281,10.8012385991,0107.0500955172,10.8012382288,0107.0499721985,10.8014405393,0107.0497674349,10.8014400688,0107.0496449571,10.8012777199,0107.0491950477,10.8010335961,0107.0490721895,10.8010333158,0107.0490725699,10.8008712472,0107.0493185565,10.8007502513,0107.0493193072,10.8004261041,0107.0496478700,10.8000216634,0107.0499346191,10.7999818018,0107.0503042247,10.7995369390,0107.0503044048,10.7994559047,0107.0503863103,10.7994560849,0107.0507131814,10.7997809728,0107.0512454567,10.7998226961,0107.0513687853,10.7996203756,0107.0515323960,10.7997017803,0107.0517781124,10.7997023408,0107.0517776419,10.7999049316,0107.0520227977,10.8001485950,0107.0524324051,10.8001089937,0107.0525965863,10.7999472955,0107.0528423928,10.7999073339,0107.0529248588,10.7996644112,0107.0531711257,10.7994218588,0107.0531726171,10.7987735645,0107.0532958457,10.7986117761,0107.0534187939,10.7985715343,0107.0534191743,10.7984094657,0107.0532965063,10.7983281511,0107.0531742087,10.7980847680,0107.0530514506,10.7980439655,0107.0530107781,10.7979223190,0107.0527652520,10.7978407342,0107.0524792435,10.7975564585,0107.0522744899,10.7975559981,0107.0520699165,10.7974745033,0107.0520291539,10.7973933689,0107.0518653530,10.7973929986,0107.0511698274,10.7971078020,0107.0507601299,10.7971879154,0107.0503513634,10.7968628474,0107.0499827088,10.7969025287,0107.0499412856,10.7971050293,0107.0496137639,10.7970637665,0107.0495316783,10.7971446206,0107.0495719704,10.7974283357,0107.0493672168,10.7974278753,0107.0493686181,10.7968201031,0107.0492050074,10.7967386984,0107.0491649956,10.7963334268,0107.0490832803,10.7962522024,0107.0491254543,10.7957255645,0</coordinates></LinearRing></outerBoundaryIs></Polygon></Placemark><Placemark><name>PDF lấn chiếm cũ KL260 #26</name><description><![CDATA[Đa giác trích xuất từ màu bản đồ PDF; diện tích xấp xỉ theo độ phân giải bản đồ: 3.6462 ha. Đây là số liệu GIS xấp xỉ, không thay thế diện tích pháp lý.]]></description><styleUrl>#old</styleUrl><Polygon><outerBoundaryIs><LinearRing><coordinates>107.0717878594,10.8067565355,0107.0715013705,10.8066748706,0107.0706822259,10.8067135910,0107.0704775524,10.8066726185,0107.0704367798,10.8065914941,0107.0701091580,10.8065907734,0107.0701093382,10.8065097391,0107.0703144722,10.8063481209,0107.0703567863,10.8057404388,0107.0701932456,10.8056185220,0107.0700717588,10.8050104795,0107.0699492710,10.8048481407,0107.0695807865,10.8048068077,0107.0695812370,10.8046042170,0107.0694177063,10.8044823002,0107.0694181568,10.8042797095,0107.0692134833,10.8042387469,0107.0690909053,10.8041169202,0107.0690097306,10.8037925928,0107.0691333195,10.8034687259,0107.0694199886,10.8034693565,0107.0697876422,10.8038753488,0107.0697872819,10.8040374174,0107.0700734905,10.8042406387,0107.0702365707,10.8045651462,0107.0703593388,10.8046059287,0107.0704407938,10.8048086996,0107.0712986089,10.8057830229,0107.0717878594,10.8067565355,0</coordinates></LinearRing></outerBoundaryIs></Polygon></Placemark><Placemark><name>PDF lấn chiếm cũ KL260 #28</name><description><![CDATA[Đa giác trích xuất từ màu bản đồ PDF; diện tích xấp xỉ theo độ phân giải bản đồ: 33.1061 ha. Đây là số liệu GIS xấp xỉ, không thay thế diện tích pháp lý.]]></description><styleUrl>#old</styleUrl><Polygon><outerBoundaryIs><LinearRing><coordinates>107.0488621707,10.8033018556,0107.0487802653,10.8033016654,0107.0484533041,10.8030172997,0107.0482485405,10.8030168392,0107.0477972197,10.8033804676,0107.0469781752,10.8033786058,0107.0461998932,10.8034578784,0107.0460365528,10.8032549173,0107.0458727419,10.8032545369,0107.0457080902,10.8036188259,0107.0456244831,10.8043479644,0107.0453378140,10.8043473137,0107.0450103824,10.8042655287,0107.0450108628,10.8040629380,0107.0452979023,10.8039015200,0107.0453393255,10.8036990194,0107.0454624639,10.8035777532,0107.0455443694,10.8035779334,0107.0456676079,10.8034161451,0107.0457095016,10.8030110637,0107.0460372134,10.8029712922,0107.0460375938,10.8028092137,0107.0459151160,10.8026468648,0107.0458750141,10.8022821154,0107.0457934890,10.8021198566,0107.0455891058,10.8019573176,0107.0453842521,10.8019973693,0107.0453839618,10.8021189157,0107.0452195903,10.8023616582,0107.0451376849,10.8023614680,0107.0450969223,10.8022803337,0107.0448920686,10.8023203854,0107.0448917783,10.8024419418,0107.0447275971,10.8026036400,0107.0446437998,10.8034138128,0107.0444391362,10.8033728302,0107.0444808397,10.8030487731,0107.0443991244,10.8029675586,0107.0443997851,10.8026839336,0107.0442772172,10.8025620969,0107.0441134063,10.8025617165,0107.0440311305,10.8027236049,0107.0438670293,10.8028447810,0107.0438668391,10.8029258253,0107.0428840838,10.8028830510,0107.0427199025,10.8030447492,0107.0427196122,10.8031663057,0107.0419011383,10.8029213210,0107.0415735265,10.8029205702,0107.0415331443,10.8026773773,0107.0417381882,10.8025562913,0107.0417384685,10.8024347348,0107.0418207543,10.8022728464,0107.0419848455,10.8021516703,0107.0419850357,10.8020706361,0107.0421899895,10.8019900722,0107.0427234060,10.8015455898,0107.0428873069,10.8015054480,0107.0429695027,10.8013840817,0107.0431333036,10.8013844621,0107.0432559716,10.8014657766,0107.0434197825,10.8014661470,0107.0435018781,10.8013853029,0107.0435847245,10.8009803116,0107.0437079630,10.8008185233,0107.0437083334,10.8006564447,0107.0438313817,10.8005756907,0107.0438731853,10.8002111214,0107.0437094745,10.8001702289,0107.0435051913,10.7999671777,0107.0430956741,10.7999662368,0107.0425619674,10.8005322757,0107.0417414114,10.8011786783,0107.0413308531,10.8016234410,0107.0412896101,10.8017448973,0107.0411255189,10.8018660734,0107.0411251386,10.8020281520,0107.0412069439,10.8020688543,0107.0412067537,10.8021498886,0107.0409193339,10.8024733752,0107.0408778106,10.8027163880,0107.0407545721,10.8028781763,0107.0407541917,10.8030402449,0107.0406312435,10.8030804868,0107.0406298121,10.8036882490,0107.0405070540,10.8036474565,0107.0405913317,10.8026346930,0107.0404286720,10.8021481069,0107.0404713364,10.8014188783,0107.0403486684,10.8013375638,0107.0400619993,10.8013369031,0107.0397319151,10.8023896182,0107.0394038228,10.8025914483,0107.0394030621,10.8029155954,0107.0397712462,10.8030785148,0107.0396883898,10.8034834961,0107.0390731480,10.8038872663,0107.0389912526,10.8038870761,0107.0389090569,10.8040084423,0107.0388271514,10.8040082522,0107.0388274417,10.8038866957,0107.0386637209,10.8038458032,0107.0386642013,10.8036432125,0107.0392424843,10.8015376121,0107.0395292435,10.8014977505,0107.0396523920,10.8013764844,0107.0396531527,10.8010523372,0107.0395306749,10.8008899883,0107.0394487694,10.8008897981,0107.0394904829,10.8005657511,0107.0394086776,10.8005250387,0107.0392053453,10.7999168061,0107.0392058258,10.7997142153,0107.0391240204,10.7996735130,0107.0390838285,10.7993492757,0107.0390020231,10.7993085634,0107.0390024936,10.7991059726,0107.0388387828,10.7990650801,0107.0388392632,10.7988624894,0107.0390031642,10.7988223476,0107.0390035446,10.7986602790,0107.0388401241,10.7984978301,0107.0388403142,10.7984167958,0107.0390042152,10.7983766540,0107.0393721992,10.7986206077,0107.0394950574,10.7986208880,0107.0395358199,10.7987020223,0107.0398634317,10.7987027731,0107.0400684756,10.7985816871,0107.0406010412,10.7985018740,0107.0408060751,10.7983807980,0107.0410927442,10.7983814486,0107.0412154022,10.7984627632,0107.0418297731,10.7984236624,0107.0428108068,10.7991957454,0107.0428511889,10.7994389483,0107.0432197535,10.7994397892,0107.0432605160,10.7995209135,0107.0434243269,10.7995212939,0107.0434654698,10.7994403497,0107.0443254570,10.7994423116,0107.0443245061,10.7998474931,0107.0444880267,10.7999694199,0107.0447745957,10.8000105927,0107.0447331725,10.8002130833,0107.0444464134,10.8002529548,0107.0444461331,10.8003745013,0107.0443231848,10.8004147431,0107.0443228044,10.8005768117,0107.0450178497,10.8010646190,0107.0452226133,10.8010650795,0107.0456325109,10.8009039418,0107.0463289775,10.8007839769,0107.0464929686,10.8007033130,0107.0465752544,10.8005414245,0107.0466571598,10.8005416147,0107.0471882140,10.8011100760,0107.0476780351,10.8017999936,0107.0478418460,10.8018003639,0107.0479239317,10.8017195198,0107.0479243120,10.8015574512,0107.0480881229,10.8015578216,0107.0482111613,10.8014770575,0107.0485795456,10.8015589326,0107.0486596593,10.8023289636,0107.0487413746,10.8024101781,0107.0487816767,10.8026939032,0107.0488634820,10.8027346056,0107.0488621707,10.8033018556,0</coordinates></LinearRing></outerBoundaryIs></Polygon></Placemark><Placemark><name>PDF lấn chiếm cũ KL260 #32</name><description><![CDATA[Đa giác trích xuất từ màu bản đồ PDF; diện tích xấp xỉ theo độ phân giải bản đồ: 5.5535 ha. Đây là số liệu GIS xấp xỉ, không thay thế diện tích pháp lý.]]></description><styleUrl>#old</styleUrl><Polygon><outerBoundaryIs><LinearRing><coordinates>107.0586553375,10.8008928181,0107.0584512245,10.8006087326,0107.0584521454,10.8002035611,0107.0580433689,10.7998784930,0107.0580027965,10.7997163344,0107.0578801186,10.7996350198,0107.0578805890,10.7994324291,0107.0577987736,10.7993917267,0107.0577990539,10.7992701803,0107.0580452307,10.7990681401,0107.0580456011,10.7989060615,0107.0578818803,10.7988651790,0107.0579234836,10.7985816440,0107.0578416783,10.7985409417,0107.0578418585,10.7984599074,0107.0579649969,10.7983386312,0107.0579655474,10.7980955184,0107.0583751648,10.7980559171,0107.0584159273,10.7981370515,0107.0585387855,10.7981373217,0107.0585792678,10.7983400026,0107.0588658368,10.7983811653,0107.0589888751,10.7983004013,0107.0589892455,10.7981383327,0107.0587026765,10.7980971700,0107.0587028667,10.7980161357,0107.0587847721,10.7980163158,0107.0588259050,10.7979353716,0107.0592762849,10.7979768947,0107.0596852416,10.7982209185,0107.0598076393,10.7984237795,0107.0602172467,10.7983841783,0107.0606263936,10.7985471677,0107.0606667857,10.7987903607,0107.0600522346,10.7989105458,0107.0599297468,10.7987482070,0107.0597249031,10.7987882587,0107.0597238821,10.7992339623,0107.0596008437,10.7993147263,0107.0596411458,10.7995984415,0107.0595181075,10.7996792055,0107.0594350909,10.8001652311,0107.0593119525,10.8002865173,0107.0593519843,10.8006917888,0107.0589419966,10.8008934587,0107.0586553375,10.8008928181,0</coordinates></LinearRing></outerBoundaryIs></Polygon></Placemark><Placemark><name>PDF lấn chiếm cũ KL260 #33</name><description><![CDATA[Đa giác trích xuất từ màu bản đồ PDF; diện tích xấp xỉ theo độ phân giải bản đồ: 14.8649 ha. Đây là số liệu GIS xấp xỉ, không thay thế diện tích pháp lý.]]></description><styleUrl>#old</styleUrl><Polygon><outerBoundaryIs><LinearRing><coordinates>107.0435106767,10.7976171431,0107.0423640404,10.7976145206,0107.0422415626,10.7974521618,0107.0419550036,10.7974109890,0107.0418325258,10.7972486401,0107.0415461470,10.7971264330,0107.0414237693,10.7969235620,0107.0412600585,10.7968826695,0107.0412602487,10.7968016352,0107.0411374906,10.7967608328,0107.0409741602,10.7965578717,0107.0409761521,10.7957069966,0107.0407713985,10.7957065261,0107.0405254119,10.7958275120,0107.0402797055,10.7958269515,0107.0402383725,10.7959889300,0107.0401153241,10.7960696840,0107.0399924759,10.7960693937,0107.0398699080,10.7959475670,0107.0400343796,10.7956643124,0107.0400347599,10.7955022438,0107.0399121921,10.7953804071,0107.0396258133,10.7952582000,0107.0396260034,10.7951771557,0107.0397900045,10.7950965017,0107.0397904750,10.7948939110,0107.0397086696,10.7948532087,0107.0396681974,10.7946505178,0107.0397505733,10.7944481173,0107.0399147546,10.7942864291,0107.0399151349,10.7941243505,0107.0399972306,10.7940435064,0107.0403247423,10.7940847792,0107.0404068379,10.7940039251,0107.0404073084,10.7938013444,0107.0397930475,10.7937999330,0107.0397114323,10.7936781864,0107.0397118127,10.7935161178,0107.0398764644,10.7931518288,0107.0400402753,10.7931522092,0107.0401633137,10.7930714552,0107.0401644548,10.7925852394,0107.0401238824,10.7924230707,0107.0398787567,10.7921794073,0107.0397973217,10.7919766264,0107.0395929584,10.7918140873,0107.0395944799,10.7911658030,0107.0396764755,10.7911254710,0107.0395955209,10.7907201093,0107.0396774264,10.7907202895,0107.0398810389,10.7912069757,0107.0401655058,10.7921395458,0107.0403697790,10.7923426070,0107.0408200488,10.7924246723,0107.0410243319,10.7926277335,0107.0409814773,10.7934379963,0107.0408176764,10.7934376160,0107.0406946281,10.7935183700,0107.0406944379,10.7935994043,0107.0405306370,10.7935990339,0107.0404892138,10.7938015246,0107.0406938673,10.7938425172,0107.0407351103,10.7937210508,0107.0408579585,10.7937213411,0107.0411443273,10.7938435482,0107.0412664247,10.7941679756,0107.0408568174,10.7942075469,0107.0408972997,10.7944102377,0107.0413476595,10.7944517808,0107.0414699471,10.7946951740,0107.0413049050,10.7952215315,0107.0411406237,10.7954237419,0107.0411811059,10.7956264227,0107.0413449068,10.7956268031,0107.0414681454,10.7954650148,0107.0414685158,10.7953029362,0107.0415504212,10.7953031264,0107.0416326069,10.7951817601,0107.0417963177,10.7952226526,0107.0420414535,10.7954663261,0107.0422870698,10.7955074088,0107.0423285931,10.7952643860,0107.0424105886,10.7952240640,0107.0424108689,10.7951025075,0107.0425751502,10.7949002872,0107.0426174242,10.7943331372,0107.0428220878,10.7943741198,0107.0428207565,10.7949413699,0107.0433121692,10.7949424909,0107.0434354978,10.7947401905,0107.0436403515,10.7947001388,0107.0437635801,10.7945383405,0107.0444188937,10.7944993198,0107.0444587054,10.7949856256,0107.0443762394,10.7952285483,0107.0442531009,10.7953498245,0107.0442525404,10.7955929274,0107.0444160610,10.7957148542,0107.0443736869,10.7963225363,0107.0440869377,10.7963623978,0107.0438814233,10.7966860746,0107.0431851569,10.7967249952,0107.0431846765,10.7969275859,0107.0432663917,10.7970088104,0107.0433892499,10.7970090907,0107.0433890597,10.7970901250,0107.0435524802,10.7972525739,0107.0435106767,10.7976171431,0</coordinates></LinearRing></outerBoundaryIs></Polygon></Placemark><Placemark><name>PDF lấn chiếm cũ KL260 #34</name><description><![CDATA[Đa giác trích xuất từ màu bản đồ PDF; diện tích xấp xỉ theo độ phân giải bản đồ: 5.9533 ha. Đây là số liệu GIS xấp xỉ, không thay thế diện tích pháp lý.]]></description><styleUrl>#old</styleUrl><Polygon><outerBoundaryIs><LinearRing><coordinates>107.0475669484,10.7967349848,0107.0475262760,10.7966133383,0107.0470757159,10.7966528294,0107.0470350535,10.7965311829,0107.0467893471,10.7965306224,0107.0467076319,10.7964493979,0107.0472016871,10.7953160188,0107.0472019674,10.7951944624,0107.0475707121,10.7951142689,0107.0475304200,10.7948305438,0107.0471209128,10.7948296129,0107.0472039393,10.7943435873,0107.0474091734,10.7941414670,0107.0474098241,10.7938578420,0107.0473281088,10.7937766175,0107.0467548007,10.7937753162,0107.0467141282,10.7936536697,0107.0463866165,10.7936124068,0107.0463049013,10.7935311824,0107.0463051915,10.7934096259,0107.0467558317,10.7933296226,0107.0477796098,10.7933319449,0107.0478614151,10.7933726472,0107.0479015170,10.7937373966,0107.0481472234,10.7937379571,0107.0485564503,10.7938604445,0107.0485972229,10.7939415689,0107.0487609237,10.7939824614,0107.0488015961,10.7941041079,0107.0492517758,10.7942266753,0107.0495786369,10.7945515632,0107.0494140753,10.7948753401,0107.0494137950,10.7949968865,0107.0489634251,10.7949553534,0107.0487172483,10.7951573836,0107.0485124947,10.7951569231,0107.0484711716,10.7953189016,0107.0483073607,10.7953185313,0107.0481432795,10.7954397073,0107.0481429992,10.7955612638,0107.0478556795,10.7958442382,0107.0477718022,10.7966949331,0107.0475669484,10.7967349848,0</coordinates></LinearRing></outerBoundaryIs></Polygon></Placemark><Placemark><name>PDF lấn chiếm cũ KL260 #36</name><description><![CDATA[Đa giác trích xuất từ màu bản đồ PDF; diện tích xấp xỉ theo độ phân giải bản đồ: 4.5431 ha. Đây là số liệu GIS xấp xỉ, không thay thế diện tích pháp lý.]]></description><styleUrl>#old</styleUrl><Polygon><outerBoundaryIs><LinearRing><coordinates>107.0456482763,10.7941374631,0107.0455661807,10.7942183072,0107.0446652607,10.7942162553,0107.0446657312,10.7940136645,0107.0445840259,10.7939324500,0107.0442973669,10.7939317894,0107.0440520409,10.7937691603,0107.0438063345,10.7937685997,0107.0436427138,10.7936871851,0107.0432741593,10.7936863443,0107.0431927343,10.7934835734,0107.0430290235,10.7934426808,0107.0430292137,10.7933616465,0107.0429473984,10.7933209342,0107.0430733796,10.7919841336,0107.0431962377,10.7919844139,0107.0435233691,10.7921877453,0107.0437281227,10.7921882158,0107.0437279325,10.7922692501,0107.0438505905,10.7923505647,0107.0440553441,10.7923510351,0107.0440959165,10.7925132038,0107.0447098970,10.7926361516,0107.0447097069,10.7927171859,0107.0448731374,10.7928796348,0107.0455681626,10.7933674321,0107.0456088350,10.7934890787,0107.0457316832,10.7934893589,0107.0456482763,10.7941374631,0</coordinates></LinearRing></outerBoundaryIs></Polygon></Placemark></Folder><Folder><name>PDF - Lấn chiếm mới</name><Placemark><name>PDF lấn chiếm mới #1</name><description><![CDATA[Đa giác trích xuất từ màu bản đồ PDF; diện tích xấp xỉ theo độ phân giải bản đồ: 0.0710 ha. Đây là số liệu GIS xấp xỉ, không thay thế diện tích pháp lý.]]></description><styleUrl>#new</styleUrl><Polygon><outerBoundaryIs><LinearRing><coordinates>107.0662081615,10.8292723580,0107.0661676692,10.8290696771,0107.0663315902,10.8290295254,0107.0663719924,10.8292727183,0107.0662081615,10.8292723580,0</coordinates></LinearRing></outerBoundaryIs></Polygon></Placemark><Placemark><name>PDF lấn chiếm mới #2</name><description><![CDATA[Đa giác trích xuất từ màu bản đồ PDF; diện tích xấp xỉ theo độ phân giải bản đồ: 0.0690 ha. Đây là số liệu GIS xấp xỉ, không thay thế diện tích pháp lý.]]></description><styleUrl>#new</styleUrl><Polygon><outerBoundaryIs><LinearRing><coordinates>107.0628502382,10.8290623100,0107.0628914712,10.8289408437,0107.0631780702,10.8289819964,0107.0631778901,10.8290630307,0107.0628502382,10.8290623100,0</coordinates></LinearRing></outerBoundaryIs></Polygon></Placemark><Placemark><name>PDF lấn chiếm mới #3</name><description><![CDATA[Đa giác trích xuất từ màu bản đồ PDF; diện tích xấp xỉ theo độ phân giải bản đồ: 0.0507 ha. Đây là số liệu GIS xấp xỉ, không thay thế diện tích pháp lý.]]></description><styleUrl>#new</styleUrl><Polygon><outerBoundaryIs><LinearRing><coordinates>107.0691583693,10.8286711121,0107.0691586396,10.8285495556,0107.0694043760,10.8285501062,0107.0694041958,10.8286311404,0107.0691583693,10.8286711121,0</coordinates></LinearRing></outerBoundaryIs></Polygon></Placemark><Placemark><name>PDF lấn chiếm mới #5</name><description><![CDATA[Đa giác trích xuất từ màu bản đồ PDF; diện tích xấp xỉ theo độ phân giải bản đồ: 0.2110 ha. Đây là số liệu GIS xấp xỉ, không thay thế diện tích pháp lý.]]></description><styleUrl>#new</styleUrl><Polygon><outerBoundaryIs><LinearRing><coordinates>107.0556457417,10.8274254485,0107.0553180998,10.8274247078,0107.0552363746,10.8273434933,0107.0549086326,10.8273832647,0107.0548679602,10.8272616182,0107.0549908284,10.8272618985,0107.0550321515,10.8270999200,0107.0552369351,10.8271003804,0107.0554412483,10.8273034316,0107.0556459318,10.8273444142,0107.0556457417,10.8274254485,0</coordinates></LinearRing></outerBoundaryIs></Polygon></Placemark><Placemark><name>PDF lấn chiếm mới #6</name><description><![CDATA[Đa giác trích xuất từ màu bản đồ PDF; diện tích xấp xỉ theo độ phân giải bản đồ: 0.1339 ha. Đây là số liệu GIS xấp xỉ, không thay thế diện tích pháp lý.]]></description><styleUrl>#new</styleUrl><Polygon><outerBoundaryIs><LinearRing><coordinates>107.0626504495,10.8268738836,0107.0626506396,10.8267928493,0107.0628145507,10.8267526875,0107.0628560639,10.8265096747,0107.0629789221,10.8265099450,0107.0629783716,10.8267530579,0107.0631011497,10.8267938503,0107.0631009595,10.8268748846,0107.0626504495,10.8268738836,0</coordinates></LinearRing></outerBoundaryIs></Polygon></Placemark><Placemark><name>PDF lấn chiếm mới #9</name><description><![CDATA[Đa giác trích xuất từ màu bản đồ PDF; diện tích xấp xỉ theo độ phân giải bản đồ: 0.1055 ha. Đây là số liệu GIS xấp xỉ, không thay thế diện tích pháp lý.]]></description><styleUrl>#new</styleUrl><Polygon><outerBoundaryIs><LinearRing><coordinates>107.0587624530,10.8256496507,0107.0588448289,10.8254472402,0107.0590906554,10.8254072786,0107.0590901949,10.8256098693,0107.0587624530,10.8256496507,0</coordinates></LinearRing></outerBoundaryIs></Polygon></Placemark><Placemark><name>PDF lấn chiếm mới #10</name><description><![CDATA[Đa giác trích xuất từ màu bản đồ PDF; diện tích xấp xỉ theo độ phân giải bản đồ: 0.1481 ha. Đây là số liệu GIS xấp xỉ, không thay thế diện tích pháp lý.]]></description><styleUrl>#new</styleUrl><Polygon><outerBoundaryIs><LinearRing><coordinates>107.0567970625,10.8254426457,0107.0567975330,10.8252400550,0107.0570433594,10.8252000934,0107.0571659373,10.8253219201,0107.0573297583,10.8253222905,0107.0573295781,10.8254033248,0107.0567970625,10.8254426457,0</coordinates></LinearRing></outerBoundaryIs></Polygon></Placemark><Placemark><name>PDF lấn chiếm mới #11</name><description><![CDATA[Đa giác trích xuất từ màu bản đồ PDF; diện tích xấp xỉ theo độ phân giải bản đồ: 0.1116 ha. Đây là số liệu GIS xấp xỉ, không thay thế diện tích pháp lý.]]></description><styleUrl>#new</styleUrl><Polygon><outerBoundaryIs><LinearRing><coordinates>107.0633095268,10.8252141069,0107.0632276114,10.8252139168,0107.0632278015,10.8251328825,0107.0631051135,10.8250515779,0107.0629003399,10.8250511175,0107.0629005201,10.8249700832,0107.0629824355,10.8249702633,0107.0630235784,10.8248893191,0107.0631873994,10.8248896895,0107.0633098972,10.8250520283,0107.0633095268,10.8252141069,0</coordinates></LinearRing></outerBoundaryIs></Polygon></Placemark><Placemark><name>PDF lấn chiếm mới #12</name><description><![CDATA[Đa giác trích xuất từ màu bản đồ PDF; diện tích xấp xỉ theo độ phân giải bản đồ: 0.0933 ha. Đây là số liệu GIS xấp xỉ, không thay thế diện tích pháp lý.]]></description><styleUrl>#new</styleUrl><Polygon><outerBoundaryIs><LinearRing><coordinates>107.0597058271,10.8250439906,0107.0597881930,10.8248415800,0107.0599930668,10.8248015283,0107.0599925062,10.8250446312,0107.0597058271,10.8250439906,0</coordinates></LinearRing></outerBoundaryIs></Polygon></Placemark><Placemark><name>PDF lấn chiếm mới #13</name><description><![CDATA[Đa giác trích xuất từ màu bản đồ PDF; diện tích xấp xỉ theo độ phân giải bản đồ: 0.0730 ha. Đây là số liệu GIS xấp xỉ, không thay thế diện tích pháp lý.]]></description><styleUrl>#new</styleUrl><Polygon><outerBoundaryIs><LinearRing><coordinates>107.0611809560,10.8247231366,0107.0611812363,10.8246015901,0107.0614271529,10.8245210964,0107.0614266824,10.8247236871,0107.0611809560,10.8247231366,0</coordinates></LinearRing></outerBoundaryIs></Polygon></Placemark><Placemark><name>PDF lấn chiếm mới #14</name><description><![CDATA[Đa giác trích xuất từ màu bản đồ PDF; diện tích xấp xỉ theo độ phân giải bản đồ: 0.0568 ha. Đây là số liệu GIS xấp xỉ, không thay thế diện tích pháp lý.]]></description><styleUrl>#new</styleUrl><Polygon><outerBoundaryIs><LinearRing><coordinates>107.0600344799,10.8245990277,0107.0600346701,10.8245179934,0107.0601166757,10.8244776514,0107.0603213592,10.8245186340,0107.0603211690,10.8245996683,0107.0600344799,10.8245990277,0</coordinates></LinearRing></outerBoundaryIs></Polygon></Placemark><Placemark><name>PDF lấn chiếm mới #15</name><description><![CDATA[Đa giác trích xuất từ màu bản đồ PDF; diện tích xấp xỉ theo độ phân giải bản đồ: 0.2658 ha. Đây là số liệu GIS xấp xỉ, không thay thế diện tích pháp lý.]]></description><styleUrl>#new</styleUrl><Polygon><outerBoundaryIs><LinearRing><coordinates>107.0577429391,10.8237430076,0107.0575794985,10.8235805686,0107.0575801492,10.8232969436,0107.0579898866,10.8232168302,0107.0580299985,10.8235815796,0107.0578658073,10.8237432878,0107.0577429391,10.8237430076,0</coordinates></LinearRing></outerBoundaryIs></Polygon></Placemark><Placemark><name>PDF lấn chiếm mới #17</name><description><![CDATA[Đa giác trích xuất từ màu bản đồ PDF; diện tích xấp xỉ theo độ phân giải bản đồ: 0.2617 ha. Đây là số liệu GIS xấp xỉ, không thay thế diện tích pháp lý.]]></description><styleUrl>#new</styleUrl><Polygon><outerBoundaryIs><LinearRing><coordinates>107.0562693016,10.8234155572,0107.0562695819,10.8232940008,0107.0564338732,10.8230917804,0107.0568021875,10.8232141676,0107.0567197215,10.8234570903,0107.0565965731,10.8235783665,0107.0564327522,10.8235779961,0107.0562693016,10.8234155572,0</coordinates></LinearRing></outerBoundaryIs></Polygon></Placemark><Placemark><name>PDF lấn chiếm mới #19</name><description><![CDATA[Đa giác trích xuất từ màu bản đồ PDF; diện tích xấp xỉ theo độ phân giải bản đồ: 0.0710 ha. Đây là số liệu GIS xấp xỉ, không thay thế diện tích pháp lý.]]></description><styleUrl>#new</styleUrl><Polygon><outerBoundaryIs><LinearRing><coordinates>107.0527895311,10.8227999474,0107.0528308642,10.8226379689,0107.0529946751,10.8226383393,0107.0530764004,10.8227195537,0107.0530762102,10.8228005880,0107.0527895311,10.8227999474,0</coordinates></LinearRing></outerBoundaryIs></Polygon></Placemark><Placemark><name>PDF lấn chiếm mới #20</name><description><![CDATA[Đa giác trích xuất từ màu bản đồ PDF; diện tích xấp xỉ theo độ phân giải bản đồ: 0.0507 ha. Đây là số liệu GIS xấp xỉ, không thay thế diện tích pháp lý.]]></description><styleUrl>#new</styleUrl><Polygon><outerBoundaryIs><LinearRing><coordinates>107.0518887113,10.8227168711,0107.0518890817,10.8225548025,0107.0520937652,10.8225957851,0107.0520935750,10.8226768194,0107.0518887113,10.8227168711,0</coordinates></LinearRing></outerBoundaryIs></Polygon></Placemark><Placemark><name>PDF lấn chiếm mới #21</name><description><![CDATA[Đa giác trích xuất từ màu bản đồ PDF; diện tích xấp xỉ theo độ phân giải bản đồ: 0.5478 ha. Đây là số liệu GIS xấp xỉ, không thay thế diện tích pháp lý.]]></description><styleUrl>#new</styleUrl><Polygon><outerBoundaryIs><LinearRing><coordinates>107.0563530789,10.8226053844,0107.0560254371,10.8226046437,0107.0559032295,10.8223207484,0107.0557394086,10.8223203781,0107.0556573130,10.8224012322,0107.0553707240,10.8223600694,0107.0553304219,10.8220763443,0107.0554947032,10.8218741239,0107.0555766087,10.8218743141,0107.0558216944,10.8221584896,0107.0561083735,10.8221591303,0107.0561497066,10.8219971518,0107.0562316121,10.8219973419,0107.0562311416,10.8221999327,0107.0563536394,10.8223622815,0107.0563530789,10.8226053844,0</coordinates></LinearRing></outerBoundaryIs></Polygon></Placemark><Placemark><name>PDF lấn chiếm mới #22</name><description><![CDATA[Đa giác trích xuất từ màu bản đồ PDF; diện tích xấp xỉ theo độ phân giải bản đồ: 0.0548 ha. Đây là số liệu GIS xấp xỉ, không thay thế diện tích pháp lý.]]></description><styleUrl>#new</styleUrl><Polygon><outerBoundaryIs><LinearRing><coordinates>107.0516439158,10.8223111391,0107.0516442962,10.8221490605,0107.0518489698,10.8221900431,0107.0518486895,10.8223115996,0107.0516439158,10.8223111391,0</coordinates></LinearRing></outerBoundaryIs></Polygon></Placemark><Placemark><name>PDF lấn chiếm mới #23</name><description><![CDATA[Đa giác trích xuất từ màu bản đồ PDF; diện tích xấp xỉ theo độ phân giải bản đồ: 0.3145 ha. Đây là số liệu GIS xấp xỉ, không thay thế diện tích pháp lý.]]></description><styleUrl>#new</styleUrl><Polygon><outerBoundaryIs><LinearRing><coordinates>107.0692962422,10.8220264301,0107.0690505058,10.8220258896,0107.0686829223,10.8215793751,0107.0686831925,10.8214578287,0107.0690516970,10.8214991516,0107.0693376454,10.8218239294,0107.0692962422,10.8220264301,0</coordinates></LinearRing></outerBoundaryIs></Polygon></Placemark><Placemark><name>PDF lấn chiếm mới #24</name><description><![CDATA[Đa giác trích xuất từ màu bản đồ PDF; diện tích xấp xỉ theo độ phân giải bản đồ: 0.0872 ha. Đây là số liệu GIS xấp xỉ, không thay thế diện tích pháp lý.]]></description><styleUrl>#new</styleUrl><Polygon><outerBoundaryIs><LinearRing><coordinates>107.0727773240,10.8220746096,0107.0726958689,10.8218718387,0107.0727370018,10.8217908945,0107.0728598700,10.8217911648,0107.0729412350,10.8220344478,0107.0727773240,10.8220746096,0</coordinates></LinearRing></outerBoundaryIs></Polygon></Placemark><Placemark><name>PDF lấn chiếm mới #25</name><description><![CDATA[Đa giác trích xuất từ màu bản đồ PDF; diện tích xấp xỉ theo độ phân giải bản đồ: 0.1745 ha. Đây là số liệu GIS xấp xỉ, không thay thế diện tích pháp lý.]]></description><styleUrl>#new</styleUrl><Polygon><outerBoundaryIs><LinearRing><coordinates>107.0539799329,10.8216276077,0107.0539395407,10.8213844047,0107.0541036419,10.8212632186,0107.0541039222,10.8211416722,0107.0541858276,10.8211418524,0107.0541855473,10.8212634088,0107.0543082253,10.8213447234,0107.0543080451,10.8214257577,0107.0541847065,10.8216280682,0107.0539799329,10.8216276077,0</coordinates></LinearRing></outerBoundaryIs></Polygon></Placemark><Placemark><name>PDF lấn chiếm mới #26</name><description><![CDATA[Đa giác trích xuất từ màu bản đồ PDF; diện tích xấp xỉ theo độ phân giải bản đồ: 0.3673 ha. Đây là số liệu GIS xấp xỉ, không thay thế diện tích pháp lý.]]></description><styleUrl>#new</styleUrl><Polygon><outerBoundaryIs><LinearRing><coordinates>107.0555362165,10.8216311111,0107.0554543111,10.8216309309,0107.0551681825,10.8213871774,0107.0547585452,10.8214267687,0107.0546358672,10.8213454541,0107.0546360573,10.8212644198,0107.0547592859,10.8211026315,0107.0549231068,10.8211030018,0107.0550456947,10.8212248285,0107.0554962848,10.8211853274,0107.0555779200,10.8213070640,0107.0555362165,10.8216311111,0</coordinates></LinearRing></outerBoundaryIs></Polygon></Placemark><Placemark><name>PDF lấn chiếm mới #27</name><description><![CDATA[Đa giác trích xuất từ màu bản đồ PDF; diện tích xấp xỉ theo độ phân giải bản đồ: 0.1096 ha. Đây là số liệu GIS xấp xỉ, không thay thế diện tích pháp lý.]]></description><styleUrl>#new</styleUrl><Polygon><outerBoundaryIs><LinearRing><coordinates>107.0717134940,10.8216265738,0107.0715089006,10.8215450890,0107.0715505840,10.8212210319,0107.0716734522,10.8212213022,0107.0717134940,10.8216265738,0</coordinates></LinearRing></outerBoundaryIs></Polygon></Placemark><Placemark><name>PDF lấn chiếm mới #28</name><description><![CDATA[Đa giác trích xuất từ màu bản đồ PDF; diện tích xấp xỉ theo độ phân giải bản đồ: 0.0872 ha. Đây là số liệu GIS xấp xỉ, không thay thế diện tích pháp lý.]]></description><styleUrl>#new</styleUrl><Polygon><outerBoundaryIs><LinearRing><coordinates>107.0511951976,10.8215402773,0107.0510723294,10.8215399971,0107.0510727999,10.8213374063,0107.0509912648,10.8211751575,0107.0511549956,10.8212160401,0107.0511951976,10.8215402773,0</coordinates></LinearRing></outerBoundaryIs></Polygon></Placemark><Placemark><name>PDF lấn chiếm mới #29</name><description><![CDATA[Đa giác trích xuất từ màu bản đồ PDF; diện tích xấp xỉ theo độ phân giải bản đồ: 0.2415 ha. Đây là số liệu GIS xấp xỉ, không thay thế diện tích pháp lý.]]></description><styleUrl>#new</styleUrl><Polygon><outerBoundaryIs><LinearRing><coordinates>107.0563155695,10.8211061249,0107.0563572730,10.8207820778,0107.0564391784,10.8207822579,0107.0564798609,10.8209039045,0107.0569711234,10.8209860498,0107.0569709433,10.8210670841,0107.0567661696,10.8210666237,0107.0566428410,10.8212689342,0107.0564380673,10.8212684737,0107.0563155695,10.8211061249,0</coordinates></LinearRing></outerBoundaryIs></Polygon></Placemark><Placemark><name>PDF lấn chiếm mới #30</name><description><![CDATA[Đa giác trích xuất từ màu bản đồ PDF; diện tích xấp xỉ theo độ phân giải bản đồ: 0.1562 ha. Đây là số liệu GIS xấp xỉ, không thay thế diện tích pháp lý.]]></description><styleUrl>#new</styleUrl><Polygon><outerBoundaryIs><LinearRing><coordinates>107.0586907575,10.8211924943,0107.0586503654,10.8209492913,0107.0587324610,10.8208684472,0107.0589372346,10.8208688977,0107.0590188698,10.8209906343,0107.0589775367,10.8211526228,0107.0586907575,10.8211924943,0</coordinates></LinearRing></outerBoundaryIs></Polygon></Placemark><Placemark><name>PDF lấn chiếm mới #31</name><description><![CDATA[Đa giác trích xuất từ màu bản đồ PDF; diện tích xấp xỉ theo độ phân giải bản đồ: 0.2029 ha. Đây là số liệu GIS xấp xỉ, không thay thế diện tích pháp lý.]]></description><styleUrl>#new</styleUrl><Polygon><outerBoundaryIs><LinearRing><coordinates>107.0529982386,10.8210986576,0107.0528756507,10.8209768209,0107.0528761211,10.8207742402,0107.0530402223,10.8206530541,0107.0530404125,10.8205720198,0107.0531223180,10.8205722000,0107.0531629003,10.8207343687,0107.0532447157,10.8207750710,0107.0532442452,10.8209776617,0107.0531620595,10.8210990280,0107.0529982386,10.8210986576,0</coordinates></LinearRing></outerBoundaryIs></Polygon></Placemark><Placemark><name>PDF lấn chiếm mới #32</name><description><![CDATA[Đa giác trích xuất từ màu bản đồ PDF; diện tích xấp xỉ theo độ phân giải bản đồ: 0.1907 ha. Đây là số liệu GIS xấp xỉ, không thay thế diện tích pháp lý.]]></description><styleUrl>#new</styleUrl><Polygon><outerBoundaryIs><LinearRing><coordinates>107.0541451552,10.8210202058,0107.0538177035,10.8209384308,0107.0537772212,10.8207357500,0107.0539003597,10.8206144738,0107.0540641806,10.8206148442,0107.0541459059,10.8206960687,0107.0541451552,10.8210202058,0</coordinates></LinearRing></outerBoundaryIs></Polygon></Placemark><Placemark><name>PDF lấn chiếm mới #33</name><description><![CDATA[Đa giác trích xuất từ màu bản đồ PDF; diện tích xấp xỉ theo độ phân giải bản đồ: 0.1096 ha. Đây là số liệu GIS xấp xỉ, không thay thế diện tích pháp lý.]]></description><styleUrl>#new</styleUrl><Polygon><outerBoundaryIs><LinearRing><coordinates>107.0706503047,10.8208949028,0107.0705683992,10.8208947226,0107.0704458113,10.8207728959,0107.0704461717,10.8206108273,0107.0705283574,10.8204894511,0107.0706511255,10.8205302435,0107.0706503047,10.8208949028,0</coordinates></LinearRing></outerBoundaryIs></Polygon></Placemark><Placemark><name>PDF lấn chiếm mới #34</name><description><![CDATA[Đa giác trích xuất từ màu bản đồ PDF; diện tích xấp xỉ theo độ phân giải bản đồ: 0.1096 ha. Đây là số liệu GIS xấp xỉ, không thay thế diện tích pháp lý.]]></description><styleUrl>#new</styleUrl><Polygon><outerBoundaryIs><LinearRing><coordinates>107.0596339315,10.8206678684,0107.0596344820,10.8204247655,0107.0597983930,10.8203846137,0107.0598801183,10.8204658282,0107.0598797479,10.8206279068,0107.0596339315,10.8206678684,0</coordinates></LinearRing></outerBoundaryIs></Polygon></Placemark><Placemark><name>PDF lấn chiếm mới #37</name><description><![CDATA[Đa giác trích xuất từ màu bản đồ PDF; diện tích xấp xỉ theo độ phân giải bản đồ: 1.0977 ha. Đây là số liệu GIS xấp xỉ, không thay thế diện tích pháp lý.]]></description><styleUrl>#new</styleUrl><Polygon><outerBoundaryIs><LinearRing><coordinates>107.0548857075,10.8195632201,0107.0548036119,10.8196440742,0107.0545988383,10.8196436138,0107.0545172031,10.8195218772,0107.0545175834,10.8193598086,0107.0543132703,10.8191567574,0107.0527571868,10.8190722097,0107.0527159538,10.8191936661,0107.0526340484,10.8191934859,0107.0525527935,10.8189096707,0107.0521022035,10.8189491718,0107.0521024837,10.8188276154,0107.0543549737,10.8188327003,0107.0543955561,10.8189948690,0107.0546411924,10.8190359417,0107.0546815845,10.8192791346,0107.0548860779,10.8194011515,0107.0548857075,10.8195632201,0</coordinates></LinearRing></outerBoundaryIs></Polygon></Placemark><Placemark><name>PDF lấn chiếm mới #38</name><description><![CDATA[Đa giác trích xuất từ màu bản đồ PDF; diện tích xấp xỉ theo độ phân giải bản đồ: 0.2374 ha. Đây là số liệu GIS xấp xỉ, không thay thế diện tích pháp lý.]]></description><styleUrl>#new</styleUrl><Polygon><outerBoundaryIs><LinearRing><coordinates>107.0557455646,10.8196461963,0107.0556230668,10.8194838474,0107.0556233471,10.8193622910,0107.0557055428,10.8192409247,0107.0559513593,10.8192009631,0107.0560739472,10.8193227898,0107.0560734767,10.8195253806,0107.0559503383,10.8196466567,0107.0557455646,10.8196461963,0</coordinates></LinearRing></outerBoundaryIs></Polygon></Placemark><Placemark><name>PDF lấn chiếm mới #39</name><description><![CDATA[Đa giác trích xuất từ màu bản đồ PDF; diện tích xấp xỉ theo độ phân giải bản đồ: 0.0933 ha. Đây là số liệu GIS xấp xỉ, không thay thế diện tích pháp lý.]]></description><styleUrl>#new</styleUrl><Polygon><outerBoundaryIs><LinearRing><coordinates>107.0676632582,10.8197132841,0107.0676643593,10.8192270684,0107.0677872274,10.8192273486,0107.0677451736,10.8197134743,0107.0676632582,10.8197132841,0</coordinates></LinearRing></outerBoundaryIs></Polygon></Placemark><Placemark><name>PDF lấn chiếm mới #40</name><description><![CDATA[Đa giác trích xuất từ màu bản đồ PDF; diện tích xấp xỉ theo độ phân giải bản đồ: 0.1481 ha. Đây là số liệu GIS xấp xỉ, không thay thế diện tích pháp lý.]]></description><styleUrl>#new</styleUrl><Polygon><outerBoundaryIs><LinearRing><coordinates>107.0706540484,10.8192336648,0107.0705315505,10.8190713259,0107.0705319109,10.8189092473,0107.0706140065,10.8188283932,0107.0707368747,10.8188286635,0107.0708185099,10.8189504001,0107.0708179594,10.8191935130,0107.0706540484,10.8192336648,0</coordinates></LinearRing></outerBoundaryIs></Polygon></Placemark><Placemark><name>PDF lấn chiếm mới #41</name><description><![CDATA[Đa giác trích xuất từ màu bản đồ PDF; diện tích xấp xỉ theo độ phân giải bản đồ: 0.2333 ha. Đây là số liệu GIS xấp xỉ, không thay thế diện tích pháp lý.]]></description><styleUrl>#new</styleUrl><Polygon><outerBoundaryIs><LinearRing><coordinates>107.0494399760,10.8190241803,0107.0493171078,10.8190239000,0107.0492768157,10.8187401849,0107.0490311795,10.8186991022,0107.0490316599,10.8184965215,0107.0494002445,10.8184973523,0107.0495227323,10.8186597012,0107.0495221617,10.8189028140,0107.0494399760,10.8190241803,0</coordinates></LinearRing></outerBoundaryIs></Polygon></Placemark><Placemark><name>PDF lấn chiếm mới #42</name><description><![CDATA[Đa giác trích xuất từ màu bản đồ PDF; diện tích xấp xỉ theo độ phân giải bản đồ: 0.1197 ha. Đây là số liệu GIS xấp xỉ, không thay thế diện tích pháp lý.]]></description><styleUrl>#new</styleUrl><Polygon><outerBoundaryIs><LinearRing><coordinates>107.0667639999,10.8189414514,0107.0661908219,10.8188591459,0107.0661911022,10.8187375894,0107.0667642802,10.8188198950,0107.0667639999,10.8189414514,0</coordinates></LinearRing></outerBoundaryIs></Polygon></Placemark><Placemark><name>PDF lấn chiếm mới #43</name><description><![CDATA[Đa giác trích xuất từ màu bản đồ PDF; diện tích xấp xỉ theo độ phân giải bản đồ: 0.0528 ha. Đây là số liệu GIS xấp xỉ, không thay thế diện tích pháp lý.]]></description><styleUrl>#new</styleUrl><Polygon><outerBoundaryIs><LinearRing><coordinates>107.0483351533,10.8186164864,0107.0484174391,10.8184546080,0107.0485402973,10.8184548783,0107.0485399169,10.8186169569,0107.0483351533,10.8186164864,0</coordinates></LinearRing></outerBoundaryIs></Polygon></Placemark><Placemark><name>PDF lấn chiếm mới #44</name><description><![CDATA[Đa giác trích xuất từ màu bản đồ PDF; diện tích xấp xỉ theo độ phân giải bản đồ: 0.8137 ha. Đây là số liệu GIS xấp xỉ, không thay thế diện tích pháp lý.]]></description><styleUrl>#new</styleUrl><Polygon><outerBoundaryIs><LinearRing><coordinates>107.0490728929,10.8183750551,0107.0487864941,10.8182528481,0107.0484179997,10.8182114951,0107.0484181898,10.8181304608,0107.0482956119,10.8180086241,0107.0483780779,10.8177657114,0107.0487060901,10.8176043835,0107.0486659882,10.8172396241,0107.0487485543,10.8169561892,0107.0488304598,10.8169563694,0107.0488297991,10.8172399945,0107.0490751551,10.8174026236,0107.0490728929,10.8183750551,0</coordinates></LinearRing></outerBoundaryIs></Polygon></Placemark><Placemark><name>PDF lấn chiếm mới #45</name><description><![CDATA[Đa giác trích xuất từ màu bản đồ PDF; diện tích xấp xỉ theo độ phân giải bản đồ: 0.0751 ha. Đây là số liệu GIS xấp xỉ, không thay thế diện tích pháp lý.]]></description><styleUrl>#new</styleUrl><Polygon><outerBoundaryIs><LinearRing><coordinates>107.0473959332,10.8174393321,0107.0473553609,10.8172771634,0107.0474374565,10.8171963193,0107.0475603147,10.8171965995,0107.0475597541,10.8174397024,0107.0473959332,10.8174393321,0</coordinates></LinearRing></outerBoundaryIs></Polygon></Placemark><Placemark><name>PDF lấn chiếm mới #46</name><description><![CDATA[Đa giác trích xuất từ màu bản đồ PDF; diện tích xấp xỉ theo độ phân giải bản đồ: 0.0872 ha. Đây là số liệu GIS xấp xỉ, không thay thế diện tích pháp lý.]]></description><styleUrl>#new</styleUrl><Polygon><outerBoundaryIs><LinearRing><coordinates>107.0685290711,10.8171625507,0107.0684477162,10.8169192676,0107.0684888491,10.8168383234,0107.0686117173,10.8168385937,0107.0686519393,10.8171628209,0107.0685290711,10.8171625507,0</coordinates></LinearRing></outerBoundaryIs></Polygon></Placemark><Placemark><name>PDF lấn chiếm mới #47</name><description><![CDATA[Đa giác trích xuất từ màu bản đồ PDF; diện tích xấp xỉ theo độ phân giải bản đồ: 0.2861 ha. Đây là số liệu GIS xấp xỉ, không thay thế diện tích pháp lý.]]></description><styleUrl>#new</styleUrl><Polygon><outerBoundaryIs><LinearRing><coordinates>107.0480530887,10.8166304605,0107.0480532789,10.8165494262,0107.0481352744,10.8165090943,0107.0481357449,10.8163065035,0107.0480129768,10.8162657111,0107.0480543099,10.8161037326,0107.0484228044,10.8161450856,0107.0484226142,10.8162261199,0107.0485044295,10.8162668222,0107.0484628162,10.8165503571,0107.0483397678,10.8166311112,0107.0480530887,10.8166304605,0</coordinates></LinearRing></outerBoundaryIs></Polygon></Placemark><Placemark><name>PDF lấn chiếm mới #48</name><description><![CDATA[Đa giác trích xuất từ màu bản đồ PDF; diện tích xấp xỉ theo độ phân giải bản đồ: 0.6635 ha. Đây là số liệu GIS xấp xỉ, không thay thế diện tích pháp lý.]]></description><styleUrl>#new</styleUrl><Polygon><outerBoundaryIs><LinearRing><coordinates>107.0683264996,10.8161896687,0107.0679577249,10.8162698922,0107.0678751788,10.8165533371,0107.0677932734,10.8165531569,0107.0677115481,10.8164719424,0107.0677120986,10.8162288295,0107.0674668327,10.8160256983,0107.0674262403,10.8158635396,0107.0672626997,10.8157416228,0107.0671398415,10.8157413425,0107.0671404822,10.8154577175,0107.0672633403,10.8154579877,0107.0673038326,10.8156606686,0107.0675495590,10.8156612191,0107.0675901513,10.8158233778,0107.0681224667,10.8158650711,0107.0681637798,10.8157030926,0107.0682456952,10.8157032727,0107.0683264996,10.8161896687,0</coordinates></LinearRing></outerBoundaryIs></Polygon></Placemark><Placemark><name>PDF lấn chiếm mới #49</name><description><![CDATA[Đa giác trích xuất từ màu bản đồ PDF; diện tích xấp xỉ theo độ phân giải bản đồ: 0.0730 ha. Đây là số liệu GIS xấp xỉ, không thay thế diện tích pháp lý.]]></description><styleUrl>#new</styleUrl><Polygon><outerBoundaryIs><LinearRing><coordinates>107.0475629573,10.8160620994,0107.0473991464,10.8160617190,0107.0473998070,10.8157780940,0107.0475225651,10.8158188964,0107.0475629573,10.8160620994,0</coordinates></LinearRing></outerBoundaryIs></Polygon></Placemark><Placemark><name>PDF lấn chiếm mới #50</name><description><![CDATA[Đa giác trích xuất từ màu bản đồ PDF; diện tích xấp xỉ theo độ phân giải bản đồ: 0.1136 ha. Đây là số liệu GIS xấp xỉ, không thay thế diện tích pháp lý.]]></description><styleUrl>#new</styleUrl><Polygon><outerBoundaryIs><LinearRing><coordinates>107.0631676574,10.8155704654,0107.0629219310,10.8155699149,0107.0627584905,10.8154074859,0107.0627587607,10.8152859295,0107.0628816289,10.8152861997,0107.0629223915,10.8153673241,0107.0631679376,10.8154489090,0107.0631676574,10.8155704654,0</coordinates></LinearRing></outerBoundaryIs></Polygon></Placemark><Placemark><name>PDF lấn chiếm mới #51</name><description><![CDATA[Đa giác trích xuất từ màu bản đồ PDF; diện tích xấp xỉ theo độ phân giải bản đồ: 0.2049 ha. Đây là số liệu GIS xấp xỉ, không thay thế diện tích pháp lý.]]></description><styleUrl>#new</styleUrl><Polygon><outerBoundaryIs><LinearRing><coordinates>107.0625543575,10.8151234005,0107.0620222323,10.8150006629,0107.0619411576,10.8146358134,0107.0620230731,10.8146359935,0107.0625136850,10.8150017539,0107.0625543575,10.8151234005,0</coordinates></LinearRing></outerBoundaryIs></Polygon></Placemark><Placemark><name>PDF lấn chiếm mới #52</name><description><![CDATA[Đa giác trích xuất từ màu bản đồ PDF; diện tích xấp xỉ theo độ phân giải bản đồ: 0.3003 ha. Đây là số liệu GIS xấp xỉ, không thay thế diện tích pháp lý.]]></description><styleUrl>#new</styleUrl><Polygon><outerBoundaryIs><LinearRing><coordinates>107.0474434924,10.8146031718,0107.0474029100,10.8144410131,0107.0472390991,10.8144406328,0107.0472397598,10.8141570077,0107.0473629082,10.8140357416,0107.0476086246,10.8140362921,0107.0477311124,10.8141986510,0107.0476893990,10.8145226980,0107.0474434924,10.8146031718,0</coordinates></LinearRing></outerBoundaryIs></Polygon></Placemark><Placemark><name>PDF lấn chiếm mới #53</name><description><![CDATA[Đa giác trích xuất từ màu bản đồ PDF; diện tích xấp xỉ theo độ phân giải bản đồ: 0.6006 ha. Đây là số liệu GIS xấp xỉ, không thay thế diện tích pháp lý.]]></description><styleUrl>#new</styleUrl><Polygon><outerBoundaryIs><LinearRing><coordinates>107.0617366643,10.8145138065,0107.0606720536,10.8144303899,0107.0606723338,10.8143088434,0107.0608775579,10.8141067031,0107.0608781185,10.8138636002,0107.0607966735,10.8136608293,0107.0610424899,10.8136208577,0107.0612870952,10.8141076240,0107.0614914084,10.8143106652,0107.0616959918,10.8143921599,0107.0617366643,10.8145138065,0</coordinates></LinearRing></outerBoundaryIs></Polygon></Placemark><Placemark><name>PDF lấn chiếm mới #55</name><description><![CDATA[Đa giác trích xuất từ màu bản đồ PDF; diện tích xấp xỉ theo độ phân giải bản đồ: 0.1299 ha. Đây là số liệu GIS xấp xỉ, không thay thế diện tích pháp lý.]]></description><styleUrl>#new</styleUrl><Polygon><outerBoundaryIs><LinearRing><coordinates>107.0467067938,10.8143989094,0107.0465430730,10.8143580169,0107.0464619183,10.8140336896,0107.0467075545,10.8140747623,0107.0467067938,10.8143989094,0</coordinates></LinearRing></outerBoundaryIs></Polygon></Placemark><Placemark><name>PDF lấn chiếm mới #57</name><description><![CDATA[Đa giác trích xuất từ màu bản đồ PDF; diện tích xấp xỉ theo độ phân giải bản đồ: 0.2760 ha. Đây là số liệu GIS xấp xỉ, không thay thế diện tích pháp lý.]]></description><styleUrl>#new</styleUrl><Polygon><outerBoundaryIs><LinearRing><coordinates>107.0472826044,10.8133467449,0107.0472827845,10.8132657106,0107.0474467956,10.8131850466,0107.0474884090,10.8129015217,0107.0477749880,10.8129426845,0107.0478152801,10.8132264096,0107.0476919514,10.8134287201,0107.0474052724,10.8134280594,0107.0472826044,10.8133467449,0</coordinates></LinearRing></outerBoundaryIs></Polygon></Placemark><Placemark><name>PDF lấn chiếm mới #58</name><description><![CDATA[Đa giác trích xuất từ màu bản đồ PDF; diện tích xấp xỉ theo độ phân giải bản đồ: 0.0710 ha. Đây là số liệu GIS xấp xỉ, không thay thế diện tích pháp lý.]]></description><styleUrl>#new</styleUrl><Polygon><outerBoundaryIs><LinearRing><coordinates>107.0610443317,10.8128104948,0107.0610039395,10.8125673018,0107.0610451725,10.8124458354,0107.0611270780,10.8124460156,0107.0611262472,10.8128106849,0107.0610443317,10.8128104948,0</coordinates></LinearRing></outerBoundaryIs></Polygon></Placemark><Placemark><name>PDF lấn chiếm mới #59</name><description><![CDATA[Đa giác trích xuất từ màu bản đồ PDF; diện tích xấp xỉ theo độ phân giải bản đồ: 0.2942 ha. Đây là số liệu GIS xấp xỉ, không thay thế diện tích pháp lý.]]></description><styleUrl>#new</styleUrl><Polygon><outerBoundaryIs><LinearRing><coordinates>107.0476136195,10.8118888483,0107.0476141900,10.8116457454,0107.0474095165,10.8116047628,0107.0474097067,10.8115237285,0107.0475738980,10.8113620303,0107.0478196143,10.8113625808,0107.0479830548,10.8115250297,0107.0479825844,10.8117276205,0107.0478183931,10.8118893187,0107.0476136195,10.8118888483,0</coordinates></LinearRing></outerBoundaryIs></Polygon></Placemark><Placemark><name>PDF lấn chiếm mới #60</name><description><![CDATA[Đa giác trích xuất từ màu bản đồ PDF; diện tích xấp xỉ theo độ phân giải bản đồ: 0.1319 ha. Đây là số liệu GIS xấp xỉ, không thay thế diện tích pháp lý.]]></description><styleUrl>#new</styleUrl><Polygon><outerBoundaryIs><LinearRing><coordinates>107.0607604354,10.8115943197,0107.0606378474,10.8114724930,0107.0606793607,10.8112294802,0107.0608841243,10.8112299306,0107.0609242463,10.8115946901,0107.0607604354,10.8115943197,0</coordinates></LinearRing></outerBoundaryIs></Polygon></Placemark><Placemark><name>PDF lấn chiếm mới #61</name><description><![CDATA[Đa giác trích xuất từ màu bản đồ PDF; diện tích xấp xỉ theo độ phân giải bản đồ: 1.2154 ha. Đây là số liệu GIS xấp xỉ, không thay thế diện tích pháp lý.]]></description><styleUrl>#new</styleUrl><Polygon><outerBoundaryIs><LinearRing><coordinates>107.0601875476,10.8113904477,0107.0598189631,10.8113896269,0107.0594921721,10.8110242369,0107.0592875887,10.8109427422,0107.0591652910,10.8106993590,0107.0591249789,10.8104156439,0107.0601081446,10.8102962796,0107.0603113367,10.8109855465,0107.0603107762,10.8112286494,0107.0601877378,10.8113094134,0107.0601875476,10.8113904477,0</coordinates></LinearRing></outerBoundaryIs></Polygon></Placemark><Placemark><name>PDF lấn chiếm mới #62</name><description><![CDATA[Đa giác trích xuất từ màu bản đồ PDF; diện tích xấp xỉ theo độ phân giải bản đồ: 0.5458 ha. Đây là số liệu GIS xấp xỉ, không thay thế diện tích pháp lý.]]></description><styleUrl>#new</styleUrl><Polygon><outerBoundaryIs><LinearRing><coordinates>107.0473702554,10.8108753440,0107.0472061642,10.8109965301,0107.0469604479,10.8109959696,0107.0469611085,10.8107123445,0107.0466339472,10.8105090031,0107.0465114694,10.8103466542,0107.0463476585,10.8103462839,0107.0462661234,10.8101840251,0107.0463480288,10.8101842153,0107.0464302246,10.8100628490,0107.0466758508,10.8101039217,0107.0468798537,10.8104285293,0107.0471664327,10.8104697021,0107.0473299633,10.8105916289,0107.0473702554,10.8108753440,0</coordinates></LinearRing></outerBoundaryIs></Polygon></Placemark><Placemark><name>PDF lấn chiếm mới #63</name><description><![CDATA[Đa giác trích xuất từ màu bản đồ PDF; diện tích xấp xỉ theo độ phân giải bản đồ: 0.1055 ha. Đây là số liệu GIS xấp xỉ, không thay thế diện tích pháp lý.]]></description><styleUrl>#new</styleUrl><Polygon><outerBoundaryIs><LinearRing><coordinates>107.0608852354,10.8107437149,0107.0608036103,10.8106219782,0107.0608039806,10.8104599097,0107.0608861663,10.8103385334,0107.0609680718,10.8103387236,0107.0610080936,10.8107439951,0107.0608852354,10.8107437149,0</coordinates></LinearRing></outerBoundaryIs></Polygon></Placemark><Placemark><name>PDF lấn chiếm mới #64</name><description><![CDATA[Đa giác trích xuất từ màu bản đồ PDF; diện tích xấp xỉ theo độ phân giải bản đồ: 0.1217 ha. Đây là số liệu GIS xấp xỉ, không thay thế diện tích pháp lý.]]></description><styleUrl>#new</styleUrl><Polygon><outerBoundaryIs><LinearRing><coordinates>107.0426225320,10.8096489691,0107.0426637650,10.8095275128,0107.0429094813,10.8095280733,0107.0430321493,10.8096093879,0107.0429908162,10.8097713664,0107.0427860526,10.8097708959,0107.0426225320,10.8096489691,0</coordinates></LinearRing></outerBoundaryIs></Polygon></Placemark><Placemark><name>PDF lấn chiếm mới #65</name><description><![CDATA[Đa giác trích xuất từ màu bản đồ PDF; diện tích xấp xỉ theo độ phân giải bản đồ: 0.1583 ha. Đây là số liệu GIS xấp xỉ, không thay thế diện tích pháp lý.]]></description><styleUrl>#new</styleUrl><Polygon><outerBoundaryIs><LinearRing><coordinates>107.0435236821,10.8095699968,0107.0436060681,10.8093675963,0107.0437291164,10.8092868422,0107.0440156954,10.8093280150,0107.0440562678,10.8094901737,0107.0435236821,10.8095699968,0</coordinates></LinearRing></outerBoundaryIs></Polygon></Placemark><Placemark><name>PDF lấn chiếm mới #66</name><description><![CDATA[Đa giác trích xuất từ màu bản đồ PDF; diện tích xấp xỉ theo độ phân giải bản đồ: 0.1786 ha. Đây là số liệu GIS xấp xỉ, không thay thế diện tích pháp lý.]]></description><styleUrl>#new</styleUrl><Polygon><outerBoundaryIs><LinearRing><coordinates>107.0397562916,10.8094398020,0107.0395924807,10.8094394317,0107.0395107655,10.8093582072,0107.0395110457,10.8092366508,0107.0393883777,10.8091553362,0107.0393886680,10.8090337797,0107.0395935217,10.8089937280,0107.0397978149,10.8091967892,0107.0397562916,10.8094398020,0</coordinates></LinearRing></outerBoundaryIs></Polygon></Placemark><Placemark><name>PDF lấn chiếm mới #67</name><description><![CDATA[Đa giác trích xuất từ màu bản đồ PDF; diện tích xấp xỉ theo độ phân giải bản đồ: 0.1988 ha. Đây là số liệu GIS xấp xỉ, không thay thế diện tích pháp lý.]]></description><styleUrl>#new</styleUrl><Polygon><outerBoundaryIs><LinearRing><coordinates>107.0455311464,10.8092504341,0107.0456541948,10.8091696800,0107.0459408639,10.8091703307,0107.0460225792,10.8092515551,0107.0460630614,10.8094542360,0107.0455716187,10.8094531149,0107.0455311464,10.8092504341,0</coordinates></LinearRing></outerBoundaryIs></Polygon></Placemark><Placemark><name>PDF lấn chiếm mới #68</name><description><![CDATA[Đa giác trích xuất từ màu bản đồ PDF; diện tích xấp xỉ theo độ phân giải bản đồ: 0.0872 ha. Đây là số liệu GIS xấp xỉ, không thay thế diện tích pháp lý.]]></description><styleUrl>#new</styleUrl><Polygon><outerBoundaryIs><LinearRing><coordinates>107.0605616776,10.8089601997,0107.0605212854,10.8087169967,0107.0606034611,10.8085956204,0107.0606853766,10.8085958106,0107.0606845358,10.8089604699,0107.0605616776,10.8089601997,0</coordinates></LinearRing></outerBoundaryIs></Polygon></Placemark><Placemark><name>PDF lấn chiếm mới #70</name><description><![CDATA[Đa giác trích xuất từ màu bản đồ PDF; diện tích xấp xỉ theo độ phân giải bản đồ: 0.1502 ha. Đây là số liệu GIS xấp xỉ, không thay thế diện tích pháp lý.]]></description><styleUrl>#new</styleUrl><Polygon><outerBoundaryIs><LinearRing><coordinates>107.0599519211,10.8069734431,0107.0598290630,10.8069731728,0107.0597064751,10.8068513461,0107.0597482686,10.8064867669,0107.0598711268,10.8064870471,0107.0598707564,10.8066491157,0107.0599525718,10.8066898180,0107.0599519211,10.8069734431,0</coordinates></LinearRing></outerBoundaryIs></Polygon></Placemark><Placemark><name>PDF lấn chiếm mới #71</name><description><![CDATA[Đa giác trích xuất từ màu bản đồ PDF; diện tích xấp xỉ theo độ phân giải bản đồ: 0.0487 ha. Đây là số liệu GIS xấp xỉ, không thay thế diện tích pháp lý.]]></description><styleUrl>#new</styleUrl><Polygon><outerBoundaryIs><LinearRing><coordinates>107.0464786346,10.8068620294,0107.0464379621,10.8067403829,0107.0464791951,10.8066189165,0107.0465611006,10.8066191067,0107.0465605400,10.8068622196,0107.0464786346,10.8068620294,0</coordinates></LinearRing></outerBoundaryIs></Polygon></Placemark><Placemark><name>PDF lấn chiếm mới #74</name><description><![CDATA[Đa giác trích xuất từ màu bản đồ PDF; diện tích xấp xỉ theo độ phân giải bản đồ: 2.1062 ha. Đây là số liệu GIS xấp xỉ, không thay thế diện tích pháp lý.]]></description><styleUrl>#new</styleUrl><Polygon><outerBoundaryIs><LinearRing><coordinates>107.0613048425,10.8063281716,0107.0614292723,10.8056396354,0107.0615114580,10.8055182691,0107.0615119184,10.8053156784,0107.0613891503,10.8052748860,0107.0613893305,10.8051938517,0107.0616354172,10.8050323236,0107.0616365283,10.8045461078,0107.0617185239,10.8045057759,0107.0617599370,10.8043032752,0107.0619239381,10.8042226013,0107.0620882095,10.8040203809,0107.0625387695,10.8039808597,0107.0625811136,10.8033731876,0107.0630314935,10.8034147007,0107.0630296517,10.8042250636,0107.0628654704,10.8043867719,0107.0627426123,10.8043865016,0107.0620866379,10.8047091874,0107.0618814139,10.8049113177,0107.0617977567,10.8056809783,0107.0618372280,10.8063293528,0107.0613048425,10.8063281716,0</coordinates></LinearRing></outerBoundaryIs></Polygon></Placemark><Placemark><name>PDF lấn chiếm mới #76</name><description><![CDATA[Đa giác trích xuất từ màu bản đồ PDF; diện tích xấp xỉ theo độ phân giải bản đồ: 0.0710 ha. Đây là số liệu GIS xấp xỉ, không thay thế diện tích pháp lý.]]></description><styleUrl>#new</styleUrl><Polygon><outerBoundaryIs><LinearRing><coordinates>107.0476678652,10.8061759255,0107.0477094786,10.8058923906,0107.0478323367,10.8058926708,0107.0478316761,10.8061762959,0107.0476678652,10.8061759255,0</coordinates></LinearRing></outerBoundaryIs></Polygon></Placemark><Placemark><name>PDF lấn chiếm mới #78</name><description><![CDATA[Đa giác trích xuất từ màu bản đồ PDF; diện tích xấp xỉ theo độ phân giải bản đồ: 0.7934 ha. Đây là số liệu GIS xấp xỉ, không thay thế diện tích pháp lý.]]></description><styleUrl>#new</styleUrl><Polygon><outerBoundaryIs><LinearRing><coordinates>107.0527054208,10.8060252579,0107.0526236955,10.8059440435,0107.0526243562,10.8056604184,0107.0525426309,10.8055791940,0107.0525433816,10.8052550468,0107.0526258476,10.8050121241,0107.0528717542,10.8049316503,0107.0532390174,10.8054997312,0107.0532379864,10.8059454248,0107.0527054208,10.8060252579,0</coordinates></LinearRing></outerBoundaryIs></Polygon></Placemark><Placemark><name>PDF lấn chiếm mới #79</name><description><![CDATA[Đa giác trích xuất từ màu bản đồ PDF; diện tích xấp xỉ theo độ phân giải bản đồ: 0.4647 ha. Đây là số liệu GIS xấp xỉ, không thay thế diện tích pháp lý.]]></description><styleUrl>#new</styleUrl><Polygon><outerBoundaryIs><LinearRing><coordinates>107.0597493797,10.8060005511,0107.0595855688,10.8060001907,0107.0593404030,10.8057565373,0107.0590539241,10.8056748524,0107.0590136220,10.8053911373,0107.0591366603,10.8053103732,0107.0596279029,10.8053925086,0107.0597094380,10.8055547674,0107.0597493797,10.8060005511,0</coordinates></LinearRing></outerBoundaryIs></Polygon></Placemark><Placemark><name>PDF lấn chiếm mới #80</name><description><![CDATA[Đa giác trích xuất từ màu bản đồ PDF; diện tích xấp xỉ theo độ phân giải bản đồ: 0.0406 ha. Đây là số liệu GIS xấp xỉ, không thay thế diện tích pháp lý.]]></description><styleUrl>#new</styleUrl><Polygon><outerBoundaryIs><LinearRing><coordinates>107.0406246770,10.8058762149,0107.0406250574,10.8057141464,0107.0407479156,10.8057144266,0107.0407475352,10.8058764952,0107.0406246770,10.8058762149,0</coordinates></LinearRing></outerBoundaryIs></Polygon></Placemark><Placemark><name>PDF lấn chiếm mới #81</name><description><![CDATA[Đa giác trích xuất từ màu bản đồ PDF; diện tích xấp xỉ theo độ phân giải bản đồ: 0.1400 ha. Đây là số liệu GIS xấp xỉ, không thay thế diện tích pháp lý.]]></description><styleUrl>#new</styleUrl><Polygon><outerBoundaryIs><LinearRing><coordinates>107.0379219974,10.8057889646,0107.0380049538,10.8053434512,0107.0381687647,10.8053438316,0107.0382091469,10.8055870345,0107.0380448555,10.8057892449,0107.0379219974,10.8057889646,0</coordinates></LinearRing></outerBoundaryIs></Polygon></Placemark><Placemark><name>PDF lấn chiếm mới #86</name><description><![CDATA[Đa giác trích xuất từ màu bản đồ PDF; diện tích xấp xỉ theo độ phân giải bản đồ: 0.0751 ha. Đây là số liệu GIS xấp xỉ, không thay thế diện tích pháp lý.]]></description><styleUrl>#new</styleUrl><Polygon><outerBoundaryIs><LinearRing><coordinates>107.0454604820,10.8044286283,0107.0454606722,10.8043475940,0107.0456244831,10.8043479644,0107.0456659062,10.8041454637,0107.0457478117,10.8041456539,0107.0457061983,10.8044291888,0107.0454604820,10.8044286283,0</coordinates></LinearRing></outerBoundaryIs></Polygon></Placemark><Placemark><name>PDF lấn chiếm mới #87</name><description><![CDATA[Đa giác trích xuất từ màu bản đồ PDF; diện tích xấp xỉ theo độ phân giải bản đồ: 0.1096 ha. Đây là số liệu GIS xấp xỉ, không thay thế diện tích pháp lý.]]></description><styleUrl>#new</styleUrl><Polygon><outerBoundaryIs><LinearRing><coordinates>107.0389088667,10.8040894766,0107.0389501097,10.8039680203,0107.0390320051,10.8039682105,0107.0391551536,10.8038469343,0107.0392780118,10.8038472146,0107.0392774412,10.8040903274,0107.0389088667,10.8040894766,0</coordinates></LinearRing></outerBoundaryIs></Polygon></Placemark><Placemark><name>PDF lấn chiếm mới #88</name><description><![CDATA[Đa giác trích xuất từ màu bản đồ PDF; diện tích xấp xỉ theo độ phân giải bản đồ: 0.8786 ha. Đây là số liệu GIS xấp xỉ, không thay thế diện tích pháp lý.]]></description><styleUrl>#new</styleUrl><Polygon><outerBoundaryIs><LinearRing><coordinates>107.0495569457,10.8039111994,0107.0494340875,10.8039109191,0107.0493116097,10.8037485702,0107.0491887515,10.8037482900,0107.0491072265,10.8035860312,0107.0489027431,10.8034640143,0107.0489030234,10.8033424679,0107.0489850189,10.8033021359,0107.0490276633,10.8025729073,0107.0488641427,10.8024509805,0107.0487422254,10.8020455188,0107.0487434466,10.8015187909,0107.0488253521,10.8015189710,0107.0490294550,10.8018030665,0107.0490282339,10.8023297944,0107.0491509018,10.8024111090,0107.0493147127,10.8024114794,0107.0493140521,10.8026951044,0107.0491090082,10.8028162004,0107.0490673047,10.8031402475,0107.0493531230,10.8035055574,0107.0495987493,10.8035466301,0107.0495569457,10.8039111994,0</coordinates></LinearRing></outerBoundaryIs></Polygon></Placemark><Placemark><name>PDF lấn chiếm mới #90</name><description><![CDATA[Đa giác trích xuất từ màu bản đồ PDF; diện tích xấp xỉ theo độ phân giải bản đồ: 0.1522 ha. Đây là số liệu GIS xấp xỉ, không thay thế diện tích pháp lý.]]></description><styleUrl>#new</styleUrl><Polygon><outerBoundaryIs><LinearRing><coordinates>107.0652420098,10.8038247869,0107.0652832328,10.8037033306,0107.0661022873,10.8037051423,0107.0661020971,10.8037861766,0107.0652420098,10.8038247869,0</coordinates></LinearRing></outerBoundaryIs></Polygon></Placemark><Placemark><name>PDF lấn chiếm mới #91</name><description><![CDATA[Đa giác trích xuất từ màu bản đồ PDF; diện tích xấp xỉ theo độ phân giải bản đồ: 0.0771 ha. Đây là số liệu GIS xấp xỉ, không thay thế diện tích pháp lý.]]></description><styleUrl>#new</styleUrl><Polygon><outerBoundaryIs><LinearRing><coordinates>107.0663069508,10.8037461149,0107.0663071410,10.8036650706,0107.0667577111,10.8036255494,0107.0667575209,10.8037065837,0107.0666345726,10.8037468356,0107.0663069508,10.8037461149,0</coordinates></LinearRing></outerBoundaryIs></Polygon></Placemark><Placemark><name>PDF lấn chiếm mới #92</name><description><![CDATA[Đa giác trích xuất từ màu bản đồ PDF; diện tích xấp xỉ theo độ phân giải bản đồ: 0.3429 ha. Đây là số liệu GIS xấp xỉ, không thay thế diện tích pháp lý.]]></description><styleUrl>#new</styleUrl><Polygon><outerBoundaryIs><LinearRing><coordinates>107.0642202136,10.8029311275,0107.0642209543,10.8026069803,0107.0648351451,10.8026488637,0107.0647935518,10.8029323987,0107.0645474651,10.8030939268,0107.0643428015,10.8030529542,0107.0642202136,10.8029311275,0</coordinates></LinearRing></outerBoundaryIs></Polygon></Placemark><Placemark><name>PDF lấn chiếm mới #93</name><description><![CDATA[Đa giác trích xuất từ màu bản đồ PDF; diện tích xấp xỉ theo độ phân giải bản đồ: 0.1096 ha. Đây là số liệu GIS xấp xỉ, không thay thế diện tích pháp lý.]]></description><styleUrl>#new</styleUrl><Polygon><outerBoundaryIs><LinearRing><coordinates>107.0653273086,10.8023258076,0107.0653276789,10.8021637290,0107.0654915799,10.8021235772,0107.0655328029,10.8020021109,0107.0656556611,10.8020023811,0107.0656552907,10.8021644597,0107.0655321623,10.8022857359,0107.0653273086,10.8023258076,0</coordinates></LinearRing></outerBoundaryIs></Polygon></Placemark><Placemark><name>PDF lấn chiếm mới #94</name><description><![CDATA[Đa giác trích xuất từ màu bản đồ PDF; diện tích xấp xỉ theo độ phân giải bản đồ: 0.6696 ha. Đây là số liệu GIS xấp xỉ, không thay thế diện tích pháp lý.]]></description><styleUrl>#new</styleUrl><Polygon><outerBoundaryIs><LinearRing><coordinates>107.0672934798,10.8021275611,0107.0670482239,10.8019244298,0107.0670485843,10.8017623512,0107.0671719029,10.8015600407,0107.0670907282,10.8012357134,0107.0673776675,10.8011147876,0107.0675414784,10.8011151479,0107.0675812400,10.8016419759,0107.0676628751,10.8017637125,0107.0677447706,10.8017638927,0107.0677444102,10.8019259613,0107.0674982434,10.8021280115,0107.0672934798,10.8021275611,0</coordinates></LinearRing></outerBoundaryIs></Polygon></Placemark><Placemark><name>PDF lấn chiếm mới #95</name><description><![CDATA[Đa giác trích xuất từ màu bản đồ PDF; diện tích xấp xỉ theo độ phân giải bản đồ: 0.2536 ha. Đây là số liệu GIS xấp xỉ, không thay thế diện tích pháp lý.]]></description><styleUrl>#new</styleUrl><Polygon><outerBoundaryIs><LinearRing><coordinates>107.0640181226,10.8017556447,0107.0637725063,10.8017145821,0107.0636499184,10.8015927553,0107.0636504690,10.8013496525,0107.0638146502,10.8011879442,0107.0639784611,10.8011883046,0107.0640181226,10.8017556447,0</coordinates></LinearRing></outerBoundaryIs></Polygon></Placemark><Placemark><name>PDF lấn chiếm mới #96</name><description><![CDATA[Đa giác trích xuất từ màu bản đồ PDF; diện tích xấp xỉ theo độ phân giải bản đồ: 0.1988 ha. Đây là số liệu GIS xấp xỉ, không thay thế diện tích pháp lý.]]></description><styleUrl>#new</styleUrl><Polygon><outerBoundaryIs><LinearRing><coordinates>107.0391613496,10.8012132747,0107.0391625908,10.8006865468,0107.0393263917,10.8006869271,0107.0394488695,10.8008492760,0107.0394483891,10.8010518667,0107.0393251505,10.8012136551,0107.0391613496,10.8012132747,0</coordinates></LinearRing></outerBoundaryIs></Polygon></Placemark><Placemark><name>PDF lấn chiếm mới #97</name><description><![CDATA[Đa giác trích xuất từ màu bản đồ PDF; diện tích xấp xỉ theo độ phân giải bản đồ: 0.8076 ha. Đây là số liệu GIS xấp xỉ, không thay thế diện tích pháp lý.]]></description><styleUrl>#new</styleUrl><Polygon><outerBoundaryIs><LinearRing><coordinates>107.0616860594,10.8007780282,0107.0616863397,10.8006564717,0107.0618917440,10.8003733071,0107.0620555549,10.8003736675,0107.0620958570,10.8006573826,0107.0631198453,10.8005786205,0107.0631192947,10.8008217334,0107.0629140706,10.8010238637,0107.0626683643,10.8010233232,0107.0625048237,10.8009014064,0107.0623410228,10.8009010360,0107.0622177942,10.8010628343,0107.0618493198,10.8010215014,0107.0616860594,10.8007780282,0</coordinates></LinearRing></outerBoundaryIs></Polygon></Placemark><Placemark><name>PDF lấn chiếm mới #99</name><description><![CDATA[Đa giác trích xuất từ màu bản đồ PDF; diện tích xấp xỉ theo độ phân giải bản đồ: 0.4667 ha. Đây là số liệu GIS xấp xỉ, không thay thế diện tích pháp lý.]]></description><styleUrl>#new</styleUrl><Polygon><outerBoundaryIs><LinearRing><coordinates>107.0575125750,10.7991884954,0107.0573900972,10.7990261565,0107.0574318808,10.7986615773,0107.0578006355,10.7985813738,0107.0580051989,10.7986628685,0107.0580042780,10.7990680500,0107.0577991440,10.7992296581,0107.0575125750,10.7991884954,0</coordinates></LinearRing></outerBoundaryIs></Polygon></Placemark><Placemark><name>PDF lấn chiếm mới #100</name><description><![CDATA[Đa giác trích xuất từ màu bản đồ PDF; diện tích xấp xỉ theo độ phân giải bản đồ: 1.1931 ha. Đây là số liệu GIS xấp xỉ, không thay thế diện tích pháp lý.]]></description><styleUrl>#new</styleUrl><Polygon><outerBoundaryIs><LinearRing><coordinates>107.0607889032,10.7991147782,0107.0607072780,10.7989930415,0107.0607079286,10.7987094165,0107.0607901044,10.7985880502,0107.0611999019,10.7984674047,0107.0612425162,10.7977381761,0107.0618977398,10.7977396275,0107.0619791848,10.7979424084,0107.0619781738,10.7983881021,0107.0618960782,10.7984689562,0107.0613226600,10.7985081971,0107.0613223897,10.7986297535,0107.0612403942,10.7986700855,0107.0612400238,10.7988321641,0107.0613627819,10.7988729465,0107.0612803259,10.7991158792,0107.0607889032,10.7991147782,0</coordinates></LinearRing></outerBoundaryIs></Polygon></Placemark><Placemark><name>PDF lấn chiếm mới #101</name><description><![CDATA[Đa giác trích xuất từ màu bản đồ PDF; diện tích xấp xỉ theo độ phân giải bản đồ: 0.2313 ha. Đây là số liệu GIS xấp xỉ, không thay thế diện tích pháp lý.]]></description><styleUrl>#new</styleUrl><Polygon><outerBoundaryIs><LinearRing><coordinates>107.0386341192,10.7990240975,0107.0386353604,10.7984973596,0107.0387991713,10.7984977400,0107.0389625018,10.7987007011,0107.0389621214,10.7988627797,0107.0388799257,10.7989841359,0107.0386341192,10.7990240975,0</coordinates></LinearRing></outerBoundaryIs></Polygon></Placemark><Placemark><name>PDF lấn chiếm mới #103</name><description><![CDATA[Đa giác trích xuất từ màu bản đồ PDF; diện tích xấp xỉ theo độ phân giải bản đồ: 0.2678 ha. Đây là số liệu GIS xấp xỉ, không thay thế diện tích pháp lý.]]></description><styleUrl>#new</styleUrl><Polygon><outerBoundaryIs><LinearRing><coordinates>107.0584568801,10.7981371416,0107.0584570602,10.7980561073,0107.0586208711,10.7980564676,0107.0587029568,10.7979756135,0107.0591125641,10.7979360122,0107.0590710608,10.7981790350,0107.0588659268,10.7983406432,0107.0587021259,10.7983402828,0107.0585385052,10.7982588782,0107.0584568801,10.7981371416,0</coordinates></LinearRing></outerBoundaryIs></Polygon></Placemark><Placemark><name>PDF lấn chiếm mới #104</name><description><![CDATA[Đa giác trích xuất từ màu bản đồ PDF; diện tích xấp xỉ theo độ phân giải bản đồ: 0.1339 ha. Đây là số liệu GIS xấp xỉ, không thay thế diện tích pháp lý.]]></description><styleUrl>#new</styleUrl><Polygon><outerBoundaryIs><LinearRing><coordinates>107.0388882138,10.7954590891,0107.0388891747,10.7950539176,0107.0390529756,10.7950542880,0107.0391345908,10.7951760346,0107.0391342104,10.7953381032,0107.0390522148,10.7953784351,0107.0390520247,10.7954594694,0107.0388882138,10.7954590891,0</coordinates></LinearRing></outerBoundaryIs></Polygon></Placemark><Placemark><name>PDF lấn chiếm mới #106</name><description><![CDATA[Đa giác trích xuất từ màu bản đồ PDF; diện tích xấp xỉ theo độ phân giải bản đồ: 0.1157 ha. Đây là số liệu GIS xấp xỉ, không thay thế diện tích pháp lý.]]></description><styleUrl>#new</styleUrl><Polygon><outerBoundaryIs><LinearRing><coordinates>107.0445830750,10.7943376215,0107.0445011696,10.7943374413,0107.0445014598,10.7942158849,0107.0443787918,10.7941345703,0107.0443382195,10.7939724017,0107.0446247785,10.7940135744,0107.0445830750,10.7943376215,0</coordinates></LinearRing></outerBoundaryIs></Polygon></Placemark><Placemark><name>PDF lấn chiếm mới #109</name><description><![CDATA[Đa giác trích xuất từ màu bản đồ PDF; diện tích xấp xỉ theo độ phân giải bản đồ: 0.2009 ha. Đây là số liệu GIS xấp xỉ, không thay thế diện tích pháp lý.]]></description><styleUrl>#new</styleUrl><Polygon><outerBoundaryIs><LinearRing><coordinates>107.0398356118,10.7931112166,0107.0399184682,10.7927062353,0107.0400004637,10.7926659033,0107.0400006539,10.7925848690,0107.0401235021,10.7925851493,0107.0402046468,10.7929094767,0107.0400403654,10.7931116871,0107.0398356118,10.7931112166,0</coordinates></LinearRing></outerBoundaryIs></Polygon></Placemark><Placemark><name>PDF lấn chiếm mới #110</name><description><![CDATA[Đa giác trích xuất từ màu bản đồ PDF; diện tích xấp xỉ theo độ phân giải bản đồ: 0.2191 ha. Đây là số liệu GIS xấp xỉ, không thay thế diện tích pháp lý.]]></description><styleUrl>#new</styleUrl><Polygon><outerBoundaryIs><LinearRing><coordinates>107.0470034299,10.7925198202,0107.0470044609,10.7920741166,0107.0472093046,10.7920340649,0107.0473319726,10.7921153794,0107.0473314120,10.7923584923,0107.0471672308,10.7925201905,0107.0470034299,10.7925198202,0</coordinates></LinearRing></outerBoundaryIs></Polygon></Placemark><Placemark><name>PDF lấn chiếm mới #115</name><description><![CDATA[Đa giác trích xuất từ màu bản đồ PDF; diện tích xấp xỉ theo độ phân giải bản đồ: 0.1116 ha. Đây là số liệu GIS xấp xỉ, không thay thế diện tích pháp lý.]]></description><styleUrl>#new</styleUrl><Polygon><outerBoundaryIs><LinearRing><coordinates>107.0394711513,10.7913681034,0107.0394720021,10.7910034441,0107.0396358030,10.7910038245,0107.0396761852,10.7912470274,0107.0395939995,10.7913683937,0107.0394711513,10.7913681034,0</coordinates></LinearRing></outerBoundaryIs></Polygon></Placemark><Placemark><name>PDF lấn chiếm mới #116</name><description><![CDATA[Đa giác trích xuất từ màu bản đồ PDF; diện tích xấp xỉ theo độ phân giải bản đồ: 0.0893 ha. Đây là số liệu GIS xấp xỉ, không thay thế diện tích pháp lý.]]></description><styleUrl>#new</styleUrl><Polygon><outerBoundaryIs><LinearRing><coordinates>107.0458187737,10.7912610610,0107.0457368783,10.7912608808,0107.0457370685,10.7911798365,0107.0456552531,10.7911391342,0107.0456558237,10.7908960313,0107.0458196246,10.7908964017,0107.0458187737,10.7912610610,0</coordinates></LinearRing></outerBoundaryIs></Polygon></Placemark><Placemark><name>PDF lấn chiếm mới #117</name><description><![CDATA[Đa giác trích xuất từ màu bản đồ PDF; diện tích xấp xỉ theo độ phân giải bản đồ: 0.0751 ha. Đây là số liệu GIS xấp xỉ, không thay thế diện tích pháp lý.]]></description><styleUrl>#new</styleUrl><Polygon><outerBoundaryIs><LinearRing><coordinates>107.0394730531,10.7905577505,0107.0393911477,10.7905575603,0107.0393099129,10.7902737551,0107.0395145764,10.7903147377,0107.0394730531,10.7905577505,0</coordinates></LinearRing></outerBoundaryIs></Polygon></Placemark><Placemark><name>PDF lấn chiếm mới #118</name><description><![CDATA[Đa giác trích xuất từ màu bản đồ PDF; diện tích xấp xỉ theo độ phân giải bản đồ: 0.0670 ha. Đây là số liệu GIS xấp xỉ, không thay thế diện tích pháp lý.]]></description><styleUrl>#new</styleUrl><Polygon><outerBoundaryIs><LinearRing><coordinates>107.0403741532,10.7904787782,0107.0402102523,10.7905189300,0107.0400876944,10.7903970932,0107.0400878845,10.7903160590,0107.0403743434,10.7903977439,0107.0403741532,10.7904787782,0</coordinates></LinearRing></outerBoundaryIs></Polygon></Placemark><Placemark><name>PDF lấn chiếm mới #119</name><description><![CDATA[Đa giác trích xuất từ màu bản đồ PDF; diện tích xấp xỉ theo độ phân giải bản đồ: 0.1623 ha. Đây là số liệu GIS xấp xỉ, không thay thế diện tích pháp lý.]]></description><styleUrl>#new</styleUrl><Polygon><outerBoundaryIs><LinearRing><coordinates>107.0422167356,10.7905640365,0107.0421761633,10.7904018779,0107.0422990114,10.7904021581,0107.0423403445,10.7902401796,0107.0426269936,10.7902408303,0107.0426266232,10.7904028989,0107.0425444375,10.7905242651,0107.0422167356,10.7905640365,0</coordinates></LinearRing></outerBoundaryIs></Polygon></Placemark></Folder></Document></kml>