<?xml version='1.0' encoding='utf-8'?>
<kml xmlns="http://www.opengis.net/kml/2.2"><Document><name>Ants Farm - Hoàn công - VN2000 TM-3 108-30</name><Style id="lot"><PolyStyle><color>7fffcc00</color><fill>1</fill><outline>1</outline></PolyStyle><LineStyle><color>ffffcc00</color><width>4</width></LineStyle></Style><Style id="boundary"><PolyStyle><color>00ffffff</color><fill>0</fill><outline>1</outline></PolyStyle><LineStyle><color>ff00ffff</color><width>5</width></LineStyle></Style><Placemark><name>Polygon hoàn công 80</name><styleUrl>#lot</styleUrl><ExtendedData><Data name="Entity DXF"><value>80</value></Data><Data name="Diện tích ha"><value>2.774000165557861</value></Data><Data name="Mã Lô"><value>DXF-0080</value></Data></ExtendedData><Polygon><tessellate>1</tessellate><outerBoundaryIs><LinearRing><coordinates>107.807656964729,10.831068241125,0 107.807665092729,10.830968945125,0 107.807646231729,10.830896855125,0 107.807636892729,10.830869838125,0 107.807636341729,10.830815756125,0 107.807636049729,10.830779732125,0 107.807561848729,10.830636100125,0 107.807559373729,10.830374448125,0 107.807548953729,10.830230239125,0 107.807567155729,10.830230100125,0 107.807585248729,10.830211903125,0 107.807566311729,10.830139903125,0 107.807575120729,10.830103718125,0 107.807611231729,10.830067325125,0 107.807583324729,10.830004333125,0 107.807592111729,10.829977268125,0 107.807546002729,10.829914505125,0 107.807545580729,10.829869452125,0 107.807654281729,10.829796297125,0 107.807689895729,10.829714760125,0 107.807671531729,10.829687903125,0 107.807616354729,10.829643267125,0 107.807615878729,10.829589186125,0 107.807679183729,10.829534436125,0 107.807706486729,10.829534137125,0 107.807742964729,10.829533859125,0 107.807761166729,10.829533629125,0 107.807906875729,10.829523307125,0 107.807934231729,10.829532126125,0 107.807961717729,10.829549885125,0 107.808007426729,10.829558475125,0 107.808116948729,10.829584636125,0 107.808171942729,10.829611214125,0 107.808244878729,10.829619506125,0 107.808290749729,10.829655182125,0 107.808363814729,10.829672593125,0 107.808509815729,10.829698294125,0 107.808564604729,10.829715844125,0 107.808564733729,10.829724872125,0 107.808564604729,10.829715844125,0 107.808564604729,10.829715844125,0 107.808583119729,10.829742700125,0 107.808573780729,10.829715774125,0 107.808592036729,10.829724573125,0 107.808637745729,10.829733254125,0 107.808728882729,10.829741406125,0 107.808820279729,10.829767616125,0 107.808874959729,10.829767108125,0 107.808920592729,10.829775698125,0 107.808966150729,10.829784378125,0 107.809039053729,10.829774612125,0 107.809112173729,10.829801051125,0 107.809167199729,10.829845596125,0 107.809176246729,10.829836498125,0 107.809213752729,10.829944384125,0 107.809206501729,10.830152023125,0 107.809226628729,10.830359273125,0 107.809246830729,10.830566614125,0 107.809203231729,10.830783471125,0 107.809077118729,10.830938024125,0 107.809058916729,10.830938163125,0 107.809013575729,10.830965687125,0 107.808841774729,10.831102531125,0 107.808623842729,10.831185641125,0 107.808414113729,10.831169545125,0 107.808222607729,10.831144192125,0 107.808031134729,10.831136985125,0 107.807885262729,10.831120222125,0 107.807784764729,10.831094082125,0 107.807647842729,10.831077339125,0 107.807656964729,10.831068241125,0</coordinates></LinearRing></outerBoundaryIs></Polygon></Placemark><Placemark><name>Polygon hoàn công 132</name><styleUrl>#lot</styleUrl><ExtendedData><Data name="Entity DXF"><value>132</value></Data><Data name="Diện tích ha"><value>1.080386572265625</value></Data><Data name="Mã Lô"><value>DXF-0132</value></Data></ExtendedData><Polygon><tessellate>1</tessellate><outerBoundaryIs><LinearRing><coordinates>107.807830973729,10.832149079125,0 107.807830681729,10.832112964125,0 107.807783231729,10.831915041125,0 107.807772260729,10.831716570125,0 107.807752372729,10.831536405125,0 107.807686558729,10.831311446125,0 107.807677198729,10.831293458125,0 107.807667860729,10.831266532125,0 107.807667568729,10.831230417125,0 107.807703441729,10.831167028125,0 107.807930820729,10.831128812125,0 107.808058512729,10.831136686125,0 107.808122477729,10.831154166125,0 107.808259010729,10.831143913125,0 107.808277212729,10.831143774125,0 107.808359378729,10.831161024125,0 107.808569821729,10.831258288125,0 107.808553198729,10.831420854125,0 107.808543967729,10.831411985125,0 107.808480900729,10.831493730125,0 107.808481138729,10.831520726125,0 107.808463358729,10.831566009125,0 107.808463671729,10.831593095125,0 107.808445816729,10.831638288125,0 107.808455468729,10.831692390125,0 107.808464807729,10.831719316125,0 107.808538057729,10.831754694125,0 107.808574828729,10.831790530125,0 107.808611891729,10.831862391125,0 107.808584880729,10.831898715125,0 107.808585118729,10.831925801125,0 107.808495007729,10.832025813125,0 107.808486015729,10.832043940125,0 107.808486675729,10.832116079125,0 107.808477812729,10.832143235125,0 107.808487097729,10.832161133125,0 107.808460345729,10.832215514125,0 107.808433151729,10.832233870125,0 107.808424342729,10.832270055125,0 107.808406378729,10.832297280125,0 107.808370159729,10.832315616125,0 107.808325163729,10.832388193125,0 107.808307329729,10.832424447125,0 107.808234631729,10.832443152125,0 107.808188921729,10.832434561125,0 107.808161272729,10.832389717125,0 107.807996809729,10.832346097125,0 107.807851045729,10.832347391125,0 107.807823429729,10.832320603125,0 107.807830973729,10.832149079125,0</coordinates></LinearRing></outerBoundaryIs></Polygon></Placemark><Placemark><name>Polygon hoàn công 178</name><styleUrl>#lot</styleUrl><ExtendedData><Data name="Entity DXF"><value>178</value></Data><Data name="Diện tích ha"><value>0.7682980743408203</value></Data><Data name="Mã Lô"><value>DXF-0178</value></Data></ExtendedData><Polygon><tessellate>1</tessellate><outerBoundaryIs><LinearRing><coordinates>107.807649519729,10.832231909125,0 107.807641315729,10.832331295125,0 107.807633241729,10.832439618125,0 107.807505495729,10.832422716125,0 107.807441421729,10.832387178125,0 107.807423090729,10.832378379125,0 107.807359417729,10.832397013125,0 107.807295657729,10.832388562125,0 107.807231692729,10.832371082125,0 107.807177065729,10.832380618125,0 107.807140662729,10.832380896125,0 107.807131561729,10.832381056125,0 107.807104075729,10.832363207125,0 107.807095158729,10.832381335125,0 107.807086273729,10.832417519125,0 107.806958657729,10.832409644125,0 107.806758157729,10.832402417125,0 107.806721679729,10.832402785125,0 107.806648613729,10.832385374125,0 107.806639458729,10.832376505125,0 107.806702158729,10.832258646125,0 107.806864568729,10.832085758125,0 107.806990628729,10.831922268125,0 107.807134707729,10.831740490125,0 107.807242673729,10.831595196125,0 107.807368733729,10.831431705125,0 107.807494977729,10.831286092125,0 107.807512757729,10.831240899125,0 107.807548684729,10.831186449125,0 107.807575803729,10.831168182125,0 107.807621642729,10.831185802125,0 107.807585639729,10.831240252125,0 107.807567967729,10.831303502125,0 107.807578333729,10.831438773125,0 107.807578938729,10.831501883125,0 107.807597453729,10.831528831125,0 107.807589617729,10.831664150125,0 107.807618109729,10.831799282125,0 107.807618238729,10.831808310125,0 107.807627944729,10.831871352125,0 107.807638126729,10.831988475125,0 107.807638310729,10.832006532125,0 107.807638310729,10.832006532125,0 107.807649519729,10.832231909125,0</coordinates></LinearRing></outerBoundaryIs></Polygon></Placemark><Placemark><name>Polygon hoàn công 211</name><styleUrl>#lot</styleUrl><ExtendedData><Data name="Entity DXF"><value>211</value></Data><Data name="Diện tích ha"><value>0.6222754535675049</value></Data><Data name="Mã Lô"><value>DXF-0211</value></Data></ExtendedData><Polygon><tessellate>1</tessellate><outerBoundaryIs><LinearRing><coordinates>107.823384746729,10.816554621125,0 107.823384691729,10.816545592125,0 107.823339189729,10.816546033125,0 107.823329719729,10.816509988125,0 107.823338156729,10.816437778125,0 107.823300592729,10.816320865125,0 107.823272866729,10.816276022125,0 107.823090762729,10.816286723125,0 107.823036803729,10.816368402125,0 107.823020168729,10.816539907125,0 107.823103125729,10.816638413125,0 107.823176428729,10.816682815125,0 107.823077814729,10.816855132125,0 107.823143158729,10.817025917125,0 107.823208633729,10.817205730125,0 107.823373385729,10.817285367125,0 107.823501181729,10.817311291125,0 107.823636511729,10.817165780125,0 107.823772080729,10.817047265125,0 107.823935136729,10.816946507125,0 107.823998066729,10.816855729125,0 107.823932721729,10.816684945125,0 107.823878098729,10.816694484125,0 107.823823495729,10.816694995125,0 107.823650176729,10.816678540125,0 107.823622930729,10.816687779125,0 107.823559097729,10.816679331125,0 107.823394585729,10.816626781125,0 107.823376199729,10.816608863125,0 107.823366620729,10.816554761125,0 107.823384746729,10.816554621125,0</coordinates></LinearRing></outerBoundaryIs></Polygon></Placemark><Placemark><name>Polygon hoàn công 214</name><styleUrl>#lot</styleUrl><ExtendedData><Data name="Entity DXF"><value>214</value></Data><Data name="Diện tích ha"><value>2.0081501419067385</value></Data><Data name="Mã Lô"><value>DXF-0214</value></Data></ExtendedData><Polygon><tessellate>1</tessellate><outerBoundaryIs><LinearRing><coordinates>107.819031908729,10.813852076125,0 107.819022862729,10.813861175125,0 107.819004661729,10.813861315125,0 107.818986386729,10.813861454125,0 107.818977360729,10.813861524125,0 107.818968130729,10.813852656125,0 107.818959030729,10.813852726125,0 107.818949800729,10.813843767125,0 107.818940699729,10.813843837125,0 107.818931674729,10.813843907125,0 107.818922499729,10.813844067125,0 107.818904114729,10.813826150125,0 107.818895013729,10.813826220125,0 107.818885838729,10.813826289125,0 107.818876813729,10.813826450125,0 107.818849382729,10.813817631125,0 107.818831181729,10.813817771125,0 107.818831236729,10.813826799125,0 107.818813035729,10.813827030125,0 107.818803989729,10.813836128125,0 107.818794889729,10.813836198125,0 107.818785713729,10.813836268125,0 107.818776688729,10.813836338125,0 107.818758283729,10.813827449125,0 107.818749257729,10.813827609125,0 107.818740157729,10.813827679125,0 107.818721881729,10.813827819125,0 107.818712781729,10.813827889125,0 107.818703626729,10.813818930125,0 107.818694526729,10.813819091125,0 107.818676195729,10.813810202125,0 107.818667040729,10.813801243125,0 107.818648764729,10.813801473125,0 107.818630564729,10.813801613125,0 107.818621388729,10.813801683125,0 107.818612363729,10.813801753125,0 107.818603263729,10.813801823125,0 107.818594032729,10.813792954125,0 107.818584987729,10.813802053125,0 107.818575886729,10.813802123125,0 107.818566786729,10.813802193125,0 107.818557611729,10.813802263125,0 107.818539485729,10.813802403125,0 107.818521209729,10.813802633125,0 107.818503009729,10.813802773125,0 107.818493908729,10.813802843125,0 107.818475708729,10.813802982125,0 107.818466607729,10.813803052125,0 107.818457432729,10.813803212125,0 107.818448331729,10.813803282125,0 107.818448331729,10.813803282125,0 107.818439176729,10.813794324125,0 107.818402645729,10.813785665125,0 107.818375214729,10.813776846125,0 107.818347913729,10.813777146125,0 107.818329713729,10.813777286125,0 107.818320537729,10.813777356125,0 107.818274851729,10.813759738125,0 107.818247420729,10.813751010125,0 107.818229220729,10.813751149125,0 107.818219990729,10.813742191125,0 107.818192634729,10.813733462125,0 107.818165258729,10.813733672125,0 107.818110526729,10.813725153125,0 107.818074049729,10.813725523125,0 107.818037648729,10.813725802125,0 107.817991941729,10.813717213125,0 107.817955540729,10.813717583125,0 107.817946385729,10.813708625125,0 107.817872954729,10.813655192125,0 107.817790846729,10.813646883125,0 107.817736190729,10.813638364125,0 107.817663312729,10.813639104125,0 107.817563426729,10.813676078125,0 107.817427324729,10.813731389125,0 107.817253878729,10.813705902125,0 107.817080583729,10.813680414125,0 107.816925672729,10.813672845125,0 107.816743310729,10.813665484125,0 107.816579224729,10.813657984125,0 107.816543007729,10.813676321125,0 107.816370114729,10.813705006125,0 107.816215074729,10.813688316125,0 107.816187697729,10.813688616125,0 107.816185951729,10.813499103125,0 107.816185235729,10.813417935125,0 107.816201579729,10.813210405125,0 107.816201265729,10.813183319125,0 107.816201156729,10.813165262125,0 107.816264088729,10.813074395125,0 107.816418889729,10.813063998125,0 107.816610201729,10.813071288125,0 107.816810633729,10.813069480125,0 107.817065558729,10.813049105125,0 107.817293367729,10.813046996125,0 107.817448332729,10.813063595125,0 107.817421822729,10.813145153125,0 107.817376723729,10.813199675125,0 107.817358891729,10.813235930125,0 107.817387278729,10.813352913125,0 107.817414947729,10.813388728125,0 107.817506633729,10.813450959125,0 107.817598504729,10.813531338125,0 107.817616943729,10.813558285125,0 107.817753783729,10.813575113125,0 107.817762829729,10.813566014125,0 107.817734866729,10.813493994125,0 107.817751667729,10.813349575125,0 107.817786689729,10.813195897125,0 107.817740157729,10.813087993125,0 107.817776319729,10.813060627125,0 107.818022458729,10.813067407125,0 107.818250116729,10.813065297125,0 107.818477980729,10.813072307125,0 107.818723989729,10.813070058125,0 107.818916223729,10.813167544125,0 107.818934662729,10.813194490125,0 107.818981140729,10.813293276125,0 107.819019420729,10.813491358125,0 107.819038966729,10.813626559125,0 107.819057754729,10.813698468125,0 107.819031908729,10.813852076125,0</coordinates></LinearRing></outerBoundaryIs></Polygon></Placemark><Placemark><name>Polygon hoàn công 246</name><styleUrl>#lot</styleUrl><ExtendedData><Data name="Entity DXF"><value>246</value></Data><Data name="Diện tích ha"><value>0.660258765411377</value></Data><Data name="Mã Lô"><value>DXF-0246</value></Data></ExtendedData><Polygon><tessellate>1</tessellate><outerBoundaryIs><LinearRing><coordinates>107.826301620729,10.819621942125,0 107.826255378729,10.819550333125,0 107.826227891729,10.819532486125,0 107.826181759729,10.819478845125,0 107.826136017729,10.819452200125,0 107.826099245729,10.819416456125,0 107.826071759729,10.819398699125,0 107.826007555729,10.819354137125,0 107.825952158729,10.819273479125,0 107.825933642729,10.819246624125,0 107.825842138729,10.819202272125,0 107.825795472729,10.819085429125,0 107.825831579729,10.819049034125,0 107.825921037729,10.818867848125,0 107.825965451729,10.818750123125,0 107.826019465729,10.818677473125,0 107.826201755729,10.818684828125,0 107.826347514729,10.818683434125,0 107.826511603729,10.818691020125,0 107.826557475729,10.818726603125,0 107.826576101729,10.818771607125,0 107.826585626729,10.818816680125,0 107.826597219729,10.819078083125,0 107.826562809729,10.819294963125,0 107.826528030729,10.819475638125,0 107.826484020729,10.819647444125,0 107.826474920729,10.819647514125,0 107.826356353729,10.819630550125,0 107.826301620729,10.819622032125,0 107.826301620729,10.819621942125,0</coordinates></LinearRing></outerBoundaryIs></Polygon></Placemark><Placemark><name>Polygon hoàn công 247</name><styleUrl>#lot</styleUrl><ExtendedData><Data name="Entity DXF"><value>247</value></Data><Data name="Diện tích ha"><value>9.060563385009766</value></Data><Data name="Mã Lô"><value>DXF-0247</value></Data></ExtendedData><Polygon><tessellate>1</tessellate><outerBoundaryIs><LinearRing><coordinates>107.821299708729,10.805929157125,0 107.821272408729,10.805929367125,0 107.821217602729,10.805920849125,0 107.821089940729,10.805904043125,0 107.820998734729,10.805895804125,0 107.820952441729,10.805815076125,0 107.820952441729,10.805815076125,0 107.820952072729,10.805779052125,0 107.820942917729,10.805770093125,0 107.820924478729,10.805743147125,0 107.820924293729,10.805725180125,0 107.820896678729,10.805698303125,0 107.820868052729,10.805554324125,0 107.820876359729,10.805472996125,0 107.820885589729,10.805481864125,0 107.820848875729,10.805455148125,0 107.820866965729,10.805436951125,0 107.820857626729,10.805410025125,0 107.820866357729,10.805373840125,0 107.820874794729,10.805301630125,0 107.820875088729,10.805337655125,0 107.820874794729,10.805301630125,0 107.820883655729,10.805274474125,0 107.820927959729,10.805138783125,0 107.820918435729,10.805093800125,0 107.820927405729,10.805084701125,0 107.820908966729,10.805057664125,0 107.820917588729,10.805003512125,0 107.820916686729,10.804904286125,0 107.820934571729,10.804877060125,0 107.820934147729,10.804832006125,0 107.820906293729,10.804778134125,0 107.820897139729,10.804769176125,0 107.820896845729,10.804733151125,0 107.820904783729,10.804615707125,0 107.820904728729,10.804606678125,0 107.820913664729,10.804579613125,0 107.820930832729,10.804471218125,0 107.820939509729,10.804426004125,0 107.821002621729,10.804353284125,0 107.821065973729,10.804307650125,0 107.821111494729,10.804298181125,0 107.821274782729,10.804224510125,0 107.821365434729,10.804178485125,0 107.821383579729,10.804169317125,0 107.821474416729,10.804141440125,0 107.821474416729,10.804141440125,0 107.821565307729,10.804122592125,0 107.821592682729,10.804122382125,0 107.821637779729,10.804067859125,0 107.821710340729,10.804040122125,0 107.821737715729,10.804039822125,0 107.821755915729,10.804039682125,0 107.821764831729,10.804021554125,0 107.821883227729,10.804011434125,0 107.821901352729,10.804011294125,0 107.821928543729,10.803993026125,0 107.821982794729,10.803947462125,0 107.821991710729,10.803929335125,0 107.822009561729,10.803884051125,0 107.822036512729,10.803838697125,0 107.822054528729,10.803820499125,0 107.822090689729,10.803793133125,0 107.822126979729,10.803774705125,0 107.822153986729,10.803738290125,0 107.822162771729,10.803711223125,0 107.822088993729,10.803612648125,0 107.822079359729,10.803549608125,0 107.822087851729,10.803486426125,0 107.822068933729,10.803405398125,0 107.822086764729,10.803369143125,0 107.822086100729,10.803296913125,0 107.822076761729,10.803269987125,0 107.822084828729,10.803161662125,0 107.822093559729,10.803125477125,0 107.822166455729,10.803115798125,0 107.822184525729,10.803106629125,0 107.822248300729,10.803106048125,0 107.822312076729,10.803105468125,0 107.822375906729,10.803113916125,0 107.822403705729,10.803158759125,0 107.822431614729,10.803221660125,0 107.822440953729,10.803248586125,0 107.822442280729,10.803392955125,0 107.822442410729,10.803401984125,0 107.822398455729,10.803582819125,0 107.822398455729,10.803582819125,0 107.822371709729,10.803637111125,0 107.822381103729,10.803673156125,0 107.822408479729,10.803672856125,0 107.822608351729,10.803616961125,0 107.822726912729,10.803633927125,0 107.822845492729,10.803641864125,0 107.822973228729,10.803658670125,0 107.823128134729,10.803666327125,0 107.823246769729,10.803683293125,0 107.823347000729,10.803691370125,0 107.823465451729,10.803690278125,0 107.823538217729,10.803671570125,0 107.823574802729,10.803689256125,0 107.823638632729,10.803697704125,0 107.823765813729,10.803660517125,0 107.823893364729,10.803659355125,0 107.823930189729,10.803704038125,0 107.823939419729,10.803712997125,0 107.823966903729,10.803730934125,0 107.824059197729,10.803856274125,0 107.824086922729,10.803901117125,0 107.824087161729,10.803928204125,0 107.824124779729,10.804054145125,0 107.824143719729,10.804126145125,0 107.824144197729,10.804180317125,0 107.824172401729,10.804279242125,0 107.824209910729,10.804387126125,0 107.824210095729,10.804405184125,0 107.824228480729,10.804423011125,0 107.824228774729,10.804459126125,0 107.824247473729,10.804504039125,0 107.824284777729,10.804602894125,0 107.824285386729,10.804666095125,0 107.824285755729,10.804702211125,0 107.824304619729,10.804774210125,0 107.824323059729,10.804801066125,0 107.824324147729,10.804918349125,0 107.824324277729,10.804927288125,0 107.824315656729,10.804981530125,0 107.824297696729,10.805008757125,0 107.824307754729,10.805116941125,0 107.824326638729,10.805179912125,0 107.824326823729,10.805197970125,0 107.824354787729,10.805269809125,0 107.824391557729,10.805305553125,0 107.824400897729,10.805332569125,0 107.824456606729,10.805440313125,0 107.824484570729,10.805512242125,0 107.824484570729,10.805512242125,0 107.824494224729,10.805566254125,0 107.824512664729,10.805593200125,0 107.824531898729,10.805701224125,0 107.824541053729,10.805710183125,0 107.824624192729,10.805826655125,0 107.824624562729,10.805862770125,0 107.824617139729,10.806052263125,0 107.824608223729,10.806070390125,0 107.824562832729,10.806088889125,0 107.824462711729,10.806098779125,0 107.824371689729,10.806108599125,0 107.824262467729,10.806118650125,0 107.824162291729,10.806119602125,0 107.824062039729,10.806120463125,0 107.824062039729,10.806120463125,0 107.823934378729,10.806103568125,0 107.823897847729,10.806094910125,0 107.823825210729,10.806122647125,0 107.823752204729,10.806114270125,0 107.823624598729,10.806106403125,0 107.823496991729,10.806098626125,0 107.823378484729,10.806090689125,0 107.823342009729,10.806090970125,0 107.823241702729,10.806082892125,0 107.823150441729,10.806065716125,0 107.823050190729,10.806066577125,0 107.822977074729,10.806040232125,0 107.822903719729,10.805986801125,0 107.822802934729,10.805924461125,0 107.822720643729,10.805898186125,0 107.822602212729,10.805890249125,0 107.822511191729,10.805900068125,0 107.822456460729,10.805891550125,0 107.822292563729,10.805902021125,0 107.822110390729,10.805912721125,0 107.821891652729,10.805896706125,0 107.821764155729,10.805906896125,0 107.821591102729,10.805908498125,0 107.821409059729,10.805928136125,0 107.821326953729,10.805919918125,0 107.821299708729,10.805929157125,0</coordinates></LinearRing></outerBoundaryIs></Polygon></Placemark><Placemark><name>Polygon hoàn công 292</name><styleUrl>#lot</styleUrl><ExtendedData><Data name="Entity DXF"><value>292</value></Data><Data name="Diện tích ha"><value>12.875290869140626</value></Data><Data name="Mã Lô"><value>DXF-0292</value></Data></ExtendedData><Polygon><tessellate>1</tessellate><outerBoundaryIs><LinearRing><coordinates>107.803559066729,10.797827444125,0 107.803540867729,10.797827583125,0 107.803531929729,10.797854739125,0 107.803468760729,10.797918427125,0 107.803332771729,10.797991880125,0 107.803278410729,10.798019383125,0 107.803224395729,10.798092030125,0 107.803215899729,10.798155300125,0 107.803180267729,10.798245865125,0 107.803108949729,10.798417877125,0 107.803028109729,10.798544814125,0 107.802910924729,10.798681329125,0 107.802756918729,10.798772888125,0 107.802684595729,10.798827616125,0 107.802621058729,10.798855279125,0 107.802603021729,10.798882504125,0 107.802494222729,10.798937601125,0 107.802367095729,10.798983807125,0 107.802312604729,10.799002372125,0 107.802183868729,10.798868275125,0 107.802165593729,10.798868414125,0 107.801991336729,10.798743693125,0 107.801890558729,10.798681527125,0 107.801807796729,10.798600984125,0 107.801706651729,10.798502703125,0 107.801679060729,10.798466887125,0 107.801596353729,10.798395463125,0 107.801504383729,10.798297113125,0 107.801495154729,10.798288153125,0 107.801458517729,10.798261435125,0 107.801412522729,10.798216729125,0 107.801385039729,10.798198970125,0 107.801348456729,10.798181281125,0 107.801265511729,10.798082681125,0 107.801165025729,10.798056539125,0 107.801073606729,10.798012271125,0 107.801073606729,10.798012271125,0 107.801036819729,10.797985552125,0 107.800991136729,10.797967932125,0 107.800954370729,10.797932186125,0 107.800899458729,10.797905606125,0 107.800862563729,10.797860921125,0 107.800817064729,10.797861268125,0 107.800744190729,10.797861914125,0 107.800707899729,10.797880340125,0 107.800644125729,10.797880916125,0 107.800644308729,10.797898973125,0 107.800534906729,10.797890868125,0 107.800398366729,10.797910147125,0 107.800270764729,10.797902361125,0 107.800206699729,10.797866823125,0 107.800151970729,10.797858301125,0 107.800079097729,10.797858947125,0 107.799979031729,10.797877858125,0 107.799805984729,10.797879448125,0 107.799660819729,10.797952968125,0 107.799579213729,10.797989708125,0 107.799451848729,10.798008917125,0 107.799415373729,10.798009285125,0 107.799424419729,10.798000187125,0 107.799442564729,10.797991020125,0 107.799496743729,10.797945369125,0 107.799541314729,10.797827740125,0 107.799559384729,10.797818572125,0 107.799548785729,10.797656215125,0 107.799447771729,10.797566962125,0 107.799383447729,10.797513456125,0 107.799383155729,10.797477341125,0 107.799419080729,10.797422891125,0 107.799372556729,10.797315074125,0 107.799316987729,10.797216265125,0 107.799334529729,10.797143987125,0 107.799334345729,10.797125929125,0 107.799324933729,10.797099003125,0 107.799324588729,10.797053859125,0 107.799214582729,10.796982733125,0 107.799123854729,10.797028661125,0 107.799114829729,10.797028731125,0 107.799078829729,10.797083180125,0 107.799060921729,10.797119434125,0 107.798997697729,10.797174092125,0 107.798924824729,10.797174737125,0 107.798878537729,10.797094006125,0 107.798869200729,10.797066990125,0 107.798850214729,10.796986051125,0 107.798813319729,10.796941275125,0 107.798794332729,10.796860155125,0 107.798748467729,10.796824477125,0 107.798702968729,10.796824915125,0 107.798666806729,10.796852278125,0 107.798648768729,10.796879593125,0 107.798621577729,10.796897859125,0 107.798549124729,10.796943648125,0 107.798503991729,10.796980110125,0 107.798495000729,10.796998236125,0 107.798440746729,10.797043886125,0 107.798395776729,10.797107344125,0 107.798377813729,10.797134569125,0 107.798387334729,10.797179643125,0 107.798378654729,10.797224766125,0 107.798397275729,10.797269680125,0 107.798388412729,10.797296836125,0 107.798379495729,10.797315053125,0 107.798352358729,10.797342347125,0 107.798325533729,10.797396727125,0 107.798289425729,10.797433120125,0 107.798262234729,10.797451385125,0 107.798235667729,10.797523823125,0 107.798226675729,10.797541950125,0 107.798190934729,10.797614367125,0 107.798181942729,10.797632493125,0 107.798154934729,10.797668816125,0 107.798100809729,10.797723405125,0 107.798100809729,10.797723405125,0 107.798083321729,10.797804892125,0 107.798074404729,10.797823019125,0 107.798056313729,10.797841215125,0 107.797983568729,10.797850889125,0 107.797929131729,10.797878391125,0 107.797829433729,10.797933417125,0 107.797784408729,10.797987936125,0 107.797766791729,10.798060214125,0 107.797748957729,10.798096467125,0 107.797685367729,10.798115100125,0 107.797667329729,10.798142325125,0 107.797612547729,10.798124774125,0 107.797621409729,10.798097619125,0 107.797620514729,10.797998483125,0 107.797620148729,10.797962368125,0 107.797665119729,10.797898821125,0 107.797683211729,10.797880625125,0 107.797719189729,10.797835204125,0 107.797737281729,10.797817008125,0 107.797791169729,10.797735243125,0 107.797808840729,10.797671994125,0 107.797826199729,10.797581658125,0 107.797816678729,10.797536584125,0 107.797842608729,10.797383068125,0 107.797868776729,10.797256458125,0 107.797877639729,10.797229303125,0 107.797912723729,10.797084656125,0 107.797894027729,10.797039742125,0 107.797893553729,10.796985660125,0 107.797865725729,10.796922757125,0 107.797846664729,10.796841728125,0 107.797800744729,10.796797021125,0 107.797791149729,10.796752037125,0 107.797781995729,10.796743078125,0 107.797781704729,10.796706963125,0 107.797835828729,10.796652375125,0 107.797862782729,10.796607023125,0 107.797871516729,10.796570929125,0 107.797871462729,10.796561900125,0 107.797898416729,10.796516549125,0 107.797906912729,10.796453278125,0 107.797915883729,10.796444180125,0 107.797906546729,10.796417164125,0 107.797896314729,10.796291012125,0 107.797887193729,10.796300109125,0 107.797868519729,10.796246166125,0 107.797858944729,10.796192154125,0 107.797858104729,10.796101957125,0 107.797876249729,10.796092789125,0 107.797922006729,10.796110410125,0 107.797985996729,10.796145858125,0 107.798022600729,10.796154520125,0 107.798086718729,10.796199087125,0 107.798132239729,10.796189622125,0 107.798150309729,10.796180454125,0 107.798231699729,10.796107600125,0 107.798240379729,10.796062387125,0 107.798312411729,10.795971455125,0 107.798330557729,10.795962287125,0 107.798375581729,10.795907768125,0 107.798420864729,10.795871307125,0 107.798447613729,10.795816926125,0 107.798474147729,10.795726521125,0 107.798446298729,10.795672647125,0 107.798436540729,10.795600577125,0 107.798445166729,10.795546336125,0 107.798445037729,10.795537217125,0 107.798454028729,10.795519180125,0 107.798453920729,10.795501123125,0 107.798462891729,10.795492025125,0 107.798462891729,10.795492025125,0 107.798454028729,10.795519180125,0 107.798472174729,10.795509922125,0 107.798463128729,10.795519020125,0 107.798463074729,10.795509992125,0 107.798463074729,10.795509992125,0 107.798454028729,10.795519180125,0 107.798444799729,10.795510221125,0 107.798416842729,10.795438290125,0 107.798398276729,10.795402404125,0 107.798388702729,10.795348391125,0 107.798360799729,10.795285489125,0 107.798341866729,10.795213488125,0 107.798332475729,10.795177533125,0 107.798313726729,10.795123589125,0 107.798313489729,10.795096413125,0 107.798331268729,10.795051131125,0 107.798385650729,10.795014600125,0 107.798413133729,10.795032359125,0 107.798458815729,10.795049979125,0 107.798577316729,10.795057925125,0 107.798659418729,10.795066239125,0 107.798722954729,10.795038577125,0 107.798759170729,10.795020242125,0 107.798840851729,10.794983413125,0 107.798922824729,10.794982698125,0 107.798968452729,10.794991289125,0 107.799032463729,10.795017799125,0 107.799078403729,10.795053387125,0 107.799105756729,10.795062207125,0 107.799178942729,10.795088558125,0 107.799188096729,10.795097607125,0 107.799252236729,10.795133146125,0 107.799261389729,10.795142015125,0 107.799288947729,10.795159864125,0 107.799307859729,10.795240803125,0 107.799289843729,10.795259000125,0 107.799262597729,10.795268327125,0 107.799235223729,10.795268535125,0 107.799189961729,10.795296058125,0 107.799199061729,10.795295899125,0 107.799181282729,10.795341181125,0 107.799172474729,10.795377365125,0 107.799145520729,10.795422717125,0 107.799155116729,10.795467701125,0 107.799191752729,10.795494419125,0 107.799228280729,10.795503080125,0 107.799283320729,10.795538779125,0 107.799319903729,10.795556468125,0 107.799374501729,10.795555961125,0 107.799410792729,10.795537626125,0 107.799456604729,10.795564275125,0 107.799484453729,10.795618149125,0 107.799521402729,10.795671953125,0 107.799539893729,10.795707839125,0 107.799594987729,10.795752386125,0 107.799613003729,10.795734189125,0 107.799658707729,10.795742871125,0 107.799731763729,10.795760193125,0 107.799795828729,10.795795731125,0 107.799860152729,10.795849237125,0 107.799906017729,10.795884915125,0 107.799915355729,10.795911841125,0 107.799933791729,10.795938789125,0 107.799979840729,10.795992523125,0 107.799979840729,10.795992523125,0 107.800007506729,10.796028340125,0 107.800007927729,10.796073483125,0 107.800044930729,10.796136226125,0 107.800045059729,10.796145255125,0 107.800018052729,10.796181578125,0 107.800018581729,10.796244689125,0 107.800028176729,10.796289763125,0 107.800046613729,10.796316620125,0 107.800055767729,10.796325579125,0 107.800092425729,10.796343269125,0 107.800119961729,10.796370056125,0 107.800202064729,10.796378370125,0 107.800256975729,10.796404949125,0 107.800320803729,10.796413492125,0 107.800394410729,10.796484895125,0 107.800449429729,10.796529532125,0 107.800458712729,10.796547520125,0 107.800513991729,10.796610124125,0 107.800523090729,10.796610055125,0 107.800550390729,10.796609756125,0 107.800605614729,10.796663421125,0 107.800642250729,10.796690139125,0 107.800706628729,10.796752674125,0 107.800734111729,10.796770433125,0 107.800734240729,10.796779462125,0 107.800743394729,10.796788421125,0 107.800807351729,10.796805902125,0 107.800889854729,10.796868387125,0 107.800917412729,10.796886146125,0 107.800935849729,10.796913003125,0 107.801009143729,10.796957501125,0 107.801018427729,10.796975399125,0 107.801091354729,10.796983782125,0 107.801100529729,10.796983712125,0 107.801173586729,10.797001124125,0 107.801191711729,10.797000894125,0 107.801237360729,10.797000547125,0 107.801283042729,10.797018167125,0 107.801283463729,10.797063220125,0 107.801302030729,10.797099106125,0 107.801357050729,10.797143743125,0 107.801448727729,10.797206068125,0 107.801476102729,10.797205770125,0 107.801540243729,10.797241308125,0 107.801640599729,10.797258421125,0 107.801649699729,10.797258352125,0 107.801704373729,10.797257845125,0 107.801731597729,10.797257546125,0 107.801795371729,10.797256969125,0 107.801877420729,10.797256254125,0 107.801922919729,10.797255816125,0 107.801959264729,10.797246509125,0 107.802032267729,10.797254892125,0 107.802059458729,10.797236536125,0 107.802095803729,10.797227229125,0 107.802168677729,10.797226583125,0 107.802214435729,10.797244203125,0 107.802287179729,10.797234528125,0 107.802332808729,10.797243119125,0 107.802423772729,10.797224277125,0 107.802505638729,10.797205504125,0 107.802569228729,10.797186869125,0 107.802587115729,10.797159644125,0 107.802631922729,10.797069010125,0 107.802658617729,10.797005690125,0 107.802703586729,10.796942142125,0 107.802693699729,10.796861043125,0 107.802683886729,10.796779854125,0 107.802647120729,10.796744108125,0 107.802609987729,10.796672336125,0 107.802600649729,10.796645320125,0 107.802590999729,10.796591307125,0 107.802516862729,10.796456703125,0 107.802479804729,10.796384842125,0 107.802452008729,10.796339997125,0 107.802451825729,10.796321939125,0 107.802496632729,10.796231305125,0 107.802587997729,10.796266544125,0 107.802670045729,10.796265828125,0 107.802715782729,10.796292477125,0 107.802742973729,10.796274211125,0 107.802815609729,10.796246478125,0 107.802852008729,10.796246110125,0 107.802934056729,10.796245394125,0 107.802970034729,10.796199973125,0 107.803024049729,10.796127326125,0 107.803059498729,10.796018794125,0 107.803113437729,10.795946147125,0 107.803185706729,10.795882299125,0 107.803231226729,10.795872833125,0 107.803341233729,10.795944048125,0 107.803414581729,10.795997574125,0 107.803397041729,10.796069852125,0 107.803379500729,10.796142131125,0 107.803389259729,10.796214201125,0 107.803426630729,10.796313058125,0 107.803408960729,10.796376398125,0 107.803446331729,10.796475346125,0 107.803519680729,10.796528781125,0 107.803592920729,10.796564250125,0 107.803602020729,10.796564090125,0 107.803620771729,10.796618033125,0 107.803720889729,10.796608149125,0 107.803756997729,10.796571756125,0 107.803792920729,10.796517306125,0 107.803828973729,10.796471884125,0 107.803873943729,10.796408335125,0 107.803937295729,10.796362615125,0 107.804036809729,10.796289530125,0 107.804118728729,10.796279785125,0 107.804209801729,10.796278909125,0 107.804283096729,10.796323406125,0 107.804355310729,10.796250529125,0 107.804390942729,10.796160054125,0 107.804417636729,10.796096644125,0 107.804435781729,10.796087477125,0 107.804472018729,10.796060112125,0 107.804499209729,10.796041846125,0 107.804507574729,10.795969547125,0 107.804525190729,10.795897178125,0 107.804578708729,10.795779478125,0 107.804578524729,10.795761420125,0 107.804569078729,10.795716437125,0 107.804577389729,10.795635199125,0 107.804658887729,10.795580310125,0 107.804667803729,10.795562183125,0 107.804685840729,10.795534958125,0 107.804703434729,10.795471618125,0 107.804748403729,10.795408069125,0 107.804802526729,10.795353479125,0 107.804765468729,10.795281618125,0 107.804737250729,10.795191720125,0 107.804745820729,10.795128449125,0 107.804772698729,10.795083097125,0 107.804817980729,10.795046634125,0 107.804854325729,10.795037237125,0 107.804945689729,10.795072566125,0 107.805036837729,10.795071690125,0 107.805091457729,10.795062244125,0 107.805119123729,10.795098060125,0 107.805119783729,10.795170199125,0 107.805129780729,10.795269265125,0 107.805112403729,10.795368629125,0 107.805103908729,10.795431900125,0 107.805077451729,10.795522396125,0 107.805014446729,10.795613170125,0 107.804951331729,10.795685887125,0 107.804906438729,10.795749436125,0 107.804852607729,10.795840141125,0 107.804780393729,10.795912927125,0 107.804726637729,10.796003722125,0 107.804681647729,10.796076209125,0 107.804672547729,10.796076278125,0 107.804600408729,10.796149155125,0 107.804546080729,10.796194716125,0 107.804510103729,10.796240138125,0 107.804510157729,10.796249166125,0 107.804483279729,10.796294519125,0 107.804474417729,10.796321674125,0 107.804447647729,10.796385084125,0 107.804402624729,10.796439604125,0 107.804357342729,10.796476067125,0 107.804294302729,10.796548874125,0 107.804285311729,10.796566910125,0 107.804267900729,10.796648308125,0 107.804267846729,10.796639279125,0 107.804250047729,10.796693500125,0 107.804205207729,10.796766078125,0 107.804178329729,10.796811430125,0 107.804160108729,10.796820688125,0 107.804142513729,10.796884028125,0 107.804124551729,10.796911254125,0 107.804106644729,10.796947417125,0 107.804115744729,10.796947348125,0 107.804116111729,10.796983463125,0 107.804080058729,10.797028884125,0 107.804080004729,10.797019856125,0 107.804053418729,10.797101232125,0 107.804053418729,10.797101232125,0 107.804026702729,10.797173671125,0 107.804017969729,10.797209855125,0 107.803991145729,10.797264236125,0 107.803937076729,10.797327854125,0 107.803937205729,10.797336883125,0 107.803864732729,10.797391702125,0 107.803801325729,10.797428303125,0 107.803792280729,10.797437402125,0 107.803774393729,10.797464627125,0 107.803729165729,10.797510118125,0 107.803729586729,10.797555262125,0 107.803757382729,10.797600107125,0 107.803758279729,10.797699332125,0 107.803758462729,10.797717390125,0 107.803731509729,10.797762742125,0 107.803559066729,10.797827444125,0</coordinates></LinearRing></outerBoundaryIs></Polygon></Placemark><Placemark><name>Polygon hoàn công 352</name><styleUrl>#lot</styleUrl><ExtendedData><Data name="Entity DXF"><value>352</value></Data><Data name="Diện tích ha"><value>0.26952570724487307</value></Data><Data name="Mã Lô"><value>DXF-0352</value></Data></ExtendedData><Polygon><tessellate>1</tessellate><outerBoundaryIs><LinearRing><coordinates>107.816902275729,10.822928402125,0 107.816902275729,10.822928402125,0 107.816902275729,10.822928402125,0 107.816911451729,10.822928332125,0 107.816911451729,10.822928332125,0 107.816920551729,10.822928262125,0 107.816947928729,10.822927963125,0 107.816957029729,10.822927893125,0 107.816957029729,10.822927893125,0 107.816966054729,10.822927823125,0 107.816984331729,10.822927683125,0 107.816993431729,10.822927523125,0 107.817011708729,10.822927383125,0 107.817020808729,10.822927313125,0 107.817029963729,10.822936272125,0 107.817039064729,10.822936202125,0 107.817048294729,10.822945071125,0 107.817057688729,10.822981116125,0 107.817057873729,10.822999083125,0 107.817048902729,10.823008182125,0 107.817049195729,10.823044297125,0 107.817040204729,10.823062424125,0 107.817040258729,10.823071452125,0 107.817022371729,10.823098678125,0 107.817013270729,10.823098748125,0 107.817004333729,10.823125904125,0 107.816995547729,10.823152970125,0 107.816995547729,10.823152970125,0 107.816986685729,10.823180126125,0 107.816968593729,10.823198323125,0 107.816968961729,10.823234438125,0 107.816960099729,10.823261594125,0 107.816960284729,10.823279562125,0 107.816942430729,10.823324935125,0 107.816924597729,10.823361190125,0 107.816915551729,10.823370288125,0 107.816907113729,10.823442498125,0 107.816907113729,10.823442498125,0 107.816889389729,10.823496810125,0 107.816889757729,10.823532835125,0 107.816880820729,10.823559990125,0 107.816863649729,10.823668385125,0 107.816837064729,10.823749853125,0 107.816756059729,10.823849798125,0 107.816710535729,10.823859266125,0 107.816591967729,10.823842297125,0 107.816555066729,10.823797523125,0 107.816590459729,10.823679870125,0 107.816625723729,10.823553279125,0 107.816670195729,10.823444675125,0 107.816696488729,10.823327183125,0 107.816731935729,10.823218558125,0 107.816776408729,10.823109955125,0 107.816820901729,10.822992232125,0 107.816856587729,10.822910784125,0 107.816856587729,10.822910784125,0 107.816856587729,10.822910784125,0 107.816902275729,10.822928402125,0</coordinates></LinearRing></outerBoundaryIs></Polygon></Placemark><Placemark><name>Polygon hoàn công 392</name><styleUrl>#lot</styleUrl><ExtendedData><Data name="Entity DXF"><value>392</value></Data><Data name="Diện tích ha"><value>0.6839415184020996</value></Data><Data name="Mã Lô"><value>DXF-0392</value></Data></ExtendedData><Polygon><tessellate>1</tessellate><outerBoundaryIs><LinearRing><coordinates>107.820128273729,10.822989155125,0 107.820082640729,10.822980566125,0 107.820073540729,10.822980636125,0 107.819827522729,10.822982886125,0 107.819772789729,10.822974367125,0 107.819745541729,10.822983606125,0 107.819736311729,10.822974647125,0 107.819508570729,10.822976757125,0 107.819362810729,10.822978057125,0 107.819317307729,10.822978497125,0 107.819226280729,10.822988315125,0 107.819217473729,10.823024500125,0 107.819291384729,10.823132014125,0 107.819300540729,10.823140973125,0 107.819300779729,10.823168059125,0 107.819328763729,10.823230960125,0 107.819347627729,10.823302960125,0 107.819366436729,10.823365931125,0 107.819385136729,10.823410845125,0 107.819430694729,10.823419523125,0 107.819594785729,10.823427022125,0 107.819622033729,10.823417694125,0 107.819631133729,10.823417624125,0 107.819822472729,10.823415884125,0 107.820013681729,10.823405115125,0 107.820150471729,10.823412914125,0 107.820259753729,10.823411894125,0 107.820460323729,10.823419113125,0 107.820496725729,10.823418742125,0 107.820614576729,10.823354541125,0 107.820659970729,10.823336134125,0 107.820641215729,10.823282192125,0 107.820602934729,10.823084020125,0 107.820556638729,10.823003292125,0 107.820401463729,10.822977576125,0 107.820209885729,10.822952320125,0 107.820137189729,10.822971027125,0 107.820128273729,10.822989155125,0</coordinates></LinearRing></outerBoundaryIs></Polygon></Placemark><Placemark><name>Polygon hoàn công 451</name><styleUrl>#lot</styleUrl><ExtendedData><Data name="Entity DXF"><value>451</value></Data><Data name="Diện tích ha"><value>1.9346952041625975</value></Data><Data name="Mã Lô"><value>DXF-0451</value></Data></ExtendedData><Polygon><tessellate>1</tessellate><outerBoundaryIs><LinearRing><coordinates>107.820685379729,10.822154083125,0 107.820694609729,10.822163042125,0 107.820740188729,10.822162602125,0 107.820885947729,10.822161301125,0 107.821086441729,10.822168520125,0 107.821186568729,10.822158540125,0 107.821304951729,10.822157450125,0 107.821432694729,10.822174347125,0 107.821441870729,10.822174277125,0 107.821570071729,10.822254284125,0 107.821761409729,10.822252543125,0 107.821825188729,10.822251963125,0 107.821879813729,10.822242424125,0 107.821898014729,10.822242284125,0 107.821925316729,10.822241984125,0 107.822080251729,10.822240613125,0 107.822144085729,10.822249061125,0 107.822289791729,10.822238641125,0 107.822381111729,10.822264846125,0 107.822390342729,10.822273805125,0 107.822409944729,10.822418035125,0 107.822419100729,10.822426993125,0 107.822446531729,10.822435722125,0 107.822583430729,10.822461577125,0 107.822674566729,10.822469725125,0 107.822865904729,10.822467983125,0 107.822875005729,10.822467913125,0 107.822930217729,10.822530513125,0 107.822949820729,10.822674652125,0 107.822987994729,10.822854766125,0 107.822997812729,10.822935865125,0 107.822953396729,10.823053498125,0 107.822880257729,10.823036091125,0 107.822698278729,10.823055820125,0 107.822579820729,10.823056911125,0 107.822379251729,10.823049694125,0 107.822269913729,10.823041686125,0 107.822187693729,10.823015411125,0 107.822150976729,10.822988695125,0 107.821941122729,10.822963580125,0 107.821804592729,10.822973840125,0 107.821622723729,10.823011536125,0 107.821585712729,10.822948795125,0 107.821530794729,10.822922219125,0 107.821485291729,10.822922660125,0 107.821303162729,10.822942297125,0 107.821075237729,10.822926351125,0 107.820956615729,10.822900355125,0 107.820874374729,10.822883108125,0 107.820828632729,10.822856462125,0 107.820719219729,10.822848454125,0 107.820700758729,10.822830536125,0 107.820663031729,10.822686537125,0 107.820662054729,10.822587311125,0 107.820670860729,10.822551216125,0 107.820679667729,10.822515032125,0 107.820685379729,10.822154083125,0</coordinates></LinearRing></outerBoundaryIs></Polygon></Placemark><Placemark><name>Polygon hoàn công 541</name><styleUrl>#lot</styleUrl><ExtendedData><Data name="Entity DXF"><value>541</value></Data><Data name="Diện tích ha"><value>0.8108632843017578</value></Data><Data name="Mã Lô"><value>DXF-0541</value></Data></ExtendedData><Polygon><tessellate>1</tessellate><outerBoundaryIs><LinearRing><coordinates>107.818879234729,10.822901317125,0 107.818879234729,10.822901317125,0 107.818879234729,10.822901317125,0 107.818879234729,10.822901317125,0 107.818897490729,10.822910206125,0 107.818915766729,10.822909976125,0 107.818924867729,10.822909906125,0 107.818934022729,10.822918865125,0 107.818934022729,10.822918865125,0 107.818952298729,10.822918725125,0 107.818970500729,10.822918495125,0 107.818997801729,10.822918285125,0 107.819006902729,10.822918215125,0 107.819016078729,10.822918145125,0 107.819025049729,10.822909046125,0 107.819034149729,10.822908976125,0 107.819043250729,10.822908816125,0 107.819052426729,10.822908746125,0 107.819061397729,10.822899648125,0 107.819070497729,10.822899578125,0 107.819079618729,10.822890479125,0 107.819088719729,10.822890409125,0 107.819097744729,10.822890339125,0 107.819115836729,10.822872142125,0 107.819115836729,10.822872142125,0 107.819124882729,10.822863043125,0 107.819124882729,10.822863043125,0 107.819124753729,10.822854014125,0 107.819115413729,10.822826908125,0 107.819097027729,10.822809081125,0 107.819087743729,10.822791093125,0 107.819078403729,10.822764167125,0 107.819069173729,10.822755208125,0 107.819069118729,10.822746180125,0 107.819050678729,10.822719324125,0 107.819041372729,10.822710365125,0 107.819032347729,10.822710435125,0 107.819023116729,10.822701476125,0 107.818995576729,10.822674690125,0 107.818986290729,10.822656792125,0 107.818958620729,10.822620887125,0 107.818931059729,10.822603130125,0 107.818912803729,10.822594331125,0 107.818858124729,10.822594751125,0 107.818821721729,10.822595121125,0 107.818776089729,10.822586532125,0 107.818694033729,10.822587252125,0 107.818694033729,10.822587252125,0 107.818539172729,10.822588711125,0 107.818366219729,10.822608277125,0 107.818284423729,10.822627054125,0 107.818266038729,10.822609227125,0 107.818138294729,10.822592329125,0 107.818111122729,10.822601567125,0 107.817965287729,10.822602956125,0 107.817919969729,10.822621363125,0 107.817837728729,10.822604115125,0 107.817692098729,10.822614443125,0 107.817646650729,10.822623912125,0 107.817600887729,10.822606294125,0 107.817445549729,10.822553580125,0 107.817427272729,10.822553720125,0 107.817272466729,10.822564208125,0 107.817245055729,10.822546360125,0 107.817071789729,10.822538929125,0 107.817062688729,10.822538999125,0 107.816955098729,10.822720412125,0 107.816883357729,10.822847283125,0 107.816884203729,10.822937571125,0 107.816938568729,10.822910065125,0 107.817129961729,10.822917265125,0 107.817275721729,10.822915967125,0 107.817512583729,10.822904760125,0 107.817539885729,10.822904550125,0 107.817612840729,10.822903901125,0 107.817694876729,10.822912120125,0 107.817813334729,10.822911031125,0 107.817968249729,10.822918691125,0 107.818086762729,10.822926631125,0 107.818214267729,10.822916443125,0 107.818369128729,10.822914983125,0 107.818496372729,10.822886828125,0 107.818514649729,10.822886598125,0 107.818669510729,10.822885229125,0 107.818788023729,10.822893168125,0 107.818824609729,10.822910856125,0 107.818888389729,10.822910276125,0 107.818879234729,10.822901317125,0</coordinates></LinearRing></outerBoundaryIs></Polygon></Placemark><Placemark><name>Polygon hoàn công 616</name><styleUrl>#lot</styleUrl><ExtendedData><Data name="Entity DXF"><value>616</value></Data><Data name="Diện tích ha"><value>3.916881436920166</value></Data><Data name="Mã Lô"><value>DXF-0616</value></Data></ExtendedData><Polygon><tessellate>1</tessellate><outerBoundaryIs><LinearRing><coordinates>107.811014410729,10.819761574125,0 107.811014887729,10.819815746125,0 107.811015071729,10.819833804125,0 107.811015125729,10.819842832125,0 107.810924943729,10.819942845125,0 107.810560840729,10.819982199125,0 107.810533408729,10.819973470125,0 107.810196389729,10.819976499125,0 107.810041693729,10.820004950125,0 107.809868449729,10.819988487125,0 107.809777423729,10.819998393125,0 107.809302771729,10.819903512125,0 107.809173289729,10.819697097125,0 107.809053403729,10.819535847125,0 107.808933918729,10.819428769125,0 107.808723246729,10.819304329125,0 107.808568257729,10.819296665125,0 107.808258411729,10.819290455125,0 107.808239128729,10.819173401125,0 107.808319658729,10.819019377125,0 107.808372833729,10.818856442125,0 107.808408045729,10.818720823125,0 107.808468578729,10.818368487125,0 107.808483037729,10.817971445125,0 107.808508964729,10.817817838125,0 107.808508964729,10.817817838125,0 107.808627604729,10.817834810125,0 107.808782517729,10.817842384125,0 107.808919174729,10.817841159125,0 107.809074107729,10.817839795125,0 107.809192542729,10.817847737125,0 107.809247349729,10.817856258125,0 107.809339164729,10.817927520125,0 107.809412941729,10.818026098125,0 107.809496111729,10.818160722125,0 107.809514864729,10.818214664125,0 107.809570699729,10.818331349125,0 107.809571175729,10.818385521125,0 107.809598606729,10.818394251125,0 107.809644476729,10.818429927125,0 107.809681668729,10.818510817125,0 107.809727776729,10.818573579125,0 107.809773959729,10.818636251125,0 107.809792269729,10.818654169125,0 107.809828984729,10.818680886125,0 107.809938946729,10.818742981125,0 107.809948285729,10.818769997125,0 107.810049493729,10.818877305125,0 107.810141179729,10.818939628125,0 107.810177710729,10.818948378125,0 107.810214296729,10.818966067125,0 107.810232681729,10.818983895125,0 107.810242040729,10.819001882125,0 107.810352036729,10.819082034125,0 107.810361320729,10.819100022125,0 107.810434860729,10.819171513125,0 107.810499006729,10.819206960125,0 107.810526546729,10.819233747125,0 107.810636801729,10.819331955125,0 107.810664286729,10.819349804125,0 107.810701240729,10.819403607125,0 107.810701608729,10.819439722125,0 107.810729147729,10.819466509125,0 107.810756892729,10.819502324125,0 107.810830432729,10.819573816125,0 107.810876227729,10.819609492125,0 107.810922172729,10.819645168125,0 107.811014042729,10.819725459125,0 107.811023327729,10.819743447125,0 107.811023511729,10.819761504125,0 107.811023511729,10.819761504125,0 107.811023511729,10.819761504125,0 107.811014410729,10.819761574125,0</coordinates></LinearRing></outerBoundaryIs></Polygon></Placemark><Placemark><name>Polygon hoàn công 699</name><styleUrl>#lot</styleUrl><ExtendedData><Data name="Entity DXF"><value>699</value></Data><Data name="Diện tích ha"><value>0.7787620681762696</value></Data><Data name="Mã Lô"><value>DXF-0699</value></Data></ExtendedData><Polygon><tessellate>1</tessellate><outerBoundaryIs><LinearRing><coordinates>107.810479075729,10.820734993125,0 107.810476676729,10.820731738125,0 107.810458236729,10.820704881125,0 107.810448952729,10.820686803125,0 107.810448823729,10.820677774125,0 107.810439668729,10.820668906125,0 107.810439430729,10.820641820125,0 107.810430200729,10.820632860125,0 107.810430145729,10.820623832125,0 107.810430091729,10.820614803125,0 107.810420861729,10.820605934125,0 107.810420806729,10.820596906125,0 107.810420752729,10.820587877125,0 107.810411393729,10.820569889125,0 107.810411209729,10.820551922125,0 107.810411025729,10.820533864125,0 107.810410970729,10.820524836125,0 107.810410787729,10.820506778125,0 107.810410678729,10.820488721125,0 107.810410548729,10.820479692125,0 107.810401393729,10.820470824125,0 107.810419486729,10.820452627125,0 107.810437687729,10.820452397125,0 107.810446712729,10.820452327125,0 107.810455834729,10.820443229125,0 107.810464934729,10.820443159125,0 107.810473905729,10.820434061125,0 107.810473905729,10.820434061125,0 107.810473905729,10.820434061125,0 107.810473851729,10.820425032125,0 107.810473851729,10.820425032125,0 107.810473721729,10.820416003125,0 107.810500914729,10.820397737125,0 107.810510015729,10.820397667125,0 107.810528161729,10.820388499125,0 107.810555538729,10.820388200125,0 107.810564509729,10.820379101125,0 107.810591648729,10.820351806125,0 107.810591464729,10.820333749125,0 107.810591280729,10.820315782125,0 107.810591041729,10.820288696125,0 107.810581628729,10.820261679125,0 107.810572343729,10.820243691125,0 107.810563134729,10.820225704125,0 107.810553850729,10.820207806125,0 107.810553666729,10.820189749125,0 107.810544252729,10.820162732125,0 107.810516658729,10.820126917125,0 107.810507428729,10.820117958125,0 107.810488805729,10.820073044125,0 107.810488566729,10.820046048125,0 107.810561262729,10.820027343125,0 107.810597739729,10.820026974125,0 107.810670618729,10.820026326125,0 107.810734213729,10.820007690125,0 107.810743314729,10.820007621125,0 107.810897934729,10.819979169125,0 107.810990465729,10.820131599125,0 107.810974246729,10.820348338125,0 107.810983639729,10.820384292125,0 107.811028924729,10.820347829125,0 107.811092519729,10.820329194125,0 107.811183892729,10.820364431125,0 107.811211269729,10.820364222125,0 107.811294039729,10.820444672125,0 107.811312424729,10.820462500125,0 107.811331360729,10.820534500125,0 107.811359030729,10.820570316125,0 107.811369635729,10.820732673125,0 107.811315726729,10.820823288125,0 107.811307232729,10.820886558125,0 107.811263418729,10.821067301125,0 107.811245564729,10.821112584125,0 107.811036210729,10.821132605125,0 107.811008779729,10.821123786125,0 107.810989549729,10.821015671125,0 107.810978998729,10.820862433125,0 107.810778452729,10.820846270125,0 107.810751075729,10.820846479125,0 107.810669095729,10.820847287125,0 107.810479075729,10.820734993125,0</coordinates></LinearRing></outerBoundaryIs></Polygon></Placemark><Placemark><name>Polygon hoàn công 768</name><styleUrl>#lot</styleUrl><ExtendedData><Data name="Entity DXF"><value>768</value></Data><Data name="Diện tích ha"><value>0.7580936393737793</value></Data><Data name="Mã Lô"><value>DXF-0768</value></Data></ExtendedData><Polygon><tessellate>1</tessellate><outerBoundaryIs><LinearRing><coordinates>107.808480581729,10.817700855125,0 107.808490028729,10.817745838125,0 107.808499993729,10.817826937125,0 107.808481955729,10.817854162125,0 107.808454892729,10.817881457125,0 107.808391114729,10.817882035125,0 107.808309080729,10.817873813125,0 107.808263394729,10.817856194125,0 107.808154093729,10.817866149125,0 107.808072059729,10.817857927125,0 107.808044315729,10.817822111125,0 107.808025952729,10.817795165125,0 107.808025952729,10.817795165125,0 107.808007730729,10.817804332125,0 107.807953052729,10.817804840125,0 107.807925642729,10.817787082125,0 107.807934429729,10.817759926125,0 107.807952025729,10.817696676125,0 107.807961016729,10.817678549125,0 107.807987842729,10.817624168125,0 107.807987236729,10.817560967125,0 107.808005275729,10.817533742125,0 107.808032338729,10.817506447125,0 107.808059401729,10.817479152125,0 107.808068318729,10.817461025125,0 107.808104611729,10.817442599125,0 107.808149345729,10.817352054125,0 107.808148977729,10.817315939125,0 107.808139693729,10.817298041125,0 107.808148555729,10.817270885125,0 107.808147895729,10.817198746125,0 107.808147528729,10.817162541125,0 107.808183400729,10.817099061125,0 107.808183400729,10.817099061125,0 107.808174115729,10.817081164125,0 107.808174007729,10.817063106125,0 107.808191310729,10.816963742125,0 107.808181474729,10.816891672125,0 107.808154064729,10.816873914125,0 107.808135788729,10.816874053125,0 107.808090103729,10.816856434125,0 107.808007756729,10.816821126125,0 107.807916493729,10.816803945125,0 107.807907209729,10.816785957125,0 107.807888770729,10.816759101125,0 107.807897557729,10.816731945125,0 107.807878805729,10.816677912125,0 107.807878275729,10.816614801125,0 107.807959540729,10.816532826125,0 107.807968511729,10.816523727125,0 107.807968218729,10.816487703125,0 107.807949834729,10.816469785125,0 107.807949304729,10.816406674125,0 107.807948991729,10.816379588125,0 107.808085354729,10.816342339125,0 107.808130856729,10.816341900125,0 107.808158049729,10.816323634125,0 107.808194451729,10.816323265125,0 107.808276613729,10.816340606125,0 107.808295658729,10.816430573125,0 107.808416039729,10.816636967125,0 107.808500073729,10.816852669125,0 107.808502236729,10.817087144125,0 107.808458768729,10.817313120125,0 107.808469848729,10.817529469125,0 107.808470691729,10.817619756125,0 107.808480581729,10.817700855125,0</coordinates></LinearRing></outerBoundaryIs></Polygon></Placemark><Placemark><name>Polygon hoàn công 835</name><styleUrl>#lot</styleUrl><ExtendedData><Data name="Entity DXF"><value>835</value></Data><Data name="Diện tích ha"><value>0.5958328498840332</value></Data><Data name="Mã Lô"><value>DXF-0835</value></Data></ExtendedData><Polygon><tessellate>1</tessellate><outerBoundaryIs><LinearRing><coordinates>107.816741670729,10.818383346125,0 107.816714239729,10.818374526125,0 107.816686678729,10.818356769125,0 107.816731942729,10.818329333125,0 107.816795611729,10.818310696125,0 107.816849737729,10.818256105125,0 107.816858837729,10.818255945125,0 107.816886084729,10.818246706125,0 107.816922561729,10.818246336125,0 107.816968268729,10.818255016125,0 107.816977294729,10.818254856125,0 107.817022741729,10.818245477125,0 107.817031842729,10.818245408125,0 107.817040963729,10.818236309125,0 107.817086281729,10.818217812125,0 107.817104428729,10.818208643125,0 107.817140775729,10.818199335125,0 107.817213599729,10.818189657125,0 107.817250001729,10.818189287125,0 107.817286478729,10.818188917125,0 107.817377319729,10.818161042125,0 107.817386420729,10.818160972125,0 107.817395520729,10.818160902125,0 107.817422712729,10.818142635125,0 107.817441043729,10.818151434125,0 107.817504692729,10.818141826125,0 107.817531809729,10.818123558125,0 107.817568177729,10.818105222125,0 107.817577148729,10.818096123125,0 107.817640926729,10.818095543125,0 107.817732060729,10.818103692125,0 107.817768613729,10.818103413125,0 107.817877948729,10.818111422125,0 107.817905379729,10.818120151125,0 107.817987304729,10.818110403125,0 107.818059999729,10.818091696125,0 107.818160363729,10.818108804125,0 107.818278635729,10.818089747125,0 107.818305958729,10.818080418125,0 107.818360615729,10.818088937125,0 107.818387568729,10.818043584125,0 107.818506025729,10.818042494125,0 107.818524226729,10.818042354125,0 107.818560573729,10.818033046125,0 107.818651782729,10.818041195125,0 107.818671069729,10.818158248125,0 107.818717787729,10.818284120125,0 107.818673001729,10.818365728125,0 107.818654855729,10.818374897125,0 107.818618562729,10.818393234125,0 107.818463520729,10.818376636125,0 107.818308736729,10.818378005125,0 107.818217527729,10.818369856125,0 107.818154041729,10.818406641125,0 107.818135765729,10.818406781125,0 107.817890011729,10.818427087125,0 107.817698307729,10.818392620125,0 107.817680181729,10.818392760125,0 107.817634419729,10.818375143125,0 107.817443268729,10.818394939125,0 107.817233732729,10.818396907125,0 107.817051387729,10.818380518125,0 107.816841851729,10.818382396125,0 107.816796328729,10.818391865125,0 107.816741670729,10.818383346125,0</coordinates></LinearRing></outerBoundaryIs></Polygon></Placemark><Placemark><name>Polygon hoàn công 1122</name><styleUrl>#lot</styleUrl><ExtendedData><Data name="Entity DXF"><value>1122</value></Data><Data name="Diện tích ha"><value>10.467495834350586</value></Data><Data name="Mã Lô"><value>DXF-1122</value></Data></ExtendedData><Polygon><tessellate>1</tessellate><outerBoundaryIs><LinearRing><coordinates>107.811434016729,10.819820936125,0 107.811397668729,10.819830334125,0 107.811242863729,10.819840729125,0 107.811197653729,10.819877192125,0 107.811197783729,10.819886221125,0 107.811207360729,10.819940233125,0 107.811244423729,10.820012094125,0 107.811245083729,10.820084233125,0 107.811254811729,10.820138246125,0 107.811300552729,10.820164893125,0 107.811410385729,10.820218048125,0 107.811511172729,10.820280302125,0 107.811575427729,10.820333805125,0 107.811594548729,10.820423863125,0 107.811613226729,10.820477806125,0 107.811613648729,10.820522859125,0 107.811659594729,10.820558535125,0 107.811668749729,10.820567494125,0 107.811696657729,10.820630396125,0 107.811715226729,10.820666281125,0 107.811742527729,10.820665981125,0 107.811779113729,10.820683850125,0 107.811834343729,10.820737424125,0 107.811843628729,10.820755411125,0 107.811862803729,10.820854407125,0 107.811862912729,10.820872465125,0 107.811872251729,10.820899391125,0 107.811890895729,10.820935366125,0 107.811918782729,10.821007206125,0 107.811946820729,10.821079137125,0 107.811965811729,10.821160256125,0 107.811966233729,10.821205309125,0 107.811994509729,10.821304235125,0 107.812031518729,10.821367067125,0 107.812077865729,10.821456825125,0 107.812115004729,10.821528595125,0 107.812152141729,10.821600546125,0 107.812198435729,10.821681275125,0 107.812235627729,10.821762074125,0 107.812291075729,10.821851763125,0 107.812300381729,10.821860722125,0 107.812318929729,10.821905636125,0 107.812338050729,10.821995693125,0 107.812356490729,10.822022640125,0 107.812384636729,10.822112627125,0 107.812421645729,10.822175369125,0 107.812468306729,10.822292213125,0 107.812523830729,10.822381901125,0 107.812588746729,10.822507635125,0 107.812634985729,10.822579425125,0 107.812635169729,10.822597393125,0 107.812699003729,10.822605843125,0 107.812799315729,10.822613924125,0 107.812926928729,10.822621795125,0 107.812991129729,10.822666361125,0 107.813055147729,10.822692778125,0 107.813064800729,10.822746790125,0 107.813074507729,10.822809922125,0 107.813093131729,10.822854835125,0 107.813103792729,10.823026131125,0 107.813122545729,10.823080073125,0 107.813123022729,10.823134246125,0 107.813151190729,10.823215114125,0 107.813133390729,10.823269426125,0 107.813133996729,10.823332627125,0 107.813107410729,10.823414005125,0 107.813098732729,10.823459218125,0 107.813108970729,10.823585370125,0 107.813099999729,10.823594468125,0 107.813091083729,10.823612595125,0 107.813073283729,10.823666907125,0 107.813065211729,10.823775231125,0 107.813038809729,10.823874757125,0 107.813030130729,10.823919880125,0 107.813031030729,10.824019105125,0 107.813040260729,10.824028064125,0 107.813004627729,10.824118540125,0 107.813023749729,10.824208507125,0 107.813042297729,10.824253602125,0 107.813051820729,10.824298585125,0 107.813088482729,10.824316273125,0 107.813179564729,10.824315486125,0 107.813270591729,10.824305579125,0 107.813279692729,10.824305509125,0 107.813297784729,10.824287312125,0 107.813352388729,10.824286803125,0 107.813379819729,10.824295623125,0 107.813416222729,10.824295253125,0 107.813471031729,10.824303773125,0 107.813498278729,10.824294535125,0 107.813589490729,10.824302686125,0 107.813644039729,10.824293148125,0 107.813698902729,10.824310697125,0 107.813771783729,10.824310048125,0 107.813835562729,10.824309470125,0 107.813917598729,10.824317780125,0 107.813917598729,10.824317780125,0 107.814008809729,10.824325930125,0 107.814045103729,10.824307594125,0 107.814136423729,10.824333802125,0 107.814236497729,10.824314796125,0 107.814236497729,10.824314796125,0 107.814318348729,10.824305049125,0 107.814373027729,10.824304540125,0 107.814455138729,10.824312850125,0 107.814482440729,10.824312551125,0 107.814554843729,10.824257820125,0 107.814609576729,10.824266340125,0 107.814691578729,10.824256593125,0 107.814764329729,10.824246915125,0 107.814818933729,10.824246406125,0 107.814901043729,10.824254626125,0 107.814919299729,10.824263515125,0 107.814919299729,10.824263515125,0 107.814919483729,10.824281572125,0 107.814910274729,10.824263585125,0 107.814964953729,10.824263076125,0 107.814973924729,10.824253977125,0 107.814983024729,10.824253907125,0 107.815010401729,10.824253698125,0 107.815046750729,10.824244300125,0 107.815074181729,10.824253119125,0 107.815138016729,10.824261478125,0 107.815147116729,10.824261409125,0 107.815146987729,10.824252380125,0 107.815165393729,10.824261269125,0 107.815210896729,10.824260830125,0 107.815256474729,10.824260481125,0 107.815311024729,10.824250943125,0 107.815393135729,10.824259163125,0 107.815438638729,10.824258813125,0 107.815456969729,10.824267612125,0 107.815520673729,10.824267033125,0 107.815529849729,10.824266963125,0 107.815575428729,10.824266524125,0 107.815630400729,10.824302130125,0 107.815658677729,10.824401056125,0 107.815658861729,10.824419113125,0 107.815668385729,10.824464097125,0 107.815696348729,10.824536026125,0 107.815696478729,10.824545055125,0 107.815696662729,10.824563113125,0 107.815714973729,10.824580940125,0 107.815715157729,10.824598998125,0 107.815724864729,10.824662129125,0 107.815724864729,10.824662129125,0 107.815743195729,10.824670928125,0 107.815806846729,10.824661320125,0 107.815870625729,10.824660741125,0 107.815916204729,10.824660392125,0 107.815970883729,10.824659882125,0 107.815998315729,10.824668611125,0 107.815980093729,10.824677780125,0 107.815998369729,10.824677640125,0 107.816007470729,10.824677570125,0 107.816016441729,10.824668471125,0 107.816052789729,10.824659163125,0 107.816098497729,10.824667753125,0 107.816125799729,10.824667453125,0 107.816153340729,10.824694239125,0 107.816190056729,10.824720956125,0 107.816181508729,10.824775198125,0 107.816208865729,10.824783927125,0 107.816245343729,10.824783648125,0 107.816281691729,10.824774249125,0 107.816354571729,10.824773600125,0 107.816409196729,10.824764062125,0 107.816409196729,10.824764062125,0 107.816463268729,10.824700442125,0 107.816472239729,10.824691343125,0 107.816443853729,10.824574270125,0 107.816424914729,10.824502270125,0 107.816406051729,10.824430360125,0 107.816396528729,10.824385287125,0 107.816377535729,10.824304348125,0 107.816349496729,10.824232418125,0 107.816348835729,10.824160188125,0 107.816366743729,10.824123934125,0 107.816402797729,10.824078511125,0 107.816438723729,10.824024059125,0 107.816492371729,10.823915386125,0 107.816519141729,10.823851975125,0 107.816545965729,10.823797683125,0 107.816555012729,10.823788495125,0 107.816590644729,10.823697928125,0 107.816617229729,10.823616550125,0 107.816652731729,10.823516955125,0 107.816670380729,10.823462733125,0 107.816688103729,10.823408421125,0 107.816714764729,10.823327043125,0 107.816741145729,10.823236546125,0 107.816731990729,10.823227587125,0 107.816749604729,10.823155218125,0 107.816776224729,10.823091897125,0 107.816794023729,10.823037585125,0 107.816829709729,10.822956137125,0 107.816829524729,10.822938080125,0 107.816801909729,10.822911294125,0 107.816738075729,10.822902844125,0 107.816683102729,10.822867239125,0 107.816582498729,10.822822954125,0 107.816555066729,10.822814225125,0 107.816445708729,10.822815244125,0 107.816427507729,10.822815384125,0 107.816327380729,10.822825361125,0 107.816300187729,10.822843628125,0 107.816227068729,10.822817191125,0 107.816217968729,10.822817261125,0 107.816108296729,10.822791284125,0 107.816108242729,10.822782255125,0 107.816062609729,10.822773575125,0 107.816035177729,10.822764846125,0 107.815989858729,10.822783344125,0 107.815962373729,10.822765496125,0 107.815907619729,10.822766005125,0 107.815834391729,10.822721600125,0 107.815816244729,10.822730769125,0 107.815761565729,10.822731278125,0 107.815734134729,10.822722459125,0 107.815679476729,10.822713940125,0 107.815597236729,10.822696691125,0 107.815570043729,10.822714958125,0 107.815542393729,10.822670114125,0 107.815496392729,10.822625500125,0 107.815414173729,10.822599133125,0 107.815331749729,10.822563827125,0 107.815286007729,10.822537180125,0 107.815203529729,10.822492845125,0 107.815139586729,10.822466338125,0 107.815121309729,10.822466568125,0 107.815030228729,10.822467356125,0 107.815002667729,10.822449599125,0 107.814911423729,10.822423301125,0 107.814829129729,10.822396933125,0 107.814737972729,10.822397812125,0 107.814655883729,10.822380473125,0 107.814564672729,10.822372323125,0 107.814473352729,10.822346115125,0 107.814464176729,10.822346185125,0 107.814409334729,10.822319608125,0 107.814336141729,10.822293260125,0 107.814281407729,10.822284741125,0 107.814272307729,10.822284811125,0 107.814180803729,10.822240546125,0 107.814098509729,10.822214268125,0 107.814080308729,10.822214407125,0 107.814007135729,10.822178941125,0 107.813924841729,10.822152664125,0 107.813915611729,10.822143705125,0 107.813879208729,10.822144074125,0 107.813888363729,10.822153033125,0 107.813851961729,10.822153312125,0 107.813879154729,10.822135045125,0 107.813824345729,10.822126525125,0 107.813695942729,10.822037486125,0 107.813540734729,10.821993799125,0 107.813349083729,10.821968449125,0 107.813184277729,10.821879779125,0 107.813110314729,10.821763144125,0 107.813064150729,10.821691444125,0 107.812989982729,10.821565870125,0 107.812962020729,10.821493850125,0 107.812934534729,10.821476092125,0 107.812832901729,10.821323642125,0 107.812704021729,10.821180520125,0 107.812648552729,10.821099770125,0 107.812639213729,10.821072844125,0 107.812630058729,10.821063885125,0 107.812611544729,10.821037028125,0 107.812528794729,10.820947550125,0 107.812510150729,10.820911664125,0 107.812390630729,10.820786440125,0 107.812280060729,10.820661145125,0 107.812196943729,10.820535642125,0 107.812077219729,10.820401388125,0 107.812003256729,10.820284843125,0 107.812003126729,10.820275815125,0 107.811892394729,10.820123434125,0 107.811809992729,10.820079098125,0 107.811773276729,10.820052381125,0 107.811700343729,10.820044001125,0 107.811635903729,10.819972440125,0 107.811507133729,10.819847375125,0 107.811479539729,10.819811559125,0 107.811434016729,10.819820936125,0</coordinates></LinearRing></outerBoundaryIs></Polygon></Placemark><Placemark><name>Polygon hoàn công 1123</name><styleUrl>#lot</styleUrl><ExtendedData><Data name="Entity DXF"><value>1123</value></Data><Data name="Diện tích ha"><value>11.105378910827637</value></Data><Data name="Mã Lô"><value>DXF-1123</value></Data></ExtendedData><Polygon><tessellate>1</tessellate><outerBoundaryIs><LinearRing><coordinates>107.820840238729,10.815422291125,0 107.820980084729,10.815638385125,0 107.820998579729,10.815674359125,0 107.820998709729,10.815683298125,0 107.821026563729,10.815737261125,0 107.821035718729,10.815746219125,0 107.821044873729,10.815755178125,0 107.821109977729,10.815898877125,0 107.821156532729,10.815997662125,0 107.821220255729,10.815988053125,0 107.821256178729,10.815933601125,0 107.821264616729,10.815861391125,0 107.821345433729,10.815743387125,0 107.821363579729,10.815734219125,0 107.821462617729,10.815606956125,0 107.821462508729,10.815588899125,0 107.821470337729,10.815453578125,0 107.821470097729,10.815426492125,0 107.821469728729,10.815390467125,0 107.821532843729,10.815317747125,0 107.821587152729,10.815281122125,0 107.821613202729,10.815136542125,0 107.821648886729,10.815055004125,0 107.821775778729,10.814981703125,0 107.821912250729,10.814962415125,0 107.821948651729,10.814962044125,0 107.821993859729,10.814925579125,0 107.821974941729,10.814844551125,0 107.821919894729,10.814808946125,0 107.821709881729,10.814756746125,0 107.821481538729,10.814695656125,0 107.821298751729,10.814643245125,0 107.821234919729,10.814634797125,0 107.821207563729,10.814626068125,0 107.820997236729,10.814546781125,0 107.820951181729,10.814493139125,0 107.820913324729,10.814340021125,0 107.820885654729,10.814304206125,0 107.820857375729,10.814205280125,0 107.820747488729,10.814143100125,0 107.820610887729,10.814153359125,0 107.820510523729,10.814136252125,0 107.820473753729,10.814100507125,0 107.820409975729,10.814101087125,0 107.820337282729,10.814119795125,0 107.820264404729,10.814120445125,0 107.820245834729,10.814084561125,0 107.820172348729,10.814022100125,0 107.820135892729,10.814013441125,0 107.819962521729,10.813987955125,0 107.819916814729,10.813979367125,0 107.819816819729,10.813998284125,0 107.819689134729,10.813990415125,0 107.819625486729,10.814000024125,0 107.819534353729,10.813991876125,0 107.819516132729,10.814001044125,0 107.819415953729,10.814001995125,0 107.819343075729,10.814002645125,0 107.819315774729,10.814002854125,0 107.819160842729,10.814004314125,0 107.819015455729,10.814041729125,0 107.818942632729,10.814051408125,0 107.818887770729,10.814033860125,0 107.818805737729,10.814025551125,0 107.818632735729,10.814036179125,0 107.818541417729,10.814009973125,0 107.818531894729,10.813964809125,0 107.818395054729,10.813948072125,0 107.818221977729,10.813958609125,0 107.818085212729,10.813941872125,0 107.818021489729,10.813951480125,0 107.817839331729,10.813953149125,0 107.817793570729,10.813935531125,0 107.817674877729,10.813909534125,0 107.817529012729,10.813892776125,0 107.817346595729,10.813876478125,0 107.817255755729,10.813904353125,0 107.817191978729,10.813904933125,0 107.817191978729,10.813904933125,0 107.817137246729,10.813896414125,0 107.817100899729,10.813905722125,0 107.817082514729,10.813887895125,0 107.816981966729,10.813852729125,0 107.816881474729,10.813826592125,0 107.816808541729,10.813818213125,0 107.816617318729,10.813838008125,0 107.816526553729,10.813865884125,0 107.816362597729,10.813867412125,0 107.816244067729,10.813868410125,0 107.816116457729,10.813860631125,0 107.815943932729,10.813925340125,0 107.815816930729,10.813980580125,0 107.815681652729,10.814135207125,0 107.815674796729,10.814369753125,0 107.815676836729,10.814595290125,0 107.815687389729,10.814748528125,0 107.815661411729,10.814893198125,0 107.815635597729,10.815064772125,0 107.815646648729,10.815263064125,0 107.815665565729,10.815344183125,0 107.815675586729,10.815434310125,0 107.815675825729,10.815461306125,0 107.815730557729,10.815469825125,0 107.815839837729,10.815468897125,0 107.815876443729,10.815477556125,0 107.816095133729,10.815484547125,0 107.816122379729,10.815475309125,0 107.816177111729,10.815483828125,0 107.816277421729,10.815491908125,0 107.816350244729,10.815482230125,0 107.816459579729,10.815490239125,0 107.816532457729,10.815489590125,0 107.816696599729,10.815506119125,0 107.816751406729,10.815514638125,0 107.816715905729,10.815614234125,0 107.816716089729,10.815632201125,0 107.816808601729,10.815793839125,0 107.816863463729,10.815811387125,0 107.816945701729,10.815828635125,0 107.817182483729,10.815817428125,0 107.817483096729,10.815814760125,0 107.817674355729,10.815813022125,0 107.817783840729,10.815821031125,0 107.818038877729,10.815818712125,0 107.818293804729,10.815798336125,0 107.818512330729,10.815778239125,0 107.818594179729,10.815768491125,0 107.818628963729,10.815587727125,0 107.818600555729,10.815479772125,0 107.818600262729,10.815443657125,0 107.818654755729,10.815425180125,0 107.818836913729,10.815423511125,0 107.818964469729,10.815422351125,0 107.819010176729,10.815430940125,0 107.819183179729,10.815420311125,0 107.819228865729,10.815437929125,0 107.819402053729,10.815445358125,0 107.819684411729,10.815433799125,0 107.819784591729,10.815432849125,0 107.819903101729,10.815440787125,0 107.819912146729,10.815431689125,0 107.820021372729,10.815421730125,0 107.820076124729,10.815421220125,0 107.820130966729,10.815447796125,0 107.820313145729,10.815437097125,0 107.820477102729,10.815435566125,0 107.820504273729,10.815426328125,0 107.820549926729,10.815425888125,0 107.820595298729,10.815416418125,0 107.820649866729,10.815397941125,0 107.820768062729,10.815378793125,0 107.820841309729,10.815414168125,0 107.820841364729,10.815423196125,0 107.820840238729,10.815422291125,0</coordinates></LinearRing></outerBoundaryIs></Polygon></Placemark><Placemark><name>Polygon hoàn công 1410</name><styleUrl>#lot</styleUrl><ExtendedData><Data name="Entity DXF"><value>1410</value></Data><Data name="Diện tích ha"><value>12.907998971557618</value></Data><Data name="Mã Lô"><value>DXF-1410</value></Data></ExtendedData><Polygon><tessellate>1</tessellate><outerBoundaryIs><LinearRing><coordinates>107.821704760729,10.815189744125,0 107.821704575729,10.815171776125,0 107.821740812729,10.815144320125,0 107.821831522729,10.815107414125,0 107.821849983729,10.815125332125,0 107.821904770729,10.815142879125,0 107.821986748729,10.815142068125,0 107.822068672729,10.815132319125,0 107.822104650729,10.815086895125,0 107.822159033729,10.815050360125,0 107.822195011729,10.815004936125,0 107.822349519729,10.814958421125,0 107.822413297729,10.814957840125,0 107.822467845729,10.814948301125,0 107.822504301729,10.814957049125,0 107.822568079729,10.814956379125,0 107.822677509729,10.814955448125,0 107.822695634729,10.814955217125,0 107.822723250729,10.814982093125,0 107.822814274729,10.814972184125,0 107.822914529729,10.814971323125,0 107.823032964729,10.814979260125,0 107.823087586729,10.814969721125,0 107.823115072729,10.814987478125,0 107.823251858729,10.814995275125,0 107.823324976729,10.815021620125,0 107.823444280729,10.815110726125,0 107.823562844729,10.815127692125,0 107.823581045729,10.815127551125,0 107.823617577729,10.815136210125,0 107.823763573729,10.815161994125,0 107.823781903729,10.815170792125,0 107.823836636729,10.815179310125,0 107.823936760729,10.815169420125,0 107.823945621729,10.815142264125,0 107.823944958729,10.815070124125,0 107.824053649729,10.814996963125,0 107.824135019729,10.814933041125,0 107.824234350729,10.814841982125,0 107.824306510729,10.814760072125,0 107.824360872729,10.814732475125,0 107.824397164729,10.814714137125,0 107.824424541729,10.814713927125,0 107.824561012729,10.814694637125,0 107.824588443729,10.814703366125,0 107.824606589729,10.814694197125,0 107.824624660729,10.814685028125,0 107.824642881729,10.814675859125,0 107.824651981729,10.814675698125,0 107.824761131729,10.814665738125,0 107.824843185729,10.814665017125,0 107.824851806729,10.814610774125,0 107.824778558729,10.814575400125,0 107.824741972729,10.814557714125,0 107.824759933729,10.814530487125,0 107.824787364729,10.814539215125,0 107.824796519729,10.814548174125,0 107.824896644729,10.814538193125,0 107.824987723729,10.814537402125,0 107.825024015729,10.814518974125,0 107.825033115729,10.814518904125,0 107.825069592729,10.814518623125,0 107.825123715729,10.814464030125,0 107.825168813729,10.814409507125,0 107.825159637729,10.814409577125,0 107.825131912729,10.814364734125,0 107.825158973729,10.814337347125,0 107.825186165729,10.814318989125,0 107.825185556729,10.814255878125,0 107.825176161729,10.814219923125,0 107.825193992729,10.814183668125,0 107.825193568729,10.814138615125,0 107.825211050729,10.814057216125,0 107.825210755729,10.814021191125,0 107.825219541729,10.813994035125,0 107.825219247729,10.813958010125,0 107.825255463729,10.813939582125,0 107.825301115729,10.813939141125,0 107.825337647729,10.813947889125,0 107.825437586729,10.813919941125,0 107.825446687729,10.813919781125,0 107.825501364729,10.813919270125,0 107.825528350729,10.813891882125,0 107.825646696729,10.813872823125,0 107.825774361729,10.813889628125,0 107.825956463729,10.813879015125,0 107.826066242729,10.813923137125,0 107.826104102729,10.814076164125,0 107.826114236729,10.814184258125,0 107.826142811729,10.814319299125,0 107.826143844729,10.814427644125,0 107.826135093729,10.814472767125,0 107.826136182729,10.814590050125,0 107.826137401729,10.814716272125,0 107.826129389729,10.814833716125,0 107.826112092729,10.814933082125,0 107.826112407729,10.814960079125,0 107.826131087729,10.815014020125,0 107.826113311729,10.815059304125,0 107.826077019729,10.815077642125,0 107.826067843729,10.815077712125,0 107.826013241729,10.815078224125,0 107.825912877729,10.815061119125,0 107.825885500729,10.815061419125,0 107.825830638729,10.815043873125,0 107.825830953729,10.815070869125,0 107.825840293729,10.815097885125,0 107.825841012729,10.815179053125,0 107.825841381729,10.815215078125,0 107.825832520729,10.815242325125,0 107.825824029729,10.815305506125,0 107.825833369729,10.815332522125,0 107.825806657729,10.815404872125,0 107.825816017729,10.815422859125,0 107.825770625729,10.815441358125,0 107.825716262729,10.815468865125,0 107.825652724729,10.815496532125,0 107.825626012729,10.815568882125,0 107.825599190729,10.815623265125,0 107.825599559729,10.815659290125,0 107.825618424729,10.815731380125,0 107.825618609729,10.815749437125,0 107.825664850729,10.815821136125,0 107.825655804729,10.815830235125,0 107.825656653729,10.815920432125,0 107.825638986729,10.815983773125,0 107.825585233729,10.816074392125,0 107.825567326729,10.816110647125,0 107.825540744729,10.816192206125,0 107.825531643729,10.816192276125,0 107.825487045729,10.816291853125,0 107.825478054729,10.816309980125,0 107.825451102729,10.816355334125,0 107.825442186729,10.816373462125,0 107.825433695729,10.816436643125,0 107.825443275729,10.816490655125,0 107.825397827729,10.816500125125,0 107.825397772729,10.816491096125,0 107.825416083729,10.816508923125,0 107.825407591729,10.816572285125,0 107.825380400729,10.816590552125,0 107.825270935729,10.816573517125,0 107.825252734729,10.816573657125,0 107.825161839729,10.816592507125,0 107.825143987729,10.816637790125,0 107.825089624729,10.816665388125,0 107.825080449729,10.816665458125,0 107.825044102729,10.816674767125,0 107.825026031729,10.816684026125,0 107.825026086729,10.816692965125,0 107.825008179729,10.816729220125,0 107.824990088729,10.816747417125,0 107.824954110729,10.816792842125,0 107.824954350729,10.816819928125,0 107.824936998729,10.816910265125,0 107.824946577729,10.816964277125,0 107.824974008729,10.816973096125,0 107.825001864729,10.817026968125,0 107.824992873729,10.817045095125,0 107.824892748729,10.817055076125,0 107.824883647729,10.817055146125,0 107.824792568729,10.817055937125,0 107.824737890729,10.817056448125,0 107.824646865729,10.817066359125,0 107.824582902729,10.817048882125,0 107.824509913729,10.817031476125,0 107.824491637729,10.817031706125,0 107.824482482729,10.817022748125,0 107.824491159729,10.816977444125,0 107.824472773729,10.816959617125,0 107.824400024729,10.816969296125,0 107.824400024729,10.816969296125,0 107.824327145729,10.816969948125,0 107.824345401729,10.816978836125,0 107.824336430729,10.816987935125,0 107.824309054729,10.816988145125,0 107.824290908729,10.816997314125,0 107.824291202729,10.817033519125,0 107.824309957729,10.817087461125,0 107.824346544729,10.817105148125,0 107.824383629729,10.817167979125,0 107.824347946729,10.817249427125,0 107.824339455729,10.817312699125,0 107.824367604729,10.817402595125,0 107.824367789729,10.817420653125,0 107.824395145729,10.817429381125,0 107.824468339729,10.817455816125,0 107.824532172729,10.817464264125,0 107.824632297729,10.817454283125,0 107.824705231729,10.817462751125,0 107.824750863729,10.817471339125,0 107.824832733729,10.817452470125,0 107.824887466729,10.817461078125,0 107.824915137729,10.817496893125,0 107.824888554729,10.817578271125,0 107.824861841729,10.817650711125,0 107.824853165729,10.817695835125,0 107.824835463729,10.817741119125,0 107.824808511729,10.817786473125,0 107.824790789729,10.817840696125,0 107.824809599729,10.817903757125,0 107.824809784729,10.817921814125,0 107.824800978729,10.817957999125,0 107.824801217729,10.817984995125,0 107.824811296729,10.818084151125,0 107.824820876729,10.818138163125,0 107.824830455729,10.818192175125,0 107.824867357729,10.818236948125,0 107.824922274729,10.818263523125,0 107.824931560729,10.818281420125,0 107.824950185729,10.818326424125,0 107.825068881729,10.818352418125,0 107.825141890729,10.818360796125,0 107.825159961729,10.818351626125,0 107.825196438729,10.818351256125,0 107.825242201729,10.818368872125,0 107.825306034729,10.818377320125,0 107.825388123729,10.818394656125,0 107.825433755729,10.818403244125,0 107.825515865729,10.818411461125,0 107.825552397729,10.818420209125,0 107.825625276729,10.818419467125,0 107.825607075729,10.818419698125,0 107.825607075729,10.818419698125,0 107.825607630729,10.818473780125,0 107.825662527729,10.818509384125,0 107.825662527729,10.818509384125,0 107.825681282729,10.818563326125,0 107.825681707729,10.818608379125,0 107.825645784729,10.818662832125,0 107.825646023729,10.818689919125,0 107.825637218729,10.818726013125,0 107.825618907729,10.818708187125,0 107.825628117729,10.818726084125,0 107.825646817729,10.818771087125,0 107.825647002729,10.818789145125,0 107.825629020729,10.818825400125,0 107.825601904729,10.818843668125,0 107.825574897729,10.818879993125,0 107.825566036729,10.818907149125,0 107.825512097729,10.818979800125,0 107.825502976729,10.818988899125,0 107.825476099729,10.819034253125,0 107.825384539729,10.818980962125,0 107.825366078729,10.818963135125,0 107.825328773729,10.818864190125,0 107.825282476729,10.818783463125,0 107.825245335729,10.818711603125,0 107.825236105729,10.818702645125,0 107.825199333729,10.818666900125,0 107.825153407729,10.818622198125,0 107.825144251729,10.818613329125,0 107.825125920729,10.818604441125,0 107.825070742729,10.818559898125,0 107.825043332729,10.818542051125,0 107.824988414729,10.818515566125,0 107.824896779729,10.818462275125,0 107.824823421729,10.818408845125,0 107.824795860729,10.818390997125,0 107.824722502729,10.818337476125,0 107.824676630729,10.818301802125,0 107.824621473729,10.818248231125,0 107.824557140729,10.818194729125,0 107.824502038729,10.818150096125,0 107.824456111729,10.818105394125,0 107.824410369729,10.818078748125,0 107.824318605729,10.818016519125,0 107.824263688729,10.817989943125,0 107.824172129729,10.817936653125,0 107.824117081729,10.817901048125,0 107.824062164729,10.817874473125,0 107.824007376729,10.817856926125,0 107.823943304729,10.817821392125,0 107.823879156729,10.817785948125,0 107.823860825729,10.817777060125,0 107.823769212729,10.817714830125,0 107.823723449729,10.817697213125,0 107.823640991729,10.817643852125,0 107.823640991729,10.817643852125,0 107.823604330729,10.817626075125,0 107.823531102729,10.817581673125,0 107.823503486729,10.817554887125,0 107.823485155729,10.817545998125,0 107.823466899729,10.817537200125,0 107.823402751729,10.817501666125,0 107.823384420729,10.817492867125,0 107.823320457729,10.817475391125,0 107.823274825729,10.817466712125,0 107.823229009729,10.817440066125,0 107.823210753729,10.817431178125,0 107.823119598729,10.817432059125,0 107.823037325729,10.817396665125,0 107.822973122729,10.817352192125,0 107.822890534729,10.817289802125,0 107.822808186729,10.817254498125,0 107.822753084729,10.817209865125,0 107.822753084729,10.817209865125,0 107.822652480729,10.817165763125,0 107.822579362729,10.817139327125,0 107.822487913729,10.817104093125,0 107.822396409729,10.817059831125,0 107.822295806729,10.817015548125,0 107.822250044729,10.816997930125,0 107.822185896729,10.816962486125,0 107.822121455729,10.816890927125,0 107.822084444729,10.816828096125,0 107.822001747729,10.816747739125,0 107.821873528729,10.816676760125,0 107.821736078729,10.816596732125,0 107.821598334729,10.816480770125,0 107.821552279729,10.816427038125,0 107.821460297729,10.816328693125,0 107.821432497729,10.816283850125,0 107.821294699729,10.816158768125,0 107.821294275729,10.816113625125,0 107.821383605729,10.815923411125,0 107.821482957729,10.815823325125,0 107.821482827729,10.815814296125,0 107.821509889729,10.815787000125,0 107.821518935729,10.815777901125,0 107.821617734729,10.815623552125,0 107.821662518729,10.815542034125,0 107.821707412729,10.815478483125,0 107.821716533729,10.815469384125,0 107.821716403729,10.815460355125,0 107.821715500729,10.815361129125,0 107.821705238729,10.815243916125,0 107.821686559729,10.815189974125,0 107.821704760729,10.815189744125,0</coordinates></LinearRing></outerBoundaryIs></Polygon></Placemark><Placemark><name>Polygon hoàn công 1411</name><styleUrl>#lot</styleUrl><ExtendedData><Data name="Entity DXF"><value>1411</value></Data><Data name="Diện tích ha"><value>12.320290817260743</value></Data><Data name="Mã Lô"><value>DXF-1411</value></Data></ExtendedData><Polygon><tessellate>1</tessellate><outerBoundaryIs><LinearRing><coordinates>107.816311988729,10.808419294125,0 107.816321013729,10.808419224125,0 107.816321013729,10.808419224125,0 107.816321013729,10.808419224125,0 107.816321013729,10.808419224125,0 107.816321013729,10.808419224125,0 107.816311988729,10.808419294125,0 107.816302867729,10.808428393125,0 107.816303106729,10.808455479125,0 107.816294006729,10.808455549125,0 107.816294136729,10.808464577125,0 107.816285090729,10.808473676125,0 107.816275915729,10.808473746125,0 107.816276099729,10.808491803125,0 107.816267128729,10.808500902125,0 107.816267183729,10.808509931125,0 107.816258083729,10.808510001125,0 107.816258213729,10.808519029125,0 107.816258267729,10.808528058125,0 107.816258267729,10.808528058125,0 107.816249297729,10.808537157125,0 107.816249297729,10.808537157125,0 107.816258322729,10.808536996125,0 107.816258322729,10.808536996125,0 107.816249351729,10.808546185125,0 107.816249351729,10.808546185125,0 107.816249351729,10.808546185125,0 107.816249351729,10.808546185125,0 107.816249351729,10.808546185125,0 107.816249351729,10.808546185125,0 107.816240176729,10.808546255125,0 107.816240176729,10.808546255125,0 107.816231205729,10.808555354125,0 107.816222289729,10.808573481125,0 107.816222528729,10.808600477125,0 107.816222713729,10.808618535125,0 107.816213667729,10.808627633125,0 107.816213667729,10.808627633125,0 107.816213721729,10.808636662125,0 107.816195705729,10.808654859125,0 107.816186714729,10.808672986125,0 107.816177723729,10.808691204125,0 107.816177907729,10.808709261125,0 107.816169046729,10.808736327125,0 107.816160076729,10.808745426125,0 107.816142039729,10.808772652125,0 107.816124023729,10.808790849125,0 107.816106007729,10.808809046125,0 107.816088045729,10.808836272125,0 107.816060799729,10.808845601125,0 107.816051699729,10.808845671125,0 107.816051699729,10.808845671125,0 107.816006122729,10.808846110125,0 107.815997022729,10.808846180125,0 107.815978692729,10.808837291125,0 107.815924146729,10.808846829125,0 107.815896900729,10.808856068125,0 107.815878624729,10.808856298125,0 107.815842223729,10.808856577125,0 107.815787254729,10.808820972125,0 107.815768371729,10.808758091125,0 107.815731308729,10.808686231125,0 107.815694778729,10.808677481125,0 107.815658248729,10.808668732125,0 107.815576325729,10.808678570125,0 107.815521595729,10.808670051125,0 107.815494110729,10.808652203125,0 107.815466496729,10.808625416125,0 107.815456918729,10.808571404125,0 107.815401819729,10.808526770125,0 107.815346979729,10.808500283125,0 107.815328649729,10.808491394125,0 107.815263658729,10.808365752125,0 107.815227019729,10.808339035125,0 107.815208580729,10.808312089125,0 107.815180174729,10.808204044125,0 107.815170467729,10.808141003125,0 107.815160760729,10.808077962125,0 107.815160521729,10.808050876125,0 107.815160228729,10.808014851125,0 107.815150998729,10.808005892125,0 107.815150943729,10.807996863125,0 107.815150814729,10.807987835125,0 107.815132006729,10.807924863125,0 107.815113144729,10.807852954125,0 107.815094630729,10.807826007125,0 107.815030745729,10.807808619125,0 107.814940330729,10.807881548125,0 107.814940330729,10.807881548125,0 107.814904461729,10.807945028125,0 107.814850153729,10.807981562125,0 107.814786800729,10.808027285125,0 107.814796800729,10.808126350125,0 107.814770270729,10.808216757125,0 107.814688055729,10.808190480125,0 107.814678846729,10.808172583125,0 107.814669247729,10.808127509125,0 107.814595287729,10.808010964125,0 107.814530719729,10.807930375125,0 107.814503180729,10.807903589125,0 107.814457495729,10.807885971125,0 107.814430065729,10.807877152125,0 107.814393589729,10.807877521125,0 107.814366104729,10.807859763125,0 107.814319997729,10.807796911125,0 107.814301299729,10.807751997125,0 107.814283098729,10.807752137125,0 107.814264768729,10.807743338125,0 107.814227707729,10.807671478125,0 107.814209268729,10.807644622125,0 107.814172792729,10.807644901125,0 107.814063017729,10.807600866125,0 107.813934933729,10.807538913125,0 107.813852295729,10.807467492125,0 107.813833911729,10.807449574125,0 107.813806296729,10.807422788125,0 107.813787728729,10.807386903125,0 107.813768866729,10.807314812125,0 107.813768866729,10.807314812125,0 107.813795690729,10.807260431125,0 107.813795376729,10.807233435125,0 107.813813045729,10.807170094125,0 107.813794476729,10.807134209125,0 107.813766882729,10.807098394125,0 107.813766882729,10.807098394125,0 107.813766276729,10.807035283125,0 107.813710993729,10.806972591125,0 107.813701600729,10.806936636125,0 107.813692002729,10.806891562125,0 107.813636372729,10.806783817125,0 107.813608410729,10.806711887125,0 107.813589528729,10.806648915125,0 107.813580189729,10.806621989125,0 107.813515752729,10.806550429125,0 107.813506174729,10.806496416125,0 107.813487000729,10.806397240125,0 107.813468084729,10.806316302125,0 107.813467422729,10.806244162125,0 107.813448540729,10.806181191125,0 107.813439147729,10.806145146125,0 107.813439017729,10.806136117125,0 107.813457054729,10.806108891125,0 107.813456816729,10.806081895125,0 107.813483618729,10.806036452125,0 107.813510810729,10.806018185125,0 107.813529030729,10.806009017125,0 107.813592200729,10.805945237125,0 107.813610031729,10.805909072125,0 107.813609663729,10.805872957125,0 107.813627516729,10.805827674125,0 107.813627462729,10.805818645125,0 107.813617993729,10.805782691125,0 107.813635771729,10.805737407125,0 107.813662723729,10.805692145125,0 107.813689178729,10.805601648125,0 107.813688831729,10.805556504125,0 107.813696956729,10.805457209125,0 107.813696717729,10.805430122125,0 107.813741134729,10.805312490125,0 107.813785939729,10.805221944125,0 107.813840117729,10.805176291125,0 107.813866462729,10.805067737125,0 107.813875433729,10.805058638125,0 107.813939024729,10.805040002125,0 107.813975261729,10.805012637125,0 107.813965684729,10.804958624125,0 107.813974470729,10.804931468125,0 107.814065437729,10.804912622125,0 107.814120297729,10.804930171125,0 107.814147727729,10.804938900125,0 107.814239280729,10.804992193125,0 107.814293955729,10.804991684125,0 107.814348761729,10.805000204125,0 107.814421452729,10.804981497125,0 107.814530544729,10.804962512125,0 107.814594449729,10.804970961125,0 107.814639765729,10.804952464125,0 107.814629342729,10.804808255125,0 107.814629158729,10.804790288125,0 107.814627781729,10.804636890125,0 107.814617412729,10.804501619125,0 107.814579375729,10.804330623125,0 107.814570091729,10.804312726125,0 107.814551468729,10.804267722125,0 107.814532476729,10.804186693125,0 107.814532292729,10.804168636125,0 107.814540915729,10.804114484125,0 107.814540438729,10.804060311125,0 107.814576729729,10.804041975125,0 107.814594799729,10.804032806125,0 107.814804271729,10.804021900125,0 107.815004643729,10.804010974125,0 107.815177640729,10.804000437125,0 107.815368966729,10.803998700125,0 107.815551117729,10.803997032125,0 107.815769819729,10.803994994125,0 107.815924595729,10.803993625125,0 107.816061191729,10.803983368125,0 107.816152212729,10.803973550125,0 107.816334623729,10.803989849125,0 107.816398616729,10.804025384125,0 107.816391448729,10.804232844125,0 107.816411470729,10.804422218125,0 107.816395201729,10.804629748125,0 107.816395495729,10.804665862125,0 107.816378803729,10.804828429125,0 107.816371449729,10.805017922125,0 107.816328119729,10.805252838125,0 107.816328358729,10.805279924125,0 107.816319736729,10.805334076125,0 107.816338598729,10.805406076125,0 107.816340474729,10.805604618125,0 107.816342276729,10.805802979125,0 107.816362353729,10.806001201125,0 107.816318947729,10.806236207125,0 107.816311485729,10.806407642125,0 107.816313047729,10.806579098125,0 107.816306063729,10.806804615125,0 107.816326248729,10.807020985125,0 107.816319264729,10.807246502125,0 107.816303363729,10.807490237125,0 107.816323658729,10.807724574125,0 107.816324634729,10.807823890125,0 107.816317574729,10.808049407125,0 107.816309265729,10.808130645125,0 107.816309743729,10.808184727125,0 107.816338606729,10.808355973125,0 107.816338606729,10.808355973125,0 107.816338606729,10.808355973125,0 107.816311988729,10.808419294125,0</coordinates></LinearRing></outerBoundaryIs></Polygon></Placemark><Placemark><name>Polygon hoàn công 1461</name><styleUrl>#lot</styleUrl><ExtendedData><Data name="Entity DXF"><value>1461</value></Data><Data name="Diện tích ha"><value>1.1344126541137696</value></Data><Data name="Mã Lô"><value>DXF-1461</value></Data></ExtendedData><Polygon><tessellate>1</tessellate><outerBoundaryIs><LinearRing><coordinates>107.820678383729,10.821396392125,0 107.820678253729,10.821387363125,0 107.820659922729,10.821378564125,0 107.820677590729,10.821315223125,0 107.820703272729,10.821134619125,0 107.820702664729,10.821071509125,0 107.820720073729,10.820990110125,0 107.820720073729,10.820990110125,0 107.820719779729,10.820953995125,0 107.820727130729,10.820764592125,0 107.820726413729,10.820683424125,0 107.820761859729,10.820574709125,0 107.820761305729,10.820520627125,0 107.820760827729,10.820466545125,0 107.820751173729,10.820412533125,0 107.820777518729,10.820304068125,0 107.820785457729,10.820186715125,0 107.820785217729,10.820159629125,0 107.820784978729,10.820132542125,0 107.820821107729,10.820087119125,0 107.820830133729,10.820087049125,0 107.820839233729,10.820086889125,0 107.820866665729,10.820095707125,0 107.820903142729,10.820095337125,0 107.821039910729,10.820112164125,0 107.821076387729,10.820111794125,0 107.821158497729,10.820120103125,0 107.821331557729,10.820118502125,0 107.821358989729,10.820127320125,0 107.821395391729,10.820126950125,0 107.821404676729,10.820144937125,0 107.821414808729,10.820253122125,0 107.821424756729,10.820343249125,0 107.821425734729,10.820442385125,0 107.821463592729,10.820595503125,0 107.821464863729,10.820730753125,0 107.821484076729,10.820847806125,0 107.821484205729,10.820856835125,0 107.821503439729,10.820964859125,0 107.821505557729,10.821190397125,0 107.821507013729,10.821343705125,0 107.821389088729,10.821407997125,0 107.821252320729,10.821391170125,0 107.821070213729,10.821401869125,0 107.820906177729,10.821403310125,0 107.820742162729,10.821395812125,0 107.820687538729,10.821405350125,0 107.820678383729,10.821396392125,0</coordinates></LinearRing></outerBoundaryIs></Polygon></Placemark><Placemark><name>Polygon hoàn công 1506</name><styleUrl>#lot</styleUrl><ExtendedData><Data name="Entity DXF"><value>1506</value></Data><Data name="Diện tích ha"><value>1.420331378173828</value></Data><Data name="Mã Lô"><value>DXF-1506</value></Data></ExtendedData><Polygon><tessellate>1</tessellate><outerBoundaryIs><LinearRing><coordinates>107.820651668729,10.821468832125,0 107.820651853729,10.821486979125,0 107.820661431729,10.821540991125,0 107.820635824729,10.821721596125,0 107.820647227729,10.821965031125,0 107.820647945729,10.822046199125,0 107.820657708729,10.822118268125,0 107.820668264729,10.822271506125,0 107.820668373729,10.822289564125,0 107.820659826729,10.822343716125,0 107.820523406729,10.822372032125,0 107.820414069729,10.822364024125,0 107.820268418729,10.822383472125,0 107.820186308729,10.822375163125,0 107.820004070729,10.822376833125,0 107.819830954729,10.822369404125,0 107.819648846729,10.822380013125,0 107.819511948729,10.822354246125,0 107.819475176729,10.822318502125,0 107.819456292729,10.822255530125,0 107.819382456729,10.822148016125,0 107.819225827729,10.821968991125,0 107.819179662729,10.821897202125,0 107.819169236729,10.821752993125,0 107.819194660729,10.821554331125,0 107.819240368729,10.821562920125,0 107.819440861729,10.821570139125,0 107.819622838729,10.821550412125,0 107.819686747729,10.821558861125,0 107.819777220729,10.821494960125,0 107.819840706729,10.821458175125,0 107.819858907729,10.821458035125,0 107.819877053729,10.821448866125,0 107.819949988729,10.821457155125,0 107.819968319729,10.821466044125,0 107.819977604729,10.821483941125,0 107.820050538729,10.821492410125,0 107.820196113729,10.821472962125,0 107.820396736729,10.821489300125,0 107.820487817729,10.821488419125,0 107.820642807729,10.821496078125,0 107.820651853729,10.821486979125,0 107.820651668729,10.821468832125,0</coordinates></LinearRing></outerBoundaryIs></Polygon></Placemark><Placemark><name>Polygon hoàn công 1530</name><styleUrl>#lot</styleUrl><ExtendedData><Data name="Entity DXF"><value>1530</value></Data><Data name="Diện tích ha"><value>0.5765265089035034</value></Data><Data name="Mã Lô"><value>DXF-1530</value></Data></ExtendedData><Polygon><tessellate>1</tessellate><outerBoundaryIs><LinearRing><coordinates>107.811002371729,10.818462702125,0 107.811011526729,10.818471661125,0 107.811038957729,10.818480481125,0 107.811239393729,10.818478586125,0 107.811321481729,10.818495926125,0 107.811331133729,10.818549938125,0 107.811369538729,10.818757049125,0 107.811416014729,10.818855836125,0 107.811406914729,10.818855906125,0 107.811418418729,10.819117398125,0 107.811419024729,10.819180599125,0 107.811429739729,10.819360923125,0 107.811457776729,10.819432854125,0 107.811496896729,10.819721042125,0 107.811360422729,10.819740326125,0 107.811012721729,10.819581180125,0 107.811027361729,10.819202195125,0 107.810998425729,10.819031039125,0 107.810997234729,10.818895699125,0 107.811020443729,10.818453444125,0 107.811020443729,10.818453444125,0 107.811002371729,10.818462702125,0</coordinates></LinearRing></outerBoundaryIs></Polygon></Placemark><Placemark><name>Polygon hoàn công 1531</name><styleUrl>#lot</styleUrl><ExtendedData><Data name="Entity DXF"><value>1531</value></Data><Data name="Diện tích ha"><value>13.632975708007812</value></Data><Data name="Mã Lô"><value>DXF-1531</value></Data></ExtendedData><Polygon><tessellate>1</tessellate><outerBoundaryIs><LinearRing><coordinates>107.816397568729,10.808815478125,0 107.816443144729,10.808815038125,0 107.816597758729,10.808786584125,0 107.816634105729,10.808777185125,0 107.816743382729,10.808776256125,0 107.816843580729,10.808766278125,0 107.816870880729,10.808766068125,0 107.816916641729,10.808783686125,0 107.817053294729,10.808782457125,0 107.817171487729,10.808763310125,0 107.817308086729,10.808753052125,0 107.817453730729,10.808733696125,0 107.817517506729,10.808733116125,0 107.817654030729,10.808722858125,0 107.817799729729,10.808712440125,0 107.817827029729,10.808712230125,0 107.817954528729,10.808702042125,0 107.817991058729,10.808710701125,0 107.818100335729,10.808709771125,0 107.818127711729,10.808709471125,0 107.818309736729,10.808698773125,0 107.818464849729,10.808715461125,0 107.818537595729,10.808705783125,0 107.818710725729,10.808704183125,0 107.818847323729,10.808693924125,0 107.818856423729,10.808693854125,0 107.818901685729,10.808666328125,0 107.819147397729,10.808627963125,0 107.819338652729,10.808626223125,0 107.819447820729,10.808607146125,0 107.819466020729,10.808607006125,0 107.819639259729,10.808623463125,0 107.819711951729,10.808604755125,0 107.819748427729,10.808604475125,0 107.819875611729,10.808567200125,0 107.819865663729,10.808477073125,0 107.819837625729,10.808405233125,0 107.819828600729,10.808405304125,0 107.819819076729,10.808360320125,0 107.819818229729,10.808270123125,0 107.819790136729,10.808189074125,0 107.819790136729,10.808189074125,0 107.819762576729,10.808171317125,0 107.819762043729,10.808108206125,0 107.819752519729,10.808063132125,0 107.819743419729,10.808063293125,0 107.819697050729,10.807982474125,0 107.819660281729,10.807946729125,0 107.819632372729,10.807883919125,0 107.819632372729,10.807883919125,0 107.819586632729,10.807857273125,0 107.819523095729,10.807884849125,0 107.819468473729,10.807894387125,0 107.819422973729,10.807894828125,0 107.819377396729,10.807895268125,0 107.819358957729,10.807868322125,0 107.819348825729,10.807760227125,0 107.819348825729,10.807760227125,0 107.819293910729,10.807733561125,0 107.819275526729,10.807715734125,0 107.819229526729,10.807671030125,0 107.819201727729,10.807626186125,0 107.819201249729,10.807572104125,0 107.819164056729,10.807491216125,0 107.819164056729,10.807491216125,0 107.819081547729,10.807428825125,0 107.819053932729,10.807402039125,0 107.819044408729,10.807357055125,0 107.818989070729,10.807285335125,0 107.818979546729,10.807240262125,0 107.818988223729,10.807195138125,0 107.818969729729,10.807159254125,0 107.818959945729,10.807096212125,0 107.818941636729,10.807078295125,0 107.818950736729,10.807078225125,0 107.818950606729,10.807069196125,0 107.818941083729,10.807024213125,0 107.818931928729,10.807015254125,0 107.818922274729,10.806961242125,0 107.818903651729,10.806916328125,0 107.818893813729,10.806844168125,0 107.818902087729,10.806744873125,0 107.818919734729,10.806690560125,0 107.818928301729,10.806627379125,0 107.818928246729,10.806618351125,0 107.818936445729,10.806519055125,0 107.818890316729,10.806465413125,0 107.818890261729,10.806456384125,0 107.818816299729,10.806339751125,0 107.818760722729,10.806241035125,0 107.818769767729,10.806231936125,0 107.818805321729,10.806141369125,0 107.818813813729,10.806078188125,0 107.818813041729,10.805987901125,0 107.818813041729,10.805987901125,0 107.818721781729,10.805970723125,0 107.818630390729,10.805944517125,0 107.818621181729,10.805926530125,0 107.818611104729,10.805827374125,0 107.818692841729,10.805799568125,0 107.818738287729,10.805790189125,0 107.818747203729,10.805772062125,0 107.818700910729,10.805691333125,0 107.818682286729,10.805646420125,0 107.818673186729,10.805646490125,0 107.818681917729,10.805610305125,0 107.818691038729,10.805601206125,0 107.818690908729,10.805592177125,0 107.818709108729,10.805592038125,0 107.818700008729,10.805592108125,0 107.818672394729,10.805565321125,0 107.818644964729,10.805556502125,0 107.818572163729,10.805557243125,0 107.818544788729,10.805557453125,0 107.818498734729,10.805503630125,0 107.818498734729,10.805503630125,0 107.818462095729,10.805476914125,0 107.818443635729,10.805459086125,0 107.818397711729,10.805414383125,0 107.818351309729,10.805315597125,0 107.818287404729,10.805307148125,0 107.818241828729,10.805307588125,0 107.818223573729,10.805298699125,0 107.818214528729,10.805307798125,0 107.818205352729,10.805307958125,0 107.818150882729,10.805317406125,0 107.818132183729,10.805272493125,0 107.818104698729,10.805254735125,0 107.818077139729,10.805236978125,0 107.818022245729,10.805201373125,0 107.817994924729,10.805210611125,0 107.817949239729,10.805192994125,0 107.817949184729,10.805183965125,0 107.817948153729,10.805075711125,0 107.817919877729,10.804976695125,0 107.817909985729,10.804895686125,0 107.817909930729,10.804886658125,0 107.817945928729,10.804832206125,0 107.817972913729,10.804804909125,0 107.818027589729,10.804804400125,0 107.818018564729,10.804804470125,0 107.818027719729,10.804813428125,0 107.818027589729,10.804804400125,0 107.818018619729,10.804813498125,0 107.818018435729,10.804795441125,0 107.818036505729,10.804786272125,0 107.818063641729,10.804758976125,0 107.818017588729,10.804705244125,0 107.818008303729,10.804687346125,0 107.817925959729,10.804651861125,0 107.817888896729,10.804580091125,0 107.817851998729,10.804535318125,0 107.817832951729,10.804445351125,0 107.817832951729,10.804445351125,0 107.817868504729,10.804354783125,0 107.817877625729,10.804345685125,0 107.817913732729,10.804309290125,0 107.817931563729,10.804273035125,0 107.817894794729,10.804237290125,0 107.817849294729,10.804237730125,0 107.817830780729,10.804210784125,0 107.817875324729,10.804102090125,0 107.817884185729,10.804075024125,0 107.817856516729,10.804039118125,0 107.817764703729,10.803967859125,0 107.817663920729,10.803905607125,0 107.817636565729,10.803896879125,0 107.817518299729,10.803915935125,0 107.817500078729,10.803925194125,0 107.817372602729,10.803926354125,0 107.817244942729,10.803909456125,0 107.817171937729,10.803901076125,0 107.817080731729,10.803892927125,0 107.817080731729,10.803892927125,0 107.817053431729,10.803893137125,0 107.817017086729,10.803902536125,0 107.816935110729,10.803903255125,0 107.816880435729,10.803903765125,0 107.816816844729,10.803922402125,0 107.816780976729,10.803985792125,0 107.816772060729,10.804003920125,0 107.816755000729,10.804130371125,0 107.816755348729,10.804175425125,0 107.816710878729,10.804284209125,0 107.816710933729,10.804293238125,0 107.816546852729,10.804285648125,0 107.816428401729,10.804286737125,0 107.816410330729,10.804295906125,0 107.816420038729,10.804358947125,0 107.816412023729,10.804476300125,0 107.816404172729,10.804620649125,0 107.816405311729,10.804747051125,0 107.816405625729,10.804774047125,0 107.816388694729,10.804909528125,0 107.816389964729,10.805044778125,0 107.816381526729,10.805116988125,0 107.816373435729,10.805234431125,0 107.816373913729,10.805288513125,0 107.816366082729,10.805423924125,0 107.816358435729,10.805577392125,0 107.816359043729,10.805640503125,0 107.816351267729,10.805784852125,0 107.816389121729,10.805937880125,0 107.816408222729,10.806036966125,0 107.816399067729,10.806028008125,0 107.816408222729,10.806036966125,0 107.816408167729,10.806027938125,0 107.816399012729,10.806018979125,0 107.816416953729,10.806000691125,0 107.816398883729,10.806009950125,0 107.816407928729,10.806000851125,0 107.816399012729,10.806018979125,0 107.816417137729,10.806018839125,0 107.816389783729,10.806010020125,0 107.816345531729,10.806154829125,0 107.816356583729,10.806353121125,0 107.816321540729,10.806515827125,0 107.816303947729,10.806579168125,0 107.816304316729,10.806615193125,0 107.816323655729,10.806741274125,0 107.816333731729,10.806840431125,0 107.816325641729,10.806957874125,0 107.816299078729,10.807030223125,0 107.816346803729,10.807273288125,0 107.816320642729,10.807399900125,0 107.816312333729,10.807481139125,0 107.816341879729,10.807715405125,0 107.816343387729,10.807877832125,0 107.816334505729,10.807913927125,0 107.816345134729,10.808067165125,0 107.816327043729,10.808085362125,0 107.816346458729,10.808211444125,0 107.816365613729,10.808319649125,0 107.816367067729,10.808472957125,0 107.816414042729,10.808616796125,0 107.816423197729,10.808625755125,0 107.816413912729,10.808607768125,0 107.816397568729,10.808815478125,0</coordinates></LinearRing></outerBoundaryIs></Polygon></Placemark><Placemark><name>Polygon hoàn công 1532</name><styleUrl>#lot</styleUrl><ExtendedData><Data name="Entity DXF"><value>1532</value></Data><Data name="Diện tích ha"><value>12.754087145996094</value></Data><Data name="Mã Lô"><value>DXF-1532</value></Data></ExtendedData><Polygon><tessellate>1</tessellate><outerBoundaryIs><LinearRing><coordinates>107.811459908729,10.804927342125,0 107.811469853729,10.805017379125,0 107.811461836729,10.805134732125,0 107.811525611729,10.805134153125,0 107.811617478729,10.805214534125,0 107.811600047729,10.805304961125,0 107.811591315729,10.805341055125,0 107.811582269729,10.805350154125,0 107.811573408729,10.805377310125,0 107.811564546729,10.805404465125,0 107.811592160729,10.805431252125,0 107.811611075729,10.805512281125,0 107.811666357729,10.805574883125,0 107.811857684729,10.805573148125,0 107.811921515729,10.805581598125,0 107.812003490729,10.805580880125,0 107.812075998729,10.805544116125,0 107.812157334729,10.805462230125,0 107.812275049729,10.805389003125,0 107.812311395729,10.805379605125,0 107.812348293729,10.805424379125,0 107.812339486729,10.805460564125,0 107.812304939729,10.805668413125,0 107.812214578729,10.805750370125,0 107.812059856729,10.805760765125,0 107.811878235729,10.805825542125,0 107.811778038729,10.805835518125,0 107.811714208729,10.805827068125,0 107.811650323729,10.805809589125,0 107.811531817729,10.805801647125,0 107.811433310729,10.805991927125,0 107.811398783729,10.806190748125,0 107.811382967729,10.806461478125,0 107.811375978729,10.806687176125,0 107.811433318729,10.806966287125,0 107.811580923729,10.807172381125,0 107.811599437729,10.807199237125,0 107.811664773729,10.807370024125,0 107.811702699729,10.807523143125,0 107.811704075729,10.807676451125,0 107.811669180729,10.807839157125,0 107.811651804729,10.807938522125,0 107.811652226729,10.807983665125,0 107.811616303729,10.808038026125,0 107.811589533729,10.808101437125,0 107.811562471729,10.808128732125,0 107.811526786729,10.808210270125,0 107.811481155729,10.808201680125,0 107.811453909729,10.808210918125,0 107.811362226729,10.808148595125,0 107.811371034729,10.808112410125,0 107.811361565729,10.808076455125,0 107.811360829729,10.808004315125,0 107.811405506729,10.807904741125,0 107.811486768729,10.807822674125,0 107.811413047729,10.807733216125,0 107.811385433729,10.807706339125,0 107.811311841729,10.807625909125,0 107.811174160729,10.807518881125,0 107.811164931729,10.807509922125,0 107.811118824729,10.807447250125,0 107.811081211729,10.807321217125,0 107.811081027729,10.807303160125,0 107.811062404729,10.807258246125,0 107.810998335729,10.807222800125,0 107.810961621729,10.807196083125,0 107.810934137729,10.807178234125,0 107.810906523729,10.807151447125,0 107.810897184729,10.807124521125,0 107.810869646729,10.807097644125,0 107.810860048729,10.807052661125,0 107.810813757729,10.806971931125,0 107.810786035729,10.806926997125,0 107.810739506729,10.806819181125,0 107.810693399729,10.806756509125,0 107.810674756729,10.806720534125,0 107.810665179729,10.806666521125,0 107.810655711729,10.806630567125,0 107.810655473729,10.806603480125,0 107.810600320729,10.806549907125,0 107.810536068729,10.806496223125,0 107.810517609729,10.806478395125,0 107.810461925729,10.806361620125,0 107.810424789729,10.806289850125,0 107.810405745729,10.806199792125,0 107.810459576729,10.806109177125,0 107.810440163729,10.805983004125,0 107.810439741729,10.805937861125,0 107.810448419729,10.805892738125,0 107.810412019729,10.805893017125,0 107.810375121729,10.805848242125,0 107.810301346729,10.805749755125,0 107.810209426729,10.805660345125,0 107.810163320729,10.805597583125,0 107.810144915729,10.805588693125,0 107.810081344729,10.805598300125,0 107.810063014729,10.805589501125,0 107.810035584729,10.805580681125,0 107.809943534729,10.805482333125,0 107.809870420729,10.805455895125,0 107.809778630729,10.805375604125,0 107.809668911729,10.805340506125,0 107.809568183729,10.805287281125,0 107.809503563729,10.805197752125,0 107.809466557729,10.805134830125,0 107.809383737729,10.805045350125,0 107.809355647729,10.804964481125,0 107.809328218729,10.804955662125,0 107.809291450729,10.804919916125,0 107.809199584729,10.804839625125,0 107.809107556729,10.804732157125,0 107.809070897729,10.804714469125,0 107.808942631729,10.804634457125,0 107.808933218729,10.804607440125,0 107.808932135729,10.804490247125,0 107.808939752729,10.804318812125,0 107.808939385729,10.804282607125,0 107.808966079729,10.804219287125,0 107.808946742729,10.804093115125,0 107.808937404729,10.804066189125,0 107.808918046729,10.803949135125,0 107.808899003729,10.803858987125,0 107.808871464729,10.803832200125,0 107.808834036729,10.803724315125,0 107.808841687729,10.803570937125,0 107.808895647729,10.803489261125,0 107.808839761729,10.803363367125,0 107.808847411729,10.803209989125,0 107.808955366729,10.803064694125,0 107.808927719729,10.803019850125,0 107.808845430729,10.802993571125,0 107.808745364729,10.803012485125,0 107.808663940729,10.803067375125,0 107.808518114729,10.803068670125,0 107.808426985729,10.803060518125,0 107.808307745729,10.802980346125,0 107.808252172729,10.802881628125,0 107.808196068729,10.802719800125,0 107.808122349729,10.802630250125,0 107.808131027729,10.802585127125,0 107.808157007729,10.802440459125,0 107.808192271729,10.802313868125,0 107.808346461729,10.802240364125,0 107.808500651729,10.802166770125,0 107.808544960729,10.802030990125,0 107.808471479729,10.801968527125,0 107.808425135729,10.801878769125,0 107.808324961729,10.801879716125,0 107.808252086729,10.801880363125,0 107.808251956729,10.801871334125,0 107.808261056729,10.801871265125,0 107.808252086729,10.801880363125,0 107.808242965729,10.801889461125,0 107.808233994729,10.801898560125,0 107.808142552729,10.801863322125,0 107.808105839729,10.801836605125,0 107.808068833729,10.801773772125,0 107.808104281729,10.801665240125,0 107.808113088729,10.801628965125,0 107.808103675729,10.801602038125,0 107.808085183729,10.801566063125,0 107.807983742729,10.801431759125,0 107.807991815729,10.801323435125,0 107.807963120729,10.801179275125,0 107.807953782729,10.801152349125,0 107.807944206729,10.801098336125,0 107.807925454729,10.801044393125,0 107.807851790729,10.800963872125,0 107.807824123729,10.800928057125,0 107.807732681729,10.800892819125,0 107.807713950729,10.800829847125,0 107.807712556729,10.800685478125,0 107.807729619729,10.800559027125,0 107.807774718729,10.800504506125,0 107.807920705729,10.800530207125,0 107.808003469729,10.800610659125,0 107.808022199729,10.800673630125,0 107.808077664729,10.800754290125,0 107.808114853729,10.800835180125,0 107.808142942729,10.800916139125,0 107.808270546729,10.800924012125,0 107.808397782729,10.800895770125,0 107.808434073729,10.800877434125,0 107.808461319729,10.800868106125,0 107.808497480729,10.800840741125,0 107.808524617729,10.800813446125,0 107.808570430729,10.800840094125,0 107.808625452729,10.800884639125,0 107.808671578729,10.800938373125,0 107.808835874729,10.800981991125,0 107.808928106729,10.801098397125,0 107.808928344729,10.801125483125,0 107.809019971729,10.801178688125,0 107.809139243729,10.801276918125,0 107.809157702729,10.801294836125,0 107.809194232729,10.801303496125,0 107.809212745729,10.801330352125,0 107.809285912729,10.801365820125,0 107.809322441729,10.801374479125,0 107.809495913729,10.801418028125,0 107.809514188729,10.801417798125,0 107.809559450729,10.801390364125,0 107.809613886729,10.801362859125,0 107.809722446729,10.801280674125,0 107.809858544729,10.801225276125,0 107.809922319729,10.801224698125,0 107.810104543729,10.801223033125,0 107.810141018729,10.801222754125,0 107.810195986729,10.801258360125,0 107.810278090729,10.801266581125,0 107.810369457729,10.801301818125,0 107.810405748729,10.801283482125,0 107.810515575729,10.801336547125,0 107.810562049729,10.801435334125,0 107.810589771729,10.801480178125,0 107.810499357729,10.801553195125,0 107.810454388729,10.801616745125,0 107.810409289729,10.801671356125,0 107.810400741729,10.801725508125,0 107.810400925729,10.801743565125,0 107.810282898729,10.801789706125,0 107.810165530729,10.801908076125,0 107.810057154729,10.802008228125,0 107.809984518729,10.802035962125,0 107.809847391729,10.801983106125,0 107.809700906729,10.801912262125,0 107.809637131729,10.801912840125,0 107.809628106729,10.801912910125,0 107.809583981729,10.802066657125,0 107.809602712729,10.802129718125,0 107.809639848729,10.802201489125,0 107.809685899729,10.802255222125,0 107.809695183729,10.802273210125,0 107.809759326729,10.802308657125,0 107.809814164729,10.802335234125,0 107.809896452729,10.802361513125,0 107.809923882729,10.802370332125,0 107.809960411729,10.802378992125,0 107.810042917729,10.802441385125,0 107.810052276729,10.802459373125,0 107.810071007729,10.802522254125,0 107.810171495729,10.802548574125,0 107.810244847729,10.802602008125,0 107.810254077729,10.802610876125,0 107.810281983729,10.802673778125,0 107.810273121729,10.802700934125,0 107.810291505729,10.802718762125,0 107.810328641729,10.802790623125,0 107.810329356729,10.802871791125,0 107.810275947729,10.803007640125,0 107.810248940729,10.803043964125,0 107.810176909729,10.803134809125,0 107.810169021729,10.803261100125,0 107.810169368729,10.803306244125,0 107.810115061729,10.803342777125,0 107.810134657729,10.803487007125,0 107.810189679729,10.803531642125,0 107.810217531729,10.803585515125,0 107.810300113729,10.803647818125,0 107.810400894729,10.803710072125,0 107.810428671729,10.803763944125,0 107.810493107729,10.803835506125,0 107.810548334729,10.803889170125,0 107.810649115729,10.803951423125,0 107.810722597729,10.804013886125,0 107.810787087729,10.804094476125,0 107.810833194729,10.804157148125,0 107.810897208729,10.804183656125,0 107.811043511729,10.804236442125,0 107.811134640729,10.804244683125,0 107.811226268729,10.804297977125,0 107.811290650729,10.804360600125,0 107.811327602729,10.804414313125,0 107.811337492729,10.804495411125,0 107.811337622729,10.804504440125,0 107.811328869729,10.804549653125,0 107.811338337729,10.804585608125,0 107.811330245729,10.804702961125,0 107.811330797729,10.804757134125,0 107.811358758729,10.804828974125,0 107.811459908729,10.804927342125,0</coordinates></LinearRing></outerBoundaryIs></Polygon></Placemark><Placemark><name>Polygon hoàn công 1533</name><styleUrl>#lot</styleUrl><ExtendedData><Data name="Entity DXF"><value>1533</value></Data><Data name="Diện tích ha"><value>1.5566004943847656</value></Data><Data name="Mã Lô"><value>DXF-1533</value></Data></ExtendedData><Polygon><tessellate>1</tessellate><outerBoundaryIs><LinearRing><coordinates>107.810035805729,10.806591066125,0 107.810036833729,10.806699320125,0 107.810037201729,10.806735345125,0 107.810083784729,10.806852189125,0 107.810112112729,10.806960234125,0 107.810176679729,10.807040824125,0 107.810304469729,10.807066754125,0 107.810378005729,10.807138246125,0 107.810387528729,10.807183229125,0 107.810396996729,10.807219184125,0 107.810342612729,10.807255808125,0 107.810297112729,10.807256247125,0 107.810196935729,10.807257104125,0 107.810096629729,10.807249022125,0 107.809996377729,10.807249879125,0 107.809977993729,10.807232051125,0 107.809950509729,10.807214293125,0 107.809932179729,10.807205404125,0 107.809813618729,10.807188433125,0 107.809777088729,10.807179773125,0 107.809695058729,10.807171462125,0 107.809612822729,10.807154212125,0 107.809512646729,10.807155069125,0 107.809403001729,10.807120061125,0 107.809393880729,10.807129159125,0 107.809348196729,10.807111540125,0 107.809266349729,10.807121287125,0 107.809156813729,10.807104246125,0 107.809147530729,10.807086258125,0 107.809101845729,10.807068639125,0 107.809000824729,10.806979389125,0 107.808954936729,10.806952651125,0 107.808853309729,10.806800290125,0 107.808798049729,10.806728569125,0 107.808734089729,10.806711179125,0 107.808715759729,10.806702290125,0 107.808515039729,10.806668069125,0 107.808442033729,10.806659687125,0 107.808414549729,10.806641929125,0 107.808323602729,10.806651745125,0 107.808195921729,10.806643871125,0 107.808031070729,10.806546170125,0 107.807930343729,10.806492854125,0 107.807920454729,10.806411755125,0 107.807938599729,10.806402587125,0 107.808011530729,10.806410969125,0 107.808193941729,10.806427363125,0 107.808358077729,10.806443896125,0 107.808522159729,10.806451400125,0 107.808677065729,10.806459064125,0 107.808695211729,10.806449896125,0 107.808757667729,10.806304949125,0 107.808757374729,10.806268924125,0 107.808746565729,10.806097628125,0 107.808764419729,10.806052255125,0 107.808855441729,10.806042440125,0 107.808919346729,10.806050891125,0 107.808983339729,10.806086518125,0 107.809038328729,10.806113005125,0 107.809156780729,10.806111919125,0 107.809202409729,10.806120600125,0 107.809293486729,10.806119722125,0 107.809321045729,10.806137481125,0 107.809412522729,10.806190775125,0 107.809421881729,10.806208763125,0 107.809450264729,10.806325747125,0 107.809469254729,10.806406776125,0 107.809514993729,10.806433423125,0 107.809615299729,10.806441505125,0 107.809697404729,10.806449726125,0 107.809724964729,10.806467575125,0 107.809779748729,10.806485124125,0 107.809816149729,10.806484754125,0 107.809861670729,10.806475377125,0 107.809925630729,10.806492767125,0 107.810008082729,10.806546221125,0 107.810026412729,10.806555111125,0 107.810035805729,10.806591066125,0</coordinates></LinearRing></outerBoundaryIs></Polygon></Placemark><Placemark><name>Polygon hoàn công 1534</name><styleUrl>#lot</styleUrl><ExtendedData><Data name="Entity DXF"><value>1534</value></Data><Data name="Diện tích ha"><value>1.3938507804870606</value></Data><Data name="Mã Lô"><value>DXF-1534</value></Data></ExtendedData><Polygon><tessellate>1</tessellate><outerBoundaryIs><LinearRing><coordinates>107.801396047729,10.800372794125,0 107.801505925729,10.800435071125,0 107.801725552729,10.800550325125,0 107.801890418729,10.800639001125,0 107.802055155729,10.800718738125,0 107.802192754729,10.800825770125,0 107.802247742729,10.800852349125,0 107.802275463729,10.800897194125,0 107.802394020729,10.800914168125,0 107.802412166729,10.800904910125,0 107.802439304729,10.800877615125,0 107.802466236729,10.800841292125,0 107.802493428729,10.800823026125,0 107.802546894729,10.800696207125,0 107.802564510729,10.800623929125,0 107.802600251729,10.800551421125,0 107.802617792729,10.800479143125,0 107.802626525729,10.800442958125,0 107.802634858729,10.800352602125,0 107.802688690729,10.800261897125,0 107.802688561729,10.800252869125,0 107.802724010729,10.800144336125,0 107.802732581729,10.800081156125,0 107.802768926729,10.800071759125,0 107.802777367729,10.799999550125,0 107.802776946729,10.799954497125,0 107.802794854729,10.799918153125,0 107.802803716729,10.799890997125,0 107.802821603729,10.799863772125,0 107.802848503729,10.799809391125,0 107.802829644729,10.799737481125,0 107.802683108729,10.799657605125,0 107.802509034729,10.799550942125,0 107.802463167729,10.799515265125,0 107.802426455729,10.799488457125,0 107.802216986729,10.799499445125,0 107.802108242729,10.799563570125,0 107.802090226729,10.799581766125,0 107.802036393729,10.799672470125,0 107.801982377729,10.799745117125,0 107.801847283729,10.799917704125,0 107.801793472729,10.799999470125,0 107.801721235729,10.800081284125,0 107.801694248729,10.800108578125,0 107.801621773729,10.800163306125,0 107.801458721729,10.800264053125,0 107.801313997729,10.800373599125,0 107.801323280729,10.800391587125,0 107.801396047729,10.800372794125,0</coordinates></LinearRing></outerBoundaryIs></Polygon></Placemark><Placemark><name>Polygon hoàn công 1535</name><styleUrl>#lot</styleUrl><ExtendedData><Data name="Entity DXF"><value>1535</value></Data><Data name="Diện tích ha"><value>13.146667098999023</value></Data><Data name="Mã Lô"><value>DXF-1535</value></Data></ExtendedData><Polygon><tessellate>1</tessellate><outerBoundaryIs><LinearRing><coordinates>107.802321650729,10.798993274125,0 107.802303029729,10.798948359125,0 107.802303029729,10.798948359125,0 107.802256979729,10.798894625125,0 107.801807613729,10.798582926125,0 107.801752063729,10.798475270125,0 107.801440425729,10.798279632125,0 107.801174254729,10.798065498125,0 107.801101068729,10.798039148125,0 107.800716890729,10.797862213125,0 107.800316047729,10.797865809125,0 107.799933274729,10.797860238125,0 107.799669682729,10.797925813125,0 107.799415794729,10.798054339125,0 107.799324591729,10.798046184125,0 107.799233388729,10.798037940125,0 107.799178735729,10.798029418125,0 107.799178606729,10.798020389125,0 107.799151490729,10.798038745125,0 107.799169431729,10.798020549125,0 107.799186865729,10.797930123125,0 107.799249452729,10.797794297125,0 107.799311781729,10.797640323125,0 107.799347231729,10.797531791125,0 107.799374293729,10.797504497125,0 107.799382077729,10.797360148125,0 107.799244351729,10.797243997125,0 107.799152490729,10.797163703125,0 107.799025234729,10.797200879125,0 107.798962959729,10.797363882125,0 107.798843325729,10.797229624125,0 107.798843271729,10.797220596125,0 107.798814947729,10.797112640125,0 107.798778052729,10.797067864125,0 107.798650925729,10.797114069125,0 107.798532606729,10.797124180125,0 107.798523507729,10.797124250125,0 107.798469016729,10.797142814125,0 107.798405846729,10.797206500125,0 107.798306805729,10.797333755125,0 107.798244292729,10.797469581125,0 107.798226621729,10.797532921125,0 107.798163796729,10.797641661125,0 107.798136680729,10.797660017125,0 107.798109855729,10.797714307125,0 107.798137521729,10.797750123125,0 107.798010576729,10.797814566125,0 107.797820387729,10.797942515125,0 107.797748957729,10.798096467125,0 107.797739912729,10.798105565125,0 107.797721895729,10.798123761125,0 107.797693680729,10.798033863125,0 107.797692656729,10.797925608125,0 107.797746381729,10.797816938125,0 107.797844290729,10.797563372125,0 107.797878296729,10.797301442125,0 107.797912302729,10.797039603125,0 107.797855764729,10.796841568125,0 107.797855106729,10.796769428125,0 107.797863677729,10.796706249125,0 107.797890610729,10.796669925125,0 107.797962297729,10.796534030125,0 107.797932896729,10.796308701125,0 107.797867441729,10.796128883125,0 107.797930028729,10.795993058125,0 107.797965824729,10.795929489125,0 107.798019840729,10.795856843125,0 107.798064444729,10.795757271125,0 107.798154222729,10.795603089125,0 107.798235592729,10.795539173125,0 107.798280487729,10.795475625125,0 107.798333899729,10.795339869125,0 107.798314934729,10.795249811125,0 107.798359537729,10.795150238125,0 107.798350017729,10.795105164125,0 107.798450264729,10.795104311125,0 107.798505338729,10.795157886125,0 107.798560140729,10.795166409125,0 107.798578157729,10.795148212125,0 107.798605273729,10.795129947125,0 107.798623493729,10.795120779125,0 107.798632410729,10.795102652125,0 107.798768507729,10.795047168125,0 107.798777552729,10.795038070125,0 107.798795460729,10.795001907125,0 107.798813606729,10.794992649125,0 107.798977843729,10.795027244125,0 107.799051029729,10.795053685125,0 107.799234090729,10.795142314125,0 107.799261573729,10.795160073125,0 107.799271147729,10.795214085125,0 107.799189724729,10.795268972125,0 107.799172053729,10.795332222125,0 107.799173553729,10.795494558125,0 107.799264205729,10.795448720125,0 107.799355169729,10.795429789125,0 107.799455471729,10.795437964125,0 107.799519244729,10.795437388125,0 107.799628700729,10.795454431125,0 107.799702598729,10.795562040125,0 107.799703439729,10.795652237125,0 107.799841273729,10.795786265125,0 107.799951937729,10.795929621125,0 107.799999194729,10.796109577125,0 107.800008348729,10.796118537125,0 107.800045113729,10.796154284125,0 107.800072596729,10.796172133125,0 107.800109491729,10.796216818125,0 107.800146494729,10.796279651125,0 107.800229072729,10.796342047125,0 107.800385181729,10.796476026125,0 107.800403564729,10.796493855125,0 107.800513991729,10.796610124125,0 107.800624105729,10.796699307125,0 107.800807406729,10.796814930125,0 107.800825789729,10.796832759125,0 107.800926803729,10.796922101125,0 107.801009272729,10.796966530125,0 107.801054772729,10.796966092125,0 107.801073101729,10.796974892125,0 107.801255851729,10.797036433125,0 107.801265210729,10.797054331125,0 107.801301792729,10.797072110125,0 107.801357104729,10.797152771125,0 107.801393870729,10.797188518125,0 107.801567359729,10.797222952125,0 107.801576588729,10.797231912125,0 107.801740481729,10.797221452125,0 107.801977118729,10.797201227125,0 107.802141140729,10.797199796125,0 107.802205097729,10.797217186125,0 107.802232376729,10.797226006125,0 107.802296041729,10.797207372125,0 107.802468980729,10.797187814125,0 107.802632635729,10.797150178125,0 107.802704904729,10.797086421125,0 107.802703111729,10.796888060125,0 107.802637782729,10.796717181125,0 107.802619140729,10.796681295125,0 107.802572507729,10.796555422125,0 107.802516624729,10.796429617125,0 107.802442304729,10.796276865125,0 107.802496740729,10.796249362125,0 107.802615242729,10.796257307125,0 107.802660946729,10.796265898125,0 107.802697345729,10.796265620125,0 107.802815663729,10.796255507125,0 107.802870153729,10.796236942125,0 107.802924903729,10.796236435125,0 107.803024233729,10.796145383125,0 107.803069310729,10.796099892125,0 107.803105180729,10.796036413125,0 107.803150020729,10.795963836125,0 107.803195302729,10.795927283125,0 107.803231647729,10.795917886125,0 107.803322979729,10.795935158125,0 107.803386969729,10.795970696125,0 107.803361301729,10.796142360125,0 107.803343685729,10.796214638125,0 107.803354286729,10.796376905125,0 107.803373587729,10.796485021125,0 107.803382795729,10.796503009125,0 107.803419378729,10.796520698125,0 107.803428736729,10.796538595125,0 107.803446990729,10.796547485125,0 107.803465319729,10.796556375125,0 107.803566647729,10.796672713125,0 107.803584901729,10.796681512125,0 107.803730411729,10.796653133125,0 107.803784955729,10.796643597125,0 107.803812146729,10.796625331125,0 107.803848308729,10.796597966125,0 107.803930118729,10.796570164125,0 107.803930118729,10.796570164125,0 107.803929643729,10.796516082125,0 107.803902030729,10.796489295125,0 107.803901371729,10.796417065125,0 107.803919258729,10.796389930125,0 107.803982794729,10.796362177125,0 107.804027947729,10.796316685125,0 107.804146082729,10.796288514125,0 107.804282912729,10.796305348125,0 107.804319203729,10.796286922125,0 107.804382188729,10.796205177125,0 107.804409141729,10.796159915125,0 107.804490347729,10.796068912125,0 107.804626205729,10.795986520125,0 107.804662075729,10.795923040125,0 107.804697815729,10.795850532125,0 107.804751278729,10.795723803125,0 107.804732970729,10.795705885125,0 107.804650500729,10.795661548125,0 107.804641217729,10.795643560125,0 107.804658649729,10.795553224125,0 107.804694097729,10.795444601125,0 107.804766603729,10.795407839125,0 107.804803185729,10.795425618125,0 107.804857805729,10.795416082125,0 107.804938935729,10.795325169125,0 107.804984639729,10.795333760125,0 107.805002892729,10.795342649125,0 107.805085471729,10.795404953125,0 107.805005421729,10.795613240125,0 107.804888605729,10.795785690125,0 107.804744523729,10.795976496125,0 107.804690768729,10.796067111125,0 107.804654402729,10.796085537125,0 107.804636386729,10.796103733125,0 107.804600224729,10.796131098125,0 107.804482858729,10.796249375125,0 107.804438310729,10.796358068125,0 107.804339509729,10.796512321125,0 107.804187116729,10.796784274125,0 107.804026172729,10.797110560125,0 107.803891739729,10.797355378125,0 107.803702395729,10.797573528125,0 107.803577449729,10.797845363125,0 107.803260502729,10.798055637125,0 107.803037025729,10.798526777125,0 107.802928961729,10.798654104125,0 107.802675236729,10.798809718125,0 107.802439494729,10.798929079125,0 107.802421478729,10.798947276125,0 107.802376011729,10.798965771125,0 107.802330696729,10.798984176125,0 107.802321650729,10.798993274125,0</coordinates></LinearRing></outerBoundaryIs></Polygon></Placemark><Placemark><name>Polygon hoàn công 1536</name><styleUrl>#lot</styleUrl><ExtendedData><Data name="Entity DXF"><value>1536</value></Data><Data name="Diện tích ha"><value>8.686114562988282</value></Data><Data name="Mã Lô"><value>DXF-1536</value></Data></ExtendedData><Polygon><tessellate>1</tessellate><outerBoundaryIs><LinearRing><coordinates>107.803738286729,10.797501020125,0 107.803765456729,10.797491783125,0 107.803810500729,10.797428234125,0 107.803963479729,10.797228330125,0 107.804070666729,10.796992839125,0 107.804195978729,10.796757119125,0 107.804321548729,10.796539546125,0 107.804456272729,10.796330842125,0 107.804647042729,10.796274938125,0 107.804837833729,10.796210096125,0 107.805028365729,10.796127196125,0 107.805101001729,10.796099463125,0 107.805354885729,10.795970933125,0 107.805564535729,10.795978090125,0 107.805674705729,10.796076300125,0 107.805639571729,10.796211829125,0 107.805676521729,10.796265633125,0 107.805667897729,10.796319875125,0 107.805686756729,10.796391875125,0 107.805796709729,10.796454060125,0 107.805815990729,10.796571114125,0 107.805779991729,10.796625565125,0 107.805708090729,10.796725437125,0 107.805681743729,10.796833991125,0 107.805691026729,10.796851888125,0 107.805700439729,10.796878905125,0 107.805828387729,10.796931832125,0 107.805920012729,10.796985128125,0 107.805884272729,10.797057636125,0 107.805793729729,10.797121533125,0 107.805794810729,10.797238816125,0 107.805794918729,10.797256964125,0 107.805796129729,10.797383186125,0 107.805805487729,10.797401174125,0 107.805843444729,10.797572170125,0 107.805762973729,10.797735313125,0 107.805645551729,10.797844653125,0 107.805636376729,10.797844722125,0 107.805545432729,10.797854537125,0 107.805463934729,10.797909426125,0 107.805436797729,10.797936721125,0 107.805409811729,10.797964016125,0 107.805392012729,10.798018237125,0 107.805374472729,10.798090606125,0 107.805421181729,10.798216480125,0 107.805358434729,10.798325311125,0 107.805340342729,10.798343508125,0 107.805285981729,10.798371102125,0 107.805204537729,10.798434929125,0 107.805204775729,10.798462015125,0 107.805214426729,10.798516028125,0 107.805233047729,10.798560942125,0 107.805224314729,10.798597217125,0 107.805215636729,10.798642339125,0 107.805344244729,10.798767497125,0 107.805380903729,10.798785186125,0 107.805408202729,10.798784886125,0 107.805453777729,10.798784539125,0 107.805562888729,10.798756437125,0 107.805699882729,10.798800356125,0 107.805837504729,10.798898268125,0 107.805883187729,10.798915887125,0 107.805956061729,10.798915240125,0 107.806001635729,10.798914802125,0 107.806156375729,10.798895381125,0 107.806192482729,10.798858987125,0 107.806219122729,10.798786549125,0 107.806246054729,10.798750315125,0 107.806282183729,10.798704803125,0 107.806362762729,10.798559717125,0 107.806380908729,10.798550549125,0 107.806435582729,10.798550041125,0 107.806462643729,10.798522746125,0 107.806544250729,10.798485914125,0 107.806562287729,10.798458689125,0 107.806616723729,10.798431185125,0 107.806689176729,10.798385395125,0 107.806780195729,10.798375580125,0 107.806808685729,10.798510621125,0 107.806763423729,10.798538055125,0 107.806745332729,10.798556252125,0 107.806700730729,10.798655916125,0 107.806691760729,10.798665014125,0 107.806674199729,10.798746412125,0 107.806701996729,10.798791256125,0 107.806838882729,10.798817027125,0 107.806875649729,10.798852774125,0 107.806876969729,10.798997053125,0 107.806904214729,10.798987815125,0 107.806986263729,10.798987098125,0 107.807067761729,10.798932209125,0 107.807067577729,10.798914152125,0 107.807094401729,10.798859861125,0 107.807112471729,10.798850602125,0 107.807194282729,10.798822799125,0 107.807293612729,10.798731746125,0 107.807393807729,10.798721861125,0 107.807538950729,10.798657366125,0 107.807565773729,10.798602984125,0 107.807583735729,10.798575759125,0 107.807655656729,10.798466857125,0 107.807673727729,10.798457599125,0 107.807792543729,10.798492628125,0 107.807819842729,10.798492419125,0 107.807856133729,10.798473993125,0 107.807946915729,10.798437091125,0 107.808010192729,10.798391460125,0 107.808073912729,10.798381853125,0 107.808128770729,10.798399402125,0 107.808129192729,10.798444456125,0 107.808120384729,10.798480640125,0 107.808120806729,10.798525694125,0 107.808130274729,10.798561829125,0 107.808113026729,10.798670223125,0 107.808085965729,10.798697518125,0 107.808086754729,10.798778686125,0 107.808086993729,10.798805682125,0 107.808170103729,10.798931277125,0 107.808188487729,10.798949105125,0 107.808261306729,10.798939429125,0 107.808361188729,10.798902457125,0 107.808388249729,10.798875162125,0 107.808415419729,10.798865834125,0 107.808414337729,10.798748641125,0 107.808476791729,10.798603784125,0 107.808512952729,10.798576419125,0 107.808622853729,10.798629485125,0 107.808704881729,10.798637796125,0 107.808767757729,10.798537902125,0 107.808794948729,10.798519636125,0 107.808812964729,10.798501439125,0 107.808950402729,10.798581382125,0 107.808950456729,10.798590410125,0 107.808951008729,10.798644583125,0 107.808906148729,10.798726099125,0 107.808942969729,10.798770874125,0 107.808998617729,10.798869591125,0 107.808999148729,10.798932702125,0 107.808981187729,10.798959928125,0 107.808999700729,10.798986875125,0 107.808999754729,10.798995903125,0 107.808981370729,10.798977985125,0 107.808972032729,10.798950969125,0 107.808799222729,10.798979650125,0 107.808781186729,10.799006965125,0 107.808735924729,10.799034400125,0 107.808673103729,10.799143232125,0 107.808673470729,10.799179257125,0 107.808610962729,10.799315175125,0 107.808493671729,10.799433455125,0 107.808394395729,10.799533627125,0 107.808340727729,10.799651418125,0 107.808296255729,10.799760021125,0 107.808278348729,10.799796275125,0 107.808260202729,10.799805443125,0 107.808242479729,10.799859755125,0 107.808142543729,10.799887788125,0 107.808087739729,10.799879177125,0 107.807997508729,10.799970251125,0 107.807947161729,10.800439801125,0 107.807847463729,10.800494830125,0 107.807700816729,10.800396899125,0 107.807506669729,10.800091927125,0 107.807042101729,10.800105228125,0 107.806712993729,10.799981874125,0 107.806419150729,10.799731929125,0 107.806052248729,10.799464754125,0 107.806013849729,10.799257552125,0 107.805656491729,10.799026242125,0 107.805408386729,10.798802944125,0 107.805224736729,10.798642270125,0 107.804960356729,10.798626681125,0 107.804677463729,10.798584055125,0 107.804447525729,10.798342560125,0 107.804218248729,10.798173294125,0 107.804272480729,10.798136672125,0 107.803914574729,10.797851277125,0 107.803648638729,10.797664232125,0 107.803738048729,10.797474024125,0 107.803792830729,10.797491574125,0 107.803738286729,10.797501020125,0</coordinates></LinearRing></outerBoundaryIs></Polygon></Placemark><Placemark><name>Polygon hoàn công 1537</name><styleUrl>#lot</styleUrl><ExtendedData><Data name="Entity DXF"><value>1537</value></Data><Data name="Diện tích ha"><value>7.159749732208252</value></Data><Data name="Mã Lô"><value>DXF-1537</value></Data></ExtendedData><Polygon><tessellate>1</tessellate><outerBoundaryIs><LinearRing><coordinates>107.802965360729,10.798653736125,0 107.802974277729,10.798635609125,0 107.802992368729,10.798617412125,0 107.803055430729,10.798535577125,0 107.803091462729,10.798499184125,0 107.803199126729,10.798317866125,0 107.803369116729,10.797982483125,0 107.803640197729,10.797736531125,0 107.803712412729,10.797663655125,0 107.803914336729,10.797824191125,0 107.804208835729,10.798146368125,0 107.804447417729,10.798324593125,0 107.804650055729,10.798566206125,0 107.804923773729,10.798608902125,0 107.805215636729,10.798642339125,0 107.805463298729,10.798829522125,0 107.805656361729,10.799017213125,0 107.805702358729,10.799061919125,0 107.806004641729,10.799239565125,0 107.806070577729,10.799473554125,0 107.806400766729,10.799714101125,0 107.806721909729,10.799963837125,0 107.807005756729,10.800114536125,0 107.807233317729,10.800085438125,0 107.807488210729,10.800074099125,0 107.807700762729,10.800387871125,0 107.807838255729,10.800476843125,0 107.807829372729,10.800513027125,0 107.807820456729,10.800531154125,0 107.807776936729,10.800748011125,0 107.807778256729,10.800892380125,0 107.807760716729,10.800964659125,0 107.807523817729,10.800966831125,0 107.807423404729,10.800940691125,0 107.807204596729,10.800924666125,0 107.807093689729,10.800754226125,0 107.806920511729,10.800746701125,0 107.806836979729,10.800576143125,0 107.806690311729,10.800487240125,0 107.806670684729,10.800325043125,0 107.806606725729,10.800307563125,0 107.806579296729,10.800298833125,0 107.806451142729,10.800236787125,0 107.806369059729,10.800219537125,0 107.806305209729,10.800220114125,0 107.806287009729,10.800220253125,0 107.806259451729,10.800202495125,0 107.806204613729,10.800175917125,0 107.806158487729,10.800122273125,0 107.806130603729,10.800050342125,0 107.806103045729,10.800032584125,0 107.806084715729,10.800023694125,0 107.806011787729,10.800015313125,0 107.805939280729,10.800052074125,0 107.805893759729,10.800061541125,0 107.805829930729,10.800053090125,0 107.805701852729,10.799991044125,0 107.805637655729,10.799946568125,0 107.805619435729,10.799955735125,0 107.805492015729,10.799965919125,0 107.805483207729,10.800002103125,0 107.805475080729,10.800101399125,0 107.805376095729,10.800237595125,0 107.805349033729,10.800264889125,0 107.805303642729,10.800283295125,0 107.805285259729,10.800265467125,0 107.805248546729,10.800238749125,0 107.805157159729,10.800212449125,0 107.805075314729,10.800222284125,0 107.804939032729,10.800259533125,0 107.804929986729,10.800268631125,0 107.804839021729,10.800287474125,0 107.804666393729,10.800334210125,0 107.804648248729,10.800343378125,0 107.804557703729,10.800407365125,0 107.804439988729,10.800480589125,0 107.804421767729,10.800489847125,0 107.804303760729,10.800526956125,0 107.804267469729,10.800545292125,0 107.804212557729,10.800518803125,0 107.804194282729,10.800518942125,0 107.804166982729,10.800519151125,0 107.804112437729,10.800528687125,0 107.803984887729,10.800529841125,0 107.803810629729,10.800405121125,0 107.803636133729,10.800253315125,0 107.803489467729,10.800164501125,0 107.803434392729,10.800110836125,0 107.803469474729,10.799966189125,0 107.803577430729,10.799820895125,0 107.803568330729,10.799820965125,0 107.803595229729,10.799766584125,0 107.803741324729,10.799810344125,0 107.803795999729,10.799809837125,0 107.803841627729,10.799818428125,0 107.803868635729,10.799782104125,0 107.803877497729,10.799755039125,0 107.803894563729,10.799628588125,0 107.803866529729,10.799556657125,0 107.803710362729,10.799413741125,0 107.803499997729,10.799325414125,0 107.803326528729,10.799281862125,0 107.803188670729,10.799156863125,0 107.803224540729,10.799093384125,0 107.803324055729,10.799020299125,0 107.803360821729,10.799056136125,0 107.803433037729,10.798983170125,0 107.803295200729,10.798849143125,0 107.803157580729,10.798751231125,0 107.802984111729,10.798707679125,0 107.802974882729,10.798698719125,0 107.802956498729,10.798680891125,0 107.802965360729,10.798653736125,0</coordinates></LinearRing></outerBoundaryIs></Polygon></Placemark><Placemark><name>Polygon hoàn công 1538</name><styleUrl>#lot</styleUrl><ExtendedData><Data name="Entity DXF"><value>1538</value></Data><Data name="Diện tích ha"><value>1.0719412857055663</value></Data><Data name="Mã Lô"><value>DXF-1538</value></Data></ExtendedData><Polygon><tessellate>1</tessellate><outerBoundaryIs><LinearRing><coordinates>107.800187045729,10.791777850125,0 107.800168716729,10.791769051125,0 107.800159487729,10.791760091125,0 107.800059316729,10.791760945125,0 107.800040804729,10.791734088125,0 107.799884644729,10.791591170125,0 107.799800676729,10.791384405125,0 107.799671286729,10.791178168125,0 107.799624871729,10.791088318125,0 107.799597389729,10.791070469125,0 107.799578952729,10.791043612125,0 107.799542371729,10.791025923125,0 107.799533142729,10.791016963125,0 107.799496614729,10.791008302125,0 107.799295355729,10.790919903125,0 107.799194343729,10.790830651125,0 107.799185006729,10.790803634125,0 107.799174461729,10.790650305125,0 107.799165232729,10.790641436125,0 107.799218406729,10.790478593125,0 107.799263375729,10.790415045125,0 107.799281046729,10.790351705125,0 107.799298695729,10.790297484125,0 107.799307395729,10.790243243125,0 107.799325281729,10.790216108125,0 107.799315286729,10.790116862125,0 107.799295405729,10.789936607125,0 107.799276968729,10.789909750125,0 107.799239836729,10.789837978125,0 107.799139428729,10.789811836125,0 107.798911767729,10.789822871125,0 107.798674877729,10.789825036125,0 107.798629358729,10.789834412125,0 107.798465782729,10.789871956125,0 107.798511830729,10.789925691125,0 107.798521112729,10.789943679125,0 107.798548595729,10.789961438125,0 107.798795825729,10.790103482125,0 107.798880158729,10.790346362125,0 107.798982853729,10.790616009125,0 107.799094647729,10.790885677125,0 107.799206258729,10.791137287125,0 107.799272900729,10.791452354125,0 107.799357050729,10.791677177125,0 107.799567992729,10.791837556125,0 107.799804884729,10.791835390125,0 107.800114335729,10.791805582125,0 107.800123380729,10.791796484125,0 107.800114281729,10.791796553125,0 107.800187045729,10.791777850125,0</coordinates></LinearRing></outerBoundaryIs></Polygon></Placemark><Placemark><name>Polygon hoàn công 1539</name><styleUrl>#lot</styleUrl><ExtendedData><Data name="Entity DXF"><value>1539</value></Data><Data name="Diện tích ha"><value>1.8805927032470704</value></Data><Data name="Mã Lô"><value>DXF-1539</value></Data></ExtendedData><Polygon><tessellate>1</tessellate><outerBoundaryIs><LinearRing><coordinates>107.806770596729,10.796355062125,0 107.806770596729,10.796355062125,0 107.806797842729,10.796345644125,0 107.806852148729,10.796309111125,0 107.806852148729,10.796309111125,0 107.806905319729,10.796146266125,0 107.806967773729,10.796001410125,0 107.806985367729,10.795938069125,0 107.807038537729,10.795775225125,0 107.807083322729,10.795693618125,0 107.807092313729,10.795675491125,0 107.807127576729,10.795548901125,0 107.807136493729,10.795530774125,0 107.807190139729,10.795422011125,0 107.807190139729,10.795422011125,0 107.807243731729,10.795304220125,0 107.807297561729,10.795213605125,0 107.807341794729,10.795077916125,0 107.807350547729,10.795032703125,0 107.807422577729,10.794941768125,0 107.807449714729,10.794914473125,0 107.807503944729,10.794877940125,0 107.807603770729,10.794831941125,0 107.807722163729,10.794821826125,0 107.807785698729,10.794794162125,0 107.807885816729,10.794784277125,0 107.808031671729,10.794800949125,0 107.808059284729,10.794827736125,0 107.808032570729,10.794900174125,0 107.808023837729,10.794936359125,0 107.808042513729,10.794990302125,0 107.807970668729,10.795099204125,0 107.807953258729,10.795180602125,0 107.807908214729,10.795244151125,0 107.807899353729,10.795271217125,0 107.807881629729,10.795325528125,0 107.807881813729,10.795343586125,0 107.807836552729,10.795371020125,0 107.807800262729,10.795389356125,0 107.807791400729,10.795416512125,0 107.807755661729,10.795489111125,0 107.807801766729,10.795551783125,0 107.807765475729,10.795570209125,0 107.807719976729,10.795570558125,0 107.807702729729,10.795678951125,0 107.807721004729,10.795678812125,0 107.807730342729,10.795705738125,0 107.807730634729,10.795741853125,0 107.807730818729,10.795759911125,0 107.807758907729,10.795840780125,0 107.807750154729,10.795885993125,0 107.807732322729,10.795922338125,0 107.807705185729,10.795949633125,0 107.807724011729,10.796003576125,0 107.807715258729,10.796048698125,0 107.807678968729,10.796067125125,0 107.807624954729,10.796139772125,0 107.807597893729,10.796167067125,0 107.807553346729,10.796275670125,0 107.807508323729,10.796330191125,0 107.807463171729,10.796375773125,0 107.807454547729,10.796430015125,0 107.807445815729,10.796466109125,0 107.807418808729,10.796502433125,0 107.807318798729,10.796530466125,0 107.807273721729,10.796575957125,0 107.807274326729,10.796639068125,0 107.807293846729,10.796783208125,0 107.807312283729,10.796810155125,0 107.807386184729,10.796917762125,0 107.807395522729,10.796944688125,0 107.807431813729,10.796926352125,0 107.807440804729,10.796908225125,0 107.807468049729,10.796898988125,0 107.807477149729,10.796898828125,0 107.807458582729,10.796862942125,0 107.807394257729,10.796809438125,0 107.807357436729,10.796764573125,0 107.807420182729,10.796655741125,0 107.807483534729,10.796610110125,0 107.807582809729,10.796510027125,0 107.807609816729,10.796473704125,0 107.807646767729,10.796527417125,0 107.807729183729,10.796562815125,0 107.807747545729,10.796589671125,0 107.807802403729,10.796607221125,0 107.807803009729,10.796670332125,0 107.807812585729,10.796724344125,0 107.807848930729,10.796715037125,0 107.807884853729,10.796660586125,0 107.807884798729,10.796651557125,0 107.807893476729,10.796606344125,0 107.807975525729,10.796605627125,0 107.807984971729,10.796650610125,0 107.807985707729,10.796722840125,0 107.808004144729,10.796749697125,0 107.807977981729,10.796876308125,0 107.807987449729,10.796912263125,0 107.808033077729,10.796920853125,0 107.808087145729,10.796857234125,0 107.808123545729,10.796856955125,0 107.808205539729,10.796847119125,0 107.808242176729,10.796873836125,0 107.808288227729,10.796927570125,0 107.808288833729,10.796990681125,0 107.808225957729,10.797090485125,0 107.808217517729,10.797162694125,0 107.808272852729,10.797234415125,0 107.808191776729,10.797334358125,0 107.808173815729,10.797361584125,0 107.808109748729,10.797326137125,0 107.807963136729,10.797246264125,0 107.807917345729,10.797210497125,0 107.807843919729,10.797157062125,0 107.807724519729,10.797049984125,0 107.807605649729,10.797005926125,0 107.807450672729,10.796998352125,0 107.807441648729,10.796998422125,0 107.807312651729,10.796846270125,0 107.807147201729,10.796685277125,0 107.806963789729,10.796551690125,0 107.806853046729,10.796408427125,0 107.806770596729,10.796355062125,0</coordinates></LinearRing></outerBoundaryIs></Polygon></Placemark><Placemark><name>Polygon hoàn công 1540</name><styleUrl>#lot</styleUrl><ExtendedData><Data name="Entity DXF"><value>1540</value></Data><Data name="Diện tích ha"><value>0.4858326889038086</value></Data><Data name="Mã Lô"><value>DXF-1540</value></Data></ExtendedData><Polygon><tessellate>1</tessellate><outerBoundaryIs><LinearRing><coordinates>107.805673808729,10.795977075125,0 107.805673808729,10.795977075125,0 107.805673808729,10.795977075125,0 107.805673808729,10.795977075125,0 107.805664708729,10.795977144125,0 107.805646379729,10.795968255125,0 107.805628179729,10.795968484125,0 107.805618950729,10.795959525125,0 107.805591726729,10.795959734125,0 107.805582551729,10.795959803125,0 107.805564352729,10.795960033125,0 107.805555177729,10.795960102125,0 107.805546023729,10.795951143125,0 107.805536923729,10.795951213125,0 107.805518648729,10.795951442125,0 107.805509623729,10.795951512125,0 107.805500524729,10.795951581125,0 107.805491424729,10.795951651125,0 107.805473149729,10.795951790125,0 107.805464049729,10.795951860125,0 107.805454874729,10.795952019125,0 107.805445720729,10.795943060125,0 107.805427521729,10.795943200125,0 107.805418421729,10.795943269125,0 107.805409321729,10.795943339125,0 107.805400221729,10.795943499125,0 107.805382001729,10.795952666125,0 107.805372976729,10.795952736125,0 107.805363877729,10.795952806125,0 107.805363931729,10.795961834125,0 107.805354756729,10.795961904125,0 107.805336502729,10.795953014125,0 107.805327348729,10.795944146125,0 107.805327294729,10.795935117125,0 107.805336210729,10.795916899125,0 107.805336081729,10.795907871125,0 107.805345126729,10.795898772125,0 107.805345126729,10.795898772125,0 107.805344943729,10.795880715125,0 107.805353913729,10.795871616125,0 107.805353675729,10.795844621125,0 107.805362666729,10.795826494125,0 107.805380628729,10.795799268125,0 107.805389565729,10.795772113125,0 107.805389381729,10.795754055125,0 107.805398298729,10.795735928125,0 107.805407214729,10.795717801125,0 107.805434405729,10.795699535125,0 107.805452291729,10.795672310125,0 107.805479482729,10.795654043125,0 107.805506727729,10.795644806125,0 107.805524947729,10.795635548125,0 107.805533918729,10.795626450125,0 107.805551696729,10.795581257125,0 107.805551458729,10.795554171125,0 107.805560027729,10.795490991125,0 107.805559844729,10.795472843125,0 107.805613967729,10.795418253125,0 107.805641157729,10.795399987125,0 107.805659065729,10.795363733125,0 107.805658643729,10.795318589125,0 107.805676292729,10.795264368125,0 107.805702639729,10.795155905125,0 107.805765753729,10.795083188125,0 107.805801622729,10.795019618125,0 107.805818632729,10.794884138125,0 107.805854317729,10.794802692125,0 107.805871966729,10.794748380125,0 107.805907889729,10.794693929125,0 107.805917193729,10.794702889125,0 107.805998431729,10.794630032125,0 107.806034722729,10.794611606125,0 107.806061967729,10.794602369125,0 107.806089157729,10.794584102125,0 107.806161901729,10.794574336125,0 107.806208005729,10.794637099125,0 107.806172504729,10.794736693125,0 107.806145939729,10.794809042125,0 107.806128454729,10.794890349125,0 107.806101555729,10.794944730125,0 107.806065762729,10.795008210125,0 107.806039230729,10.795098706125,0 107.806003491729,10.795171214125,0 107.805967676729,10.795243632125,0 107.805941091729,10.795325099125,0 107.805896306729,10.795406616125,0 107.805869537729,10.795470025125,0 107.805851629729,10.795506370125,0 107.805815890729,10.795578878125,0 107.805807449729,10.795651087125,0 107.805771710729,10.795723505125,0 107.805726979729,10.795814140125,0 107.805691423729,10.795904615125,0 107.805673808729,10.795977075125,0</coordinates></LinearRing></outerBoundaryIs></Polygon></Placemark><Placemark><name>Polygon hoàn công 1541</name><styleUrl>#lot</styleUrl><ExtendedData><Data name="Entity DXF"><value>1541</value></Data><Data name="Diện tích ha"><value>1.7191338684082031</value></Data><Data name="Mã Lô"><value>DXF-1541</value></Data></ExtendedData><Polygon><tessellate>1</tessellate><outerBoundaryIs><LinearRing><coordinates>107.805212865729,10.794402534125,0 107.805212865729,10.794402534125,0 107.805212811729,10.794393505125,0 107.805212756729,10.794384477125,0 107.805212572729,10.794366509125,0 107.805203343729,10.794357550125,0 107.805203160729,10.794339493125,0 107.805203030729,10.794330464125,0 107.805202976729,10.794321435125,0 107.805202792729,10.794303468125,0 107.805211913729,10.794294280125,0 107.805202609729,10.794285410125,0 107.805211729729,10.794276312125,0 107.805211675729,10.794267284125,0 107.805202371729,10.794258324125,0 107.805202317729,10.794249296125,0 107.805202133729,10.794231238125,0 107.805202079729,10.794222300125,0 107.805201949729,10.794213271125,0 107.805201841729,10.794195214125,0 107.805201711729,10.794186185125,0 107.805201657729,10.794177156125,0 107.805210703729,10.794168058125,0 107.805210519729,10.794150000125,0 107.805210465729,10.794140881125,0 107.805210411729,10.794131943125,0 107.805201106729,10.794122984125,0 107.805201052729,10.794113955125,0 107.805200998729,10.794104926125,0 107.805200814729,10.794086869125,0 107.805200760729,10.794077840125,0 107.805200631729,10.794068902125,0 107.805200576729,10.794059873125,0 107.805200447729,10.794050844125,0 107.805200393729,10.794041816125,0 107.805191239729,10.794032856125,0 107.805191001729,10.794005770125,0 107.805199917729,10.793987734125,0 107.805199788729,10.793978705125,0 107.805181296729,10.793942729125,0 107.805181112729,10.793924762125,0 107.805189974729,10.793897606125,0 107.805189791729,10.793879549125,0 107.805189553729,10.793852463125,0 107.805180269729,10.793834565125,0 107.805180031729,10.793807479125,0 107.805197993729,10.793780253125,0 107.805197626729,10.793744229125,0 107.805206563729,10.793717073125,0 107.805197021729,10.793680937125,0 107.805205774729,10.793635815125,0 107.805214452729,10.793590601125,0 107.805223076729,10.793536450125,0 107.805232046729,10.793527351125,0 107.805249607729,10.793446044125,0 107.805249186729,10.793400900125,0 107.805293236729,10.793247064125,0 107.805328867729,10.793156589125,0 107.805465588729,10.793155365125,0 107.805638870729,10.793180858125,0 107.805739410729,10.793216027125,0 107.805739960729,10.793270199125,0 107.805777019729,10.793342060125,0 107.805813363729,10.793332663125,0 107.805913481729,10.793322778125,0 107.806050073729,10.793312525125,0 107.806168573729,10.793320468125,0 107.806277791729,10.793310424125,0 107.806323364729,10.793309985125,0 107.806368938729,10.793309637125,0 107.806450781729,10.793299801125,0 107.806505584729,10.793308322125,0 107.806570017729,10.793379884125,0 107.806570255729,10.793406970125,0 107.806525525729,10.793497606125,0 107.806498518729,10.793533929125,0 107.806453495729,10.793588450125,0 107.806453549729,10.793597479125,0 107.806435480729,10.793606647125,0 107.806426910729,10.793669827125,0 107.806426781729,10.793660798125,0 107.806390858729,10.793715339125,0 107.806363613729,10.793724577125,0 107.806327690729,10.793779028125,0 107.806318828729,10.793806183125,0 107.806264814729,10.793878831125,0 107.806255715729,10.793878900125,0 107.806255898729,10.793896958125,0 107.806220030729,10.793960437125,0 107.806193261729,10.794023757125,0 107.806184291729,10.794032855125,0 107.806148660729,10.794123421125,0 107.806139982729,10.794168634125,0 107.806077052729,10.794259409125,0 107.806068006729,10.794268507125,0 107.806004525729,10.794305199125,0 107.805922736729,10.794323974125,0 107.805859092729,10.794333580125,0 107.805813702729,10.794351985125,0 107.805786457729,10.794361223125,0 107.805750112729,10.794370620125,0 107.805686631729,10.794407222125,0 107.805696282729,10.794461325125,0 107.805687658729,10.794515477125,0 107.805678742729,10.794533604125,0 107.805633882729,10.794615300125,0 107.805634066729,10.794633267125,0 107.805570714729,10.794678988125,0 107.805543890729,10.794733370125,0 107.805571979729,10.794814239125,0 107.805581208729,10.794823198125,0 107.805581922729,10.794904366125,0 107.805564198729,10.794958587125,0 107.805473050729,10.794959464125,0 107.805445621729,10.794950644125,0 107.805391023729,10.794951151125,0 107.805354624729,10.794951520125,0 107.805299637729,10.794924942125,0 107.805262817729,10.794880167125,0 107.805235334729,10.794862408125,0 107.805243883729,10.794808166125,0 107.805242747729,10.794681945125,0 107.805233226729,10.794636961125,0 107.805232621729,10.794573760125,0 107.805222991729,10.794510719125,0 107.805223175729,10.794528686125,0 107.805204295729,10.794465714125,0 107.805213048729,10.794420591125,0 107.805212865729,10.794402534125,0</coordinates></LinearRing></outerBoundaryIs></Polygon></Placemark><Placemark><name>Polygon hoàn công 1542</name><styleUrl>#lot</styleUrl><ExtendedData><Data name="Entity DXF"><value>1542</value></Data><Data name="Diện tích ha"><value>0.3994357582092285</value></Data><Data name="Mã Lô"><value>DXF-1542</value></Data></ExtendedData><Polygon><tessellate>1</tessellate><outerBoundaryIs><LinearRing><coordinates>107.802820574729,10.793828830125,0 107.802829674729,10.793828761125,0 107.802820704729,10.793837859125,0 107.802802504729,10.793838088125,0 107.802766030729,10.793838366125,0 107.802729556729,10.793838734125,0 107.802720456729,10.793838804125,0 107.802665912729,10.793848340125,0 107.802638667729,10.793857577125,0 107.802611368729,10.793857786125,0 107.802556565729,10.793849264125,0 107.802511013729,10.793840673125,0 107.802474539729,10.793841042125,0 107.802419865729,10.793841549125,0 107.802301419729,10.793842542125,0 107.802265074729,10.793851939125,0 107.802119512729,10.793871289125,0 107.802110649729,10.793898445125,0 107.802111308729,10.793970584125,0 107.802111783729,10.794024666125,0 107.802093638729,10.794033834125,0 107.802085510729,10.794133129125,0 107.802049457729,10.794178641125,0 107.802059582729,10.794286826125,0 107.802069157729,10.794340838125,0 107.802078753729,10.794385822125,0 107.802078861729,10.794403880125,0 107.802115390729,10.794412540125,0 107.802133406729,10.794394344125,0 107.802224845729,10.794429583125,0 107.802261190729,10.794420276125,0 107.802369749729,10.794338094125,0 107.802423709729,10.794256419125,0 107.802514252729,10.794192523125,0 107.802568613729,10.794164839125,0 107.802613766729,10.794119348125,0 107.802704363729,10.794064390125,0 107.802749624729,10.794036956125,0 107.802785914729,10.794018621125,0 107.802831067729,10.793973040125,0 107.802921426729,10.793891086125,0 107.803030277729,10.793845018125,0 107.803094050729,10.793844441125,0 107.803148723729,10.793843934125,0 107.803230512729,10.793825160125,0 107.803266986729,10.793824792125,0 107.803275978729,10.793806665125,0 107.803248182729,10.793761820125,0 107.803111536729,10.793763134125,0 107.802956691729,10.793764496125,0 107.802838795729,10.793819662125,0 107.802820574729,10.793828830125,0</coordinates></LinearRing></outerBoundaryIs></Polygon></Placemark><Placemark><name>Polygon hoàn công 1543</name><styleUrl>#lot</styleUrl><ExtendedData><Data name="Entity DXF"><value>1543</value></Data><Data name="Diện tích ha"><value>0.5199280975341797</value></Data><Data name="Mã Lô"><value>DXF-1543</value></Data></ExtendedData><Polygon><tessellate>1</tessellate><outerBoundaryIs><LinearRing><coordinates>107.801583344729,10.794020480125,0 107.801583344729,10.794020480125,0 107.801583344729,10.794020480125,0 107.801583344729,10.794020480125,0 107.801583344729,10.794020480125,0 107.801583474729,10.794029509125,0 107.801583528729,10.794038447125,0 107.801574557729,10.794047545125,0 107.801574612729,10.794056574125,0 107.801574666729,10.794065603125,0 107.801574795729,10.794074631125,0 107.801574795729,10.794074631125,0 107.801574849729,10.794083660125,0 107.801574849729,10.794083660125,0 107.801574903729,10.794092689125,0 107.801574903729,10.794092689125,0 107.801565858729,10.794101787125,0 107.801565912729,10.794110816125,0 107.801566041729,10.794119844125,0 107.801566095729,10.794128873125,0 107.801566225729,10.794137812125,0 107.801566225729,10.794137812125,0 107.801557179729,10.794146910125,0 107.801557233729,10.794155938125,0 107.801557362729,10.794164967125,0 107.801557416729,10.794173996125,0 107.801557416729,10.794173996125,0 107.801557546729,10.794183115125,0 107.801557600729,10.794192144125,0 107.801566699729,10.794192074125,0 107.801585028729,10.794200874125,0 107.801594182729,10.794209833125,0 107.801603336729,10.794218792125,0 107.801603465729,10.794227821125,0 107.801603649729,10.794245788125,0 107.801603757729,10.794263845125,0 107.801603940729,10.794281903125,0 107.801595078729,10.794309058125,0 107.801577008729,10.794318226125,0 107.801567962729,10.794327324125,0 107.801559284729,10.794372537125,0 107.801550422729,10.794399603125,0 107.801541505729,10.794417730125,0 107.801541559729,10.794426758125,0 107.801514681729,10.794472110125,0 107.801487490729,10.794490376125,0 107.801478574729,10.794508503125,0 107.801478811729,10.794535589125,0 107.801451750729,10.794562884125,0 107.801451750729,10.794562884125,0 107.801442888729,10.794590039125,0 107.801397972729,10.794662616125,0 107.801407180729,10.794680604125,0 107.801416538729,10.794698592125,0 107.801407601729,10.794725748125,0 107.801325391729,10.794699377125,0 107.801261801729,10.794718011125,0 107.801180249729,10.794763870125,0 107.801125521729,10.794755348125,0 107.801116238729,10.794737361125,0 107.801115526729,10.794656192125,0 107.801069347729,10.794593429125,0 107.801005207729,10.794557890125,0 107.800959342729,10.794522213125,0 107.800931730729,10.794495425125,0 107.800922285729,10.794450442125,0 107.800930834729,10.794396200125,0 107.800930780729,10.794387171125,0 107.800930359729,10.794342118125,0 107.800920418729,10.794251990125,0 107.800920418729,10.794251990125,0 107.800920234729,10.794233933125,0 107.800919759729,10.794179761125,0 107.800919576729,10.794161703125,0 107.800946346729,10.794098384125,0 107.800955208729,10.794071229125,0 107.800936771729,10.794044372125,0 107.800972328729,10.793953807125,0 107.801008619729,10.793935471125,0 107.801044909729,10.793917136125,0 107.801081438729,10.793925797125,0 107.801126936729,10.793925359125,0 107.801145319729,10.793943278125,0 107.801145319729,10.793943278125,0 107.801172456729,10.793915893125,0 107.801208747729,10.793897558125,0 107.801272628729,10.793915039125,0 107.801345868729,10.793950417125,0 107.801373588729,10.793995262125,0 107.801446698729,10.794021702125,0 107.801510417729,10.794012097125,0 107.801573953729,10.793984434125,0 107.801601069729,10.793966169125,0 107.801583344729,10.794020480125,0</coordinates></LinearRing></outerBoundaryIs></Polygon></Placemark><Placemark><name>Polygon hoàn công 1544</name><styleUrl>#lot</styleUrl><ExtendedData><Data name="Entity DXF"><value>1544</value></Data><Data name="Diện tích ha"><value>4.615160137939453</value></Data><Data name="Mã Lô"><value>DXF-1544</value></Data></ExtendedData><Polygon><tessellate>1</tessellate><outerBoundaryIs><LinearRing><coordinates>107.801986017729,10.793231945125,0 107.801985962729,10.793222916125,0 107.801994879729,10.793204789125,0 107.802048839729,10.793123204125,0 107.802057334729,10.793059934125,0 107.802038714729,10.793015020125,0 107.802038293729,10.792969966125,0 107.801946800729,10.792925698125,0 107.801918821729,10.792862796125,0 107.801854335729,10.792782114125,0 107.801807995729,10.792692355125,0 107.801780621729,10.792692563125,0 107.801689236729,10.792666352125,0 107.801733492729,10.792521636125,0 107.801741458729,10.792395254125,0 107.801750374729,10.792377127125,0 107.801777090729,10.792304689125,0 107.801795052729,10.792277464125,0 107.801803309729,10.792187198125,0 107.801838099729,10.792006526125,0 107.801855110729,10.791870956125,0 107.801926482729,10.791707974125,0 107.801971376729,10.791644425125,0 107.801988808729,10.791554089125,0 107.801969875729,10.791482089125,0 107.801941605729,10.791383072125,0 107.801923297729,10.791365244125,0 107.801876881729,10.791275484125,0 107.801830962729,10.791230778125,0 107.801748094729,10.791132359125,0 107.801674175729,10.791033689125,0 107.801600115729,10.790899085125,0 107.801572083729,10.790827154125,0 107.801471307729,10.790764988125,0 107.801462208729,10.790765057125,0 107.801443771729,10.790738110125,0 107.801442929729,10.790647913125,0 107.801442637729,10.790611798125,0 107.801405743729,10.790567023125,0 107.801341916729,10.790558571125,0 107.801214425729,10.790568752125,0 107.801150361729,10.790533304125,0 107.801140787729,10.790479202125,0 107.801103892729,10.790434516125,0 107.801047773729,10.790281625125,0 107.801029390729,10.790263797125,0 107.801011008729,10.790245879125,0 107.800946523729,10.790165197125,0 107.800937369729,10.790156328125,0 107.800909574729,10.790111483125,0 107.800800358729,10.790121435125,0 107.800763938729,10.790130832125,0 107.800591133729,10.790159418125,0 107.800390663729,10.790152188125,0 107.800326890729,10.790152764125,0 107.800236002729,10.790171697125,0 107.800099229729,10.790163890125,0 107.800090129729,10.790163960125,0 107.800035586729,10.790173495125,0 107.799853476729,10.790193122125,0 107.799798933729,10.790202657125,0 107.799680563729,10.790203740125,0 107.799599595729,10.790321829125,0 107.799591628729,10.790448120125,0 107.799628339729,10.790474838125,0 107.799710807729,10.790519266125,0 107.799892583729,10.790481492125,0 107.800101916729,10.790461567125,0 107.800147672729,10.790479187125,0 107.800167738729,10.790677499125,0 107.800077983729,10.790822653125,0 107.799914277729,10.790851170125,0 107.799877933729,10.790860566125,0 107.799914881729,10.790914280125,0 107.799942417729,10.790941158125,0 107.799997619729,10.791003762125,0 107.800015948729,10.791012562125,0 107.800052238729,10.790994227125,0 107.800099053729,10.791138248125,0 107.800080983729,10.791147416125,0 107.800026310729,10.791147923125,0 107.799971928729,10.791184454125,0 107.799972112729,10.791202512125,0 107.799972770729,10.791274651125,0 107.799973191729,10.791319705125,0 107.799955175729,10.791337901125,0 107.799946496729,10.791383114125,0 107.799983811729,10.791472943125,0 107.800001935729,10.791472804125,0 107.800093374729,10.791508044125,0 107.800130085729,10.791534852125,0 107.800130268729,10.791552910125,0 107.800139842729,10.791606922125,0 107.800249847729,10.791678048125,0 107.800249976729,10.791687077125,0 107.800414870729,10.791793810125,0 107.800616184729,10.791891237125,0 107.800808397729,10.791988824125,0 107.800964580729,10.792122623125,0 107.801029303729,10.792230301125,0 107.801103567729,10.792373934125,0 107.801104884729,10.792518303125,0 107.801060757729,10.792672048125,0 107.801052478729,10.792771343125,0 107.801127530729,10.792996235125,0 107.801174713729,10.793176191125,0 107.801229990729,10.793238795125,0 107.801485191729,10.793254546125,0 107.801667464729,10.793261914125,0 107.801877037729,10.793268984125,0 107.801968238729,10.793277228125,0 107.801977338729,10.793277158125,0 107.801986017729,10.793231945125,0</coordinates></LinearRing></outerBoundaryIs></Polygon></Placemark><Placemark><name>Polygon hoàn công 1545</name><styleUrl>#lot</styleUrl><ExtendedData><Data name="Entity DXF"><value>1545</value></Data><Data name="Diện tích ha"><value>1.0204187049865723</value></Data><Data name="Mã Lô"><value>DXF-1545</value></Data></ExtendedData><Polygon><tessellate>1</tessellate><outerBoundaryIs><LinearRing><coordinates>107.809542311729,10.798557982125,0 107.809569502729,10.798539625125,0 107.809678353729,10.798493555125,0 107.809714535729,10.798457161125,0 107.809723158729,10.798402919125,0 107.809750036729,10.798357657125,0 107.809813333729,10.798302906125,0 107.809831165729,10.798266652125,0 107.809894279729,10.798193934125,0 107.809948661729,10.798157401125,0 107.809948422729,10.798130315125,0 107.809938879729,10.798094360125,0 107.809956916729,10.798067044125,0 107.809884042729,10.798067692125,0 107.809756310729,10.798050791125,0 107.809746734729,10.797996778125,0 107.809746073729,10.797924639125,0 107.809736660729,10.797897713125,0 107.809709067729,10.797861897125,0 107.809690793729,10.797862036125,0 107.809617626729,10.797826569125,0 107.809581206729,10.797835967125,0 107.809518406729,10.797935771125,0 107.809536660729,10.797944570125,0 107.809546073729,10.797971587125,0 107.809555595729,10.798016570125,0 107.809517649729,10.798100360125,0 107.809456007729,10.798089657125,0 107.809401332729,10.798090165125,0 107.809345651729,10.797973391125,0 107.809281216729,10.797901829125,0 107.809272041729,10.797901899125,0 107.809208451729,10.797920534125,0 107.809117194729,10.797903264125,0 107.809026413729,10.797940166125,0 107.809008505729,10.797976420125,0 107.808981519729,10.798003716125,0 107.808890847729,10.798058675125,0 107.808827440729,10.798095368125,0 107.808827808729,10.798131483125,0 107.808855346729,10.798158270125,0 107.808873913729,10.798194245125,0 107.808901451729,10.798221032125,0 107.808920515729,10.798302061125,0 107.808912001729,10.798374270125,0 107.808912001729,10.798374270125,0 107.808811752729,10.798375127125,0 107.808811882729,10.798384156125,0 107.808812780729,10.798483381125,0 107.808812834729,10.798492410125,0 107.808904405729,10.798536677125,0 107.808923211729,10.798599738125,0 107.808860703729,10.798735567125,0 107.808806689729,10.798808214125,0 107.808707597729,10.798926354125,0 107.808818191729,10.799069707125,0 107.808927669729,10.799077810125,0 107.809019274729,10.799140043125,0 107.809128276729,10.799093973125,0 107.809228082729,10.799057001125,0 107.809318020729,10.798929812125,0 107.809327120729,10.798929742125,0 107.809399333729,10.798856955125,0 107.809371373729,10.798785024125,0 107.809370767729,10.798721914125,0 107.809533395729,10.798576109125,0 107.809542311729,10.798557982125,0</coordinates></LinearRing></outerBoundaryIs></Polygon></Placemark><Placemark><name>Polygon hoàn công 1546</name><styleUrl>#lot</styleUrl><ExtendedData><Data name="Entity DXF"><value>1546</value></Data><Data name="Diện tích ha"><value>1.1708096855163574</value></Data><Data name="Mã Lô"><value>DXF-1546</value></Data></ExtendedData><Polygon><tessellate>1</tessellate><outerBoundaryIs><LinearRing><coordinates>107.808858084729,10.798080089125,0 107.808962689729,10.798016584125,0 107.809029192729,10.797941346125,0 107.809117194729,10.797903264125,0 107.809199351729,10.797920604125,0 107.809281069729,10.797900384125,0 107.809336292729,10.797955403125,0 107.809383133729,10.798090305125,0 107.809519910729,10.798098198125,0 107.809555704729,10.798034628125,0 107.809536476729,10.797926513125,0 107.809509360729,10.797944870125,0 107.809580681729,10.797835334125,0 107.809644320729,10.797763249125,0 107.809543540729,10.797700996125,0 107.809377536729,10.797486012125,0 107.809312809729,10.797378336125,0 107.809348126729,10.797260774125,0 107.809329321729,10.797197712125,0 107.809256079729,10.797162335125,0 107.809192544729,10.797189909125,0 107.809102974729,10.797353213125,0 107.809020817729,10.797335873125,0 107.809038615729,10.797281652125,0 107.808964877729,10.797201041125,0 107.808836744729,10.797130058125,0 107.808717452729,10.797040947125,0 107.808617149729,10.797032775125,0 107.808516792729,10.797015664125,0 107.808434526729,10.796980357125,0 107.808306610729,10.796945488125,0 107.808279971729,10.797017837125,0 107.808235132729,10.797090415125,0 107.808226488729,10.797153595125,0 107.808226672729,10.797171653125,0 107.808300021729,10.797225177125,0 107.808182731729,10.797343457125,0 107.808128057729,10.797343965125,0 107.808009024729,10.797272911125,0 107.807972495729,10.797264252125,0 107.807936517729,10.797309674125,0 107.808074118729,10.797416613125,0 107.808257530729,10.797550289125,0 107.808394784729,10.797612175125,0 107.808505085729,10.797719503125,0 107.808533651729,10.797854454125,0 107.808625330729,10.797916778125,0 107.808762584729,10.797978663125,0 107.808855226729,10.798079992125,0 107.808858084729,10.798080089125,0</coordinates></LinearRing></outerBoundaryIs></Polygon></Placemark><Placemark><name>Polygon hoàn công 1547</name><styleUrl>#lot</styleUrl><ExtendedData><Data name="Entity DXF"><value>1547</value></Data><Data name="Diện tích ha"><value>11.82121589050293</value></Data><Data name="Mã Lô"><value>DXF-1547</value></Data></ExtendedData><Polygon><tessellate>1</tessellate><outerBoundaryIs><LinearRing><coordinates>107.816194748729,10.813041105125,0 107.816345936729,10.813064647125,0 107.816345882729,10.813055618125,0 107.816455475729,10.813081686125,0 107.816473914729,10.813108722125,0 107.816737755729,10.813070129125,0 107.816810763729,10.813078419125,0 107.816901841729,10.813077630125,0 107.817120311729,10.813048595125,0 107.817156712729,10.813048225125,0 107.817202104729,10.813029818125,0 107.817311567729,10.813046857125,0 107.817512000729,10.813045048125,0 107.817548456729,10.813053707125,0 107.817657994729,10.813070745125,0 107.817657940729,10.813061716125,0 107.817803695729,10.813060417125,0 107.817967651729,10.813058888125,0 107.818113461729,10.813066617125,0 107.818405102729,10.813072957125,0 107.818523502729,10.813062839125,0 107.818560088729,10.813080526125,0 107.818651220729,10.813088855125,0 107.818778591729,10.813069548125,0 107.818778591729,10.813069548125,0 107.818842921729,10.813123140125,0 107.818953471729,10.813257461125,0 107.818953710729,10.813284457125,0 107.819019236729,10.813473300125,0 107.819047329729,10.813554259125,0 107.819038413729,10.813572386125,0 107.819048121729,10.813635427125,0 107.819058362729,10.813761579125,0 107.819122563729,10.813806143125,0 107.819168140729,10.813805703125,0 107.819195386729,10.813796464125,0 107.819332226729,10.813813201125,0 107.819450496729,10.813794144125,0 107.819577922729,10.813783955125,0 107.819669076729,10.813783075125,0 107.819714338729,10.813755639125,0 107.819768353729,10.813682990125,0 107.819768223729,10.813673961125,0 107.819767984729,10.813646874125,0 107.819795176729,10.813628607125,0 107.819822477729,10.813628397125,0 107.819848930729,10.813537990125,0 107.819830013729,10.813456872125,0 107.819802343729,10.813421057125,0 107.819765388729,10.813367255125,0 107.819783220729,10.813331000125,0 107.819755495729,10.813286156125,0 107.819681955729,10.813214667125,0 107.819644761729,10.813133868125,0 107.819607936729,10.813089095125,0 107.819689914729,10.813088375125,0 107.819735491729,10.813087935125,0 107.819835724729,10.813096013125,0 107.819899502729,10.813095433125,0 107.820008726729,10.813085474125,0 107.820108980729,10.813084524125,0 107.820218075729,10.813065446125,0 107.820236351729,10.813065216125,0 107.820235503729,10.812975109125,0 107.820198678729,10.812930336125,0 107.820206269729,10.812767929125,0 107.820186797729,10.812632819125,0 107.820186743729,10.812623700125,0 107.820176959729,10.812560659125,0 107.820131218729,10.812534013125,0 107.820030965729,10.812534963125,0 107.819967317729,10.812544482125,0 107.819903540729,10.812545062125,0 107.819821009729,10.812491699125,0 107.819783890729,10.812410901125,0 107.819774530729,10.812392914125,0 107.819746437729,10.812312046125,0 107.819727813729,10.812267132125,0 107.819644564729,10.812132511125,0 107.819570840729,10.812042964125,0 107.819552161729,10.811989022125,0 107.819487591729,10.811908434125,0 107.819413996729,10.811828006125,0 107.819340620729,10.811783512125,0 107.819322550729,10.811792681125,0 107.819276734729,10.811766125125,0 107.819267634729,10.811766195125,0 107.819221764729,10.811730430125,0 107.819211632729,10.811622245125,0 107.819128254729,10.811478776125,0 107.819109944729,10.811460858125,0 107.818945675729,10.811435302125,0 107.818790506729,10.811409676125,0 107.818699189729,10.811383470125,0 107.818615757729,10.811230791125,0 107.818541739729,10.811105219125,0 107.818449446729,10.810979787125,0 107.818376145729,10.810935383125,0 107.818248168729,10.810891399125,0 107.818184206729,10.810874012125,0 107.818074321729,10.810811740125,0 107.818046781729,10.810784954125,0 107.817982874729,10.810776505125,0 107.817855027729,10.810741640125,0 107.817735672729,10.810643503125,0 107.817680573729,10.810598869125,0 107.817552834729,10.810581971125,0 107.817534525729,10.810564144125,0 107.817515956729,10.810528259125,0 107.817488525729,10.810519440125,0 107.817396840729,10.810457209125,0 107.817396417729,10.810411975125,0 107.817368932729,10.810394217125,0 107.817341317729,10.810367431125,0 107.817323171729,10.810376600125,0 107.817268570729,10.810377109125,0 107.817186149729,10.810341714125,0 107.817158848729,10.810342014125,0 107.817122372729,10.810342293125,0 107.817076577729,10.810306709125,0 107.817085309729,10.810270524125,0 107.817112316729,10.810234199125,0 107.817212439729,10.810224311125,0 107.817257940729,10.810223871125,0 107.817294362729,10.810214473125,0 107.817367369729,10.810222852125,0 107.817394854729,10.810240610125,0 107.817440485729,10.810249289125,0 107.817504978729,10.810329787125,0 107.817514079729,10.810329717125,0 107.817641687729,10.810337587125,0 107.817777863729,10.810282275125,0 107.817795585729,10.810227963125,0 107.817794500729,10.810110770125,0 107.817803122729,10.810056528125,0 107.817802146729,10.809957212125,0 107.817829098729,10.809911948125,0 107.817865206729,10.809875554125,0 107.817773814729,10.809849257125,0 107.817736860729,10.809795545125,0 107.817718421729,10.809768598125,0 107.817771882729,10.809641867125,0 107.817780928729,10.809632768125,0 107.817734689729,10.809561069125,0 107.817689134729,10.809552390125,0 107.817597558729,10.809508125125,0 107.817523726729,10.809400521125,0 107.817504658729,10.809319492125,0 107.817477228729,10.809310763125,0 107.817367895729,10.809302754125,0 107.817340465729,10.809293935125,0 107.817294834729,10.809285346125,0 107.817276320729,10.809258490125,0 107.817221480729,10.809231913125,0 107.817102788729,10.809205916125,0 107.817038827729,10.809188529125,0 107.816984335729,10.809207006125,0 107.816947804729,10.809198347125,0 107.816902890729,10.809270926125,0 107.816830327729,10.809298662125,0 107.816730075729,10.809299521125,0 107.816666059729,10.809273104125,0 107.816628867729,10.809192215125,0 107.816527714729,10.809093849125,0 107.816500174729,10.809067062125,0 107.816417536729,10.808995642125,0 107.816335429729,10.808987332125,0 107.816308053729,10.808987632125,0 107.816291490729,10.809159228125,0 107.816283639729,10.809303577125,0 107.816274962729,10.809348790125,0 107.816284430729,10.809384745125,0 107.816286177729,10.809574258125,0 107.816286784729,10.809637369125,0 107.816287446729,10.809709509125,0 107.816315300729,10.809763381125,0 107.816335193729,10.809943545125,0 107.816336039729,10.810033833125,0 107.816346408729,10.810169013125,0 107.816292209729,10.810223605125,0 107.816265516729,10.810287016125,0 107.816221263729,10.810431734125,0 107.816222825729,10.810603190125,0 107.816214148729,10.810648313125,0 107.816223856729,10.810711354125,0 107.816206078729,10.810756638125,0 107.816207586729,10.810919064125,0 107.816217055729,10.810955019125,0 107.816337201729,10.811134325125,0 107.816393365729,10.811305180125,0 107.816404287729,10.811494533125,0 107.816395296729,10.811512661125,0 107.816386619729,10.811557874125,0 107.816315802729,10.811775032125,0 107.816288794729,10.811811357125,0 107.816271181729,10.811883636125,0 107.816218141729,10.812055511125,0 107.816201926729,10.812272250125,0 107.816194518729,10.812452624125,0 107.816186079729,10.812524923125,0 107.816187771729,10.812705318125,0 107.816198434729,10.812876613125,0 107.816205272729,10.813043115125,0 107.816194748729,10.813041105125,0</coordinates></LinearRing></outerBoundaryIs></Polygon></Placemark><Placemark><name>Polygon hoàn công 1548</name><styleUrl>#lot</styleUrl><ExtendedData><Data name="Entity DXF"><value>1548</value></Data><Data name="Diện tích ha"><value>2.654477964782715</value></Data><Data name="Mã Lô"><value>DXF-1548</value></Data></ExtendedData><Polygon><tessellate>1</tessellate><outerBoundaryIs><LinearRing><coordinates>107.814653768729,10.808416387125,0 107.814653638729,10.808407358125,0 107.814653638729,10.808407358125,0 107.814653638729,10.808407358125,0 107.814653638729,10.808407358125,0 107.814653638729,10.808407358125,0 107.814653638729,10.808407358125,0 107.814653638729,10.808407358125,0 107.814653768729,10.808416387125,0 107.814662793729,10.808416317125,0 107.814662923729,10.808425346125,0 107.814690537729,10.808452132125,0 107.814699746729,10.808470030125,0 107.814709106729,10.808488017125,0 107.814682099729,10.808524342125,0 107.814682153729,10.808533371125,0 107.814664007729,10.808542539125,0 107.814654907729,10.808542609125,0 107.814645807729,10.808542679125,0 107.814609331729,10.808543048125,0 107.814582085729,10.808552286125,0 107.814554784729,10.808552586125,0 107.814518309729,10.808552865125,0 107.814481908729,10.808553235125,0 107.814454532729,10.808553444125,0 107.814454662729,10.808562473125,0 107.814427416729,10.808571711125,0 107.814436386729,10.808562613125,0 107.814454532729,10.808553444125,0 107.814445507729,10.808553514125,0 107.814436202729,10.808544646125,0 107.814436202729,10.808544646125,0 107.814418186729,10.808562843125,0 107.814382208729,10.808608266125,0 107.814319147729,10.808690013125,0 107.814255500729,10.808699711125,0 107.814228071729,10.808690801125,0 107.814182624729,10.808700360125,0 107.814146223729,10.808700639125,0 107.814055071729,10.808701518125,0 107.813936618729,10.808702606125,0 107.813891172729,10.808711983125,0 107.813863742729,10.808703254125,0 107.813836366729,10.808703464125,0 107.813781765729,10.808703973125,0 107.813781765729,10.808703973125,0 107.813654396729,10.808723188125,0 107.813544696729,10.808678972125,0 107.813489597729,10.808634428125,0 107.813452937729,10.808616740125,0 107.813324430729,10.808509643125,0 107.813297055729,10.808509852125,0 107.813278800729,10.808501054125,0 107.813224124729,10.808501563125,0 107.813095780729,10.808421552125,0 107.813050095729,10.808403934125,0 107.813004335729,10.808386315125,0 107.812967696729,10.808359598125,0 107.812912965729,10.808351079125,0 107.812803484729,10.808342977125,0 107.812776313729,10.808352306125,0 107.812740130729,10.808388700125,0 107.812777158729,10.808442503125,0 107.812850089729,10.808450793125,0 107.812868950729,10.808522793125,0 107.812914894729,10.808558469125,0 107.812924287729,10.808594423125,0 107.812788425729,10.808676819125,0 107.812779325729,10.808676979125,0 107.812706557729,10.808695685125,0 107.812579318729,10.808723928125,0 107.812552017729,10.808724228125,0 107.812506257729,10.808706519125,0 107.812341990729,10.808680960125,0 107.812250675729,10.808654661125,0 107.812095399729,10.808610974125,0 107.812067839729,10.808593216125,0 107.812031255729,10.808575528125,0 107.812012946729,10.808557610125,0 107.812038665729,10.808395064125,0 107.812020172729,10.808359179125,0 107.811947111729,10.808341770125,0 107.811891958729,10.808288197125,0 107.811873390729,10.808252221125,0 107.811827521729,10.808216546125,0 107.811699546729,10.808172559125,0 107.811690316729,10.808163690125,0 107.811707693729,10.808064325125,0 107.811788586729,10.807946324125,0 107.811879663729,10.807945446125,0 107.812052662729,10.807934911125,0 107.812188946729,10.807897569125,0 107.812298060729,10.807869556125,0 107.812470820729,10.807831845125,0 107.812552797729,10.807831127125,0 107.812561897729,10.807831057125,0 107.812597875729,10.807785544125,0 107.812624590729,10.807713105125,0 107.812660459729,10.807649715125,0 107.812705905729,10.807640247125,0 107.812760581729,10.807639738125,0 107.812806212729,10.807648328125,0 107.812924534729,10.807638301125,0 107.813024711729,10.807637353125,0 107.813197894729,10.807644785125,0 107.813343776729,10.807652517125,0 107.813389223729,10.807643049125,0 107.813425698729,10.807642680125,0 107.813507804729,10.807650990125,0 107.813681096729,10.807676479125,0 107.813699296729,10.807676339125,0 107.813717442729,10.807667081125,0 107.813808649729,10.807675321125,0 107.813863672729,10.807719865125,0 107.813873086729,10.807746882125,0 107.813900755729,10.807782697125,0 107.814001170729,10.807808925125,0 107.814028730729,10.807826683125,0 107.814129936729,10.807933989125,0 107.814139037729,10.807933919125,0 107.814157421729,10.807951837125,0 107.814157421729,10.807951837125,0 107.814185035729,10.807978624125,0 107.814240004729,10.808014229125,0 107.814295103729,10.808058773125,0 107.814304258729,10.808067732125,0 107.814395758729,10.808111997125,0 107.814441702729,10.808147673125,0 107.814515424729,10.808237131125,0 107.814579862729,10.808308782125,0 107.814607640729,10.808362654125,0 107.814644484729,10.808398400125,0 107.814644484729,10.808398400125,0 107.814653768729,10.808416387125,0</coordinates></LinearRing></outerBoundaryIs></Polygon></Placemark><Placemark><name>Polygon hoàn công 1549</name><styleUrl>#lot</styleUrl><ExtendedData><Data name="Entity DXF"><value>1549</value></Data><Data name="Diện tích ha"><value>20.415604273986816</value></Data><Data name="Mã Lô"><value>DXF-1549</value></Data></ExtendedData><Polygon><tessellate>1</tessellate><outerBoundaryIs><LinearRing><coordinates>107.811190351729,10.812980370125,0 107.811158496729,10.812705920125,0 107.811165484729,10.812480403125,0 107.811199298729,10.812200415125,0 107.811205571729,10.811893729125,0 107.811194122729,10.811641175125,0 107.811201478729,10.811451773125,0 107.811226797729,10.811234965125,0 107.811224815729,10.811018547125,0 107.811259289729,10.810810697125,0 107.811357376729,10.810575274125,0 107.811373410729,10.810340568125,0 107.811353282729,10.810133318125,0 107.811361061729,10.809988879125,0 107.811368179729,10.809772300125,0 107.811394950729,10.809610569125,0 107.811538708729,10.809659287125,0 107.812259322729,10.809666329125,0 107.812487202729,10.809697629125,0 107.812730946729,10.809632812125,0 107.812835396729,10.809540053125,0 107.812972053729,10.809276005125,0 107.813097272729,10.809145554125,0 107.813281809729,10.809056225125,0 107.813462732729,10.809033700125,0 107.813584349729,10.809030452125,0 107.813748432729,10.809037954125,0 107.813839748729,10.809064252125,0 107.813866994729,10.809054923125,0 107.813985685729,10.809080922125,0 107.814131384729,10.809070595125,0 107.814140484729,10.809070526125,0 107.814158685729,10.809070296125,0 107.814304384729,10.809059969125,0 107.814349776729,10.809041563125,0 107.814385699729,10.808987111125,0 107.814449476729,10.808986532125,0 107.814485822729,10.808977134125,0 107.814622236729,10.808948910125,0 107.814667867729,10.808957499125,0 107.814841105729,10.808973959125,0 107.814987043729,10.808990629125,0 107.815042435729,10.809071287125,0 107.815070527729,10.809152337125,0 107.815197841729,10.809124002125,0 107.815361925729,10.809131593125,0 107.815398271729,10.809122194125,0 107.815462471729,10.809166759125,0 107.815535402729,10.809175138125,0 107.815626663729,10.809192317125,0 107.815645048729,10.809210235125,0 107.815681687729,10.809236951125,0 107.815690863729,10.809236881125,0 107.815691047729,10.809254848125,0 107.815718846729,10.809299692125,0 107.815755431729,10.809317470125,0 107.815864046729,10.809244312125,0 107.815981469729,10.809134969125,0 107.816090876729,10.809142978125,0 107.816118122729,10.809133740125,0 107.816235968729,10.809069450125,0 107.816300038729,10.809104985125,0 107.816291490729,10.809159228125,0 107.816265862729,10.809348860125,0 107.816330907729,10.809483531125,0 107.816286416729,10.809601254125,0 107.816297154729,10.809772550125,0 107.816297284729,10.809781578125,0 107.816306493729,10.809799566125,0 107.816306623729,10.809808504125,0 107.816325137729,10.809835451125,0 107.816298846729,10.809952944125,0 107.816262131729,10.809926227125,0 107.816197877729,10.809872634125,0 107.816188647729,10.809863766125,0 107.816142832729,10.809837119125,0 107.816060377729,10.809783756125,0 107.816051147729,10.809774797125,0 107.816032838729,10.809756970125,0 107.815996178729,10.809739192125,0 107.815968215729,10.809667352125,0 107.815922530729,10.809649734125,0 107.815822093729,10.809632536125,0 107.815813047729,10.809641724125,0 107.815785985729,10.809669020125,0 107.815769108729,10.809813439125,0 107.815769293729,10.809831497125,0 107.815733240729,10.809876920125,0 107.815724324729,10.809895047125,0 107.815661338729,10.809976795125,0 107.815551671729,10.809950727125,0 107.815405863729,10.809942996125,0 107.815260109729,10.809944385125,0 107.815114355729,10.809945683125,0 107.815096101729,10.809936794125,0 107.815068779729,10.809946122125,0 107.815014287729,10.809964599125,0 107.814996693729,10.810028030125,0 107.814987647729,10.810037128125,0 107.814942440729,10.810073592125,0 107.814970054729,10.810100379125,0 107.815097717729,10.810117278125,0 107.815134193729,10.810116909125,0 107.815152502729,10.810134826125,0 107.815180062729,10.810152584125,0 107.815335101729,10.810169183125,0 107.815462709729,10.810177054125,0 107.815481039729,10.810185943125,0 107.815672424729,10.810193234125,0 107.815827462729,10.810209833125,0 107.815836931729,10.810245788125,0 107.815882616729,10.810263405125,0 107.815892010729,10.810299450125,0 107.815920047729,10.810371290125,0 107.815947532729,10.810389138125,0 107.816029585729,10.810388329125,0 107.816056885729,10.810388119125,0 107.816056278729,10.810325008125,0 107.816092440729,10.810297643125,0 107.816146933729,10.810279076125,0 107.816201684729,10.810278566125,0 107.816230254729,10.810413607125,0 107.816230309729,10.810422636125,0 107.816213616729,10.810585202125,0 107.816233086729,10.810720313125,0 107.816233639729,10.810774395125,0 107.816253163729,10.810918625125,0 107.816262556729,10.810954580125,0 107.816235808729,10.811008962125,0 107.816008663729,10.811083209125,0 107.815990517729,10.811092377125,0 107.815908724729,10.811111154125,0 107.815699909729,10.811194200125,0 107.815600078729,10.811240202125,0 107.815291453729,10.811360402125,0 107.815237036729,10.811378969125,0 107.815175905729,10.811668106125,0 107.815212913729,10.811730847125,0 107.815243065729,10.812028315125,0 107.815326659729,10.812207990125,0 107.815465374729,10.812423271125,0 107.815575792729,10.812548474125,0 107.815711839729,10.812484134125,0 107.815774846729,10.812393358125,0 107.815801908729,10.812366063125,0 107.815900947729,10.812238892125,0 107.815919039729,10.812220605125,0 107.816045932729,10.812147306125,0 107.816127595729,10.812119501125,0 107.816164072729,10.812119131125,0 107.816201926729,10.812272250125,0 107.816202110729,10.812290217125,0 107.816202827729,10.812371385125,0 107.816177511729,10.812588104125,0 107.816177695729,10.812606162125,0 107.816178227729,10.812669363125,0 107.816096379729,10.812679110125,0 107.816041648729,10.812670591125,0 107.815986862729,10.812652953125,0 107.815932110729,10.812653462125,0 107.815878647729,10.812780284125,0 107.815906794729,10.812870271125,0 107.816116804729,10.812922476125,0 107.816154072729,10.813003274125,0 107.816188428729,10.813042174125,0 107.811198772729,10.812981291125,0 107.811190351729,10.812980370125,0</coordinates></LinearRing></outerBoundaryIs></Polygon></Placemark><Placemark><name>Polygon hoàn công 1550</name><styleUrl>#lot</styleUrl><ExtendedData><Data name="Entity DXF"><value>1550</value></Data><Data name="Diện tích ha"><value>5.036728578186035</value></Data><Data name="Mã Lô"><value>DXF-1550</value></Data></ExtendedData><Polygon><tessellate>1</tessellate><outerBoundaryIs><LinearRing><coordinates>107.811195572729,10.811794483125,0 107.811195756729,10.811812541125,0 107.811188032729,10.811966008125,0 107.811188345729,10.811993095125,0 107.811171445729,10.812146542125,0 107.811163925729,10.812309038125,0 107.811164163729,10.812336124125,0 107.811147175729,10.812462576125,0 107.811148367729,10.812597826125,0 107.811140642729,10.812751294125,0 107.811123177729,10.812823573125,0 107.811104956729,10.812832831125,0 107.811086939729,10.812851028125,0 107.810895737729,10.812861792125,0 107.810768053729,10.812853919125,0 107.810622189729,10.812837158125,0 107.810549182729,10.812828867125,0 107.810394088729,10.812803146125,0 107.810412213729,10.812803007125,0 107.810366766729,10.812812474125,0 107.810184610729,10.812814139125,0 107.809975078729,10.812816012125,0 107.809947777729,10.812816222125,0 107.809774516729,10.812808787125,0 107.809601514729,10.812819411125,0 107.809464805729,10.812811608125,0 107.809464383729,10.812766554125,0 107.809563609729,10.812657353125,0 107.809599826729,10.812638927125,0 107.809680743729,10.812511988125,0 107.809798332729,10.812429733125,0 107.809970618729,10.812337942125,0 107.810042489729,10.812220011125,0 107.810105163729,10.812111178125,0 107.810186003729,10.811984149125,0 107.810175582729,10.811839940125,0 107.810129162729,10.811750091125,0 107.810110669729,10.811714206125,0 107.810091072729,10.811570066125,0 107.810100172729,10.811569997125,0 107.810099144729,10.811461742125,0 107.810097824729,10.811317373125,0 107.810097824729,10.811317373125,0 107.810105971729,10.811209049125,0 107.810105917729,10.811200020125,0 107.810195966729,10.811090979125,0 107.810259007729,10.811018261125,0 107.810304053729,10.810954712125,0 107.810303998729,10.810945773125,0 107.810339317729,10.810828031125,0 107.810338473729,10.810737924125,0 107.810328896729,10.810683821125,0 107.810328235729,10.810611682125,0 107.810281501729,10.810494837125,0 107.810244256729,10.810404919125,0 107.810170957729,10.810360514125,0 107.810125218729,10.810333866125,0 107.810033643729,10.810289600125,0 107.809933043729,10.810245404125,0 107.809895907729,10.810173633125,0 107.809885649729,10.810056420125,0 107.809921302729,10.809956825125,0 107.809957042729,10.809884407125,0 107.809966197729,10.809893276125,0 107.810011405729,10.809856812125,0 107.810038230729,10.809802431125,0 107.810047091729,10.809775365125,0 107.810082961729,10.809711885125,0 107.810118831729,10.809648406125,0 107.810172534729,10.809548581125,0 107.810208166729,10.809458105125,0 107.810217028729,10.809430950125,0 107.810252713729,10.809349503125,0 107.810306968729,10.809303851125,0 107.810316068729,10.809303781125,0 107.810361092729,10.809249260125,0 107.810424392729,10.809194600125,0 107.810469233729,10.809121931125,0 107.810569117729,10.809084959125,0 107.810651224729,10.809093270125,0 107.810733146729,10.809083434125,0 107.810851892729,10.809118462125,0 107.810961483729,10.809144531125,0 107.810970637729,10.809153490125,0 107.811052927729,10.809179858125,0 107.811126043729,10.809206206125,0 107.811171911729,10.809241882125,0 107.811171911729,10.809241882125,0 107.811272273729,10.809258992125,0 107.811264255729,10.809376345125,0 107.811255762729,10.809439525125,0 107.811265100729,10.809466542125,0 107.811266129729,10.809574706125,0 107.811267082729,10.809683051125,0 107.811267927729,10.809773248125,0 107.811259433729,10.809836428125,0 107.811242002729,10.809926765125,0 107.811233324729,10.809971978125,0 107.811243691729,10.810107249125,0 107.811235197729,10.810170429125,0 107.811263288729,10.810251388125,0 107.811263894729,10.810314499125,0 107.811256278729,10.810485934125,0 107.811247730729,10.810540176125,0 107.811257068729,10.810567193125,0 107.811266537729,10.810603148125,0 107.811276005729,10.810639193125,0 107.811276243729,10.810666189125,0 107.811285766729,10.810711263125,0 107.811232908729,10.810901104125,0 107.811207459729,10.811108883125,0 107.811208965729,10.811271220125,0 107.811199973729,10.811289347125,0 107.811210047729,10.811388503125,0 107.811192984729,10.811514954125,0 107.811203460729,10.811668192125,0 107.811204250729,10.811749360125,0 107.811195204729,10.811758459125,0 107.811195572729,10.811794483125,0</coordinates></LinearRing></outerBoundaryIs></Polygon></Placemark><Placemark><name>Polygon hoàn công 1552</name><styleUrl>#lot</styleUrl><ExtendedData><Data name="Entity DXF"><value>1552</value></Data><Data name="Diện tích ha"><value>1.5912467781066895</value></Data><Data name="Mã Lô"><value>DXF-1552</value></Data></ExtendedData><Polygon><tessellate>1</tessellate><outerBoundaryIs><LinearRing><coordinates>107.828977983729,10.823278003125,0 107.828996184729,10.823277862125,0 107.829005230729,10.823268763125,0 107.829141520729,10.823231414125,0 107.829159796729,10.823231274125,0 107.829323573729,10.823211772125,0 107.829396399729,10.823202001125,0 107.829487795729,10.823228294125,0 107.829579467729,10.823299551125,0 107.829580262729,10.823380719125,0 107.829581961729,10.823561114125,0 107.829583291729,10.823705483125,0 107.829583346729,10.823714512125,0 107.829621818729,10.823930560125,0 107.829623703729,10.824129102125,0 107.829624183729,10.824183184125,0 107.829644029729,10.824354409125,0 107.829644084729,10.824363348125,0 107.829653370729,10.824381335125,0 107.829644694729,10.824426549125,0 107.829664650729,10.824615832125,0 107.829675286729,10.824769070125,0 107.829676376729,10.824886263125,0 107.829676561729,10.824904320125,0 107.829704952729,10.825021393125,0 107.829696866729,10.825138746125,0 107.829706652729,10.825201787125,0 107.829690500729,10.825427466125,0 107.829690740729,10.825454552125,0 107.829591517729,10.825563669125,0 107.829527922729,10.825582309125,0 107.829445885729,10.825574003125,0 107.829299753729,10.825539282125,0 107.829253030729,10.825413411125,0 107.829243875729,10.825404453125,0 107.829206012729,10.825251426125,0 107.829214318729,10.825170187125,0 107.829204368729,10.825080060125,0 107.829193992729,10.824944789125,0 107.829156370729,10.824818848125,0 107.829147029729,10.824791923125,0 107.829136894729,10.824683829125,0 107.829136654729,10.824656742125,0 107.829098737729,10.824494687125,0 107.829089136729,10.824449613125,0 107.829088711729,10.824404559125,0 107.829078521729,10.824287437125,0 107.829059820729,10.824242433125,0 107.829040714729,10.824143438125,0 107.829012322729,10.824026365125,0 107.828983910729,10.823918412125,0 107.828974755729,10.823909453125,0 107.828955758729,10.823828515125,0 107.828954484729,10.823693174125,0 107.828917102729,10.823594229125,0 107.828880034729,10.823522461125,0 107.828861223729,10.823459490125,0 107.828842042729,10.823360405125,0 107.828859044729,10.823225014125,0 107.828877245729,10.823224873125,0 107.828941080729,10.823233230125,0 107.828977983729,10.823278003125,0</coordinates></LinearRing></outerBoundaryIs></Polygon></Placemark><Placemark><name>Polygon hoàn công 1553</name><styleUrl>#lot</styleUrl><ExtendedData><Data name="Entity DXF"><value>1553</value></Data><Data name="Diện tích ha"><value>1.3429008842468262</value></Data><Data name="Mã Lô"><value>DXF-1553</value></Data></ExtendedData><Polygon><tessellate>1</tessellate><outerBoundaryIs><LinearRing><coordinates>107.812899202729,10.811779004125,0 107.812899202729,10.811779004125,0 107.812899202729,10.811779004125,0 107.812890102729,10.811779073125,0 107.812871826729,10.811779303125,0 107.812835350729,10.811779582125,0 107.812808070729,10.811770853125,0 107.812789794729,10.811770993125,0 107.812753318729,10.811771362125,0 107.812726017729,10.811771571125,0 107.812726071729,10.811780600125,0 107.812698771729,10.811780809125,0 107.812680570729,10.811781039125,0 107.812671395729,10.811781109125,0 107.812635048729,10.811790417125,0 107.812635048729,10.811790417125,0 107.812580446729,10.811790926125,0 107.812562171729,10.811791065125,0 107.812525640729,10.811782406125,0 107.812498339729,10.811782705125,0 107.812452763729,10.811783054125,0 107.812416307729,10.811774395125,0 107.812352584729,10.811784002125,0 107.812343484729,10.811784072125,0 107.812316184729,10.811784281125,0 107.812261377729,10.811775761125,0 107.812169802729,10.811731495125,0 107.812169693729,10.811713528125,0 107.812122795729,10.811569598125,0 107.812058173729,10.811479979125,0 107.812058173729,10.811479979125,0 107.811993551729,10.811390451125,0 107.812028760729,10.811254741125,0 107.812045823729,10.811128290125,0 107.812045639729,10.811110232125,0 107.812053894729,10.811019966125,0 107.812052573729,10.810875596125,0 107.812133835729,10.810793710125,0 107.812251682729,10.810729512125,0 107.812288028729,10.810720114125,0 107.812443012729,10.810727776125,0 107.812570620729,10.810735648125,0 107.812634397729,10.810735069125,0 107.812679973729,10.810734630125,0 107.812807582729,10.810742502125,0 107.812843928729,10.810733104125,0 107.812981005729,10.810777020125,0 107.813008489729,10.810794778125,0 107.813036711729,10.810884675125,0 107.813036949729,10.810911762125,0 107.813073902729,10.810965655125,0 107.813110433729,10.810974314125,0 107.813219895729,10.810991354125,0 107.813247141729,10.810982116125,0 107.813247986729,10.811072313125,0 107.813285048729,10.811144083125,0 107.813276555729,10.811207263125,0 107.813294994729,10.811234210125,0 107.813295655729,10.811306349125,0 107.813286684729,10.811315448125,0 107.813277877729,10.811351542125,0 107.813259785729,10.811369920125,0 107.813223439729,10.811379228125,0 107.813223568729,10.811388257125,0 107.813196799729,10.811451577125,0 107.813196983729,10.811469634125,0 107.813143043729,10.811542283125,0 107.813125428729,10.811614652125,0 107.813125796729,10.811650677125,0 107.813052973729,10.811660354125,0 107.812953034729,10.811688298125,0 107.812917403729,10.811778864125,0 107.812917348729,10.811769835125,0 107.812899202729,10.811779004125,0</coordinates></LinearRing></outerBoundaryIs></Polygon></Placemark><Placemark><name>Polygon hoàn công 1554</name><styleUrl>#lot</styleUrl><ExtendedData><Data name="Entity DXF"><value>1554</value></Data><Data name="Diện tích ha"><value>4.818247131347656</value></Data><Data name="Mã Lô"><value>DXF-1554</value></Data></ExtendedData><Polygon><tessellate>1</tessellate><outerBoundaryIs><LinearRing><coordinates>107.811190412729,10.812986599125,0 107.811175551729,10.813201535125,0 107.811185843729,10.813401811125,0 107.811174060729,10.813716881125,0 107.811189269729,10.814002397125,0 107.811170015729,10.814653492125,0 107.811131751729,10.814841560125,0 107.811132966729,10.814966698125,0 107.811148179729,10.815022890125,0 107.811278706729,10.815005037125,0 107.811542966729,10.814883658125,0 107.811625049729,10.814870391125,0 107.811719093729,10.814790340125,0 107.811861653729,10.814707689125,0 107.812018504729,10.814591485125,0 107.812066832729,10.814572272125,0 107.812131039729,10.814450713125,0 107.812123506729,10.814325650125,0 107.812138023729,10.814292097125,0 107.812146912729,10.814123013125,0 107.812197618729,10.813920256125,0 107.812423220729,10.813701190125,0 107.812533690729,10.813575130125,0 107.812579047729,10.813474474125,0 107.812673227729,10.813400742125,0 107.812729122729,10.813295866125,0 107.812861375729,10.813246688125,0 107.812936541729,10.813166774125,0 107.813005979729,10.813157721125,0 107.813088233729,10.813167477125,0 107.813120135729,10.813194273125,0 107.813185958729,10.813219792125,0 107.813236920729,10.813297552125,0 107.813306890729,10.813351068125,0 107.813627192729,10.813354497125,0 107.813756267729,10.813411667125,0 107.813785978729,10.813442702125,0 107.813838896729,10.813454739125,0 107.813959949729,10.813566333125,0 107.813995810729,10.813572192125,0 107.814120131729,10.813571027125,0 107.814175019729,10.813576838125,0 107.814356240729,10.813589795125,0 107.814546694729,10.813577313125,0 107.814661801729,10.813593281125,0 107.814821982729,10.813598065125,0 107.814860136729,10.813620722125,0 107.814892634729,10.813715233125,0 107.815171403729,10.813791970125,0 107.815306132729,10.813778278125,0 107.815676970729,10.813783264125,0 107.815972062729,10.813793135125,0 107.816110872729,10.813770874125,0 107.816168628729,10.813641083125,0 107.816187357729,10.813378033125,0 107.816206833729,10.813215202125,0 107.816188479729,10.813052647125,0 107.816136294729,10.813048558125,0 107.811190351729,10.812980279125,0 107.811190412729,10.812986599125,0</coordinates></LinearRing></outerBoundaryIs></Polygon></Placemark><Placemark><name>Polygon hoàn công 1555</name><styleUrl>#lot</styleUrl><ExtendedData><Data name="Entity DXF"><value>1555</value></Data><Data name="Diện tích ha"><value>1.3113515377044678</value></Data><Data name="Mã Lô"><value>DXF-1555</value></Data></ExtendedData><Polygon><tessellate>1</tessellate><outerBoundaryIs><LinearRing><coordinates>107.813447696729,10.809031680125,0 107.813393149729,10.809041218125,0 107.813274805729,10.809060363125,0 107.813102467729,10.809143037125,0 107.812975997729,10.809261568125,0 107.812814687729,10.809551653125,0 107.812733501729,10.809633630125,0 107.812479001729,10.809699055125,0 107.812250902729,10.809665136125,0 107.811531180729,10.809662610125,0 107.811412229729,10.809618644125,0 107.811393498729,10.809555582125,0 107.811392361729,10.809429270125,0 107.811401331729,10.809420172125,0 107.811408449729,10.809203683125,0 107.811370230729,10.809014540125,0 107.811378192729,10.808888158125,0 107.811405493729,10.808887949125,0 107.811496754729,10.808905128125,0 107.811615391729,10.808922099125,0 107.811834020729,10.808920154125,0 107.811888935729,10.808946641125,0 107.812071219729,10.808954004125,0 107.812272180729,10.809015310125,0 107.812509269729,10.809031192125,0 107.812637299729,10.809084207125,0 107.812683114729,10.809110855125,0 107.812755752729,10.809083120125,0 107.812836829729,10.808983176125,0 107.813073530729,10.808971972125,0 107.813292603729,10.809006051125,0 107.813483933729,10.809004315125,0 107.813485969729,10.809034565125,0 107.813447696729,10.809031680125,0</coordinates></LinearRing></outerBoundaryIs></Polygon></Placemark><Placemark><name>Polygon hoàn công 1556</name><styleUrl>#lot</styleUrl><ExtendedData><Data name="Entity DXF"><value>1556</value></Data><Data name="Diện tích ha"><value>10.125761282348632</value></Data><Data name="Mã Lô"><value>DXF-1556</value></Data></ExtendedData><Polygon><tessellate>1</tessellate><outerBoundaryIs><LinearRing><coordinates>107.821417966729,10.826459352125,0 107.821372442729,10.826468821125,0 107.821263397729,10.826496838125,0 107.821218502729,10.826560389125,0 107.821164485729,10.826633039125,0 107.821119275729,10.826669503125,0 107.821101552729,10.826723816125,0 107.821092506729,10.826732914125,0 107.821083351729,10.826723956125,0 107.821068279729,10.827066917125,0 107.821055086729,10.827608239125,0 107.821055509729,10.827653382125,0 107.821119344729,10.827661831125,0 107.821237750729,10.827651712125,0 107.821255952729,10.827651482125,0 107.821356080729,10.827641593125,0 107.821556447729,10.827639782125,0 107.821729533729,10.827629153125,0 107.821847993729,10.827628062125,0 107.821911774729,10.827627482125,0 107.822002986729,10.827635720125,0 107.822185022729,10.827625020125,0 107.822339961729,10.827623559125,0 107.822558734729,10.827630637125,0 107.822695396729,10.827629315125,0 107.822822882729,10.827628154125,0 107.823041471729,10.827617174125,0 107.823168978729,10.827606984125,0 107.823323766729,10.827605522125,0 107.823378261729,10.827587045125,0 107.823414739729,10.827586674125,0 107.823460448729,10.827595262125,0 107.823597035729,10.827594031125,0 107.823724726729,10.827601898125,0 107.823879699729,10.827618494125,0 107.823970672729,10.827599646125,0 107.824098233729,10.827598484125,0 107.824107334729,10.827598414125,0 107.824243996729,10.827597182125,0 107.824362511729,10.827605029125,0 107.824398989729,10.827604749125,0 107.824572109729,10.827612175125,0 107.824690384729,10.827593026125,0 107.824808715729,10.827582906125,0 107.824936221729,10.827572805125,0 107.824954238729,10.827554517125,0 107.824981191729,10.827509254125,0 107.825035317729,10.827454570125,0 107.825015842729,10.827319550125,0 107.824975067729,10.826859816125,0 107.824978674729,10.826264391125,0 107.824982389729,10.825687024125,0 107.824962361729,10.825497831125,0 107.824714425729,10.825283576125,0 107.824565141729,10.824915061125,0 107.824544709729,10.824671696125,0 107.824551319729,10.824410063125,0 107.824287044729,10.824403428125,0 107.823922512729,10.824397744125,0 107.823675241729,10.824255718125,0 107.823680840729,10.823876802125,0 107.823716579729,10.823804292125,0 107.823725516729,10.823777136125,0 107.823833472729,10.823631745125,0 107.824041241729,10.823449468125,0 107.824349341729,10.823266330125,0 107.824603003729,10.823110518125,0 107.824511497729,10.823066346125,0 107.823837005729,10.823036410125,0 107.823791556729,10.823045879125,0 107.823773889729,10.823109130125,0 107.823738204729,10.823190669125,0 107.823702041729,10.823218036125,0 107.823684079729,10.823245352125,0 107.823675143729,10.823272418125,0 107.823630064729,10.823318003125,0 107.823603001729,10.823345299125,0 107.823566708729,10.823363637125,0 107.823530415729,10.823381974125,0 107.823503113729,10.823382275125,0 107.823448120729,10.823355699125,0 107.823429863729,10.823346901125,0 107.823429624729,10.823319815125,0 107.823438725729,10.823319745125,0 107.823465548729,10.823265362125,0 107.823465493729,10.823256333125,0 107.823382904729,10.823193853125,0 107.823354145729,10.823040845125,0 107.823344969729,10.823040915125,0 107.823044163729,10.823025621125,0 107.822734496729,10.823037483125,0 107.822679817729,10.823037993125,0 107.822652830729,10.823065290125,0 107.822653124729,10.823101314125,0 107.822653438729,10.823128401125,0 107.822653548729,10.823146458125,0 107.822655189729,10.823317823125,0 107.822666757729,10.823588344125,0 107.822677259729,10.823732644125,0 107.822677738729,10.823786726125,0 107.822715966729,10.823975779125,0 107.822716315729,10.824020832125,0 107.822725915729,10.824065906125,0 107.822718435729,10.824246370125,0 107.822691796729,10.824318810125,0 107.822700972729,10.824318740125,0 107.822682511729,10.824300822125,0 107.822573227729,10.824301843125,0 107.822409190729,10.824303375125,0 107.822364110729,10.824348869125,0 107.822364295729,10.824366926125,0 107.822319380729,10.824439416125,0 107.822293219729,10.824565938125,0 107.822311550729,10.824574917125,0 107.822321130729,10.824628929125,0 107.822366838729,10.824637517125,0 107.822567148729,10.824626677125,0 107.822649130729,10.824625956125,0 107.822703993729,10.824643503125,0 107.822867901729,10.824632943125,0 107.823013478729,10.824613584125,0 107.823150008729,10.824603324125,0 107.823232250729,10.824620571125,0 107.823387166729,10.824628228125,0 107.823414468729,10.824627928125,0 107.823441900729,10.824636746125,0 107.823505680729,10.824636166125,0 107.823533242729,10.824653923125,0 107.823697204729,10.824652391125,0 107.823742708729,10.824652040125,0 107.823861092729,10.824650949125,0 107.823879553729,10.824668776125,0 107.823879608729,10.824677805125,0 107.824025848729,10.824730585125,0 107.824035208729,10.824748573125,0 107.824044972729,10.824820642125,0 107.824045636729,10.824892782125,0 107.824055824729,10.825009995125,0 107.824076091729,10.825226274125,0 107.824077124729,10.825334438125,0 107.824041255729,10.825397919125,0 107.824032079729,10.825397989125,0 107.823959328729,10.825407669125,0 107.823914174729,10.825453253125,0 107.823859624729,10.825462793125,0 107.823859679729,10.825471821125,0 107.823859918729,10.825498908125,0 107.823842880729,10.825616331125,0 107.823834183729,10.825670483125,0 107.823834661729,10.825724565125,0 107.823835215729,10.825778738125,0 107.823817438729,10.825823931125,0 107.823808522729,10.825842059125,0 107.823800673729,10.825986498125,0 107.823801227729,10.826040671125,0 107.823819982729,10.826094613125,0 107.823820037729,10.826103642125,0 107.823793214729,10.826157934125,0 107.823802554729,10.826184950125,0 107.823793822729,10.826221135125,0 107.823794246729,10.826266189125,0 107.823776154729,10.826284386125,0 107.823767478729,10.826329600125,0 107.823731369729,10.826366085125,0 107.823649572729,10.826384864125,0 107.823503735729,10.826386165125,0 107.823439954729,10.826386746125,0 107.823221386729,10.826388788125,0 107.823112082729,10.826398748125,0 107.822966505729,10.826418106125,0 107.822884523729,10.826418917125,0 107.822848120729,10.826419198125,0 107.822784395729,10.826428807125,0 107.822756962729,10.826420078125,0 107.822647733729,10.826430128125,0 107.822611255729,10.826430408125,0 107.822583768729,10.826412651125,0 107.822538135729,10.826404063125,0 107.822456392729,10.826431869125,0 107.822374520729,10.826450647125,0 107.822301639729,10.826451298125,0 107.822274337729,10.826451508125,0 107.822228833729,10.826451948125,0 107.822064740729,10.826444451125,0 107.822001014729,10.826454060125,0 107.821882630729,10.826455150125,0 107.821718666729,10.826456591125,0 107.821600131729,10.826457681125,0 107.821518279729,10.826467431125,0 107.821418096729,10.826468381125,0 107.821417966729,10.826459352125,0</coordinates></LinearRing></outerBoundaryIs></Polygon></Placemark><Placemark><name>Polygon hoàn công 1557</name><styleUrl>#lot</styleUrl><ExtendedData><Data name="Entity DXF"><value>1557</value></Data><Data name="Diện tích ha"><value>17.489875680541992</value></Data><Data name="Mã Lô"><value>DXF-1557</value></Data></ExtendedData><Polygon><tessellate>1</tessellate><outerBoundaryIs><LinearRing><coordinates>107.828965414729,10.823882527125,0 107.828974515729,10.823882457125,0 107.828992846729,10.823891255125,0 107.828993031729,10.823909313125,0 107.829002187729,10.823918271125,0 107.829002242729,10.823927210125,0 107.829002372729,10.823936238125,0 107.829002372729,10.823936238125,0 107.828993271729,10.823936399125,0 107.828993216729,10.823927370125,0 107.828993216729,10.823927370125,0 107.828993216729,10.823927370125,0 107.828993216729,10.823927370125,0 107.828993216729,10.823927370125,0 107.828984040729,10.823927440125,0 107.828984040729,10.823927440125,0 107.828984040729,10.823927440125,0 107.828984040729,10.823927440125,0 107.829002557729,10.823954296125,0 107.829012192729,10.824017337125,0 107.829049869729,10.824152396125,0 107.829069235729,10.824269449125,0 107.829088526729,10.824386502125,0 107.829107947729,10.824512674125,0 107.829118268729,10.824638825125,0 107.829137744729,10.824773936125,0 107.829157035729,10.824891078125,0 107.829176401729,10.825008221125,0 107.829176935729,10.825071332125,0 107.829206067729,10.825260454125,0 107.829243635729,10.825377367125,0 107.829381680729,10.825529531125,0 107.829629564729,10.825734664125,0 107.829667187729,10.825860695125,0 107.829697354729,10.826157982125,0 107.829709354729,10.826473646125,0 107.829704133729,10.826888678125,0 107.829705407729,10.827023928125,0 107.829679380729,10.827159480125,0 107.829579491729,10.827196548125,0 107.829524756729,10.827188031125,0 107.828859409729,10.827166974125,0 107.827993695729,10.827147821125,0 107.827692940729,10.827141559125,0 107.827118860729,10.827137854125,0 107.827018602729,10.827138716125,0 107.826909023729,10.827103623125,0 107.826890452729,10.827067739125,0 107.826862780729,10.827031925125,0 107.826779579729,10.826906425125,0 107.826733651729,10.826861722125,0 107.826650929729,10.826790394125,0 107.826559368729,10.826737014125,0 107.826376279729,10.826648490125,0 107.826020974729,10.826651767125,0 107.825867439729,10.826797509125,0 107.825822359729,10.826843094125,0 107.825686841729,10.826970548125,0 107.825659833729,10.827006873125,0 107.825623615729,10.827025211125,0 107.825587321729,10.827043640125,0 107.825541797729,10.827053019125,0 107.825496293729,10.827053460125,0 107.825450714729,10.827053901125,0 107.825159135729,10.827047567125,0 107.825113556729,10.827047917125,0 107.825031444729,10.827039700125,0 107.824994247729,10.826958902125,0 107.824993344729,10.826859676125,0 107.825005682729,10.826228066125,0 107.825005257729,10.826182923125,0 107.825010061729,10.825722838125,0 107.824971352729,10.825479704125,0 107.824732627729,10.825283345125,0 107.824713577729,10.825193379125,0 107.824601564729,10.824905661125,0 107.824591061729,10.824761452125,0 107.824571532729,10.824617403125,0 107.824696492729,10.824336531125,0 107.824832673729,10.824281217125,0 107.825093369729,10.823908916125,0 107.825102415729,10.823899817125,0 107.825102285729,10.823890788125,0 107.828799938729,10.823721635125,0 107.828965414729,10.823882527125,0</coordinates></LinearRing></outerBoundaryIs></Polygon></Placemark><Placemark><name>Polygon hoàn công 1558</name><styleUrl>#lot</styleUrl><ExtendedData><Data name="Entity DXF"><value>1558</value></Data><Data name="Diện tích ha"><value>6.017188035583496</value></Data><Data name="Mã Lô"><value>DXF-1558</value></Data></ExtendedData><Polygon><tessellate>1</tessellate><outerBoundaryIs><LinearRing><coordinates>107.828579483729,10.822559986125,0 107.828495618729,10.822362347125,0 107.828143678729,10.821743115125,0 107.828069688729,10.821635512125,0 107.827922304729,10.821456512125,0 107.827802703729,10.821331293125,0 107.827434427729,10.820919681125,0 107.827378954729,10.820839023125,0 107.827406386729,10.820847751125,0 107.827588493729,10.820837048125,0 107.827734382729,10.820844773125,0 107.827761608729,10.820844563125,0 107.827816232729,10.820835022125,0 107.827971167729,10.820833558125,0 107.828098781729,10.820841424125,0 107.828189916729,10.820849570125,0 107.828263221729,10.820894062125,0 107.828272636729,10.820920988125,0 107.828310073729,10.821028961125,0 107.828310443729,10.821065076125,0 107.828348544729,10.821245100125,0 107.828376031729,10.821262856125,0 107.828540122729,10.821270350125,0 107.828640858729,10.821323570125,0 107.828649959729,10.821323500125,0 107.828941238729,10.821293805125,0 107.829323894729,10.821299252125,0 107.829569800729,10.821279028125,0 107.829796985729,10.821222828125,0 107.830096810729,10.821138890125,0 107.830087840729,10.821147989125,0 107.830096700729,10.821120832125,0 107.830205873729,10.821101841125,0 107.830306239729,10.821118945125,0 107.830378934729,10.821100235125,0 107.830397265729,10.821109033125,0 107.830470275729,10.821117410125,0 107.830389255729,10.821226387125,0 107.830380339729,10.821244515125,0 107.830372699729,10.821397984125,0 107.830364908729,10.821551362125,0 107.830430203729,10.821713117125,0 107.830576038729,10.821711812125,0 107.830730768729,10.821701317125,0 107.830767301729,10.821710065125,0 107.830786002729,10.821754978125,0 107.830831745729,10.821781623125,0 107.830859178729,10.821790350125,0 107.830950444729,10.821807524125,0 107.831114350729,10.821797050125,0 107.831260240729,10.821804683125,0 107.831405925729,10.821803378125,0 107.831524328729,10.821793255125,0 107.831661173729,10.821810077125,0 107.831670328729,10.821818945125,0 107.831635792729,10.822026797125,0 107.831608915729,10.822072152125,0 107.831610061729,10.822198464125,0 107.831557213729,10.822388400125,0 107.831548483729,10.822424585125,0 107.831485979729,10.822560418125,0 107.831377821729,10.822696693125,0 107.831223036729,10.822698068125,0 107.831140925729,10.822689853125,0 107.830949716729,10.822700628125,0 107.830867845729,10.822719409125,0 107.830712984729,10.822720784125,0 107.830676636729,10.822730274125,0 107.830576509729,10.822740166125,0 107.830448895729,10.822732302125,0 107.830303135729,10.822733697125,0 107.830275812729,10.822742936125,0 107.830202823729,10.822725531125,0 107.830057062729,10.822726836125,0 107.830011484729,10.822727278125,0 107.829947759729,10.822736979125,0 107.829911357729,10.822737260125,0 107.829884185729,10.822746499125,0 107.829756311729,10.822720577125,0 107.829674385729,10.822730328125,0 107.829665284729,10.822730398125,0 107.829556371729,10.822767627125,0 107.829547620729,10.822812751125,0 107.829538945729,10.822857965125,0 107.829558236729,10.822975018125,0 107.829549430729,10.823011112125,0 107.829541179729,10.823101380125,0 107.829541364729,10.823119437125,0 107.829560731729,10.823236580125,0 107.829579467729,10.823299551125,0 107.829579467729,10.823299551125,0 107.829487795729,10.823228294125,0 107.829396399729,10.823202001125,0 107.829132419729,10.823231485125,0 107.828950236729,10.823242188125,0 107.828941080729,10.823233230125,0 107.828868145729,10.823224944125,0 107.828859044729,10.823225014125,0 107.828795319729,10.823234624125,0 107.828579483729,10.822559986125,0 107.828579483729,10.822559986125,0</coordinates></LinearRing></outerBoundaryIs></Polygon></Placemark><Placemark><name>Polygon hoàn công 1559</name><styleUrl>#lot</styleUrl><ExtendedData><Data name="Entity DXF"><value>1559</value></Data><Data name="Diện tích ha"><value>16.0067011138916</value></Data><Data name="Mã Lô"><value>DXF-1559</value></Data></ExtendedData><Polygon><tessellate>1</tessellate><outerBoundaryIs><LinearRing><coordinates>107.824689830729,10.806033554125,0 107.824689830729,10.806033554125,0 107.824671629729,10.806033785125,0 107.824671575729,10.806024756125,0 107.824671150729,10.805979612125,0 107.824558000729,10.805565673125,0 107.824548401729,10.805520689125,0 107.824379357729,10.804980949125,0 107.824328655729,10.804422149125,0 107.824261615729,10.804070880125,0 107.824095597729,10.803855994125,0 107.823994149729,10.803721514125,0 107.823929765729,10.803658984125,0 107.823846461729,10.803515426125,0 107.823799873729,10.803398584125,0 107.823780934729,10.803326675125,0 107.823789849729,10.803308547125,0 107.823944885729,10.803325142125,0 107.824018075729,10.803351577125,0 107.824209272729,10.803340805125,0 107.824373298729,10.803339272125,0 107.824546219729,10.803328640125,0 107.824773781729,10.803299529125,0 107.824901202729,10.803289338125,0 107.824928078729,10.803243894125,0 107.825128504729,10.803242080125,0 107.825201454729,10.803241428125,0 107.825255925729,10.803231888125,0 107.825501816729,10.803211666125,0 107.825811463729,10.803199800125,0 107.825957139729,10.803198497125,0 107.826102965729,10.803197103125,0 107.826157511729,10.803187563125,0 107.826330616729,10.803195078125,0 107.826421712729,10.803185167125,0 107.826676629729,10.803164783125,0 107.826813335729,10.803172578125,0 107.826877110729,10.803171997125,0 107.827086506729,10.803161082125,0 107.827277777729,10.803150309125,0 107.827350653729,10.803149657125,0 107.827405273729,10.803140116125,0 107.827659985729,10.803110703125,0 107.827824011729,10.803109258125,0 107.827997007729,10.803098624125,0 107.828051628729,10.803089084125,0 107.828160958729,10.803097179125,0 107.828188388729,10.803105907125,0 107.828361864729,10.803149446125,0 107.828417094729,10.803203016125,0 107.828462725729,10.803211604125,0 107.828508540729,10.803238248125,0 107.828600040729,10.803282599125,0 107.828508910729,10.803274454125,0 107.828472435729,10.803274735125,0 107.828428189729,10.803419456125,0 107.828419994729,10.803518752125,0 107.828402109729,10.803545979125,0 107.828402348729,10.803573065125,0 107.828403144729,10.803654143125,0 107.828422783729,10.803816430125,0 107.828478863729,10.803960198125,0 107.828488498729,10.804023238125,0 107.828517813729,10.804230509125,0 107.828546203729,10.804347491125,0 107.828564458729,10.804356379125,0 107.828709990729,10.804318960125,0 107.828755545729,10.804327547125,0 107.828891957729,10.804299226125,0 107.828946632729,10.804298715125,0 107.828983588729,10.804352516125,0 107.829002083729,10.804388400125,0 107.829021318729,10.804496514125,0 107.829050393729,10.804676698125,0 107.829097464729,10.804847622125,0 107.829117679729,10.805054963125,0 107.829146919729,10.805262142125,0 107.829147029729,10.805280200125,0 107.829293521729,10.805350945125,0 107.829439513729,10.805376726125,0 107.829449333729,10.805457824125,0 107.829376642729,10.805476534125,0 107.829232591729,10.805658234125,0 107.829198000729,10.805856967125,0 107.829062993729,10.806029657125,0 107.829017952729,10.806093210125,0 107.828899575729,10.806094304125,0 107.828681002729,10.806105289125,0 107.828644601729,10.806105660125,0 107.828517104729,10.806115853125,0 107.828398782729,10.806125976125,0 107.828225654729,10.806127490125,0 107.828143808729,10.806137332125,0 107.827934095729,10.806121160125,0 107.827733851729,10.806141034125,0 107.827642645729,10.806132888125,0 107.827159702729,10.806119273125,0 107.826767946729,10.806122833125,0 107.826166846729,10.806146335125,0 107.825966308729,10.806130183125,0 107.825218847729,10.806091875125,0 107.824817861729,10.806086564125,0 107.824689830729,10.806033554125,0 107.824635229729,10.806034065125,0 107.824635284729,10.806043094125,0 107.824689830729,10.806033554125,0</coordinates></LinearRing></outerBoundaryIs></Polygon></Placemark><Placemark><name>Polygon hoàn công 1560</name><styleUrl>#lot</styleUrl><ExtendedData><Data name="Entity DXF"><value>1560</value></Data><Data name="Diện tích ha"><value>0.6925497362136841</value></Data><Data name="Mã Lô"><value>DXF-1560</value></Data></ExtendedData><Polygon><tessellate>1</tessellate><outerBoundaryIs><LinearRing><coordinates>107.809506149729,10.798585437125,0 107.809506204729,10.798594376125,0 107.809370638729,10.798712885125,0 107.809379922729,10.798730872125,0 107.809481307729,10.798856237125,0 107.809609939729,10.798972274125,0 107.809609939729,10.798972274125,0 107.809757029729,10.799106319125,0 107.809757029729,10.799106319125,0 107.809976475729,10.799203510125,0 107.810085878729,10.799211522125,0 107.810402401729,10.798956097125,0 107.810447607729,10.798919543125,0 107.810392164729,10.798829855125,0 107.810272686729,10.798722778125,0 107.810272686729,10.798722778125,0 107.810107471729,10.798588963125,0 107.810098372729,10.798589032125,0 107.810069860729,10.798462930125,0 107.810068301729,10.798291564125,0 107.810085547729,10.798183171125,0 107.809993738729,10.798111909125,0 107.809984638729,10.798111978125,0 107.809804342729,10.798321033125,0 107.809714242729,10.798421046125,0 107.809669383729,10.798502653125,0 107.809660337729,10.798511752125,0 107.809524424729,10.798585208125,0 107.809506149729,10.798585437125,0</coordinates></LinearRing></outerBoundaryIs></Polygon></Placemark><Placemark><name>Polygon hoàn công 1561</name><styleUrl>#lot</styleUrl><ExtendedData><Data name="Entity DXF"><value>1561</value></Data><Data name="Diện tích ha"><value>0.834782011795044</value></Data><Data name="Mã Lô"><value>DXF-1561</value></Data></ExtendedData><Polygon><tessellate>1</tessellate><outerBoundaryIs><LinearRing><coordinates>107.807299492729,10.797396620125,0 107.807309511729,10.797486747125,0 107.807291528729,10.797522911125,0 107.807174421729,10.797659337125,0 107.807083823729,10.797714296125,0 107.807047478729,10.797723694125,0 107.806975264729,10.797796480125,0 107.806947835729,10.797787751125,0 107.806911728729,10.797824144125,0 107.806875750729,10.797869566125,0 107.806939871729,10.797914042125,0 107.807150053729,10.797984309125,0 107.807186527729,10.797983941125,0 107.807277363729,10.797956068125,0 107.807286279729,10.797937941125,0 107.807348971729,10.797820170125,0 107.807375686729,10.797747732125,0 107.807466814729,10.797755974125,0 107.807512626729,10.797782621125,0 107.807613113729,10.797808761125,0 107.807704003729,10.797789826125,0 107.807749577729,10.797789478125,0 107.807785977729,10.797789109125,0 107.807913600729,10.797787954125,0 107.808031313729,10.797714728125,0 107.808112810729,10.797659839125,0 107.808167593729,10.797677388125,0 107.808195022729,10.797686208125,0 107.808305139729,10.797775388125,0 107.808369757729,10.797865007125,0 107.808415699729,10.797900684125,0 107.808461437729,10.797927331125,0 107.808507011729,10.797926893125,0 107.808515819729,10.797890708125,0 107.808523945729,10.797791413125,0 107.808394784729,10.797612175125,0 107.808376401729,10.797594256125,0 107.808284960729,10.797559019125,0 107.808083217729,10.797416543125,0 107.807899913729,10.797301014125,0 107.807826672729,10.797265546125,0 107.807716133729,10.797131222125,0 107.807432343729,10.796989463125,0 107.807378112729,10.797025996125,0 107.807269975729,10.797153234125,0 107.807142482729,10.797163418125,0 107.807152241729,10.797235578125,0 107.807234691729,10.797288943125,0 107.807344406729,10.797324042125,0 107.807335231729,10.797324111125,0 107.807290338729,10.797387661125,0 107.807299492729,10.797396620125,0</coordinates></LinearRing></outerBoundaryIs></Polygon></Placemark><Placemark><name>Polygon hoàn công 1562</name><styleUrl>#lot</styleUrl><ExtendedData><Data name="Entity DXF"><value>1562</value></Data><Data name="Diện tích ha"><value>1.2779869972229003</value></Data><Data name="Mã Lô"><value>DXF-1562</value></Data></ExtendedData><Polygon><tessellate>1</tessellate><outerBoundaryIs><LinearRing><coordinates>107.805681604729,10.797799231125,0 107.805708612729,10.797762907125,0 107.805708428729,10.797744850125,0 107.805707877729,10.797690768125,0 107.805707585729,10.797654563125,0 107.805707401729,10.797636505125,0 107.805733858729,10.797546099125,0 107.805732593729,10.797410849125,0 107.805785948729,10.797266062125,0 107.805740211729,10.797239324125,0 107.805739660729,10.797185152125,0 107.805802904729,10.797121464125,0 107.805866181729,10.797075833125,0 107.805893242729,10.797048538125,0 107.805910490729,10.796940144125,0 107.805864678729,10.796913496125,0 107.805846716729,10.796940722125,0 107.805828442729,10.796940861125,0 107.805709409729,10.796869807125,0 107.805708933729,10.796815725125,0 107.805708696729,10.796788548125,0 107.805725977729,10.796698212125,0 107.805780304729,10.796652651125,0 107.805843051729,10.796543819125,0 107.805833659729,10.796507864125,0 107.805760106729,10.796445310125,0 107.805714368729,10.796418752125,0 107.805695510729,10.796346662125,0 107.805712975729,10.796274293125,0 107.805712682729,10.796238268125,0 107.805694299729,10.796220350125,0 107.805694007729,10.796184325125,0 107.805711839729,10.796148071125,0 107.805729271729,10.796057735125,0 107.805839019729,10.796110801125,0 107.805912076729,10.796128212125,0 107.806076336729,10.796153775125,0 107.806103873729,10.796180562125,0 107.806267949729,10.796188157125,0 107.806459930729,10.796258564125,0 107.806633528729,10.796311053125,0 107.806642682729,10.796320012125,0 107.806679210729,10.796328672125,0 107.806788796729,10.796354832125,0 107.806806758729,10.796327516125,0 107.806833894729,10.796300222125,0 107.806807417729,10.796399746125,0 107.806871742729,10.796453341125,0 107.806908509729,10.796489087125,0 107.807000426729,10.796578407125,0 107.807229704729,10.796747671125,0 107.807340501729,10.796900143125,0 107.807423243729,10.796989533125,0 107.807359837729,10.797026225125,0 107.807287991729,10.797135037125,0 107.807169856729,10.797163209125,0 107.807005358729,10.797110560125,0 107.806977085729,10.797011634125,0 107.806940135729,10.796957830125,0 107.806930429729,10.796894789125,0 107.806939182729,10.796849666125,0 107.806911624729,10.796831818125,0 107.806838458729,10.796796440125,0 107.806802059729,10.796796719125,0 107.806620606729,10.796888579125,0 107.806584206729,10.796888948125,0 107.806383656729,10.796881721125,0 107.806265229729,10.796873778125,0 107.806183418729,10.796901580125,0 107.806073961729,10.796884539125,0 107.806019233729,10.796876018125,0 107.806029285729,10.796984112125,0 107.805984629729,10.797074748125,0 107.805921752729,10.797174551125,0 107.805876783729,10.797238100125,0 107.805850381729,10.797337624125,0 107.805796605729,10.797437268125,0 107.805861276729,10.797535916125,0 107.805925472729,10.797580392125,0 107.805979854729,10.797543859125,0 107.805998108729,10.797552749125,0 107.806025537729,10.797561479125,0 107.806025537729,10.797561479125,0 107.805980459729,10.797606970125,0 107.805980459729,10.797606970125,0 107.805953744729,10.797679409125,0 107.805935782729,10.797706724125,0 107.805862541729,10.797671166125,0 107.805817647729,10.797734806125,0 107.805681604729,10.797799231125,0</coordinates></LinearRing></outerBoundaryIs></Polygon></Placemark><Placemark><name>Polygon hoàn công 1563</name><styleUrl>#lot</styleUrl><ExtendedData><Data name="Entity DXF"><value>1563</value></Data><Data name="Diện tích ha"><value>6.969036712646484</value></Data><Data name="Mã Lô"><value>DXF-1563</value></Data></ExtendedData><Polygon><tessellate>1</tessellate><outerBoundaryIs><LinearRing><coordinates>107.805283477729,10.793175084125,0 107.805274745729,10.793211179125,0 107.805239957729,10.793391941125,0 107.805187391729,10.793617896125,0 107.805198177729,10.793798311125,0 107.805189498729,10.793843524125,0 107.805162546729,10.793888786125,0 107.805126017729,10.793880126125,0 107.805098534729,10.793862368125,0 107.804952075729,10.793782493125,0 107.804942846729,10.793773534125,0 107.804887751729,10.793728988125,0 107.804878360729,10.793692853125,0 107.804723385729,10.793685277125,0 107.804668473729,10.793658699125,0 107.804650090729,10.793640871125,0 107.804649852729,10.793613785125,0 107.804640515729,10.793586858125,0 107.804602906729,10.793460915125,0 107.804602722729,10.793442858125,0 107.804611217729,10.793379677125,0 107.804628703729,10.793298280125,0 107.804637143729,10.793225980125,0 107.804636906729,10.793198894125,0 107.804618393729,10.793172037125,0 107.804627071729,10.793126914125,0 107.804635770729,10.793072673125,0 107.804653127729,10.792982336125,0 107.804634452729,10.792928394125,0 107.804633609729,10.792838197125,0 107.804660616729,10.792801783125,0 107.804632637729,10.792738880125,0 107.804595633729,10.792676138125,0 107.804549584729,10.792622404125,0 107.804512926729,10.792604715125,0 107.804494564729,10.792577858125,0 107.804420957729,10.792506366125,0 107.804402628729,10.792497476125,0 107.804393237729,10.792461521125,0 107.804402098729,10.792434365125,0 107.804383219729,10.792371303125,0 107.804364490729,10.792308332125,0 107.804336694729,10.792263487125,0 107.804281491729,10.792200884125,0 107.804245201729,10.792219219125,0 107.804199573729,10.792210629125,0 107.804144900729,10.792211136125,0 107.804072028729,10.792211783125,0 107.804016987729,10.792176175125,0 107.803952501729,10.792095584125,0 107.803943218729,10.792077687125,0 107.803896693729,10.791969870125,0 107.803869394729,10.791970079125,0 107.803814775729,10.791979615125,0 107.803705375729,10.791971601125,0 107.803687251729,10.791971741125,0 107.803668922729,10.791962941125,0 107.803632027729,10.791918076125,0 107.803549212729,10.791828595125,0 107.803531013729,10.791828734125,0 107.803467424729,10.791847368125,0 107.803393892729,10.791775875125,0 107.803366464729,10.791767145125,0 107.803302745729,10.791776751125,0 107.803220719729,10.791768438125,0 107.803156947729,10.791769015125,0 107.803074954729,10.791778760125,0 107.802992690729,10.791743451125,0 107.802910772729,10.791753196125,0 107.802855990729,10.791735646125,0 107.802764973729,10.791745550125,0 107.802737599729,10.791745759125,0 107.802710354729,10.791754996125,0 107.802672929729,10.791647110125,0 107.802754555729,10.791601341125,0 107.802781433729,10.791555989125,0 107.802827007729,10.791555551125,0 107.802881680729,10.791555044125,0 107.803018325729,10.791553820125,0 107.803090884729,10.791526088125,0 107.803154236729,10.791480367125,0 107.803263582729,10.791479352125,0 107.803308659729,10.791433861125,0 107.803335611729,10.791388509125,0 107.803362856729,10.791379271125,0 107.803408538729,10.791396891125,0 107.803462368729,10.791306187125,0 107.803471176729,10.791270002125,0 107.803443564729,10.791243215125,0 107.803425311729,10.791234416125,0 107.803388783729,10.791225665125,0 107.803279512729,10.791226680125,0 107.803261475729,10.791253905125,0 107.803179816729,10.791281707125,0 107.803161542729,10.791281846125,0 107.803079570729,10.791282562125,0 107.803052563729,10.791318886125,0 107.802988736729,10.791310524125,0 107.802925255729,10.791347125125,0 107.802870582729,10.791347633125,0 107.802779878729,10.791384533125,0 107.802716105729,10.791385110125,0 107.802597660729,10.791386194125,0 107.802515688729,10.791386910125,0 107.802469985729,10.791378319125,0 107.802451861729,10.791378458125,0 107.802424433729,10.791369728125,0 107.802378363729,10.791325022125,0 107.802340884729,10.791208107125,0 107.802331072729,10.791127009125,0 107.802330651729,10.791081955125,0 107.802248625729,10.791073642125,0 107.802175548729,10.791065260125,0 107.802166761729,10.791092416125,0 107.802148616729,10.791101674125,0 107.802121371729,10.791110911125,0 107.802093943729,10.791102090125,0 107.802038482729,10.791021339125,0 107.802037824729,10.790949200125,0 107.802055806729,10.790912946125,0 107.802073638729,10.790876782125,0 107.802064722729,10.790894819125,0 107.802091308729,10.790813442125,0 107.802100279729,10.790804344125,0 107.802018253729,10.790796031125,0 107.801964184729,10.790859739125,0 107.801955268729,10.790877776125,0 107.801910062729,10.790914329125,0 107.801873880729,10.790950721125,0 107.801837536729,10.790960028125,0 107.801772975729,10.790879436125,0 107.801763163729,10.790798338125,0 107.801754063729,10.790798497125,0 107.801717665729,10.790798775125,0 107.801680478729,10.790717975125,0 107.801689265729,10.790690820125,0 107.801689027729,10.790663733125,0 107.801697102729,10.790555410125,0 107.801705380729,10.790456115125,0 107.801705326729,10.790447086125,0 107.801732495729,10.790437849125,0 107.801741433729,10.790410693125,0 107.801731891729,10.790374648125,0 107.801667698729,10.790330171125,0 107.801621174729,10.790222354125,0 107.801602629729,10.790177350125,0 107.801593271729,10.790159362125,0 107.801593033729,10.790132366125,0 107.801547114729,10.790087660125,0 107.801510587729,10.790078999125,0 107.801474059729,10.790070249125,0 107.801428065729,10.790025633125,0 107.801391537729,10.790016882125,0 107.801363871729,10.789981066125,0 107.801362975729,10.789881840125,0 107.801371546729,10.789818660125,0 107.801371546729,10.789818660125,0 107.801416622729,10.789773169125,0 107.801553212729,10.789762918125,0 107.801562237729,10.789762848125,0 107.801589611729,10.789762549125,0 107.801662483729,10.789761903125,0 107.801789973729,10.789751721125,0 107.801863083729,10.789778161125,0 107.801981949729,10.789822131125,0 107.802054691729,10.789812456125,0 107.802100156729,10.789794051125,0 107.802209481729,10.789802065125,0 107.802282298729,10.789792390125,0 107.802391514729,10.789782347125,0 107.802455287729,10.789781770125,0 107.802528159729,10.789781124125,0 107.802666250729,10.789933208125,0 107.802776730729,10.790058506125,0 107.802831511729,10.790076055125,0 107.803014333729,10.790137505125,0 107.803023433729,10.790137436125,0 107.803133967729,10.790271761125,0 107.803107327729,10.790344200125,0 107.803117031729,10.790407241125,0 107.803217753729,10.790460468125,0 107.803272426729,10.790459961125,0 107.803326969729,10.790450424125,0 107.803363422729,10.790459085125,0 107.803463851729,10.790476287125,0 107.803518762729,10.790502776125,0 107.803582589729,10.790511227125,0 107.803719179729,10.790500975125,0 107.803755707729,10.790509726125,0 107.803810380729,10.790509218125,0 107.803828450729,10.790499960125,0 107.803946895729,10.790498966125,0 107.804101922729,10.790515570125,0 107.804193123729,10.790523722125,0 107.804284194729,10.790522937125,0 107.804329768729,10.790522499125,0 107.804366295729,10.790531249125,0 107.804439481729,10.790557598125,0 107.804475879729,10.790557230125,0 107.804493949729,10.790548062125,0 107.804548568729,10.790538616125,0 107.804621440729,10.790537879125,0 107.804749039729,10.790545753125,0 107.804867776729,10.790580783125,0 107.804868987729,10.790707095125,0 107.804879296729,10.790833337125,0 107.804862892729,10.791031837125,0 107.804827920729,10.791194633125,0 107.804820507729,10.791375096125,0 107.804866664729,10.791446797125,0 107.804950030729,10.791590450125,0 107.805024221729,10.791734083125,0 107.805107750729,10.791904641125,0 107.805146019729,10.792102814125,0 107.805184471729,10.792318954125,0 107.805186027729,10.792490410125,0 107.805195332729,10.792499279125,0 107.805214483729,10.792607394125,0 107.805215271729,10.792688562125,0 107.805234681729,10.792814645125,0 107.805281682729,10.792976633125,0 107.805301697729,10.793165827125,0 107.805292522729,10.793165896125,0 107.805283477729,10.793175084125,0</coordinates></LinearRing></outerBoundaryIs></Polygon></Placemark><Placemark><name>Polygon hoàn công 1564</name><styleUrl>#lot</styleUrl><ExtendedData><Data name="Entity DXF"><value>1564</value></Data><Data name="Diện tích ha"><value>0.6883353691101074</value></Data><Data name="Mã Lô"><value>DXF-1564</value></Data></ExtendedData><Polygon><tessellate>1</tessellate><outerBoundaryIs><LinearRing><coordinates>107.805371381729,10.792822539125,0 107.805362281729,10.792822609125,0 107.805343953729,10.792813629125,0 107.805334853729,10.792813699125,0 107.805261688729,10.792778321125,0 107.805233892729,10.792733476125,0 107.805205329729,10.792598435125,0 107.805194910729,10.792454225125,0 107.805194543729,10.792418201125,0 107.805203459729,10.792400074125,0 107.805267123729,10.792381439125,0 107.805330896729,10.792380862125,0 107.805421839729,10.792370956125,0 107.805494841729,10.792379338125,0 107.805631432729,10.792368995125,0 107.805658731729,10.792368786125,0 107.805786439729,10.792394717125,0 107.805822913729,10.792394439125,0 107.805850342729,10.792403169125,0 107.805868670729,10.792412058125,0 107.805969209729,10.792447227125,0 107.806014891729,10.792464846125,0 107.806060465729,10.792464408125,0 107.806160712729,10.792463552125,0 107.806224539729,10.792471913125,0 107.806261013729,10.792471634125,0 107.806315665729,10.792480155125,0 107.806488710729,10.792478561125,0 107.806626641729,10.792603558125,0 107.806691713729,10.792756288125,0 107.806691897729,10.792774346125,0 107.806601376729,10.792829395125,0 107.806501129729,10.792830341125,0 107.806355383729,10.792831636125,0 107.806319039729,10.792840943125,0 107.806255266729,10.792841521125,0 107.806164140729,10.792833369125,0 107.806063893729,10.792834224125,0 107.805963537729,10.792817113125,0 107.805854191729,10.792818129125,0 107.805745028729,10.792837112125,0 107.805663293729,10.792864915125,0 107.805444546729,10.792857917125,0 107.805426163729,10.792839999125,0 107.805371381729,10.792822539125,0</coordinates></LinearRing></outerBoundaryIs></Polygon></Placemark><Placemark><name>Polygon hoàn công 1565</name><styleUrl>#lot</styleUrl><ExtendedData><Data name="Entity DXF"><value>1565</value></Data><Data name="Diện tích ha"><value>2.270040510559082</value></Data><Data name="Mã Lô"><value>DXF-1565</value></Data></ExtendedData><Polygon><tessellate>1</tessellate><outerBoundaryIs><LinearRing><coordinates>107.802013207729,10.793213679125,0 107.802004345729,10.793240835125,0 107.802005004729,10.793313065125,0 107.802069932729,10.793429681125,0 107.802179679729,10.793482839125,0 107.802197878729,10.793482700125,0 107.802270588729,10.793454968125,0 107.802370339729,10.793408969125,0 107.802497226729,10.793335676125,0 107.802670163729,10.793316027125,0 107.802825062729,10.793323694125,0 107.802970937729,10.793331340125,0 107.803116920729,10.793357133125,0 107.803126074729,10.793366002125,0 107.803208651729,10.793428397125,0 107.803264038729,10.793509058125,0 107.803328599729,10.793589649125,0 107.803328945729,10.793634792125,0 107.803283868729,10.793680284125,0 107.803211546729,10.793735103125,0 107.803065725729,10.793736486125,0 107.802947462729,10.793755537125,0 107.802938437729,10.793755607125,0 107.802793092729,10.793811071125,0 107.802702095729,10.793811857125,0 107.802665545729,10.793812225125,0 107.802547174729,10.793813309125,0 107.802483455729,10.793822915125,0 107.802355908729,10.793824068125,0 107.802246507729,10.793816054125,0 107.802137365729,10.793826007125,0 107.802073592729,10.793826583125,0 107.802018789729,10.793818062125,0 107.801909151729,10.793782961125,0 107.801899976729,10.793783121125,0 107.801827049729,10.793774738125,0 107.801726931729,10.793784622125,0 107.801599568729,10.793803832125,0 107.801535870729,10.793804409125,0 107.801408194729,10.793796533125,0 107.801399149729,10.793805631125,0 107.801308022729,10.793797478125,0 107.801198546729,10.793789463125,0 107.801116466729,10.793772121125,0 107.801116282729,10.793754064125,0 107.801161597729,10.793735569125,0 107.801207300729,10.793744250125,0 107.801243591729,10.793725825125,0 107.801288906729,10.793707329125,0 107.801334426729,10.793697954125,0 107.801352258729,10.793661700125,0 107.801251536729,10.793608472125,0 107.801196863729,10.793608979125,0 107.801105261729,10.793546653125,0 107.801095849729,10.793519727125,0 107.801169034729,10.793546077125,0 107.801205196729,10.793518713125,0 107.801177238729,10.793446782125,0 107.801113098729,10.793411334125,0 107.801067654729,10.793420710125,0 107.801040355729,10.793421008125,0 107.800985131729,10.793367343125,0 107.800884830729,10.793359259125,0 107.800857402729,10.793350528125,0 107.800847223729,10.793233225125,0 107.800838069729,10.793224356125,0 107.800737951729,10.793234239125,0 107.800728722729,10.793225279125,0 107.800692248729,10.793225647125,0 107.800573877729,10.793226731125,0 107.800537587729,10.793245066125,0 107.800464422729,10.793209687125,0 107.800426923729,10.793101801125,0 107.800408303729,10.793056796125,0 107.800380454729,10.793003013125,0 107.800397704729,10.792894619125,0 107.800397466729,10.792867533125,0 107.800415482729,10.792849247125,0 107.800442252729,10.792785837125,0 107.800395858729,10.792687049125,0 107.800341002729,10.792669499125,0 107.800331298729,10.792606457125,0 107.800330877729,10.792561404125,0 107.800339610729,10.792525220125,0 107.800402304729,10.792407360125,0 107.800429203729,10.792352980125,0 107.800428782729,10.792307927125,0 107.800491713729,10.792217153125,0 107.800491530729,10.792199096125,0 107.800499604729,10.792090772125,0 107.800462310729,10.791991915125,0 107.800453081729,10.791982955125,0 107.800379367729,10.791893404125,0 107.800314807729,10.791812812125,0 107.800286979729,10.791749910125,0 107.800286558729,10.791704766125,0 107.800396671729,10.791794040125,0 107.800835772729,10.791988526125,0 107.800982779729,10.792122484125,0 107.801000979729,10.792122345125,0 107.801112592729,10.792373864125,0 107.801113800729,10.792500176125,0 107.801051345729,10.792645031125,0 107.801127347729,10.792978177125,0 107.801183683729,10.793167093125,0 107.801230044729,10.793247823125,0 107.801868067729,10.793278082125,0 107.801985962729,10.793222916125,0 107.802013207729,10.793213679125,0</coordinates></LinearRing></outerBoundaryIs></Polygon></Placemark><Placemark><name>Polygon hoàn công 1567</name><styleUrl>#lot</styleUrl><ExtendedData><Data name="Entity DXF"><value>1567</value></Data><Data name="Diện tích ha"><value>3.076161211395264</value></Data><Data name="Mã Lô"><value>DXF-1567</value></Data></ExtendedData><Polygon><tessellate>1</tessellate><outerBoundaryIs><LinearRing><coordinates>107.806276651729,10.830593812125,0 107.806294669729,10.830575615125,0 107.806212341729,10.830531278125,0 107.806256818729,10.830422676125,0 107.806292508729,10.830341230125,0 107.806251707729,10.829872467125,0 107.806488207729,10.829825244125,0 107.806534133729,10.829869859125,0 107.806597914729,10.829869282125,0 107.806634209729,10.829850947125,0 107.806834414729,10.829822060125,0 107.806897060729,10.829695171125,0 107.806913867729,10.829550753125,0 107.806877151729,10.829524035125,0 107.806894823729,10.829460605125,0 107.807131561729,10.829440468125,0 107.807469088729,10.829482406125,0 107.807407047729,10.829672495125,0 107.807431097729,10.830294705125,0 107.807519382729,10.830979539125,0 107.807430957729,10.831259944125,0 107.807106853729,10.831686888125,0 107.806467028729,10.832459446125,0 107.806466423729,10.832396335125,0 107.806356607729,10.832334240125,0 107.806424671729,10.831819408125,0 107.806358491729,10.831558424125,0 107.806384053729,10.831368703125,0 107.806337523729,10.831260887125,0 107.806319321729,10.831261026125,0 107.806299596729,10.831107857125,0 107.806253066729,10.831000041125,0 107.806314502729,10.830746931125,0 107.806293826729,10.830485508125,0 107.806276651729,10.830593812125,0</coordinates></LinearRing></outerBoundaryIs></Polygon></Placemark><Placemark><name>Polygon hoàn công 1568</name><styleUrl>#lot</styleUrl><ExtendedData><Data name="Entity DXF"><value>1568</value></Data><Data name="Diện tích ha"><value>2.775009902191162</value></Data><Data name="Mã Lô"><value>DXF-1568</value></Data></ExtendedData><Polygon><tessellate>1</tessellate><outerBoundaryIs><LinearRing><coordinates>107.807656888729,10.831068421125,0 107.807665091729,10.830969216125,0 107.807646230729,10.830897216125,0 107.807636816729,10.830870109125,0 107.807636341729,10.830816027125,0 107.807635973729,10.830780003125,0 107.807561772729,10.830636371125,0 107.807550271729,10.830374879125,0 107.807548952729,10.830230510125,0 107.807567154729,10.830230280125,0 107.807585172729,10.830212084125,0 107.807566311729,10.830140174125,0 107.807575044729,10.830103989125,0 107.807611231729,10.830067596125,0 107.807583248729,10.830004604125,0 107.807583010729,10.829977608125,0 107.807546001729,10.829914776125,0 107.807545580729,10.829869722125,0 107.807645104729,10.829796637125,0 107.807689895729,10.829715031125,0 107.807671455729,10.829688084125,0 107.807616353729,10.829643538125,0 107.807615878729,10.829589456125,0 107.807679107729,10.829534707125,0 107.807706485729,10.829534498125,0 107.807742888729,10.829534129125,0 107.807761165729,10.829533990125,0 107.807906798729,10.829523668125,0 107.807925130729,10.829532467125,0 107.807961716729,10.829550246125,0 107.808007350729,10.829558836125,0 107.808116948729,10.829584907125,0 107.808171866729,10.829611395125,0 107.808244877729,10.829619777125,0 107.808290673729,10.829655453125,0 107.808354713729,10.829672843125,0 107.808509740729,10.829698565125,0 107.808564604729,10.829716024125,0 107.808564733729,10.829725053125,0 107.808564604729,10.829716024125,0 107.808555503729,10.829716184125,0 107.808583118729,10.829742971125,0 107.808573780729,10.829715955125,0 107.808582935729,10.829724914125,0 107.808637744729,10.829733435125,0 107.808728882729,10.829741587125,0 107.808820203729,10.829767886125,0 107.808874883729,10.829767469125,0 107.808920591729,10.829776059125,0 107.808966150729,10.829784649125,0 107.809038977729,10.829774973125,0 107.809112172729,10.829801322125,0 107.809158098729,10.829846027125,0 107.809167069729,10.829836929125,0 107.809213676729,10.829944745125,0 107.809206500729,10.830152294125,0 107.809226627729,10.830359635125,0 107.809246830729,10.830566795125,0 107.809203230729,10.830783741125,0 107.809077117729,10.830938294125,0 107.809058915729,10.830938434125,0 107.809013574729,10.830965958125,0 107.808832597729,10.831102871125,0 107.808623841729,10.831186002125,0 107.808414112729,10.831169906125,0 107.808222531729,10.831144462125,0 107.808031134729,10.831137166125,0 107.807885186729,10.831120493125,0 107.807784688729,10.831094352125,0 107.807647917729,10.831077519125,0 107.807656888729,10.831068421125,0</coordinates></LinearRing></outerBoundaryIs></Polygon></Placemark><Placemark><name>Polygon hoàn công 1569</name><styleUrl>#lot</styleUrl><ExtendedData><Data name="Entity DXF"><value>1569</value></Data><Data name="Diện tích ha"><value>1.0805821701049805</value></Data><Data name="Mã Lô"><value>DXF-1569</value></Data></ExtendedData><Polygon><tessellate>1</tessellate><outerBoundaryIs><LinearRing><coordinates>107.807830972729,10.832149350125,0 107.807830605729,10.832113325125,0 107.807783231729,10.831915222125,0 107.807772259729,10.831716931125,0 107.807752371729,10.831536676125,0 107.807686558729,10.831311717125,0 107.807677198729,10.831293819125,0 107.807667859729,10.831266802125,0 107.807667491729,10.831230778125,0 107.807694264729,10.831167368125,0 107.807921719729,10.831129153125,0 107.808058511729,10.831136957125,0 107.808113300729,10.831154507125,0 107.808249909729,10.831144254125,0 107.808277211729,10.831143954125,0 107.808359378729,10.831161385125,0 107.808569820729,10.831258649125,0 107.808553122729,10.831421124125,0 107.808543892729,10.831412165125,0 107.808480900729,10.831494001125,0 107.808481138729,10.831521087125,0 107.808463358729,10.831566280125,0 107.808463596729,10.831593366125,0 107.808445816729,10.831638558125,0 107.808446292729,10.831692731125,0 107.808464731729,10.831719677125,0 107.808537981729,10.831755055125,0 107.808574752729,10.831790801125,0 107.808611890729,10.831862662125,0 107.808584880729,10.831898986125,0 107.808585118729,10.831925982125,0 107.808494932729,10.832026084125,0 107.808486014729,10.832044211125,0 107.808486674729,10.832116350125,0 107.808477811729,10.832143506125,0 107.808487096729,10.832161494125,0 107.808460269729,10.832215784125,0 107.808433075729,10.832234051125,0 107.808424342729,10.832270325125,0 107.808406303729,10.832297551125,0 107.808370083729,10.832315886125,0 107.808325238729,10.832388464125,0 107.808307328729,10.832424718125,0 107.808234630729,10.832443423125,0 107.808188921729,10.832434832125,0 107.808161272729,10.832389988125,0 107.807996733729,10.832346367125,0 107.807851044729,10.832347661125,0 107.807823428729,10.832320874125,0 107.807830972729,10.832149350125,0</coordinates></LinearRing></outerBoundaryIs></Polygon></Placemark><Placemark><name>Polygon hoàn công 1570</name><styleUrl>#lot</styleUrl><ExtendedData><Data name="Entity DXF"><value>1570</value></Data><Data name="Diện tích ha"><value>0.769237109375</value></Data><Data name="Mã Lô"><value>DXF-1570</value></Data></ExtendedData><Polygon><tessellate>1</tessellate><outerBoundaryIs><LinearRing><coordinates>107.807649443729,10.832232180125,0 107.807641315729,10.832331565125,0 107.807624064729,10.832439959125,0 107.807505494729,10.832422986125,0 107.807441421729,10.832387449125,0 107.807423089729,10.832378650125,0 107.807359416729,10.832397284125,0 107.807295581729,10.832388833125,0 107.807231616729,10.832371352125,0 107.807167964729,10.832380958125,0 107.807140586729,10.832381167125,0 107.807131560729,10.832381327125,0 107.807103999729,10.832363478125,0 107.807095006729,10.832381605125,0 107.807086273729,10.832417790125,0 107.806949555729,10.832409985125,0 107.806758157729,10.832402688125,0 107.806721678729,10.832403056125,0 107.806648612729,10.832385645125,0 107.806639457729,10.832376776125,0 107.806702083729,10.832258826125,0 107.806855391729,10.832086098125,0 107.806990553729,10.831922448125,0 107.807134706729,10.831740761125,0 107.807242598729,10.831595467125,0 107.807368658729,10.831431886125,0 107.807494976729,10.831286453125,0 107.807512681729,10.831241170125,0 107.807539583729,10.831186879125,0 107.807566702729,10.831168523125,0 107.807621566729,10.831186073125,0 107.807585563729,10.831240523125,0 107.807567967729,10.831303773125,0 107.807578332729,10.831439044125,0 107.807578937729,10.831502245125,0 107.807588276729,10.831529171125,0 107.807589541729,10.831664421125,0 107.807618108729,10.831799552125,0 107.807618162729,10.831808581125,0 107.807627944729,10.831871622125,0 107.807638126729,10.831988745125,0 107.807638309729,10.832006893125,0 107.807638309729,10.832006893125,0 107.807649443729,10.832232180125,0</coordinates></LinearRing></outerBoundaryIs></Polygon></Placemark><Placemark><name>Polygon hoàn công 1572</name><styleUrl>#lot</styleUrl><ExtendedData><Data name="Entity DXF"><value>1572</value></Data><Data name="Diện tích ha"><value>9.592465225219726</value></Data><Data name="Mã Lô"><value>DXF-1572</value></Data></ExtendedData><Polygon><tessellate>1</tessellate><outerBoundaryIs><LinearRing><coordinates>107.806365763729,10.832343199125,0 107.808745758729,10.832547057125,0 107.809188641729,10.831171844125,0 107.809146228729,10.829548420125,0 107.807523822729,10.829490927125,0 107.806831226729,10.829479240125,0 107.806795282729,10.829799399125,0 107.806269563729,10.829827184125,0 107.806365763729,10.832343199125,0 107.806365763729,10.832343199125,0</coordinates></LinearRing></outerBoundaryIs></Polygon></Placemark><Placemark><name>ĐƯỜNG RANH DỰ ÁN</name><styleUrl>#boundary</styleUrl><Polygon><outerBoundaryIs><LinearRing><coordinates>107.808538450729,10.818043257125,0 107.807489668729,10.817944543125,0 107.807649376729,10.817473978125,0 107.806457767729,10.816699963125,0 107.807368738729,10.815708444125,0 107.806582512729,10.815417926125,0 107.806604016729,10.813802952125,0 107.805701319729,10.813730025125,0 107.805372998729,10.812713569125,0 107.806583609729,10.812585318125,0 107.806741637729,10.810960091125,0 107.806086002729,10.810984152125,0 107.806059371729,10.810082322125,0 107.805591492729,10.809734653125,0 107.805099372729,10.809721073125,0 107.805118503729,10.808836863125,0 107.803105370729,10.808873172125,0 107.801987588729,10.809189957125,0 107.801987588729,10.809189957125,0 107.801683852729,10.808858999125,0 107.801683852729,10.808858999125,0 107.801530966729,10.808084544125,0 107.801589558729,10.807631988125,0 107.801445932729,10.807318095125,0 107.801445932729,10.807318095125,0 107.801445932729,10.807318095125,0 107.800386760729,10.806792286125,0 107.799974550729,10.806154289125,0 107.799884176729,10.806336910125,0 107.799770564729,10.806358588125,0 107.799645341729,10.806553317125,0 107.799769191729,10.806943633125,0 107.799621214729,10.807027891125,0 107.799653789729,10.807151476125,0 107.799588058729,10.807183828125,0 107.799623859729,10.807310670125,0 107.799800562729,10.807548345125,0 107.799731278729,10.807684697125,0 107.799993468729,10.807899816125,0 107.800111965729,10.808456876125,0 107.800117181729,10.808669871125,0 107.800010196729,10.809153828125,0 107.799689984729,10.809225409125,0 107.799406094729,10.809219160125,0 107.799133808729,10.809139806125,0 107.798675572729,10.808678754125,0 107.797103150729,10.805138759125,0 107.798398794729,10.800400052125,0 107.797751167729,10.798340062125,0 107.798044196729,10.794548576125,0 107.799105142729,10.792022121125,0 107.798588489729,10.791323122125,0 107.798569555729,10.790258796125,0 107.798373958729,10.789791478125,0 107.799065953729,10.789749190125,0 107.799687505729,10.789969105125,0 107.800481442729,10.790115289125,0 107.800900183729,10.790075437125,0 107.801389216729,10.789755230125,0 107.801843933729,10.789669956125,0 107.802272724729,10.789738197125,0 107.802519135729,10.789781103125,0 107.802814338729,10.790184359125,0 107.802979015729,10.790255066125,0 107.803190508729,10.790469615125,0 107.804884019729,10.790355106125,0 107.804783687729,10.791330231125,0 107.805126263729,10.791931498125,0 107.805141862729,10.792402823125,0 107.805890374729,10.792392606125,0 107.806024570729,10.791535470125,0 107.807072233729,10.791526020125,0 107.807011942729,10.792554324125,0 107.806943816729,10.792842812125,0 107.808763784729,10.793983356125,0 107.808532645729,10.794475891125,0 107.808532645729,10.794475891125,0 107.808768333729,10.794649853125,0 107.808910178729,10.794384645125,0 107.809407912729,10.794106246125,0 107.809722932729,10.794433791125,0 107.809927022729,10.794828890125,0 107.809783073729,10.795028637125,0 107.809893449729,10.795135875125,0 107.810273059729,10.794816670125,0 107.810970533729,10.795124672125,0 107.811210585729,10.794797026125,0 107.811670858729,10.794816301125,0 107.811941269729,10.794628484125,0 107.811941269729,10.794628484125,0 107.813000838729,10.795202195125,0 107.813000838729,10.795202195125,0 107.813182823729,10.795074218125,0 107.813423688729,10.795111415125,0 107.813838165729,10.795457417125,0 107.814164344729,10.795447135125,0 107.814467909729,10.795657098125,0 107.814663715729,10.795929206125,0 107.814759308729,10.796318461125,0 107.814922205729,10.796414258125,0 107.814484294729,10.796578498125,0 107.815143864729,10.796726782125,0 107.815258774729,10.796760084125,0 107.815781947729,10.796965031125,0 107.816288238729,10.798072884125,0 107.816745021729,10.798140718125,0 107.816721156729,10.797527535125,0 107.817940434729,10.797363052125,0 107.818287342729,10.797432082125,0 107.818736151729,10.797698613125,0 107.818874733729,10.797904773125,0 107.819111076729,10.797848511125,0 107.818999132729,10.797569911125,0 107.820191185729,10.797405718125,0 107.820116302729,10.797198888125,0 107.820936080729,10.797173355125,0 107.821281662729,10.798090342125,0 107.820097271729,10.798092131125,0 107.820596559729,10.798881436125,0 107.821036443729,10.800131244125,0 107.821564287729,10.800072378125,0 107.822282975729,10.799957595125,0 107.822963942729,10.800691051125,0 107.822866338729,10.801945805125,0 107.823496850729,10.802147547125,0 107.825207298729,10.800923086125,0 107.826379040729,10.800533563125,0 107.826466625729,10.801146164125,0 107.827459943729,10.801740718125,0 107.827943365729,10.802206213125,0 107.828985578729,10.803567847125,0 107.830313050729,10.805233555125,0 107.830915400729,10.806328507125,0 107.818811921729,10.805852741125,0 107.818811921729,10.805852741125,0 107.818811921729,10.805852741125,0 107.819566095729,10.807595941125,0 107.820036798729,10.810207686125,0 107.819829918729,10.810498215125,0 107.820172525729,10.812064710125,0 107.820267484729,10.813462090125,0 107.822084056729,10.814816624125,0 107.823095750729,10.814852458125,0 107.823953490729,10.814989067125,0 107.825254600729,10.813822479125,0 107.826220954729,10.813885829125,0 107.826204300729,10.815031607125,0 107.827234436729,10.815094283125,0 107.827612083729,10.816516212125,0 107.829127089729,10.816782009125,0 107.829724714729,10.818346078125,0 107.829578747729,10.820277870125,0 107.830599692729,10.820322639125,0 107.830623770729,10.820953878125,0 107.831635247729,10.820962689125,0 107.831911809729,10.821320917125,0 107.831450742729,10.822678254125,0 107.829519728729,10.822741093125,0 107.829647965729,10.827683338125,0 107.828065359729,10.827986461125,0 107.828158185729,10.828227670125,0 107.828286618729,10.828458871125,0 107.828236332729,10.828745146125,0 107.828308483729,10.829135068125,0 107.828553452729,10.829199801125,0 107.828605530729,10.829285778125,0 107.828621446729,10.829565247125,0 107.828662485729,10.829677201125,0 107.828652497729,10.829803940125,0 107.828575088729,10.829944163125,0 107.828577140729,10.830101626125,0 107.826956240729,10.830237268125,0 107.826827049729,10.830027430125,0 107.827038190729,10.829818344125,0 107.827359911729,10.829301899125,0 107.827410356729,10.828746032125,0 107.827448619729,10.828554892125,0 107.827432457729,10.828451208125,0 107.827301640729,10.828262313125,0 107.826820359729,10.826932788125,0 107.826202132729,10.826629687125,0 107.826013884729,10.826693644125,0 107.825536615729,10.827248837125,0 107.825240869729,10.827388485125,0 107.825072466729,10.827390369125,0 107.825284768729,10.828029700125,0 107.825409980729,10.828534041125,0 107.823001867729,10.829223535125,0 107.822490847729,10.829138072125,0 107.822292136729,10.828346007125,0 107.820997658729,10.828285703125,0 107.821139840729,10.825929931125,0 107.822186148729,10.825776067125,0 107.822291544729,10.824376876125,0 107.820668017729,10.824193232125,0 107.820603151729,10.824076529125,0 107.819125334729,10.823882547125,0 107.819074998729,10.824352100125,0 107.818328524729,10.824422117125,0 107.818224190729,10.824955290125,0 107.817878337729,10.825003541125,0 107.817559144729,10.824970414125,0 107.817275637729,10.824855658125,0 107.816519400729,10.824853511125,0 107.816465437729,10.824935189125,0 107.815764779729,10.825031847125,0 107.815530582729,10.825322672125,0 107.816087060729,10.826373037125,0 107.814532783729,10.826784044125,0 107.814348743729,10.826587260125,0 107.814030687729,10.826680440125,0 107.812894163729,10.824207764125,0 107.812864729729,10.822784981125,0 107.812193135729,10.822087457125,0 107.811062595729,10.822016558125,0 107.810992886729,10.821621493125,0 107.810804727729,10.821615109125,0 107.810712639729,10.821075987125,0 107.810579519729,10.821010591125,0 107.810286770729,10.820960181125,0 107.810199166729,10.820596314125,0 107.810090902729,10.820482490125,0 107.809432676729,10.820155070125,0 107.808203678729,10.819282205125,0 107.808203678729,10.819282205125,0 107.808538450729,10.818043257125,0</coordinates></LinearRing></outerBoundaryIs></Polygon></Placemark></Document></kml>