<?xml version="1.0" encoding="UTF-8"?>
<kml xmlns="http://www.opengis.net/kml/2.2"><Document>
<name>Ants Farm - Polygon lô rừng từ Garmin</name>
<Placemark>
<name>2026-01-15 14:47:06 Tính khu v</name>
<description><![CDATA[Polygon tạo từ track Garmin GPSMAP 67; diện tích xấp xỉ 4.8615 ha; độ hở ban đầu 12.7 m.]]></description>
<Polygon><outerBoundaryIs><LinearRing><coordinates>
107.811241865158,10.8100799322128,68.2399978637695 107.811233282089,10.8100895881653,68.2399978637695 107.811233639717,10.8100949525833,68.2399978637695 107.811233878136,10.8101013898849,68.2399978637695 107.811235189438,10.8101048469543,68.2399978637695 107.811235308647,10.8101100921631,68.2399978637695 107.811235189438,10.810116648674,69.0100021362305 107.811235785484,10.8101222515106,69.4199981689453 107.811235427856,10.8101301193237,69.620002746582 107.811234354973,10.8101371526718,69.7200012207031 107.811233639717,10.8101439476013,69.7200012207031 107.811234116554,10.8101506233215,69.5400009155273 107.811235070229,10.8101569414139,69.3899993896484 107.811234474182,10.8101617097855,69.1800003051758 107.811234474182,10.8101667165756,69.0599975585938 107.811233401299,10.8101739883423,69.0 107.811234235764,10.8101822137833,68.9499969482422 107.811236739159,10.8101885318756,68.9300003051758 107.811238646507,10.8101955652237,68.9100036621094 107.811240196228,10.810205578804,68.9599990844727 107.811240792274,10.810215473175,69.0 107.811237812042,10.8102259635925,69.0199966430664 107.811235904694,10.8102360963821,69.0100021362305 107.811232328415,10.8102457523346,69.0500030517578 107.811228632927,10.810255408287,69.0800018310547 107.811227202415,10.8102639913559,69.0899963378906 107.811227679253,10.8102737665176,69.120002746582 107.811228632927,10.8102833032608,69.2799987792969 107.811228871346,10.8102903366089,69.3499984741211 107.811226963997,10.8102979660034,69.4000015258789 107.81122636795,10.8103054761887,69.4199981689453 107.811227440834,10.810315489769,69.3899993896484 107.81122648716,10.8103232383728,69.3300018310547 107.81122648716,10.810330748558,69.2900009155273 107.811228513718,10.8103371858597,69.2799987792969 107.811229467392,10.810343503952,69.2699966430664 107.811229467392,10.8103505373001,69.2600021362305 107.811230540276,10.8103574514389,69.2600021362305 107.811229467392,10.8103648424149,69.2099990844727 107.811229705811,10.8103719949722,69.1500015258789 107.811230897903,10.8103784322739,69.129997253418 107.811230659485,10.8103852272034,69.0999984741211 107.811230897903,10.8103923797607,69.0899963378906 107.811231374741,10.8103984594345,69.0899963378906 107.811230659485,10.810408115387,69.0599975585938 107.811230182648,10.8104165792465,69.0699996948242 107.81122803688,10.8104231357574,69.1999969482422 107.81122803688,10.8104310035706,69.2699966430664 107.811228632927,10.8104372024536,69.370002746582 107.811228990555,10.8104447126389,69.4199981689453 107.811228632927,10.8104516267776,69.4499969482422 107.811227679253,10.8104572296143,69.5199966430664 107.811230063438,10.8104636669159,69.620002746582 107.811229705811,10.810470700264,69.7300033569336 107.811230063438,10.8104779720306,69.8300018310547 107.811231613159,10.8104838132858,69.9100036621094 107.81123149395,10.8104910850525,69.9599990844727 107.811231732368,10.8105027675629,69.9400024414062 107.811232805252,10.8105129003525,69.9300003051758 107.811232566834,10.8105212450027,69.879997253418 107.811230778694,10.8105298280716,69.8399963378906 107.811228632927,10.8105374574661,69.8300018310547 107.811226129532,10.8105454444885,69.8199996948242 107.811226606369,10.8105533123016,69.8199996948242 107.811229109764,10.8105601072311,69.8399963378906 107.811230301857,10.8105673789978,69.8399963378906 107.81122982502,10.810574889183,69.9599990844727 107.811230182648,10.8105839490891,70.0100021362305 107.811232209206,10.81059217453,70.0400009155273 107.811235666275,10.8105992078781,70.0599975585938 107.811239004135,10.8106092214584,70.0699996948242 107.811241030693,10.8106200695038,70.0999984741211 107.811241984367,10.8106310367584,70.129997253418 107.811243414879,10.810643196106,70.1500015258789 107.811246037483,10.8106561899185,70.1699981689453 107.811250329018,10.8106670379639,70.25 107.811254382133,10.8106758594513,70.3300018310547 107.81125664711,10.8106850385666,70.379997253418 107.811257123947,10.8106940984726,70.4000015258789 107.811257600784,10.8107050657272,70.4100036621094 107.811255455017,10.8107163906097,70.4599990844727 107.811252355576,10.8107277154922,70.4800033569336 107.811249136925,10.8107380867004,70.5 107.811245560646,10.8107476234436,70.5899963378906 107.811242103577,10.8107562065125,70.6399993896484 107.8112398386,10.8107651472092,70.6600036621094 107.811237335205,10.8107749223709,70.7699966430664 107.811235666275,10.8107858896255,70.8099975585938 107.811232805252,10.8107968568802,70.8499984741211 107.811229586601,10.8108072280884,70.879997253418 107.811227917671,10.8108180761337,70.8899993896484 107.81122636795,10.8108277320862,70.9499969482422 107.811225771904,10.8108365535736,70.9599990844727 107.811224102974,10.810845375061,70.9700012207031 107.811221718788,10.8108530044556,71.0199966430664 107.81121969223,10.8108601570129,71.0400009155273 107.811216711998,10.8108685016632,71.0599975585938 107.811215043068,10.8108775615692,71.0199966430664 107.811213731766,10.8108870983124,70.7900009155273 107.811212897301,10.8108962774277,70.6100006103516 107.81121134758,10.8109059333801,70.5199966430664 107.811208486557,10.8109167814255,70.4700012207031 107.81120467186,10.8109266757965,70.4700012207031 107.811202526093,10.810936331749,70.4899978637695 107.81120121479,10.8109447956085,70.4800033569336 107.811200499535,10.8109512329102,70.4899978637695 107.811200618744,10.8109608888626,70.5800018310547 107.811199188232,10.8109705448151,70.7399978637695 107.811197042465,10.8109796047211,70.879997253418 107.811195373535,10.8109889030457,71.0 107.811195850372,10.8109973669052,71.120002746582 107.811195254326,10.8110054731369,71.2399978637695 107.811193943024,10.8110135793686,71.3099975585938 107.811192512512,10.8110220432281,71.3399963378906 107.811191916466,10.8110302686691,71.3600006103516 107.811195373535,10.8110370635986,71.370002746582 107.811198949814,10.8110451698303,71.370002746582 107.811199069023,10.8110529184341,71.379997253418 107.811196923256,10.811062335968,71.4000015258789 107.81119453907,10.8110722303391,71.4199981689453 107.811194062233,10.8110806941986,71.4300003051758 107.811193704605,10.8110899925232,71.4800033569336 107.811193346977,10.8110992908478,71.5100021362305 107.811191916466,10.8111081123352,71.5299987792969 107.811190485954,10.8111178874969,71.5699996948242 107.811188817024,10.8111283779144,71.5899963378906 107.811188340187,10.8111362457275,71.5999984741211 107.811189651489,10.8111419677734,71.6100006103516 107.811190128326,10.8111435174942,71.6500015258789 107.811190247536,10.8111418485641,71.6900024414062 107.811190366745,10.8111619949341,72.3199996948242 107.811190247536,10.8111734390259,72.2399978637695 107.811189293861,10.8111860752106,72.1900024414062 107.811188578606,10.8111977577209,72.0899963378906 107.811187624931,10.811207652092,72.0400009155273 107.811186075211,10.811217546463,72.0100021362305 107.811185121536,10.8112280368805,71.9400024414062 107.811185121536,10.8112387657166,71.9000015258789 107.811184644699,10.8112497329712,71.870002746582 107.811184287071,10.8112602233887,71.8499984741211 107.811185359955,10.8112692832947,71.8499984741211 107.811186552048,10.8112773895264,71.8600006103516 107.811188340187,10.8112856149673,71.879997253418 107.811189174652,10.8112956285477,71.9000015258789 107.811189055443,10.811305642128,71.9100036621094 107.811188101768,10.8113141059875,71.9199981689453 107.811185717583,10.8113225698471,71.9300003051758 107.811183571815,10.8113318681717,71.9400024414062 107.811183094978,10.8113415241241,72.0100021362305 107.811183691025,10.8113499879837,72.0500030517578 107.811186075211,10.8113590478897,72.1100006103516 107.811187624931,10.8113695383072,72.1600036621094 107.811186552048,10.811380147934,72.2200012207031 107.811184644699,10.8113894462585,72.3399963378906 107.81118285656,10.8113985061646,72.3899993896484 107.811180949211,10.8114088773727,72.4300003051758 107.811180353165,10.8114199638367,72.4599990844727 107.811180830002,10.811430811882,72.4899978637695 107.811181426048,10.8114403486252,72.5400009155273 107.811182975769,10.8114500045776,72.5800018310547 107.811183691025,10.8114606142044,72.6500015258789 107.811183929443,10.811471581459,72.7200012207031 107.811183571815,10.8114818334579,72.7600021362305 107.811182260513,10.8114923238754,72.7699966430664 107.811180353165,10.8115019798279,72.7600021362305 107.811178445816,10.8115117549896,72.7200012207031 107.811176896095,10.8115220069885,72.7099990844727 107.811175704002,10.8115332126617,72.6999969482422 107.811174869537,10.8115456104279,72.6900024414062 107.811174631119,10.8115582466125,72.6800003051758 107.811174750328,10.8115693330765,72.6699981689453 107.811175584793,10.8115788698196,72.6399993896484 107.811176776886,10.8115876913071,72.629997253418 107.811176419258,10.8115980625153,72.629997253418 107.81117618084,10.8116095066071,72.620002746582 107.811175823212,10.8116204738617,72.629997253418 107.811174631119,10.811630487442,72.629997253418 107.811173200607,10.8116405010223,72.629997253418 107.811172127724,10.8116517066956,72.629997253418 107.811171293259,10.8116636276245,72.629997253418 107.811171293259,10.8116767406464,72.5800018310547 107.811170458794,10.8116899728775,72.5299987792969 107.811170101166,10.8117009401321,72.4800033569336 107.811171531677,10.8117109537125,72.4199981689453 107.811171770096,10.8117212057114,72.3899993896484 107.811173200607,10.8117326498032,72.4300003051758 107.811175465584,10.8117442131042,72.4499969482422 107.811175346375,10.811754822731,72.5 107.811174750328,10.8117650747299,72.5299987792969 107.811173796654,10.811774969101,72.5400009155273 107.81117272377,10.8117851018906,72.5599975585938 107.811172246933,10.8117952346802,72.5599975585938 107.811171531677,10.8118069171906,72.5 107.81117105484,10.8118189573288,72.4000015258789 107.811170101166,10.8118300437927,72.3499984741211 107.81116938591,10.8118389844894,72.3199996948242 107.811169505119,10.8118476867676,72.3000030517578 107.811169862747,10.8118561506271,72.2600021362305 107.811170458794,10.8118654489517,72.2099990844727 107.81117105484,10.8118766546249,72.1900024414062 107.811170458794,10.8118884563446,72.1800003051758 107.811168432236,10.81189930439,72.1699981689453 107.811167120934,10.8119095563889,72.120002746582 107.811165690422,10.8119195699692,72.0699996948242 107.81116437912,10.8119308948517,72.0500030517578 107.811163306236,10.8119423389435,72.0400009155273 107.811162829399,10.8119516372681,72.0100021362305 107.811162829399,10.8119605779648,71.9899978637695 107.811163425446,10.8119693994522,71.9800033569336 107.811165809631,10.8119782209396,71.9499969482422 107.811166882515,10.8119884729385,71.9300003051758 107.811165928841,10.8119988441467,71.8499984741211 107.811164498329,10.8120083808899,71.8000030517578 107.811163067818,10.8120181560516,71.7900009155273 107.811161875725,10.8120282888412,71.7600021362305 107.811159610748,10.8120394945145,71.7399978637695 107.811158061028,10.8120495080948,71.7300033569336 107.811159133911,10.8120580911636,71.7200012207031 107.811160564423,10.8120669126511,71.6999969482422 107.811161279678,10.8120760917664,71.6800003051758 107.811161875725,10.8120863437653,71.6600036621094 107.811162352562,10.8120973110199,71.6500015258789 107.811162233353,10.8121076822281,71.6399993896484 107.811161160469,10.8121165037155,71.620002746582 107.811159610748,10.8121247291565,71.5999984741211 107.8111577034,10.8121329545975,71.5800018310547 107.811157464981,10.8121417760849,71.5899963378906 107.811158895493,10.8121507167816,71.5899963378906 107.811160564423,10.8121597766876,71.5800018310547 107.811162590981,10.8121702671051,71.5699996948242 107.811164259911,10.8121807575226,71.5599975585938 107.81116437912,10.8121907711029,71.5100021362305 107.811162829399,10.8121998310089,71.4499969482422 107.811161398888,10.8122080564499,71.4100036621094 107.811160564423,10.8122175931931,71.379997253418 107.811159729958,10.8122284412384,71.370002746582 107.811159729958,10.8122388124466,71.370002746582 107.811160206795,10.8122475147247,71.3499984741211 107.811160802841,10.8122559785843,71.3300018310547 107.811160802841,10.8122648000717,71.3199996948242 107.811160564423,10.8122730255127,71.2200012207031 107.811159849167,10.8122804164886,71.1699981689453 107.811159610748,10.8122886419296,71.1399993896484 107.811159968376,10.8122974634171,71.120002746582 107.811160564423,10.812305688858,71.120002746582 107.811161160469,10.8123146295547,71.1100006103516 107.811162114143,10.8123246431351,71.0800018310547 107.811161398888,10.8123334646225,71.0599975585938 107.81115925312,10.8123412132263,71.0500030517578 107.811156749725,10.8123494386673,71.0299987792969 107.811154603958,10.8123589754105,70.9899978637695 107.811153769493,10.812368273735,70.9700012207031 107.81115436554,10.8123770952225,70.9599990844727 107.811155200005,10.8123859167099,70.9499969482422 107.811156630516,10.8123955726624,71.0199966430664 107.811156392097,10.8124051094055,71.0599975585938 107.811154723167,10.812414765358,71.0800018310547 107.8111525774,10.812424659729,71.0899963378906 107.811149716377,10.8124351501465,71.0500030517578 107.811147332191,10.8124467134476,71.0400009155273 107.811146378517,10.8124579191208,71.0299987792969 107.811146378517,10.8124678134918,71.0199966430664 107.811147451401,10.8124767541885,71.0299987792969 107.811148762703,10.8124856948853,71.0299987792969 107.811149477959,10.8124951124191,71.0400009155273 107.811148643494,10.8125044107437,71.0599975585938 107.811147212982,10.8125128746033,71.0500030517578 107.811144590378,10.812520980835,71.0199966430664 107.811143279076,10.8125298023224,71.0 107.811143517494,10.8125380277634,70.9899978637695 107.811144113541,10.8125460147858,71.0500030517578 107.811144828796,10.8125547170639,71.0800018310547 107.811144828796,10.8125643730164,71.0100021362305 107.811143517494,10.8125741481781,70.9700012207031 107.811141252518,10.8125828504562,70.9599990844727 107.811138987541,10.8125911951065,70.9499969482422 107.811138272285,10.8126013278961,70.9499969482422 107.811138868332,10.8126106262207,70.9400024414062 107.811139941216,10.812618970871,70.9199981689453 107.811141490936,10.8126267194748,70.9300003051758 107.811141967773,10.8126354217529,70.9300003051758 107.811140418053,10.8126444816589,70.9300003051758 107.811138391495,10.8126537799835,70.9100036621094 107.811136364937,10.8126640319824,70.9100036621094 107.811133384705,10.8126746416092,70.9000015258789 107.811131596565,10.8126853704453,70.9000015258789 107.811131000519,10.812695980072,70.8300018310547 107.811131000519,10.8127048015594,70.870002746582 107.811131954193,10.8127131462097,70.8399963378906 107.811133742332,10.8127224445343,70.8099975585938 107.811134815216,10.8127315044403,70.7900009155273 107.811133742332,10.812740445137,70.7600021362305 107.8111307621,10.8127505779266,70.75 107.811128497124,10.8127613067627,70.7399978637695 107.811129212379,10.812771320343,70.7300033569336 107.811130642891,10.8127816915512,70.7099990844727 107.8111307621,10.8127925395966,70.7099990844727 107.811130285263,10.8128031492233,70.6999969482422 107.811126708984,10.8128111362457,70.6900024414062 107.811119914055,10.8128144741058,70.620002746582 107.811112642288,10.8128160238266,70.5800018310547 107.811106324196,10.8128185272217,70.5599975585938 107.811099529266,10.8128236532211,70.5500030517578 107.8110922575,10.8128286600113,70.6100006103516 107.811085104942,10.8128346204758,70.6399993896484 107.811077833176,10.8128407001495,70.6600036621094 107.811069726944,10.8128430843353,70.6600036621094 107.81106030941,10.8128446340561,70.4599990844727 107.811051845551,10.8128485679626,70.3600006103516 107.811043858528,10.8128517866135,70.3099975585938 107.811033606529,10.8128536939621,70.2799987792969 107.811022162437,10.8128542900085,70.2799987792969 107.811012625694,10.8128529787064,70.3499984741211 107.811003804207,10.812851190567,70.4199981689453 107.810993432999,10.8128504753113,70.5400009155273 107.810983181,10.8128504753113,70.8199996948242 107.810975670815,10.8128519058228,70.9899978637695 107.810966610909,10.8128533363342,71.0800018310547 107.810955643654,10.8128545284271,71.1100006103516 107.810943722725,10.8128551244736,71.120002746582 107.81093275547,10.812854886055,71.120002746582 107.810923933983,10.8128533363342,71.0999984741211 107.810914754868,10.812851190567,71.0899963378906 107.810904741287,10.812850356102,71.0899963378906 107.810893774033,10.8128492832184,71.2799987792969 107.810884952545,10.8128479719162,71.379997253418 107.810876369476,10.8128480911255,71.4300003051758 107.810865402222,10.8128473758698,71.1800003051758 107.810856223106,10.8128461837769,70.6500015258789 107.810846805573,10.8128441572189,70.379997253418 107.810836553574,10.8128423690796,70.2399978637695 107.810825705528,10.812841296196,70.1699981689453 107.810816645622,10.8128416538239,70.3199996948242 107.810807347298,10.812842130661,70.4800033569336 107.810796618462,10.8128414154053,70.7099990844727 107.810786128044,10.8128395080566,70.9199981689453 107.810776591301,10.8128374814987,71.1500015258789 107.810767531395,10.8128347396851,71.4599990844727 107.810755372047,10.8128329515457,71.620002746582 107.810742974281,10.8128319978714,71.7799987792969 107.81073319912,10.8128319978714,71.879997253418 107.81072306633,10.8128319978714,71.9700012207031 107.810711860657,10.8128316402435,72.0699996948242 107.810698747635,10.8128303289413,72.129997253418 107.810686230659,10.8128286600113,72.2200012207031 107.810676336288,10.8128261566162,72.3499984741211 107.81066775322,10.8128230571747,72.3399963378906 107.810657978058,10.812819480896,72.2699966430664 107.810647726059,10.8128165006638,72.2300033569336 107.810637235641,10.8128151893616,72.2799987792969 107.810628056526,10.812815785408,72.3000030517578 107.810618877411,10.8128163814545,72.3499984741211 107.810608386993,10.8128163814545,72.379997253418 107.810596823692,10.8128153085709,72.3899993896484 107.810585618019,10.8128136396408,72.4000015258789 107.810575723648,10.81281208992,72.4000015258789 107.810566425323,10.8128101825714,72.4800033569336 107.810556292534,10.8128091096878,72.5 107.810545921326,10.8128088712692,72.5199966430664 107.810536026955,10.8128091096878,72.6800003051758 107.810524940491,10.8128101825714,72.7699966430664 107.810514092445,10.8128101825714,72.8499984741211 107.810505747795,10.8128097057343,72.9000015258789 107.810496807098,10.8128103017807,72.9100036621094 107.810487151146,10.8128111362457,73.0400009155273 107.810477495193,10.8128116130829,73.1100006103516 107.810467720032,10.8128122091293,73.1500015258789 107.810458064079,10.8128123283386,73.1699981689453 107.810446858406,10.8128128051758,73.2099990844727 107.810436367989,10.81281208992,73.2399978637695 107.810427546501,10.8128105401993,73.2600021362305 107.810418248177,10.8128089904785,73.2900009155273 107.810408234596,10.8128082752228,73.2799987792969 107.81039750576,10.8128076791763,73.3199996948242 107.810387372971,10.8128089904785,73.3399963378906 107.810378193855,10.8128114938736,73.5500030517578 107.810367584229,10.8128131628036,73.6600036621094 107.810357093811,10.8128134012222,73.7399978637695 107.81034886837,10.8128128051758,73.75 107.810340166092,10.8128119707108,73.7600021362305 107.810331344604,10.8128117322922,73.7399978637695 107.81032371521,10.8128125667572,73.7399978637695 107.810315489769,10.8128142356873,73.7399978637695 107.810305118561,10.812814950943,73.7699966430664 107.810296058655,10.8128145933151,73.9899978637695 107.81028842926,10.8128128051758,74.0999984741211 107.810280799866,10.8128105401993,74.1600036621094 107.810271978378,10.8128092288971,74.1800003051758 107.810263514519,10.812809586525,74.0199966430664 107.810254573822,10.8128099441528,73.9300003051758 107.810245752335,10.8128093481064,73.879997253418 107.810235857964,10.8128070831299,73.8600006103516 107.810225725174,10.8128048181534,73.8399963378906 107.810214996338,10.8128039836884,73.629997253418 107.810205459595,10.8128049373627,73.629997253418 107.81019616127,10.8128061294556,73.75 107.810185313225,10.8128062486649,73.8099975585938 107.810175299644,10.8128054141998,73.8399963378906 107.810166120529,10.8128041028976,73.7600021362305 107.810156702995,10.8128023147583,73.8399963378906 107.810146689415,10.812801361084,73.879997253418 107.810137867928,10.8128023147583,73.9000015258789 107.810130000114,10.8128035068512,73.9100036621094 107.810120463371,10.8128048181534,73.9100036621094 107.810109257698,10.8128063678741,73.9199981689453 107.810097932816,10.8128061294556,73.9199981689453 107.810088515282,10.8128041028976,73.9400024414062 107.810078024864,10.8128029108048,74.0199966430664 107.810066819191,10.8128029108048,74.129997253418 107.810055732727,10.8128035068512,74.25 107.810046672821,10.8128045797348,74.3000030517578 107.810037016869,10.8128070831299,74.2900009155273 107.810026288033,10.8128082752228,74.3199996948242 107.810016155243,10.8128074407578,74.3399963378906 107.810005545616,10.8128060102463,74.3600006103516 107.809995055199,10.8128052949905,74.2799987792969 107.809987306595,10.8128060102463,74.2399978637695 107.809979200363,10.8128076791763,74.3099975585938 107.809967160225,10.8128086328506,74.4300003051758 107.809957742691,10.8128089904785,74.5599975585938 107.809949636459,10.8128079175949,74.7099990844727 107.809942245483,10.8128070831299,74.7900009155273 107.809933423996,10.812806725502,74.8399963378906 107.809922337532,10.8128066062927,74.8600006103516 107.809911727905,10.8128064870834,74.870002746582 107.809902667999,10.8128066062927,75.0500030517578 107.809893131256,10.8128063678741,75.1399993896484 107.809882879257,10.8128060102463,75.1900024414062 107.809874534607,10.8128039836884,75.2099990844727 107.809866309166,10.8128014802933,75.2200012207031 107.809856414795,10.8127992153168,75.2300033569336 107.809847474098,10.8127993345261,75.2300033569336 107.809836745262,10.8127996921539,75.2399978637695 107.809824824333,10.8127996921539,75.2399978637695 107.809813499451,10.8127983808517,75.3199996948242 107.809804081917,10.8127967119217,75.370002746582 107.809794545174,10.8127952814102,75.3899993896484 107.809784293175,10.8127944469452,75.379997253418 107.80977332592,10.8127940893173,75.3899993896484 107.809765458107,10.8127952814102,75.4000015258789 107.809757828712,10.8127965927124,75.379997253418 107.809748530388,10.8127977848053,75.3000030517578 107.809739232063,10.8127975463867,75.3300018310547 107.809729933739,10.8127957582474,75.3399963378906 107.809718966484,10.8127936124802,75.4700012207031 107.809707522392,10.812793135643,75.5400009155273 107.809699416161,10.8127944469452,75.5699996948242 107.809694170952,10.8127950429916,75.5899963378906 107.809690237045,10.8127946853638,75.5899963378906 107.809685587883,10.8127962350845,75.5899963378906 107.809677958488,10.812796831131,75.5899963378906 107.809668540955,10.8127969503403,75.5899963378906 107.809657335281,10.8127958774567,75.5899963378906 107.80964589119,10.8127957582474,75.5899963378906 107.809634447098,10.8127990961075,75.5899963378906 107.809624433517,10.8128025531769,75.5899963378906 107.80961728096,10.8128054141998,75.5999984741211 107.809613823891,10.8128076791763,75.5999984741211 107.809611558914,10.8128091096878,75.8399963378906 107.809608578682,10.8128101825714,76.2200012207031 107.809604048729,10.8128080368042,77.0899963378906 107.809597373009,10.8128056526184,77.7699966430664 107.809591650963,10.8128057718277,78.120002746582 107.809586644173,10.8128043413162,78.3000030517578 107.809580087662,10.8128026723862,78.1500015258789 107.809576869011,10.8127989768982,77.9199981689453 107.809575796127,10.8127957582474,77.8000030517578 107.80957698822,10.8127902746201,77.6800003051758 107.809575438499,10.8127869367599,77.620002746582 107.809574961662,10.812784910202,77.5899963378906 107.809573531151,10.8127835988998,77.6900024414062 107.809572339058,10.8127777576447,77.9499969482422 107.809569597244,10.8127719163895,78.0899963378906 107.809566140175,10.8127689361572,78.1699981689453 107.80956530571,10.8127660751343,78.1999969482422 107.809565067291,10.8127646446228,78.1600036621094 107.809563875198,10.8127626180649,78.1399993896484 107.809556603432,10.8127561807632,78.120002746582 107.809556484222,10.8127534389496,78.1100006103516 107.809555888176,10.8127516508102,78.0999984741211 107.809554815292,10.8127511739731,78.0999984741211 107.809551477432,10.8127483129501,78.0299987792969 107.809549689293,10.8127460479736,78.0 107.809547662735,10.8127465248108,77.9800033569336 107.809545397758,10.8127458095551,77.9700012207031 107.809536576271,10.8127509355545,77.9700012207031 107.809531450272,10.8127506971359,78.0400009155273 107.80953168869,10.8127489089966,78.0699996948242 107.809532046318,10.8127455711365,78.1100006103516 107.809533715248,10.8127398490906,78.1500015258789 107.809537649155,10.8127362728119,78.1699981689453 107.80954182148,10.8127286434174,78.1800003051758 107.809543967247,10.8127230405807,78.1900024414062 107.809547781944,10.8127195835114,78.1900024414062 107.809549927711,10.8127168416977,78.1900024414062 107.80955183506,10.8127138614655,78.1600036621094 107.809552311897,10.8127123117447,78.0899963378906 107.809552192688,10.8127112388611,77.8300018310547 107.809552669525,10.8127100467682,77.5999984741211 107.809557437897,10.8126982450485,77.2300033569336 107.809563040733,10.8126916885376,77.1500015258789 107.809565424919,10.8126864433289,77.2200012207031 107.809569001198,10.8126800060272,77.2799987792969 107.809570431709,10.8126708269119,77.4899978637695 107.809574604034,10.8126640319824,77.5899963378906 107.809580683708,10.8126587867737,77.6900024414062 107.80958533287,10.8126541376114,77.7799987792969 107.809591293335,10.8126493692398,77.8199996948242 107.809596538544,10.8126467466354,77.8600006103516 107.809599995613,10.8126430511475,77.8600006103516 107.809603691101,10.8126389980316,77.8899993896484 107.809607386589,10.8126343488693,77.9000015258789 107.809612512589,10.8126277923584,77.9100036621094 107.809619307518,10.8126237392426,77.7399978637695 107.809626579285,10.8126204013824,77.3000030517578 107.809633135796,10.8126145601273,77.0800018310547 107.809639453888,10.8126081228256,76.8600006103516 107.809643387794,10.8126021623611,76.75 107.809646725655,10.8125959634781,76.6900024414062 107.809652328491,10.8125911951065,76.6699981689453 107.809657335281,10.8125863075256,76.75 107.809663653374,10.812580704689,76.8300018310547 107.809667944908,10.8125739097595,76.879997253418 107.809670567513,10.8125692605972,76.9400024414062 107.809670329094,10.8125630617142,76.9300003051758 107.809670686722,10.8125560283661,77.3199996948242 107.80967104435,10.8125475645065,77.5100021362305 107.809670686722,10.8125417232513,77.620002746582 107.809671878815,10.8125392198563,77.6800003051758 107.809671401978,10.8125373125076,77.7099990844727 107.809671878815,10.8125267028809,77.7300033569336 107.809672474861,10.8125160932541,77.7399978637695 107.809673666954,10.8125081062317,77.7399978637695 107.809675693512,10.8125016689301,77.5899963378906 107.809679150581,10.8124964237213,77.3600006103516 107.809682130814,10.8124897480011,76.9199981689453 107.809683918953,10.8124858140945,76.6900024414062 107.809684872627,10.8124843835831,76.5699996948242 107.809685587883,10.8124817609787,76.5100021362305 107.809690475464,10.8124740123749,76.3899993896484 107.809695839882,10.8124657869339,76.4199981689453 107.809699654579,10.812460064888,76.879997253418 107.809703588486,10.8124529123306,77.3600006103516 107.809709072113,10.8124487400055,77.5899963378906 107.809715270996,10.8124465942383,77.7200012207031 107.80971968174,10.8124418258667,77.7300033569336 107.809725165367,10.8124362230301,77.7799987792969 107.809731006622,10.812430024147,77.9199981689453 107.809735178947,10.8124266862869,77.9899978637695 107.809740066528,10.8124274015427,77.9400024414062 107.809743881226,10.8124257326126,78.0 107.809751391411,10.812423825264,78.0400009155273 107.809757828712,10.8124186992645,78.0500030517578 107.809764385223,10.8124141693115,77.9700012207031 107.809772491455,10.8124109506607,77.9100036621094 107.809782266617,10.8124090433121,77.870002746582 107.809790611267,10.8124084472656,77.7799987792969 107.809799909592,10.8124090433121,77.370002746582 107.809806704521,10.8124092817307,77.1500015258789 107.809809327126,10.8124094009399,76.6800003051758 107.809810400009,10.8124094009399,76.4199981689453 107.809810638428,10.8124098777771,76.1500015258789 107.809817433357,10.8124040365219,75.870002746582 107.809824824333,10.8124018907547,75.8300018310547 107.809830904007,10.8124021291733,75.870002746582 107.809839606285,10.8124012947083,76.1500015258789 107.809847593307,10.8123987913132,76.1399993896484 107.809853315353,10.8123955726624,76.1399993896484 107.809859633446,10.8123925924301,76.3099975585938 107.80986738205,10.8123924732208,76.4000015258789 107.809875607491,10.8123906850815,76.4599990844727 107.809885025024,10.8123867511749,76.5100021362305 107.809893846512,10.8123826980591,76.6399993896484 107.809903025627,10.8123779296875,76.7099990844727 107.809912204742,10.8123733997345,76.75 107.809921503067,10.8123692274094,76.7200012207031 107.809930801392,10.8123650550842,76.6800003051758 107.809940457344,10.8123595714569,76.6600036621094 107.809949874878,10.8123512268066,76.6500015258789 107.809955477715,10.812343120575,76.6399993896484 107.809962391853,10.8123387098312,76.5999984741211 107.809970498085,10.8123341798782,76.5800018310547 107.809977054596,10.8123285770416,76.5699996948242 107.809981107712,10.8123228549957,76.5699996948242 107.809983968735,10.8123155832291,76.6699981689453 107.809988498688,10.812307715416,76.7200012207031 107.809993386269,10.8123009204865,76.75 107.809997200966,10.8122954368591,76.879997253418 107.810000896454,10.8122901916504,76.9499969482422 107.8100066185,10.8122842311859,77.0 107.810012221336,10.8122786283493,77.0299987792969 107.810018539429,10.8122743368149,77.0400009155273 107.810024261475,10.812270283699,77.0500030517578 107.810027480125,10.8122648000717,77.0899963378906 107.81003010273,10.8122594356537,77.0899963378906 107.81003344059,10.8122502565384,77.0899963378906 107.810037016869,10.8122425079346,77.0899963378906 107.810040354729,10.8122345209122,77.0899963378906 107.810042262077,10.8122273683548,77.0899963378906 107.810045480728,10.812223315239,76.9300003051758 107.810047030449,10.8122162818909,76.8399963378906 107.81004846096,10.8122092485428,76.8000030517578 107.810052633286,10.8122000694275,76.7300033569336 107.810057401657,10.8121942281723,76.370002746582 107.810064196587,10.8121907711029,76.5299987792969 107.81006872654,10.8121874332428,76.6699981689453 107.8100720644,10.8121823072433,76.75 107.810076594353,10.8121744394302,76.7900009155273 107.810079813004,10.8121663331985,76.7300033569336 107.810080766678,10.8121596574783,76.5599975585938 107.810081124306,10.8121491670609,76.4700012207031 107.810083150864,10.8121398687363,76.4700012207031 107.810087323189,10.8121329545975,76.4700012207031 107.81009209156,10.8121258020401,76.4700012207031 107.810095787048,10.8121154308319,76.4199981689453 107.810098171234,10.8121075630188,76.3899993896484 107.810101747513,10.8121030330658,76.3899993896484 107.810107469559,10.8120958805084,76.3000030517578 107.810110211372,10.8120892047882,75.9300003051758 107.810111403465,10.8120820522308,76.0699996948242 107.810113310814,10.8120720386505,76.2200012207031 107.810115218163,10.8120632171631,76.2900009155273 107.810114741325,10.8120583295822,76.5699996948242 107.810117006302,10.8120537996292,76.75 107.810117006302,10.812047958374,76.8399963378906 107.810118079185,10.8120416402817,76.8899993896484 107.81012403965,10.8120349645615,76.879997253418 107.810130238533,10.8120259046555,76.8899993896484 107.810135960579,10.8120176792145,76.7399978637695 107.810142159462,10.8120113611221,76.6600036621094 107.810146331787,10.8120051622391,76.620002746582 107.810150384903,10.8120011091232,76.5999984741211 107.81015586853,10.8119993209839,76.5899963378906 107.81016266346,10.811993598938,76.5100021362305 107.810168623924,10.8119871616364,76.4599990844727 107.810172915459,10.8119797706604,76.1999969482422 107.810178041458,10.8119729757309,76.0699996948242 107.81018280983,10.8119648694992,76.0 107.810188412666,10.8119562864304,75.8600006103516 107.810191988945,10.811949133873,76.0100021362305 107.810195207596,10.8119431734085,76.1999969482422 107.810201764107,10.811937212944,76.1900024414062 107.810207486153,10.8119295835495,76.1800003051758 107.810210108757,10.8119213581085,76.2900009155273 107.810213088989,10.8119133710861,76.3099975585938 107.810215353966,10.8119050264359,76.3899993896484 107.810214996338,10.8118952512741,76.370002746582 107.810213804245,10.8118849992752,76.2699966430664 107.810212492943,10.8118751049042,76.1999969482422 107.810211658478,10.8118660449982,76.2699966430664 107.810211181641,10.8118562698364,76.3000030517578 107.810210704803,10.8118457794189,76.4300003051758 107.810209512711,10.8118361234665,76.5100021362305 107.810206651688,10.811825633049,76.5800018310547 107.810203552246,10.811814904213,76.629997253418 107.810199975967,10.8118090629578,76.7099990844727 107.8101978302,10.8118062019348,76.7600021362305 107.810194134712,10.8118025064468,76.7099990844727 107.810192108154,10.8117970228195,76.6900024414062 107.810192704201,10.8117940425873,76.6800003051758 107.810193181038,10.8117921352386,76.8000030517578 107.810192108154,10.8117926120758,77.25 107.810189247131,10.8117917776108,77.0899963378906 107.810190558434,10.8117923736572,77.370002746582 107.810184955597,10.81178855896,77.5 107.810180664062,10.8117839097977,77.2200012207031 107.810176491737,10.8117781877518,77.0899963378906 107.810173153877,10.8117736577988,77.0400009155273 107.810170292854,10.8117685317993,76.5100021362305 107.810165643692,10.8117631673813,76.7300033569336 107.810158848763,10.8117564916611,76.8499984741211 107.810153603554,10.8117492198944,76.9100036621094 107.81014919281,10.811740398407,76.9499969482422 107.810146689415,10.8117331266403,77.2900009155273 107.810142993927,10.8117241859436,77.4700012207031 107.810140728951,10.8117135763168,77.5500030517578 107.810139775276,10.8117042779922,77.2699966430664 107.810141324997,10.8116947412491,77.0800018310547 107.810142874718,10.811684012413,76.9000015258789 107.810142397881,10.811673283577,76.9400024414062 107.810140728951,10.8116620779037,76.9599990844727 107.810139656067,10.8116528987885,76.9599990844727 107.810138702393,10.8116472959518,76.8399963378906 107.810136795044,10.8116405010223,76.9000015258789 107.810132861137,10.811633348465,77.0699996948242 107.810130238533,10.8116289377213,77.1800003051758 107.810132026672,10.8116253614426,77.2099990844727 107.810131907463,10.8116204738617,77.2200012207031 107.810131072998,10.8116129636765,77.2300033569336 107.810130238533,10.8116060495377,77.2600021362305 107.810130000114,10.811599612236,77.2799987792969 107.810127615929,10.8115937709808,77.4499969482422 107.810125112534,10.8115885257721,77.5599975585938 107.810122132301,10.8115820884705,77.620002746582 107.810120105743,10.8115751743317,77.6500015258789 107.810120463371,10.811567902565,77.8600006103516 107.810118436813,10.8115628957748,77.7799987792969 107.810115933418,10.8115575313568,77.9199981689453 107.810112833977,10.8115513324738,77.8000030517578 107.810111403465,10.8115451335907,78.120002746582 107.81011390686,10.811539888382,78.3099975585938 107.810116410255,10.8115348815918,78.4000015258789 107.810117959976,10.8115295171738,78.2399978637695 107.810117006302,10.8115187883377,78.2799987792969 107.810116767883,10.8115087747574,78.3000030517578 107.810118198395,10.8115012645721,78.3099975585938 107.810116887093,10.8114955425262,78.1999969482422 107.810112714767,10.8114901781082,78.1399993896484 107.810111641884,10.8114812374115,78.0299987792969 107.810111165047,10.8114743232727,78.120002746582 107.810111880302,10.8114689588547,78.1600036621094 107.810111880302,10.8114620447159,78.1900024414062 107.810112833977,10.8114540576935,78.1999969482422 107.810114145279,10.811448097229,78.1999969482422 107.810112833977,10.8114420175552,78.2099990844727 107.810111165047,10.8114354610443,78.2900009155273 107.810109376907,10.811429977417,78.3300018310547 107.810107827187,10.8114244937897,77.9199981689453 107.810107111931,10.811416387558,77.6999969482422 107.810106754303,10.8114088773727,77.5899963378906 107.810107111931,10.8114025592804,77.5299987792969 107.810108542442,10.8113960027695,77.9000015258789 107.810109376907,10.8113875389099,77.6600036621094 107.810109853745,10.811380147934,77.9599990844727 107.810112118721,10.8113731145859,78.120002746582 107.810113191605,10.8113621473312,77.9100036621094 107.81011402607,10.8113545179367,77.8000030517578 107.810116291046,10.8113483190536,77.9300003051758 107.810116052628,10.8113394975662,77.8099975585938 107.810114502907,10.8113286495209,77.7600021362305 107.810112833977,10.8113187551498,77.7200012207031 107.810111403465,10.8113083839417,77.8899993896484 107.81011068821,10.8112989664078,78.1500015258789 107.810111165047,10.8112888336182,78.2900009155273 107.81011235714,10.8112804889679,77.9199981689453 107.810111403465,10.8112713098526,77.7900009155273 107.810108780861,10.8112597465515,77.7200012207031 107.810104846954,10.811248421669,77.6500015258789 107.810102820396,10.811240196228,77.6100006103516 107.810100674629,10.8112328052521,77.5899963378906 107.810098409653,10.8112218379974,77.620002746582 107.810098290443,10.8112099170685,77.8199996948242 107.810098648071,10.8112004995346,77.9300003051758 107.810098648071,10.8111927509308,77.9800033569336 107.810097813606,10.8111828565598,78.0100021362305 107.810097694397,10.8111718893051,77.7600021362305 107.810096383095,10.8111628293991,77.5400009155273 107.810095191002,10.8111542463303,77.4400024414062 107.810096144676,10.81114590168,77.3199996948242 107.810100078583,10.811136841774,77.3199996948242 107.810103535652,10.811127781868,77.4000015258789 107.810107469559,10.8111228942871,77.4499969482422 107.810109734535,10.8111221790314,77.5100021362305 107.810111880302,10.8111201524734,77.8099975585938 107.810116410255,10.8111174106598,77.8600006103516 107.810121178627,10.8111122846603,77.7300033569336 107.810128927231,10.8111078739166,77.3499984741211 107.810135602951,10.811103105545,77.3099975585938 107.810142993927,10.8111001253128,77.2900009155273 107.810151576996,10.8110990524292,77.120002746582 107.81016087532,10.8110947608948,76.9199981689453 107.810169696808,10.8110903501511,76.7300033569336 107.810175538063,10.8110871315002,76.7099990844727 107.810181617737,10.811084985733,76.9800033569336 107.810190081596,10.8110840320587,77.0100021362305 107.810199141502,10.8110815286636,76.8600006103516 107.810204148293,10.8110773563385,76.9499969482422 107.81020796299,10.8110710382462,76.9899978637695 107.810213923454,10.8110610246658,77.0199966430664 107.810216665268,10.8110493421555,76.9899978637695 107.810220599174,10.8110402822495,76.9800033569336 107.810225129128,10.8110313415527,76.9800033569336 107.810228705406,10.8110219240189,77.0100021362305 107.810231208801,10.8110136985779,77.0199966430664 107.81023478508,10.8110053539276,77.0299987792969 107.81023979187,10.8109973669052,77.0299987792969 107.810244441032,10.8109889030457,77.0299987792969 107.810247540474,10.8109785318375,77.0100021362305 107.810250639915,10.8109681606293,76.9899978637695 107.810254335403,10.8109601736069,76.870002746582 107.810258150101,10.8109524250031,76.7900009155273 107.810263037682,10.8109439611435,76.75 107.81026828289,10.8109351396561,76.5899963378906 107.810273170471,10.8109263181686,76.5 107.810278654099,10.8109170198441,76.4499969482422 107.810283780098,10.810907959938,76.4300003051758 107.810289263725,10.8109011650085,76.4199981689453 107.810296535492,10.8108954429626,76.3899993896484 107.810302495956,10.8108893632889,76.3600006103516 107.810306072235,10.81088078022,76.3399963378906 107.810307741165,10.8108713626862,76.3300018310547 107.810311317444,10.8108624219894,76.3199996948242 107.810317397118,10.8108550310135,76.3199996948242 107.810317993164,10.8108497858047,76.1500015258789 107.810316324234,10.810842871666,76.1500015258789 107.810317993164,10.8108360767365,76.1500015258789 107.810320019722,10.8108278512955,76.0699996948242 107.810322165489,10.8108185529709,75.879997253418 107.810324549675,10.8108088970184,75.7699966430664 107.81032538414,10.8107962608337,75.7099990844727 107.810325503349,10.8107848167419,75.6900024414062 107.810322523117,10.8107727766037,75.6699981689453 107.810320854187,10.8107618093491,75.6600036621094 107.810320258141,10.8107514381409,75.6600036621094 107.810321092606,10.8107399940491,75.6800003051758 107.810323596001,10.810728430748,75.6900024414062 107.81032705307,10.8107196092606,75.6900024414062 107.81033039093,10.8107116222382,75.6600036621094 107.810329318047,10.8107025623322,75.6399993896484 107.810327649117,10.8106937408447,75.6699981689453 107.810326218605,10.8106840848923,75.6500015258789 107.810323357582,10.8106721639633,75.6399993896484 107.810320496559,10.8106616735458,75.629997253418 107.810320496559,10.8106536865234,75.629997253418 107.81032037735,10.8106472492218,75.629997253418 107.81032037735,10.8106412887573,75.629997253418 107.810318589211,10.8106338977814,75.629997253418 107.810317754745,10.8106274604797,75.5100021362305 107.810314416885,10.8106188774109,75.4899978637695 107.810313224792,10.8106118440628,75.4800033569336 107.810312747955,10.8106039762497,75.4800033569336 107.810311198235,10.8105952739716,75.5400009155273 107.81031036377,10.8105878829956,75.5599975585938 107.810309052467,10.8105784654617,75.5800018310547 107.810307145119,10.8105682134628,75.629997253418 107.810303807259,10.8105599880219,75.7099990844727 107.810298800468,10.8105517625809,75.7600021362305 107.810294032097,10.8105422258377,75.7900009155273 107.810289978981,10.8105312585831,75.8000030517578 107.810287356377,10.8105217218399,75.8300018310547 107.810286164284,10.8105137348175,75.8499984741211 107.810282707214,10.8105038404465,75.8300018310547 107.810277938843,10.8104935884476,75.8499984741211 107.81027328968,10.8104833364487,75.9700012207031 107.810268163681,10.8104735612869,75.9300003051758 107.810264706612,10.8104635477066,75.9700012207031 107.810262322426,10.8104528188705,75.9700012207031 107.810259222984,10.8104428052902,75.9899978637695 107.810255408287,10.8104342222214,76.0 107.810250997543,10.8104257583618,75.9899978637695 107.810245871544,10.8104183673859,75.9800033569336 107.810240387917,10.8104116916656,75.9800033569336 107.810233831406,10.8104046583176,75.9800033569336 107.810225605965,10.8103967905045,75.9800033569336 107.810218691826,10.8103889226913,75.9800033569336 107.810213208199,10.8103818893433,75.9300003051758 107.810207128525,10.8103755712509,75.9000015258789 107.810201525688,10.8103688955307,76.0599975585938 107.810195803642,10.8103622198105,76.1399993896484 107.810190439224,10.8103564977646,76.0100021362305 107.810185313225,10.8103512525558,75.9400024414062 107.810178041458,10.8103466033936,75.9000015258789 107.810171246529,10.810342669487,76.0899963378906 107.810161948204,10.8103383779526,76.2799987792969 107.810152173042,10.8103332519531,76.2799987792969 107.810145020485,10.8103269338608,76.2900009155273 107.810138702393,10.8103201389313,76.4100036621094 107.810130238533,10.8103134632111,76.4800033569336 107.810120105743,10.8103092908859,76.5100021362305 107.810110926628,10.8103061914444,76.5299987792969 107.810102343559,10.8103033304214,76.4400024414062 107.810093641281,10.8102999925613,76.3899993896484 107.810084819794,10.8102962970734,76.370002746582 107.810076236725,10.8102917671204,76.2699966430664 107.810069322586,10.8102871179581,76.2300033569336 107.810061454773,10.8102821111679,76.1999969482422 107.810051679611,10.8102773427963,76.1900024414062 107.81004345417,10.8102750778198,76.1800003051758 107.810033679008,10.8102724552155,76.2200012207031 107.810023188591,10.8102662563324,76.1999969482422 107.810012578964,10.8102586269379,76.2300033569336 107.810002446175,10.810253739357,76.3399963378906 107.809992432594,10.8102496862411,76.3899993896484 107.809983730316,10.8102449178696,76.4199981689453 107.80997300148,10.810240149498,76.4300003051758 107.809962630272,10.8102358579636,76.4400024414062 107.809954404831,10.8102316856384,76.4899978637695 107.809945940971,10.8102269172668,76.4700012207031 107.809939146042,10.8102211952209,76.4199981689453 107.809931516647,10.8102141618729,76.4000015258789 107.809922337532,10.8102072477341,76.4000015258789 107.809913158417,10.8102011680603,76.3899993896484 107.809906125069,10.8101959228516,76.3899993896484 107.809900164604,10.8101884126663,76.3899993896484 107.80989575386,10.8101782798767,76.6500015258789 107.809893727303,10.8101673126221,76.7900009155273 107.80989253521,10.8101589679718,76.8499984741211 107.809889554977,10.8101500272751,76.8899993896484 107.809885501862,10.8101396560669,76.8600006103516 107.809882164001,10.8101304769516,76.8399963378906 107.809878826141,10.810122013092,76.8300018310547 107.809875488281,10.8101109266281,76.6999969482422 107.809873342514,10.8100994825363,76.6399993896484 107.809871435165,10.8100913763046,76.7399978637695 107.809869170189,10.8100833892822,76.7900009155273 107.809867143631,10.8100751638412,76.8099975585938 107.809863805771,10.8100666999817,76.8199996948242 107.809861183167,10.8100570440292,76.8300018310547 107.809860706329,10.8100471496582,76.8399963378906 107.809861063957,10.8100373744965,76.7399978637695 107.809864521027,10.8100273609161,76.4899978637695 107.809866309166,10.8100190162659,76.5599975585938 107.80986571312,10.8100122213364,76.5999984741211 107.809866070747,10.8100041151047,76.5400009155273 107.809867739677,10.8099952936172,76.5100021362305 107.8098706007,10.8099842071533,76.4800033569336 107.809876441956,10.8099744319916,76.4700012207031 107.809880137444,10.8099657297134,76.4599990844727 107.809884428978,10.8099564313889,76.3499984741211 107.809889435768,10.8099472522736,76.2900009155273 107.809891462326,10.8099395036697,76.2600021362305 107.809895157814,10.8099302053452,76.25 107.80989921093,10.8099207878113,75.870002746582 107.80990254879,10.8099131584167,75.5500030517578 107.809905529022,10.8099035024643,75.4000015258789 107.809908032417,10.809894323349,75.4199981689453 107.809910297394,10.8098849058151,75.4400024414062 107.809912919998,10.8098745346069,75.4899978637695 107.809916257858,10.8098657131195,75.4800033569336 107.809922099113,10.80985891819,75.3499984741211 107.809930562973,10.809854388237,75.2200012207031 107.809939742088,10.8098524808884,75.1500015258789 107.809948563576,10.8098505735397,75.0999984741211 107.80995965004,10.8098485469818,75.0699996948242 107.809969425201,10.8098456859589,75.0500030517578 107.809977293015,10.8098425865173,75.0400009155273 107.809983253479,10.8098390102386,75.2799987792969 107.809989452362,10.8098312616348,75.4100036621094 107.809995889664,10.8098220825195,75.6100006103516 107.810001015663,10.8098124265671,75.7099990844727 107.810004115105,10.8098031282425,75.7699966430664 107.810007691383,10.8097928762436,75.3600006103516 107.810010671616,10.8097825050354,75.0599975585938 107.81001496315,10.8097730875015,74.9000015258789 107.810018420219,10.8097634315491,74.8300018310547 107.810020804405,10.8097538948059,74.7600021362305 107.810024380684,10.8097440004349,74.5800018310547 107.810028910637,10.8097350597382,74.4800033569336 107.810034394264,10.8097277879715,74.4300003051758 107.810038924217,10.8097211122513,74.3600006103516 107.810043334961,10.809713602066,74.1600036621094 107.810048937798,10.8097050189972,74.0699996948242 107.810054659843,10.8096960783005,74.0199966430664 107.810059785843,10.8096888065338,74.0 107.810064196587,10.8096814155579,73.9800033569336 107.810069561005,10.8096731901169,73.9899978637695 107.810075879097,10.8096656799316,74.0 107.810082793236,10.8096596002579,74.0 107.810088992119,10.8096535205841,74.0 107.810094714165,10.809647321701,74.0199966430664 107.810099840164,10.8096405267715,74.0 107.810104608536,10.8096325397491,73.8899993896484 107.810110211372,10.809624671936,73.7900009155273 107.81011557579,10.8096181154251,73.7399978637695 107.810120940208,10.8096104860306,73.6800003051758 107.810124993324,10.809602022171,73.6900024414062 107.810128450394,10.8095939159393,73.6900024414062 107.810131907463,10.8095866441727,73.6900024414062 107.810135126114,10.8095790147781,73.7099990844727 107.81013906002,10.8095718622208,73.7200012207031 107.810142993927,10.8095654249191,73.7300033569336 107.810146331787,10.8095586299896,73.7300033569336 107.810150027275,10.8095519542694,73.7300033569336 107.810153365135,10.8095450401306,73.4199981689453 107.810159564018,10.8095389604568,73.2699966430664 107.810164451599,10.8095359802246,72.9700012207031 107.810170054436,10.8095294237137,72.7900009155273 107.810173988342,10.8095222711563,72.7300033569336 107.810174822807,10.8095145225525,72.9100036621094 107.810178041458,10.8095048666,72.9899978637695 107.810181617737,10.8094937801361,72.8300018310547 107.810186505318,10.8094834089279,72.7300033569336 107.81018948555,10.8094750642776,72.5199966430664 107.810191512108,10.809467792511,72.4899978637695 107.810195565224,10.8094589710236,72.4199981689453 107.810199141502,10.8094508647919,72.370002746582 107.810201764107,10.8094425201416,72.3499984741211 107.81020462513,10.8094344139099,72.3099975585938 107.810206890106,10.8094261884689,72.3300018310547 107.810210585594,10.8094167709351,72.3499984741211 107.810214281082,10.809409737587,72.3099975585938 107.810216784477,10.8094043731689,72.2399978637695 107.810219526291,10.8093979358673,72.1800003051758 107.810220956802,10.8093893527985,72.1399993896484 107.810224294662,10.8093814849854,72.120002746582 107.810227155685,10.8093730211258,72.0800018310547 107.810230731964,10.8093626499176,72.0899963378906 107.810234904289,10.8093543052673,72.129997253418 107.810240149498,10.8093457221985,72.1399993896484 107.81024491787,10.8093369007111,72.3099975585938 107.810249447823,10.809329867363,72.3899993896484 107.810254216194,10.8093217611313,72.2799987792969 107.810259342194,10.8093121051788,72.3099975585938 107.810265898705,10.8093045949936,72.2900009155273 107.810271143913,10.809298992157,72.2799987792969 107.810278296471,10.8092948198318,72.2699966430664 107.810282707214,10.8092886209488,72.1999969482422 107.81028676033,10.8092838525772,72.1500015258789 107.810292959213,10.809282541275,71.9199981689453 107.810298800468,10.8092796802521,71.7900009155273 107.810304284096,10.8092762231827,71.7300033569336 107.810311317444,10.8092744350433,71.9199981689453 107.810319304466,10.8092730045319,72.0100021362305 107.810324788094,10.8092710971832,72.1399993896484 107.810330510139,10.8092691898346,72.2200012207031 107.810335993767,10.8092670440674,72.2699966430664 107.810343503952,10.8092643022537,72.2699966430664 107.810349941254,10.80925989151,72.0800018310547 107.810357451439,10.8092535734177,71.9800033569336 107.810363531113,10.809250831604,71.9300003051758 107.810366630554,10.8092477321625,71.9100036621094 107.810369610786,10.8092451095581,71.8899993896484 107.810371994972,10.8092428445816,71.879997253418 107.810375452042,10.80923640728,71.7799987792969 107.810376644135,10.8092285394669,71.7200012207031 107.810376644135,10.8092215061188,71.6900024414062 107.810378193855,10.8092147111893,71.6699981689453 107.810380101204,10.8092079162598,71.6600036621094 107.810383200645,10.8092002868652,72.0100021362305 107.810387730598,10.8091933727264,72.2200012207031 107.810393929482,10.8091872930527,72.3399963378906 107.810398936272,10.8091815710068,72.3499984741211 107.810402750969,10.8091756105423,72.2699966430664 107.810408711433,10.809166431427,72.3600006103516 107.810413241386,10.8091580867767,72.2699966430664 107.810417771339,10.8091497421265,72.0400009155273 107.810423135757,10.8091411590576,71.8600006103516 107.810428619385,10.8091320991516,71.7799987792969 107.810434699059,10.8091243505478,71.6900024414062 107.81044113636,10.8091176748276,71.6500015258789 107.810446739197,10.8091118335724,71.4800033569336 107.810451030731,10.8091071844101,71.379997253418 107.810456156731,10.8091037273407,71.2200012207031 107.810460805893,10.8091000318527,71.4000015258789 107.810465574265,10.8090952634811,71.2300033569336 107.810468792915,10.8090914487839,71.0800018310547 107.810470700264,10.8090884685516,71.0 107.810473442078,10.8090858459473,71.0199966430664 107.81047809124,10.80908203125,70.9700012207031 107.810484290123,10.8090788125992,71.0100021362305 107.810492873192,10.8090748786926,71.0299987792969 107.81049990654,10.8090732097626,71.0599975585938 107.810508012772,10.8090724945068,71.0800018310547 107.810516476631,10.8090727329254,71.0899963378906 107.810523152351,10.809072136879,71.1999969482422 107.810531258583,10.8090691566467,71.3300018310547 107.810539126396,10.8090662956238,71.3899993896484 107.810548424721,10.8090649843216,71.4300003051758 107.81055855751,10.8090645074844,71.4400024414062 107.810568332672,10.8090653419495,71.4499969482422 107.810576558113,10.8090659379959,71.5500030517578 107.810582399368,10.8090653419495,71.5999984741211 107.810588359833,10.8090645074844,71.5299987792969 107.810595035553,10.8090636730194,71.5 107.810603737831,10.8090642690659,71.3899993896484 107.810611724854,10.809064745903,71.5400009155273 107.81061732769,10.8090674877167,71.5400009155273 107.810621857643,10.8090704679489,71.5400009155273 107.810628294945,10.809074640274,71.5400009155273 107.810635566711,10.8090777397156,71.5400009155273 107.810643315315,10.8090790510178,71.620002746582 107.810651421547,10.809078335762,71.629997253418 107.810660481453,10.8090779781342,71.2600021362305 107.810668826103,10.8090765476227,71.1500015258789 107.810675978661,10.8090770244598,71.0199966430664 107.810676932335,10.8090808391571,71.0299987792969 107.810681700706,10.8090815544128,71.0299987792969 107.810686707497,10.8090822696686,70.9499969482422 107.810693502426,10.8090840578079,70.9899978637695 107.810700058937,10.8090847730637,71.0299987792969 107.810706496239,10.8090829849243,71.0500030517578 107.810715198517,10.8090837001801,71.2600021362305 107.81072306633,10.8090839385986,71.370002746582 107.810728788376,10.8090860843658,71.2600021362305 107.810732722282,10.8090878725052,71.2099990844727 107.810735106468,10.8090888261795,71.1800003051758 107.810735583305,10.8090896606445,71.0100021362305 107.810747265816,10.8090898990631,71.2699966430664 107.810755491257,10.8090856075287,71.3600006103516 107.810761332512,10.8090839385986,71.2900009155273 107.810767412186,10.8090847730637,71.25 107.810773134232,10.8090837001801,71.2300033569336 107.810780763626,10.8090825080872,71.2300033569336 107.810789227486,10.8090819120407,71.0999984741211 107.810798048973,10.8090823888779,71.0400009155273 107.810807943344,10.8090809583664,71.120002746582 107.810816168785,10.8090770244598,71.1699981689453 107.810823440552,10.8090735673904,71.0899963378906 107.810830354691,10.8090722560883,70.8499984741211 107.810837507248,10.8090715408325,70.7300033569336 107.810842752457,10.8090736865997,70.8600006103516 107.810847997665,10.8090744018555,70.9300003051758 107.810853600502,10.8090761899948,70.9100036621094 107.810861587524,10.8090798854828,70.8899993896484 107.810868024826,10.8090814352036,71.0999984741211 107.810874700546,10.8090816736221,71.2099990844727 107.810882210732,10.8090854883194,71.2600021362305 107.810888409615,10.8090888261795,71.0899963378906 107.810894012451,10.8090926408768,70.8399963378906 107.810900807381,10.8090982437134,70.7200012207031 107.81090760231,10.8091022968292,70.6600036621094 107.810916423798,10.80910384655,70.6100006103516 107.810925126076,10.8091043233871,70.5999984741211 107.8109344244,10.8091031312943,70.5899963378906 107.810943245888,10.8091033697128,70.7300033569336 107.810953021049,10.8091028928757,70.8000030517578 107.81095957756,10.8091056346893,70.6699981689453 107.810965657234,10.8091107606888,70.620002746582 107.810974240303,10.8091158866882,70.7699966430664 107.810984730721,10.8091192245483,70.75 107.810994625092,10.8091217279434,70.9100036621094 107.811003684998,10.8091235160828,70.8099975585938 107.811014294624,10.809126496315,70.7699966430664 107.81102335453,10.8091311454773,70.75 107.811031103134,10.8091378211975,70.75 107.811038851738,10.8091421127319,70.75 107.81104850769,10.8091435432434,70.75 107.811055421829,10.8091440200806,70.7300033569336 107.811059594154,10.809149980545,70.6900024414062 107.811064839363,10.8091530799866,70.6699981689453 107.811069250107,10.8091562986374,70.3600006103516 107.811073541641,10.809156537056,70.5100021362305 107.811076641083,10.8091566562653,70.5800018310547 107.811082363129,10.8091613054276,70.5800018310547 107.811086177826,10.8091633319855,70.5800018310547 107.811088681221,10.8091652393341,70.5800018310547 107.811091542244,10.8091670274734,70.5800018310547 107.811091065407,10.8091695308685,70.5800018310547 107.811092734337,10.8091748952866,70.5800018310547 107.811094999313,10.809179186821,70.5800018310547 107.811096191406,10.8091870546341,70.5800018310547 107.811094999313,10.8091953992844,70.5800018310547 107.811093211174,10.8092041015625,70.5800018310547 107.8110922575,10.8092113733292,70.5800018310547 107.811090230942,10.8092163801193,70.5800018310547 107.811087965965,10.8092197179794,70.3000030517578 107.8110871315,10.8092215061188,70.1600036621094 107.811086535454,10.8092229366302,70.3000030517578 107.811086297035,10.8092249631882,70.370002746582 107.811087608337,10.8092405796051,70.5199966430664 107.811087608337,10.809247136116,70.5199966430664 107.811087965965,10.8092528581619,70.5199966430664 107.81108880043,10.8092576265335,70.5199966430664 107.8110922575,10.8092623949051,70.5199966430664 107.811095118523,10.8092660903931,70.5199966430664 107.811097741127,10.8092700242996,70.4599990844727 107.811101198196,10.8092747926712,70.2399978637695 107.81110227108,10.8092778921127,70.3099975585938 107.811100840569,10.8092813491821,70.1699981689453 107.81110060215,10.8092852830887,70.0299987792969 107.811117053032,10.8093115091324,70.3899993896484 107.811120271683,10.8093160390854,70.5 107.811122298241,10.8093218803406,70.5500030517578 107.811121463776,10.8093277215958,70.5800018310547 107.811121344566,10.8093327283859,70.4899978637695 107.811120510101,10.8093383312225,70.5599975585938 107.811121344566,10.8093438148499,70.8000030517578 107.81112408638,10.8093509674072,70.7200012207031 107.811124682426,10.8093577623367,70.6699981689453 107.811124444008,10.8093662261963,70.9300003051758 107.811124444008,10.8093732595444,70.7900009155273 107.811121344566,10.8093824386597,70.8300018310547 107.811118721962,10.8093893527985,71.0100021362305 107.811116814613,10.8093963861465,71.0999984741211 107.811115860939,10.8094027042389,71.1500015258789 107.811112523079,10.8094081878662,71.1699981689453 107.811108708382,10.8094141483307,71.1600036621094 107.811106324196,10.8094223737717,71.1500015258789 107.811102628708,10.8094304800034,71.3000030517578 107.811101078987,10.8094375133514,71.370002746582 107.811100721359,10.8094482421875,71.4199981689453 107.811102867126,10.8094557523727,71.4400024414062 107.811108231544,10.8094600439072,71.4499969482422 107.811112523079,10.8094637393951,71.4499969482422 107.811114192009,10.8094683885574,71.4499969482422 107.811119198799,10.8094736337662,71.4499969482422 107.811122059822,10.8094784021378,71.2900009155273 107.811123251915,10.8094832897186,71.370002746582 107.81112074852,10.8094865083694,71.4199981689453 107.811116337776,10.8094874620438,71.5500030517578 107.811114430428,10.8094880580902,71.3499984741211 107.811113715172,10.8094885349274,70.8899993896484 107.811097145081,10.8094909191132,71.9000015258789 107.81109559536,10.8094954490662,72.0899963378906 107.8110922575,10.809497833252,72.0699996948242 107.811091661453,10.8095002174377,72.0899963378906 107.811091899872,10.8095037937164,72.0699996948242 107.811091899872,10.809506893158,72.0599975585938 107.811089634895,10.8095109462738,72.0500030517578 107.811088323593,10.8095116615295,72.0500030517578 107.81108725071,10.8095117807388,72.0699996948242 107.81108379364,10.8095108270645,72.0899963378906 107.811079382896,10.809511423111,72.3600006103516 107.811074256897,10.8095123767853,72.4899978637695 107.81106877327,10.8095124959946,72.5699996948242 107.811064243317,10.809512257576,72.6100006103516 107.811057806015,10.8095120191574,72.5 107.811052918434,10.8095113039017,72.4599990844727 107.81104362011,10.8095126152039,72.4300003051758 107.811034679413,10.8095144033432,72.0400009155273 107.811025619507,10.8095164299011,71.8300018310547 107.811017274857,10.8095161914825,71.7300033569336 107.811008810997,10.8095164299011,71.6699981689453 107.811003565788,10.8095173835754,71.7699966430664 107.810998439789,10.8095183372498,71.8199996948242 107.810993313789,10.8095197677612,71.9199981689453 107.810989618301,10.809521317482,71.9599990844727 107.810985207558,10.8095242977142,72.0299987792969 107.810976982117,10.8095271587372,72.0699996948242 107.810971140862,10.809531211853,72.0800018310547 107.810965180397,10.8095365762711,72.0899963378906 107.810961484909,10.8095415830612,72.0899963378906 107.810961604118,10.8095461130142,71.9100036621094 107.810960292816,10.8095552921295,71.8099975585938 107.810958743095,10.8095641136169,71.7699966430664 107.810955524445,10.8095706701279,71.9100036621094 107.810949206352,10.8095772266388,71.9300003051758 107.81094455719,10.8095835447311,71.9499969482422 107.810943245888,10.8095887899399,71.9700012207031 107.810942530632,10.8095935583115,72.0199966430664 107.810942292213,10.8095986843109,72.0 107.810942769051,10.809602856636,72.0 107.81094288826,10.8096072673798,72.0 107.810943126678,10.8096126317978,72.0 107.810942053795,10.8096171617508,72.0 107.810940504074,10.809619307518,72.0 107.810940146446,10.8096228837967,72.0 107.810939908028,10.8096256256104,72.0 107.810945153236,10.8096349239349,71.9800033569336 107.810946822166,10.8096373081207,71.9700012207031 107.810946822166,10.8096406459808,71.9700012207031 107.810947656631,10.8096450567245,71.9599990844727 107.810946941376,10.8096487522125,71.9599990844727 107.810948252678,10.8096654415131,72.0800018310547 107.810948967934,10.8096705675125,71.7300033569336 107.810951948166,10.8096745014191,72.2699966430664 107.810953140259,10.8096779584885,72.5500030517578 107.810955166817,10.8096799850464,72.0400009155273 107.810957312584,10.80968105793,71.7699966430664 107.81096303463,10.8096921443939,72.5299987792969 107.810966491699,10.8096932172775,72.6600036621094 107.81096804142,10.8096939325333,72.7399978637695 107.810968995094,10.8096944093704,72.7699966430664 107.810968637466,10.8096932172775,72.7799987792969 107.810970544815,10.8097006082535,72.9499969482422 107.810971736908,10.8097051382065,73.0800018310547 107.810971856117,10.8097078800201,72.9899978637695 107.810971856117,10.8097093105316,72.9400024414062 107.810970783234,10.8097096681595,72.9100036621094 107.810976743698,10.8097192049026,72.3399963378906 107.81097984314,10.8097211122513,72.4199981689453 107.810985326767,10.8097230195999,72.4599990844727 107.810992002487,10.8097282648087,72.4899978637695 107.810997605324,10.8097318410873,72.4499969482422 107.811000227928,10.809735417366,72.4300003051758 107.8109998703,10.8097378015518,72.4100036621094 107.811000227928,10.8097392320633,72.4000015258789 107.811000823975,10.8097407817841,72.3199996948242 107.811006426811,10.8097504377365,71.8199996948242 107.811009883881,10.8097547292709,71.7399978637695 107.811014294624,10.8097581863403,71.9800033569336 107.811015129089,10.8097589015961,72.4700012207031 107.811014056206,10.8097584247589,73.1900024414062 107.811019897461,10.8097692728043,72.5 107.811022400856,10.80976998806,72.5 107.811024665833,10.8097711801529,72.5 107.811044812202,10.8097951412201,73.8199996948242 107.81104528904,10.8097995519638,73.8600006103516 107.811045765877,10.8098036050797,73.8000030517578 107.811045646667,10.809807062149,73.2099990844727 107.811046719551,10.8098106384277,72.9000015258789 107.811049699783,10.8098196983337,72.4300003051758 107.811052083969,10.8098282814026,72.1800003051758 107.811052799225,10.8098368644714,71.870002746582 107.811054468155,10.8098454475403,71.9000015258789 107.811055183411,10.8098530769348,71.9100036621094 107.811052918434,10.8098595142365,71.9199981689453 107.81105196476,10.8098647594452,72.0800018310547 107.81105196476,10.8098673820496,72.1699981689453 107.811052441597,10.8098677396774,72.2200012207031 107.811052083969,10.8098700046539,72.25 107.811048746109,10.8098858594894,72.7300033569336 107.811047911644,10.8098894357681,72.7300033569336 107.811047792435,10.8098922967911,72.8399963378906 107.81104850769,10.809894323349,72.9000015258789 107.81108725071,10.8099343776703,70.1399993896484 107.811093091965,10.8099372386932,70.0400009155273 107.811095476151,10.8099393844604,70.0400009155273 107.811100125313,10.8099410533905,70.0500030517578 107.811100959778,10.8099420070648,70.4700012207031 107.811102867126,10.8099429607391,70.9499969482422 107.811104774475,10.8099430799484,71.2099990844727 107.811122059822,10.8099409341812,71.4700012207031 107.811125040054,10.8099410533905,71.4199981689453 107.811126947403,10.809938788414,71.3600006103516 107.811128258705,10.8099372386932,71.3199996948242 107.811131715775,10.8099367618561,71.3600006103516 107.811140656471,10.8099378347397,71.3499984741211 107.811148881912,10.8099386692047,71.3399963378906 107.81115591526,10.8099368810654,71.3300018310547 107.811161637306,10.8099358081818,71.3300018310547 107.811166524887,10.8099368810654,70.879997253418 107.811169624329,10.8099337816238,70.4400024414062 107.811173200607,10.8099337816238,69.9800033569336 107.811176657677,10.8099315166473,69.75 107.811185121536,10.8099284172058,69.629997253418 107.811192512512,10.8099294900894,69.5599975585938 107.811199069023,10.8099284172058,70.2300033569336 107.811206936836,10.8099265098572,70.5599975585938 107.811215758324,10.80992436409,70.7399978637695 107.811218380928,10.8099226951599,70.8300018310547 107.811219334602,10.8099229335785,70.75 107.811220407486,10.809922337532,70.5699996948242 107.811221003532,10.8099184036255,70.4700012207031 107.811222076416,10.809919834137,70.3600006103516 107.811229228973,10.8099179267883,70.2600021362305 107.811236858368,10.8099168539047,70.1800003051758 107.811241984367,10.8099154233932,70.0999984741211 107.811246991158,10.8099185228348,70.0500030517578 107.81124997139,10.8099205493927,70.0 107.811252593994,10.8099201917648,69.9800033569336 107.811252355576,10.8099197149277,69.9499969482422 107.811253190041,10.8099464178085,69.75 107.81125330925,10.8099521398544,69.7200012207031 107.811252355576,10.809956908226,69.7099990844727 107.811251044273,10.8099610805511,69.6999969482422 107.811251044273,10.8099644184113,69.6999969482422 107.811249136925,10.8099662065506,69.6999969482422 107.811241865158,10.8100799322128,68.2399978637695
</coordinates></LinearRing></outerBoundaryIs></Polygon>
</Placemark>
<Placemark>
<name>2026-01-15 11:14:44 Tính khu v</name>
<description><![CDATA[Polygon tạo từ track Garmin GPSMAP 67; diện tích xấp xỉ 12.2057 ha; độ hở ban đầu 3.1 m.]]></description>
<Polygon><outerBoundaryIs><LinearRing><coordinates>
107.816154837608,10.8126993179321,52.9900016784668 107.816154956818,10.8126995563507,52.9900016784668 107.816156506538,10.8127012252808,52.9900016784668 107.81615626812,10.8127261400223,52.3600006103516 107.816156506538,10.812735080719,52.3499984741211 107.816157341003,10.8127436637878,52.4099998474121 107.816159844398,10.8127537965775,52.4199981689453 107.816162586212,10.8127636909485,52.8699989318848 107.816162467003,10.8127716779709,52.8699989318848 107.816162705421,10.8127797842026,53.0400009155273 107.816161155701,10.812789440155,53.1599998474121 107.816160678864,10.8128007650375,53.2299995422363 107.816161394119,10.8128105401993,53.25 107.816161751747,10.8128209114075,53.2099990844727 107.816163301468,10.8128318786621,53.2099990844727 107.816166996956,10.8128433227539,53.1300010681152 107.816168904305,10.8128560781479,52.9700012207031 107.816170334816,10.8128697872162,52.9199981689453 107.816169977188,10.8128836154938,52.8600006103516 107.816168427467,10.8128955364227,52.8600006103516 107.816166639328,10.8129073381424,52.7000007629395 107.816163539886,10.8129194974899,52.6199989318848 107.816162109375,10.8129307031631,52.5499992370605 107.816161394119,10.8129416704178,52.5099983215332 107.816160798073,10.8129539489746,52.4799995422363 107.816160202026,10.8129669427872,52.4599990844727 107.816159963608,10.8129801750183,52.4099998474121 107.816161394119,10.8129912614822,52.3699989318848 107.8161662817,10.8130013942719,52.3400001525879 107.816173672676,10.8130099773407,52.3300018310547 107.816182851791,10.8130167722702,52.2999992370605 107.816192746162,10.8130214214325,52.1800003051758 107.816201329231,10.813022851944,52.1800003051758 107.816209435463,10.8130260705948,52.1199989318848 107.816217899323,10.8130297660828,52.0800018310547 107.816228270531,10.8130351305008,52.060001373291 107.816240310669,10.813041806221,52.2099990844727 107.816253304482,10.8130468130112,52.2700004577637 107.816266298294,10.8130501508713,52.2700004577637 107.816277623177,10.8130524158478,52.3499984741211 107.816289186478,10.8130540847778,52.3899993896484 107.816300272942,10.8130544424057,52.4099998474121 107.816311836243,10.8130552768707,52.4000015258789 107.816325306892,10.8130565881729,52.4099998474121 107.816338658333,10.8130592107773,52.4099998474121 107.816349983215,10.8130613565445,52.4000015258789 107.81636095047,10.8130631446838,52.3899993896484 107.816370487213,10.8130649328232,52.3699989318848 107.816380739212,10.8130671977997,52.3600006103516 107.816391706467,10.8130702972412,52.2999992370605 107.816402792931,10.8130731582642,52.2700004577637 107.816413164139,10.8130754232407,52.2700004577637 107.816423296928,10.8130770921707,52.2299995422363 107.816435217857,10.8130789995193,52.2299995422363 107.816449046135,10.813080072403,52.2200012207031 107.81646323204,10.8130806684494,52.2000007629395 107.816476106644,10.813081741333,52.189998626709 107.816488027573,10.8130826950073,52.189998626709 107.816498160362,10.8130810260773,52.1599998474121 107.81650865078,10.8130789995193,52.1100006103516 107.816520571709,10.8130769729614,52.1100006103516 107.816532850266,10.8130748271942,52.0800018310547 107.816545367241,10.8130719661713,52.060001373291 107.816557407379,10.8130692243576,52.060001373291 107.816571235657,10.8130682706833,51.9900016784668 107.816585063934,10.8130680322647,51.9900016784668 107.816598415375,10.8130675554276,51.8699989318848 107.816611409187,10.8130674362183,51.8499984741211 107.816624164581,10.8130688667297,51.8499984741211 107.816637277603,10.8130694627762,51.8499984741211 107.816649794579,10.8130700588226,51.810001373291 107.816663622856,10.8130717277527,51.7700004577637 107.816679120064,10.8130739927292,51.7200012207031 107.816695451736,10.8130764961243,51.6699981689453 107.816710233688,10.8130789995193,51.6500015258789 107.816722631454,10.8130795955658,51.6500015258789 107.816734075546,10.8130795955658,51.5800018310547 107.816743969917,10.8130785226822,51.5800018310547 107.816754341125,10.8130770921707,51.5499992370605 107.816764593124,10.8130733966827,51.5200004577637 107.816776156425,10.8130699396133,51.5 107.816788077354,10.8130677938461,51.4500007629395 107.816801309586,10.8130671977997,51.4300003051758 107.816814303398,10.8130670785904,51.3899993896484 107.816826820374,10.8130685091019,51.3300018310547 107.816837191582,10.8130688667297,51.2999992370605 107.816846847534,10.8130686283112,51.2799987792969 107.81685590744,10.8130694627762,51.2799987792969 107.816865682602,10.8130711317062,51.2200012207031 107.816875576973,10.8130723237991,51.2200012207031 107.816885709763,10.8130733966827,51.189998626709 107.816899299622,10.8130738735199,51.1199989318848 107.816915154457,10.8130738735199,51.0900001525879 107.816931009293,10.8130729198456,51.060001373291 107.816945791245,10.8130713701248,51.0200004577637 107.816959381104,10.8130702972412,50.9799995422363 107.816970825195,10.8130685091019,50.9799995422363 107.816982030869,10.8130666017532,50.9199981689453 107.816993355751,10.8130666017532,50.9199981689453 107.817005753517,10.8130671977997,50.8800010681152 107.817017316818,10.8130649328232,50.8400001525879 107.81703209877,10.8130638599396,50.7200012207031 107.817048192024,10.8130618333817,50.6800003051758 107.817062616348,10.8130609989166,50.6599998474121 107.817075371742,10.8130594491959,50.6399993896484 107.817087888718,10.8130587339401,50.6399993896484 107.817099571228,10.8130577802658,50.6300010681152 107.817110538483,10.8130575418472,50.6300010681152 107.817119479179,10.8130575418472,50.6300010681152 107.81712770462,10.8130573034286,50.5 107.817136406898,10.8130567073822,50.5 107.81714785099,10.8130557537079,50.4000015258789 107.817159295082,10.8130557537079,50.3800010681152 107.817169547081,10.8130557537079,50.3400001525879 107.817182183266,10.8130557537079,50.3400001525879 107.817196130753,10.8130563497543,50.310001373291 107.817208766937,10.8130571842194,50.2700004577637 107.817219495773,10.8130563497543,50.2700004577637 107.8172301054,10.8130569458008,50.25 107.817240953445,10.8130571842194,50.25 107.817252159119,10.8130567073822,50.2099990844727 107.817264795303,10.8130564689636,50.1800003051758 107.817275643349,10.8130555152893,50.1800003051758 107.817285060883,10.8130548000336,50.1500015258789 107.817294359207,10.8130550384521,50.060001373291 107.817303419113,10.8130555152893,50.0400009155273 107.817313551903,10.8130556344986,50.0400009155273 107.817324995995,10.8130561113358,50.0099983215332 107.817336678505,10.8130592107773,49.9300003051758 107.817350029945,10.8130614757538,49.9000015258789 107.817364454269,10.8130629062653,49.9000015258789 107.81737947464,10.8130633831024,49.8899993896484 107.817394375801,10.8130623102188,49.8899993896484 107.817408084869,10.8130602836609,49.8300018310547 107.817419528961,10.8130578994751,49.8300018310547 107.817430377007,10.8130556344986,49.7999992370605 107.817441105843,10.813054561615,49.7700004577637 107.817453145981,10.8130538463593,49.7599983215332 107.817465901375,10.8130521774292,49.7599983215332 107.817477345467,10.8130493164062,49.7599983215332 107.817488431931,10.8130493164062,49.75 107.817498922348,10.8130512237549,49.75 107.817508935928,10.8130534887314,49.7299995422363 107.817520260811,10.8130568265915,49.7200012207031 107.817533373833,10.8130606412888,49.7000007629395 107.817546725273,10.8130629062653,49.6399993896484 107.817559599876,10.8130635023117,49.6399993896484 107.817570090294,10.8130625486374,49.6199989318848 107.817579746246,10.8130620718002,49.5999984741211 107.817590236664,10.813062787056,49.5900001525879 107.817601680756,10.8130635023117,49.5900001525879 107.817613244057,10.8130650520325,49.5800018310547 107.817623496056,10.8130663633347,49.5800018310547 107.81763458252,10.8130676746368,49.5800018310547 107.817645549774,10.8130691051483,49.5499992370605 107.817656040192,10.813068985939,49.5400009155273 107.817667603493,10.8130686283112,49.5400009155273 107.817678928375,10.8130686283112,49.4799995422363 107.817686796188,10.8130693435669,49.4799995422363 107.817695498466,10.8130693435669,49.4500007629395 107.817705869675,10.8130686283112,49.439998626709 107.817716956139,10.8130674362183,49.4199981689453 107.817727923393,10.8130666017532,49.4199981689453 107.817738413811,10.8130666017532,49.4199981689453 107.817749738693,10.8130666017532,49.439998626709 107.817760586739,10.8130674362183,49.439998626709 107.817771434784,10.813068151474,49.4799995422363 107.817782402039,10.8130676746368,49.5099983215332 107.817796111107,10.8130666017532,49.5299987792969 107.817809939384,10.8130655288696,49.560001373291 107.817821264267,10.8130632638931,49.560001373291 107.817830443382,10.8130629062653,49.5800018310547 107.8178409338,10.8130645751953,49.5800018310547 107.817854404449,10.8130680322647,49.6100006103516 107.817869544029,10.8130701780319,49.6199989318848 107.817883253098,10.8130707740784,49.6599998474121 107.817893624306,10.8130705356598,49.689998626709 107.817902445793,10.8130697011948,49.689998626709 107.817914962769,10.8130682706833,49.7099990844727 107.817927837372,10.8130670785904,49.7200012207031 107.817941904068,10.8130667209625,49.7599983215332 107.817955374718,10.8130662441254,49.7700004577637 107.817968845367,10.8130663633347,49.7799987792969 107.817980051041,10.8130660057068,49.7900009155273 107.817991137505,10.8130660057068,49.7900009155273 107.818002104759,10.8130666017532,49.810001373291 107.818014383316,10.8130688667297,49.8300018310547 107.818026304245,10.8130711317062,49.8300018310547 107.818039417267,10.8130729198456,49.8699989318848 107.818054437637,10.8130732774735,49.8800010681152 107.818067312241,10.8130722045898,49.8899993896484 107.818078398705,10.8130705356598,49.8899993896484 107.818090319633,10.8130691051483,49.8899993896484 107.818102478981,10.8130670785904,49.9000015258789 107.818115115166,10.8130656480789,49.9000015258789 107.81812775135,10.8130635023117,49.8899993896484 107.818140745163,10.8130619525909,49.8899993896484 107.818154454231,10.8130620718002,49.9000015258789 107.818165898323,10.8130618333817,49.9000015258789 107.818176150322,10.8130631446838,49.8499984741211 107.818185925484,10.8130658864975,49.8300018310547 107.818195700645,10.8130691051483,49.8300018310547 107.818207144737,10.8130711317062,49.810001373291 107.818222284317,10.8130748271942,49.7900009155273 107.81823694706,10.8130787611008,49.7700004577637 107.8182502985,10.8130804300308,49.7599983215332 107.81826210022,10.8130801916122,49.7599983215332 107.818272471428,10.8130789995193,49.7599983215332 107.818283319473,10.8130769729614,49.75 107.818293213844,10.8130738735199,49.7099990844727 107.81830406189,10.8130706548691,49.7099990844727 107.818316340446,10.8130691051483,49.6599998474121 107.818329334259,10.8130695819855,49.6399993896484 107.818343400955,10.8130705356598,49.6399993896484 107.818355441093,10.8130722045898,49.6199989318848 107.818368196487,10.8130733966827,49.6199989318848 107.818381428719,10.8130742311478,49.5800018310547 107.818393349648,10.8130747079849,49.560001373291 107.818405628204,10.8130753040314,49.5200004577637 107.818416953087,10.8130757808685,49.4799995422363 107.818427920341,10.8130759000778,49.4799995422363 107.818439483643,10.8130761384964,49.4599990844727 107.818453073502,10.8130775690079,49.4599990844727 107.818467378616,10.8130789995193,49.4599990844727 107.818482398987,10.8130798339844,49.439998626709 107.818496346474,10.8130810260773,49.4199981689453 107.818507790565,10.8130806684494,49.4099998474121 107.818519711494,10.8130811452866,49.4099998474121 107.818531632423,10.813080906868,49.3600006103516 107.818543076515,10.8130797147751,49.3199996948242 107.818553924561,10.8130779266357,49.2700004577637 107.818565487862,10.813076376915,49.2700004577637 107.818577170372,10.8130750656128,49.25 107.818588852882,10.8130739927292,49.2099990844727 107.818599939346,10.8130733966827,49.2099990844727 107.818612456322,10.8130737543106,49.1800003051758 107.818625092506,10.8130729198456,49.1800003051758 107.818638801575,10.8130722045898,49.1699981689453 107.818652153015,10.8130707740784,49.1199989318848 107.818665504456,10.8130705356598,49.1199989318848 107.818677783012,10.8130713701248,49.0699996948242 107.81868994236,10.8130733966827,49.0200004577637 107.818701267242,10.8130766153336,49.0 107.818713903427,10.8130791187286,48.9900016784668 107.818729519844,10.8130798339844,48.9599990844727 107.818744421005,10.8130806684494,48.939998626709 107.818756818771,10.8130805492401,48.939998626709 107.8187687397,10.8130804300308,48.9300003051758 107.818779706955,10.8130806684494,48.9199981689453 107.818791866302,10.8130836486816,48.9199981689453 107.818804860115,10.813087105751,48.8899993896484 107.818816304207,10.8130915164948,48.8800010681152 107.818825960159,10.8130972385406,48.8300018310547 107.818836688995,10.8131029605865,48.8300018310547 107.818845272064,10.8131086826324,48.7999992370605 107.818853735924,10.8131173849106,48.7999992370605 107.818861365318,10.8131275177002,48.7900009155273 107.818868637085,10.8131383657455,48.7900009155273 107.818876862526,10.8131500482559,48.7900009155273 107.81888449192,10.8131598234177,48.7900009155273 107.818889856339,10.8131687641144,48.7900009155273 107.818895816803,10.8131779432297,48.7700004577637 107.81890141964,10.8131877183914,48.7700004577637 107.818906903267,10.8132004737854,48.7700004577637 107.818912744522,10.8132145404816,48.7599983215332 107.818917512894,10.8132272958755,48.75 107.818921208382,10.8132396936417,48.7299995422363 107.818923711777,10.8132523298264,48.7299995422363 107.818926334381,10.8132628202438,48.6800003051758 107.818929314613,10.8132749795914,48.6699981689453 107.818931937218,10.8132873773575,48.6500015258789 107.818935036659,10.8133002519608,48.6500015258789 107.818938612938,10.8133139610291,48.6500015258789 107.818942308426,10.8133286237717,48.6100006103516 107.818945527077,10.8133389949799,48.5800018310547 107.818949341774,10.8133482933044,48.5400009155273 107.818954348564,10.8133577108383,48.5400009155273 107.818958997726,10.8133689165115,48.5099983215332 107.818962931633,10.8133808374405,48.4900016784668 107.818966627121,10.8133940696716,48.4900016784668 107.818969964981,10.8134087324142,48.4799995422363 107.81897342205,10.8134204149246,48.4700012207031 107.818975448608,10.8134316205978,48.4700012207031 107.818976521492,10.8134436607361,48.4599990844727 107.818977355957,10.8134552240372,48.4599990844727 107.818978905678,10.8134654760361,48.4500007629395 107.818981766701,10.8134771585464,48.439998626709 107.818984985352,10.8134918212891,48.3899993896484 107.818988084793,10.813504576683,48.3600006103516 107.818990945816,10.8135166168213,48.3600006103516 107.818994045258,10.8135268688202,48.3199996948242 107.818998456001,10.8135348558426,48.3199996948242 107.819001913071,10.8135442733765,48.310001373291 107.819005846977,10.8135546445847,48.310001373291 107.819008708,10.8135660886765,48.2999992370605 107.819010734558,10.813577413559,48.310001373291 107.819012880325,10.8135867118835,48.310001373291 107.819013953209,10.8135966062546,48.310001373291 107.81901550293,10.8136073350906,48.3600006103516 107.819015979767,10.8136180639267,48.3600006103516 107.819016337395,10.8136284351349,48.3899993896484 107.81901717186,10.813641667366,48.4099998474121 107.819018244743,10.8136553764343,48.4099998474121 107.819019913673,10.8136651515961,48.4199981689453 107.819022655487,10.8136745691299,48.4300003051758 107.819024443626,10.8136832714081,48.4199981689453 107.819026589394,10.8136919736862,48.4199981689453 107.819029808044,10.8137016296387,48.4199981689453 107.819033145905,10.8137125968933,48.4199981689453 107.819034576416,10.8137284517288,48.4199981689453 107.81903553009,10.8137427568436,48.4199981689453 107.819034934044,10.8137563467026,48.4199981689453 107.819034814835,10.813770532608,48.4500007629395 107.81903386116,10.8137811422348,48.4500007629395 107.819032788277,10.8137922286987,48.4599990844727 107.81903386116,10.8138015270233,48.4700012207031 107.81903898716,10.8138103485107,48.4700012207031 107.819047927856,10.8138122558594,48.4700012207031 107.819054961205,10.8138142824173,48.4700012207031 107.819059967995,10.8138135671616,48.4700012207031 107.819068193436,10.8138103485107,48.4700012207031 107.819072723389,10.8138073682785,48.4900016784668 107.819079399109,10.8138120174408,48.4900016784668 107.819083094597,10.8138068914413,48.5 107.819088459015,10.8138035535812,48.5 107.819092869759,10.8137995004654,48.4900016784668 107.819098353386,10.8137984275818,48.4900016784668 107.819105625153,10.8137938976288,48.4799995422363 107.819109082222,10.8137921094894,48.4799995422363 107.819112539291,10.8137891292572,48.4799995422363 107.819118380547,10.8137900829315,48.5 107.81912446022,10.8137902021408,48.5400009155273 107.819130182266,10.8137904405594,48.560001373291 107.819135785103,10.8137935400009,48.5800018310547 107.819146990776,10.8137944936752,48.5999984741211 107.819153547287,10.8137962818146,48.5999984741211 107.819159269333,10.8137955665588,48.6100006103516 107.819164156914,10.8137955665588,48.6199989318848 107.819169998169,10.8137954473495,48.6300010681152 107.819175362587,10.8137955665588,48.6300010681152 107.819183111191,10.8137947320938,48.6300010681152 107.819189429283,10.8137927055359,48.6300010681152 107.819200158119,10.8137933015823,48.6199989318848 107.819207549095,10.8137948513031,48.6100006103516 107.819215416908,10.8137954473495,48.5900001525879 107.81922352314,10.8137938976288,48.5900001525879 107.819231987,10.8137902021408,48.5800018310547 107.819239854813,10.81378865242,48.5800018310547 107.819246530533,10.81378865242,48.5699996948242 107.819255113602,10.8137882947922,48.5699996948242 107.819262742996,10.8137885332108,48.5699996948242 107.819271802902,10.81378865242,48.5499992370605 107.81927883625,10.813793182373,48.5099983215332 107.819285511971,10.8137955665588,48.5 107.819291472435,10.8137969970703,48.5200004577637 107.819298148155,10.8137964010239,48.560001373291 107.819305181503,10.8137933015823,48.5900001525879 107.819311380386,10.8137944936752,48.5999984741211 107.819320082664,10.8137943744659,48.5999984741211 107.819328784943,10.8137941360474,48.6199989318848 107.819338917732,10.8137933015823,48.6100006103516 107.819346904755,10.8137921094894,48.5900001525879 107.819355130196,10.8137929439545,48.5699996948242 107.819360733032,10.813790678978,48.5099983215332 107.819365978241,10.8137902021408,48.4700012207031 107.819374084473,10.813790678978,48.439998626709 107.819379687309,10.8137891292572,48.4300003051758 107.819385528564,10.8137892484665,48.4199981689453 107.819397091866,10.8137863874435,48.4300003051758 107.819403171539,10.8137860298157,48.4300003051758 107.819410443306,10.813786149025,48.4599990844727 107.819418072701,10.8137850761414,48.4599990844727 107.819424510002,10.8137850761414,48.4900016784668 107.81943333149,10.8137854337692,48.5999984741211 107.819438457489,10.8137836456299,48.6300010681152 107.819444894791,10.8137820959091,48.6300010681152 107.81945168972,10.8137825727463,48.6399993896484 107.819459676743,10.8137837648392,48.6500015258789 107.81946516037,10.8137825727463,48.6500015258789 107.819470763206,10.8137792348862,48.6500015258789 107.819477796555,10.8137788772583,48.6399993896484 107.819480419159,10.8137786388397,48.6100006103516 107.819484829903,10.8137745857239,48.5900001525879 107.819490075111,10.8137694597244,48.5699996948242 107.819493889809,10.8137677907944,48.5699996948242 107.819502830505,10.8137658834457,48.5299987792969 107.819510221481,10.8137644529343,48.5200004577637 107.819521307945,10.8137654066086,48.5200004577637 107.819531321526,10.8137670755386,48.5099983215332 107.819538354874,10.8137677907944,48.5099983215332 107.81954395771,10.8137679100037,48.5099983215332 107.819551944733,10.8137663602829,48.4799995422363 107.819558501244,10.8137673139572,48.4799995422363 107.819564938545,10.8137668371201,48.4700012207031 107.8195707798,10.8137670755386,48.4500007629395 107.819577455521,10.8137668371201,48.4500007629395 107.819586992264,10.8137667179108,48.4500007629395 107.819591760635,10.8137658834457,48.4500007629395 107.819594502449,10.8137642145157,48.4500007629395 107.819598555565,10.8137657642365,48.4599990844727 107.81960606575,10.8137663602829,48.4700012207031 107.819613218307,10.8137664794922,48.4599990844727 107.819616556168,10.8137645721436,48.4500007629395 107.819621324539,10.8137644529343,48.439998626709 107.819625377655,10.8137654066086,48.4199981689453 107.819628000259,10.813764333725,48.4099998474121 107.819632649422,10.8137668371201,48.4099998474121 107.819636940956,10.8137677907944,48.4000015258789 107.819641947746,10.8137679100037,48.3800010681152 107.819645166397,10.8137649297714,48.3699989318848 107.819648742676,10.8137627840042,48.3400001525879 107.819649934769,10.8137595653534,48.3300018310547 107.819647669792,10.8137538433075,48.2999992370605 107.819651126862,10.8137493133545,48.2700004577637 107.819651842117,10.813746213913,48.2700004577637 107.819653153419,10.8137435913086,48.2200012207031 107.819653272629,10.8137377500534,48.2200012207031 107.819656252861,10.8137322664261,48.1800003051758 107.819657683372,10.813725233078,48.1500015258789 107.819660425186,10.8137197494507,48.1500015258789 107.819662451744,10.8137156963348,48.1500015258789 107.819666862488,10.8137114048004,48.1699981689453 107.819670200348,10.8137094974518,48.1500015258789 107.819672107697,10.8137077093124,48.1399993896484 107.819673657417,10.8137068748474,48.2299995422363 107.819694042206,10.8136858940125,48.2400016784668 107.81969845295,10.8136842250824,48.2400016784668 107.819699168205,10.8136814832687,48.2299995422363 107.819703936577,10.8136777877808,48.1800003051758 107.819706678391,10.8136736154556,48.1599998474121 107.819710016251,10.8136715888977,48.1599998474121 107.819712519646,10.8136695623398,48.1399993896484 107.819712519646,10.813662648201,48.1300010681152 107.819715619087,10.8136602640152,48.1199989318848 107.81971681118,10.8136575222015,48.1100006103516 107.819719314575,10.8136538267136,48.0900001525879 107.819719314575,10.8136502504349,48.0800018310547 107.819722056389,10.8136471509933,48.0699996948242 107.819722175598,10.813643693924,48.0800018310547 107.819722414017,10.8136398792267,48.0800018310547 107.819725036621,10.8136276006699,48.0999984741211 107.819726109505,10.8136233091354,48.1300010681152 107.819727182388,10.8136183023453,48.1199989318848 107.819727778435,10.8136135339737,48.1199989318848 107.819730162621,10.8136090040207,48.0999984741211 107.819731354713,10.8136053085327,48.0999984741211 107.819734334946,10.8136010169983,48.0900001525879 107.819736719131,10.8135975599289,48.0900001525879 107.819739460945,10.8135958909988,48.0900001525879 107.819746136665,10.813593506813,48.0900001525879 107.819756031036,10.8135923147202,48.1300010681152 107.819760918617,10.8135925531387,48.1300010681152 107.819768190384,10.8135911226273,48.1500015258789 107.819772958755,10.8135914802551,48.1599998474121 107.819777369499,10.8135890960693,48.1599998474121 107.819781661034,10.8135900497437,48.1699981689453 107.819786667824,10.8135854005814,48.1699981689453 107.819791197777,10.8135845661163,48.1500015258789 107.819790959358,10.8135807514191,48.1500015258789 107.81979072094,10.8135778903961,48.1399993896484 107.81979060173,10.8135746717453,48.1399993896484 107.819791913033,10.813569188118,48.1399993896484 107.819796681404,10.8135612010956,48.1599998474121 107.819800615311,10.8135538101196,48.1100006103516 107.819802165031,10.8135483264923,48.0900001525879 107.819802045822,10.8135426044464,48.0699996948242 107.819803237915,10.8135364055634,48.060001373291 107.819804310799,10.8135324716568,48.060001373291 107.819809913635,10.8135282993317,48.060001373291 107.819814920425,10.8135269880295,47.9599990844727 107.819818258286,10.8135230541229,47.9599990844727 107.819824099541,10.8135172128677,47.9500007629395 107.819829463959,10.8135129213333,47.9199981689453 107.819834828377,10.8135085105896,47.9000015258789 107.819841623306,10.8135046958923,47.8800010681152 107.819850921631,10.8135023117065,47.8800010681152 107.819856524467,10.8135023117065,47.8699989318848 107.819861888885,10.8135021924973,47.8600006103516 107.819869160652,10.8135026693344,47.8499984741211 107.819875240326,10.8135033845901,47.8400001525879 107.819885015488,10.8135040998459,47.8400001525879 107.819896817207,10.8135039806366,47.8400001525879 107.81990480423,10.813504576683,47.8300018310547 107.819912195206,10.8135052919388,47.8300018310547 107.819917798042,10.8135063648224,47.8300018310547 107.819925785065,10.8135064840317,47.8699989318848 107.819933414459,10.8135056495667,47.8699989318848 107.819940328598,10.8135042190552,47.8800010681152 107.819942593575,10.8135033845901,47.8899993896484 107.819944381714,10.8135027885437,47.9000015258789 107.819944620132,10.8135043382645,47.9300003051758 107.81993997097,10.8134850263596,47.9300003051758 107.819940328598,10.8134782314301,47.9000015258789 107.819939851761,10.8134680986404,47.8899993896484 107.819940567017,10.8134605884552,47.8800010681152 107.819946050644,10.8134543895721,47.8699989318848 107.819948911667,10.8134471178055,47.8300018310547 107.819951534271,10.8134412765503,47.8300018310547 107.819954276085,10.8134369850159,47.810001373291 107.819959640503,10.8134317398071,47.810001373291 107.819961309433,10.8134291172028,47.810001373291 107.819964289665,10.8134289979935,47.810001373291 107.81996524334,10.8134239912033,47.810001373291 107.819968342781,10.8134196996689,47.810001373291 107.819972395897,10.813413143158,47.7799987792969 107.819977402687,10.8134046792984,47.7599983215332 107.819982171059,10.8133994340897,47.7599983215332 107.819987297058,10.813395857811,47.7599983215332 107.819996833801,10.8133959770203,47.7999992370605 107.820006608963,10.8133918046951,47.8199996948242 107.820013284683,10.8133912086487,47.8400001525879 107.820021390915,10.813392162323,47.8400001525879 107.82003068924,10.8133918046951,47.8499984741211 107.82003903389,10.8133932352066,47.8499984741211 107.820047259331,10.8133965730667,47.8499984741211 107.820055365562,10.8134002685547,47.8499984741211 107.820062041283,10.8134046792984,47.8300018310547 107.820071935654,10.81340944767,47.810001373291 107.820079922676,10.8134132623672,47.810001373291 107.820087194443,10.8134174346924,47.8199996948242 107.820096492767,10.8134210109711,47.8400001525879 107.82010614872,10.8134223222733,47.8899993896484 107.820115685463,10.8134224414825,47.9199981689453 107.820125460625,10.8134235143662,47.9199981689453 107.820134282112,10.8134262561798,47.9799995422363 107.820140600204,10.8134285211563,47.9799995422363 107.820149183273,10.8134295940399,48.0299987792969 107.820157408714,10.8134313821793,48.0299987792969 107.820165991783,10.8134344816208,48.0400009155273 107.820173025131,10.8134351968765,48.0400009155273 107.820177316666,10.8134344816208,48.0400009155273 107.820178985596,10.8134316205978,48.0800018310547 107.820180416107,10.8134268522263,48.0699996948242 107.820185303688,10.8134239912033,48.0699996948242 107.820187449455,10.8134214878082,48.0800018310547 107.820188879967,10.8134198188782,48.0699996948242 107.820190548897,10.8134182691574,48.0699996948242 107.820207476616,10.813413977623,48.0800018310547 107.820207118988,10.8134095668793,48.0999984741211 107.820209145546,10.8134047985077,48.0900001525879 107.820212364197,10.813401222229,48.0900001525879 107.820212483406,10.8133988380432,48.0800018310547 107.820212960243,10.8133974075317,48.0499992370605 107.82020509243,10.8133859634399,48.2200012207031 107.820203185081,10.8133791685104,48.2599983215332 107.820196986198,10.8133722543716,48.2599983215332 107.820192456245,10.8133665323257,48.2200012207031 107.820187211037,10.813360452652,48.2200012207031 107.820185542107,10.8133541345596,48.2099990844727 107.820183873177,10.8133459091187,48.1699981689453 107.820181846619,10.8133389949799,48.1699981689453 107.820181250572,10.8133317232132,48.1500015258789 107.820178985596,10.8133226633072,48.1300010681152 107.820175170898,10.813312292099,48.1300010681152 107.820169687271,10.8133062124252,48.1300010681152 107.820162296295,10.8133001327515,48.1199989318848 107.820156931877,10.8132928609848,48.1500015258789 107.820151805878,10.8132840394974,48.1500015258789 107.820147514343,10.8132742643356,48.1599998474121 107.820146083832,10.8132617473602,48.1699981689453 107.820147275925,10.813248872757,48.1699981689453 107.82014977932,10.8132402896881,48.2099990844727 107.820153594017,10.8132349252701,48.2700004577637 107.820159673691,10.8132289648056,48.2700004577637 107.820165157318,10.8132215738297,48.2999992370605 107.82017159462,10.8132137060165,48.3199996948242 107.820181250572,10.8132088184357,48.3199996948242 107.820190787315,10.8132075071335,48.3499984741211 107.820198774338,10.8132072687149,48.3499984741211 107.820205807686,10.813204407692,48.3499984741211 107.820209383965,10.8131976127625,48.3699989318848 107.820210695267,10.8131885528564,48.3699989318848 107.820210576057,10.8131799697876,48.3699989318848 107.820210933685,10.8131722211838,48.3699989318848 107.820211172104,10.8131636381149,48.3699989318848 107.820210933685,10.8131575584412,48.3699989318848 107.820211410522,10.8131518363953,48.439998626709 107.820210576057,10.8131490945816,48.439998626709 107.820209860802,10.8131464719772,48.5099983215332 107.820209383965,10.8131433725357,48.5200004577637 107.820206284523,10.8131376504898,48.5200004577637 107.820205330849,10.8131297826767,48.5099983215332 107.8202034235,10.8131231069565,48.4799995422363 107.820200204849,10.8131169080734,48.4599990844727 107.820197939873,10.8131098747253,48.4599990844727 107.820194840431,10.8131037950516,48.439998626709 107.820191979408,10.8130929470062,48.439998626709 107.820189356804,10.8130826950073,48.4300003051758 107.820188045502,10.8130756616592,48.4300003051758 107.820187687874,10.8130701780319,48.4300003051758 107.820187568665,10.8130595684052,48.4300003051758 107.820188522339,10.813050031662,48.4099998474121 107.820189714432,10.8130420446396,48.4099998474121 107.820192098618,10.8130332231522,48.4099998474121 107.82019340992,10.8130235671997,48.4000015258789 107.820193648338,10.8130152225494,48.4000015258789 107.820192933083,10.8130059242249,48.4000015258789 107.820190310478,10.8129951953888,48.4000015258789 107.820191860199,10.8129853010178,48.4000015258789 107.820192575455,10.8129764795303,48.4000015258789 107.820191144943,10.8129669427872,48.4199981689453 107.820190310478,10.812956571579,48.439998626709 107.820190310478,10.8129450082779,48.439998626709 107.82019174099,10.8129338026047,48.439998626709 107.820194602013,10.8129231929779,48.439998626709 107.820196390152,10.8129149675369,48.439998626709 107.820196986198,10.8129068613052,48.439998626709 107.820198535919,10.8128986358643,48.4199981689453 107.820197939873,10.8128906488419,48.4199981689453 107.820197939873,10.8128836154938,48.3800010681152 107.82019841671,10.8128759860992,48.3699989318848 107.820195436478,10.8128703832626,48.3600006103516 107.820197343826,10.8128625154495,48.3499984741211 107.820199608803,10.8128545284271,48.3499984741211 107.820200681686,10.8128464221954,48.3499984741211 107.820196151733,10.8128373622894,48.3699989318848 107.820196986198,10.8128273487091,48.3699989318848 107.820193886757,10.8128151893616,48.3899993896484 107.820191860199,10.8128039836884,48.3899993896484 107.820188760757,10.8127944469452,48.4199981689453 107.820187211037,10.8127822875977,48.4199981689453 107.820187687874,10.8127679824829,48.4900016784668 107.820188045502,10.8127557039261,48.4900016784668 107.82018828392,10.8127460479736,48.5499992370605 107.820191025734,10.812735080719,48.5900001525879 107.820189714432,10.8127259016037,48.5900001525879 107.820187211037,10.8127173185349,48.6100006103516 107.820184826851,10.8127084970474,48.6100006103516 107.820182919502,10.8127003908157,48.6100006103516 107.820184350014,10.8126929998398,48.6100006103516 107.820183634758,10.8126885890961,48.6199989318848 107.820183634758,10.8126828670502,48.689998626709 107.820183396339,10.8126785755157,48.7099990844727 107.820182800293,10.8126747608185,48.7200012207031 107.820182800293,10.8126713037491,48.7200012207031 107.820181488991,10.8126670122147,48.7000007629395 107.820180654526,10.8126626014709,48.689998626709 107.820181012154,10.8126577138901,48.6699981689453 107.820181727409,10.8126537799835,48.6699981689453 107.820182085037,10.8126500844955,48.6699981689453 107.820182204247,10.8126450777054,48.7099990844727 107.820180654526,10.8126391172409,48.7299995422363 107.820179581642,10.8126319646835,48.75 107.820177793503,10.8126250505447,48.75 107.820177674294,10.8126168251038,48.7799987792969 107.820178747177,10.8126112222672,48.7900009155273 107.820176124573,10.8126052618027,48.7799987792969 107.820175766945,10.812598824501,48.7700004577637 107.820174813271,10.8125920295715,48.7599983215332 107.820174574852,10.8125839233398,48.7599983215332 107.820173978806,10.8125764131546,48.7599983215332 107.820173025131,10.8125697374344,48.7599983215332 107.820170283318,10.8125624656677,48.7700004577637 107.820165753365,10.8125553131104,48.7900009155273 107.820161342621,10.8125480413437,48.7900009155273 107.82016146183,10.8125385046005,48.7900009155273 107.820158958435,10.8125326633453,48.7900009155273 107.820153951645,10.8125274181366,48.7999992370605 107.820149183273,10.8125243186951,48.7999992370605 107.820145249367,10.8125185966492,48.8800010681152 107.820141196251,10.8125146627426,48.939998626709 107.820138335228,10.8125115633011,49.0499992370605 107.820134878159,10.8125095367432,49.0900001525879 107.820131182671,10.8125076293945,49.1199989318848 107.820124745369,10.8125058412552,49.1300010681152 107.82011961937,10.8125072717667,49.0699996948242 107.820114135742,10.8125075101852,49.0699996948242 107.820106387138,10.8125072717667,49.0099983215332 107.82010447979,10.8125087022781,49.0099983215332 107.820104956627,10.8125092983246,48.9900016784668 107.820104956627,10.812508225441,48.9799995422363 107.820099473,10.8125075101852,48.9300003051758 107.82008087635,10.8125083446503,48.560001373291 107.820075392723,10.8125079870224,48.4599990844727 107.820067286491,10.8125092983246,48.4000015258789 107.820060968399,10.812509894371,48.3699989318848 107.820054411888,10.8125110864639,48.6199989318848 107.82004904747,10.8125118017197,48.7799987792969 107.820039391518,10.8125138282776,48.8699989318848 107.820031166077,10.8125149011612,48.939998626709 107.82002222538,10.8125137090683,49.0499992370605 107.820015907288,10.8125151395798,49.1199989318848 107.820009827614,10.8125180006027,49.1599998474121 107.820001244545,10.8125180006027,49.1800003051758 107.819992899895,10.8125185966492,49.1699981689453 107.819982528687,10.8125190734863,49.1800003051758 107.819971203804,10.8125185966492,49.2200012207031 107.819962382317,10.812518119812,49.2200012207031 107.819953083992,10.8125169277191,49.4300003051758 107.819942116737,10.8125150203705,49.5099983215332 107.819931030273,10.8125134706497,49.5099983215332 107.819923520088,10.8125150203705,49.5800018310547 107.819913029671,10.8125180006027,49.5800018310547 107.819902539253,10.8125183582306,49.5400009155273 107.819894433022,10.8125165700912,49.439998626709 107.819885015488,10.812512755394,49.3899993896484 107.819875717163,10.8125109672546,49.3899993896484 107.819869160652,10.8125089406967,49.3199996948242 107.819863915443,10.8125065565109,49.2999992370605 107.819857120514,10.8125048875809,49.2999992370605 107.819851756096,10.8125019073486,49.2900009155273 107.819843411446,10.8124965429306,49.2900009155273 107.819833636284,10.8124897480011,49.2900009155273 107.819824337959,10.8124812841415,49.2700004577637 107.819821596146,10.8124741315842,49.2599983215332 107.819816589355,10.8124678134918,49.2599983215332 107.81981086731,10.812463760376,49.2599983215332 107.819808244705,10.8124582767487,49.2400016784668 107.819805145264,10.8124520778656,49.2400016784668 107.819800615311,10.8124451637268,49.2200012207031 107.819799661636,10.8124359846115,49.2299995422363 107.819798588753,10.8124288320541,49.2299995422363 107.819798350334,10.8124220371246,49.2299995422363 107.819798231125,10.8124163150787,49.2299995422363 107.819796681404,10.8124113082886,49.2099990844727 107.819795012474,10.8124035596848,49.2000007629395 107.819792747498,10.8123954534531,49.1300010681152 107.819791197777,10.8123885393143,49.1300010681152 107.819790124893,10.8123817443848,49.0699996948242 107.819787621498,10.8123743534088,49.0800018310547 107.819782614708,10.8123663663864,49.0800018310547 107.81978058815,10.8123595714569,49.0699996948242 107.819776177406,10.812350153923,49.0699996948242 107.819771766663,10.8123427629471,49.0699996948242 107.819767951965,10.8123371601105,49.0800018310547 107.819765925407,10.8123313188553,49.0800018310547 107.819764256477,10.8123255968094,49.0900001525879 107.819761753082,10.8123178482056,49.0999984741211 107.819758534431,10.8123120069504,49.1100006103516 107.819754600525,10.8123061656952,49.1100006103516 107.819751381874,10.81230032444,49.1300010681152 107.819747209549,10.8122956752777,49.1300010681152 107.81974196434,10.8122901916504,49.1300010681152 107.81973862648,10.8122870922089,49.1300010681152 107.819736242294,10.812283039093,49.1199989318848 107.819734811783,10.8122802972794,49.1199989318848 107.819731473923,10.8122757673264,49.1199989318848 107.819727182388,10.8122704029083,49.2000007629395 107.819726109505,10.8122664690018,49.2000007629395 107.819723010063,10.8122625350952,49.2999992370605 107.819719672203,10.8122570514679,49.3400001525879 107.819718956947,10.8122516870499,49.3499984741211 107.819719433784,10.8122460842133,49.3499984741211 107.819717288017,10.8122389316559,49.3499984741211 107.819711685181,10.812232375145,49.3400001525879 107.819706916809,10.8122247457504,49.3400001525879 107.819704651833,10.8122173547745,49.3300018310547 107.819702386856,10.8122098445892,49.3300018310547 107.819698691368,10.8122026920319,49.2999992370605 107.819695949554,10.8121953010559,49.2900009155273 107.819693207741,10.8121891021729,49.2900009155273 107.819688677788,10.8121799230576,49.2999992370605 107.819683432579,10.8121711015701,49.2999992370605 107.819678902626,10.8121620416641,49.2999992370605 107.819674015045,10.8121515512466,49.2900009155273 107.819669961929,10.8121433258057,49.2900009155273 107.819668769836,10.8121349811554,49.2900009155273 107.819665431976,10.8121267557144,49.2900009155273 107.819660663605,10.812119603157,49.25 107.819657564163,10.812109708786,49.25 107.819657087326,10.8120995759964,49.25 107.819651007652,10.8120948076248,49.2700004577637 107.819649338722,10.812088727951,49.2900009155273 107.819645881653,10.8120837211609,49.2999992370605 107.819643735886,10.81207883358,49.2999992370605 107.819638252258,10.8120770454407,49.3300018310547 107.819634914398,10.8120732307434,49.3300018310547 107.819629073143,10.8120700120926,49.3800010681152 107.819623589516,10.8120667934418,49.3800010681152 107.819619297981,10.8120627403259,49.4199981689453 107.819614052773,10.8120571374893,49.4300003051758 107.819609045982,10.8120498657227,49.4300003051758 107.819606661797,10.8120443820953,49.4300003051758 107.819601297379,10.8120414018631,49.4300003051758 107.819598913193,10.8120381832123,49.4300003051758 107.81959605217,10.8120363950729,49.4500007629395 107.81959426403,10.81203353405,49.4500007629395 107.819592833519,10.8120301961899,49.4700012207031 107.819585084915,10.8120201826096,49.5299987792969 107.819581866264,10.8120149374008,49.5299987792969 107.819580435753,10.8120086193085,49.5800018310547 107.819580197334,10.8120046854019,49.5999984741211 107.819575667381,10.8120015859604,49.5900001525879 107.81957256794,10.8119976520538,49.6199989318848 107.819568514824,10.811995267868,49.6199989318848 107.81956577301,10.8119906187057,49.75 107.819559931755,10.8119860887527,49.7900009155273 107.819556355476,10.8119802474976,49.8499984741211 107.819550991058,10.8119744062424,49.8800010681152 107.819546103477,10.8119689226151,49.9000015258789 107.819541454315,10.8119657039642,49.9000015258789 107.819534420967,10.8119606971741,49.9000015258789 107.819529891014,10.8119564056396,49.9000015258789 107.819522857666,10.8119518756866,49.9000015258789 107.819518327713,10.8119465112686,49.9099998474121 107.819514155388,10.8119416236877,49.9099998474121 107.819509983063,10.811937212944,49.9000015258789 107.819507360458,10.8119324445724,49.939998626709 107.81950366497,10.8119274377823,49.939998626709 107.819501042366,10.8119229078293,49.9799995422363 107.819499492645,10.8119198083878,49.9799995422363 107.819499135017,10.8119157552719,50.060001373291 107.819497466087,10.8119105100632,50.0800018310547 107.819489955902,10.8118901252747,50.1100006103516 107.819486141205,10.8118834495544,50.1100006103516 107.819485545158,10.8118773698807,50.1100006103516 107.819483041763,10.8118734359741,50.1300010681152 107.819481134415,10.8118697404861,50.1599998474121 107.819478750229,10.8118677139282,50.1699981689453 107.819475293159,10.8118656873703,50.1800003051758 107.819470882416,10.8118631839752,50.1800003051758 107.819462656975,10.8118596076965,50.1800003051758 107.819455385208,10.8118566274643,50.2200012207031 107.819449424744,10.8118550777435,50.1800003051758 107.819446921349,10.8118550777435,50.1699981689453 107.819443583488,10.8118541240692,50.2400016784668 107.819442629814,10.811852812767,50.2599983215332 107.819441556931,10.8118513822556,50.2700004577637 107.819429993629,10.8118332624435,50.0999984741211 107.81942653656,10.8118271827698,50.0800018310547 107.819423556328,10.811820268631,50.060001373291 107.819419980049,10.8118153810501,50.0400009155273 107.819417238235,10.8118076324463,50.0299987792969 107.819410920143,10.8118025064468,50.0400009155273 107.819406747818,10.8117969036102,50.0699996948242 107.81939971447,10.8117917776108,50.0699996948242 107.819391489029,10.8117851018906,50.0699996948242 107.819386005402,10.8117791414261,50.0800018310547 107.819382548332,10.8117746114731,50.0900001525879 107.819375872612,10.8117716312408,50.0900001525879 107.819368243217,10.81176674366,50.0900001525879 107.819357037544,10.8117589950562,50.1500015258789 107.819352149963,10.8117551803589,50.1500015258789 107.819346308708,10.8117570877075,50.25 107.819341778755,10.811757683754,50.25 107.819336056709,10.8117598295212,50.3800010681152 107.819330096245,10.8117648363113,50.4199981689453 107.819324374199,10.8117674589157,50.4199981689453 107.81932079792,10.8117705583572,50.4500007629395 107.819315910339,10.8117734193802,50.4500007629395 107.819307684898,10.8117735385895,50.4599990844727 107.819299340248,10.8117748498917,50.4599990844727 107.819290757179,10.8117762804031,50.4799995422363 107.81928563118,10.8117761611938,50.4900016784668 107.819280743599,10.8117753267288,50.4900016784668 107.819273352623,10.8117723464966,50.5499992370605 107.819267988205,10.8117678165436,50.5499992370605 107.819262385368,10.811762213707,50.560001373291 107.819253563881,10.811757683754,50.5699996948242 107.819247245789,10.8117523193359,50.5699996948242 107.819240808487,10.8117451667786,50.560001373291 107.819231510162,10.8117316961288,50.560001373291 107.819227099419,10.8117249011993,50.5400009155273 107.819230318069,10.8117225170135,50.5499992370605 107.819228768349,10.8117227554321,50.5499992370605 107.819228291512,10.8117182254791,50.5900001525879 107.819217681885,10.8117051124573,50.6300010681152 107.819212675095,10.81169962883,50.6500015258789 107.819209694862,10.8116948604584,50.6800003051758 107.819206595421,10.8116869926453,50.6699981689453 107.819206357002,10.8116799592972,50.6399993896484 107.819205999374,10.8116710186005,50.6300010681152 107.81920170784,10.8116637468338,50.6100006103516 107.819197058678,10.811656832695,50.6100006103516 107.819195628166,10.8116508722305,50.5999984741211 107.819191932678,10.8116450309753,50.5999984741211 107.819187164307,10.8116420507431,50.5999984741211 107.81918489933,10.8116384744644,50.6199989318848 107.819186329842,10.8116348981857,50.6300010681152 107.819183349609,10.8116283416748,50.6399993896484 107.819182634354,10.8116233348846,50.6399993896484 107.819180250168,10.8116161823273,50.6599998474121 107.819178462029,10.8116099834442,50.6599998474121 107.819179654121,10.8116043806076,50.6699981689453 107.819179654121,10.8115999698639,50.6699981689453 107.819181680679,10.8115966320038,50.6699981689453 107.819182276726,10.8115953207016,50.7000007629395 107.819184303284,10.8115949630737,50.7000007629395 107.819182634354,10.8115947246552,50.7099990844727 107.819175839424,10.811586022377,50.810001373291 107.819173336029,10.8115816116333,50.810001373291 107.819171905518,10.8115781545639,50.8300018310547 107.819172382355,10.8115741014481,50.8300018310547 107.819171190262,10.8115682601929,50.8600006103516 107.819171190262,10.8115614652634,50.8300018310547 107.819171309471,10.8115556240082,50.8300018310547 107.819167613983,10.8115507364273,50.7799987792969 107.819165587425,10.8115441799164,50.7700004577637 107.819163322449,10.8115348815918,50.75 107.81916308403,10.8115245103836,50.75 107.81916308403,10.8115165233612,50.7400016784668 107.819160580635,10.8115062713623,50.7400016784668 107.819155454636,10.8115017414093,50.7299995422363 107.819150686264,10.8114976882935,50.7299995422363 107.819143891335,10.8114937543869,50.7299995422363 107.819139361382,10.8114875555038,50.7200012207031 107.819133043289,10.8114809989929,50.7099990844727 107.819125652313,10.8114742040634,50.7099990844727 107.819117426872,10.8114668130875,50.689998626709 107.819109201431,10.8114601373672,50.6699981689453 107.819100260735,10.8114556074142,50.6399993896484 107.819090604782,10.8114531040192,50.6399993896484 107.819079399109,10.8114519119263,50.6100006103516 107.819067716599,10.8114502429962,50.5999984741211 107.819056987762,10.8114467859268,50.5999984741211 107.819047927856,10.8114432096481,50.5999984741211 107.819038629532,10.8114401102066,50.5999984741211 107.819028973579,10.8114380836487,50.5999984741211 107.81902050972,10.8114367723465,50.6500015258789 107.819005489349,10.811433672905,50.6800003051758 107.818996310234,10.8114318847656,50.7000007629395 107.818989515305,10.8114310503006,50.7200012207031 107.818981766701,10.8114306926727,50.7299995422363 107.818972349167,10.8114285469055,50.7299995422363 107.818963170052,10.8114259243011,50.7400016784668 107.818958044052,10.8114266395569,50.7900009155273 107.818955659866,10.8114277124405,50.810001373291 107.81894993782,10.811427116394,50.8499984741211 107.818940162659,10.8114248514175,50.8800010681152 107.818930745125,10.8114219903946,50.8800010681152 107.818926811218,10.8114202022552,50.9500007629395 107.818924188614,10.8114184141159,50.9700012207031 107.818919062614,10.8114151954651,50.9700012207031 107.818912148476,10.8114113807678,50.9900016784668 107.818905949593,10.811407327652,50.9900016784668 107.818900346756,10.8114038705826,51.0 107.818894267082,10.8114018440247,50.9900016784668 107.818889141083,10.8113993406296,50.9900016784668 107.818881988525,10.8113975524902,50.9799995422363 107.818874239922,10.8113961219788,50.9900016784668 107.818866014481,10.811395406723,51.0 107.81885945797,10.8113925457001,51.0200004577637 107.818849444389,10.8113881349564,51.0299987792969 107.81884098053,10.8113828897476,51.0400009155273 107.818833351135,10.8113795518875,51.0400009155273 107.818825602531,10.8113762140274,51.060001373291 107.818815231323,10.8113740682602,51.060001373291 107.818805575371,10.8113743066788,51.0699996948242 107.818797111511,10.8113759756088,51.060001373291 107.818787097931,10.8113771677017,51.0499992370605 107.818777441978,10.8113768100739,51.0499992370605 107.818769812584,10.8113768100739,51.0299987792969 107.818760514259,10.8113758563995,51.0299987792969 107.818752765656,10.811375617981,51.0299987792969 107.818744301796,10.8113744258881,51.0200004577637 107.818738102913,10.8113698959351,51.0099983215332 107.818732023239,10.8113677501678,50.9799995422363 107.818724989891,10.8113656044006,50.9599990844727 107.818717837334,10.8113605976105,50.9599990844727 107.818710803986,10.8113559484482,50.939998626709 107.818701982498,10.8113524913788,50.9300003051758 107.818695306778,10.8113479614258,50.9300003051758 107.818690061569,10.8113433122635,50.9300003051758 107.81868493557,10.8113397359848,50.9300003051758 107.81867980957,10.8113366365433,50.9099998474121 107.818672895432,10.8113317489624,50.9099998474121 107.818666100502,10.8113248348236,50.9099998474121 107.818660855293,10.8113178014755,50.9099998474121 107.818655371666,10.8113104104996,50.9700012207031 107.818649530411,10.8113036155701,50.939998626709 107.818646430969,10.8112951517105,50.9300003051758 107.818640470505,10.8112887144089,50.9599990844727 107.818637013435,10.8112806081772,50.9700012207031 107.818634033203,10.8112703561783,50.9500007629395 107.818633556366,10.8112593889236,50.9300003051758 107.818628668785,10.8112500905991,50.9199981689453 107.818625211716,10.811239361763,50.9099998474121 107.818618535995,10.8112324476242,50.9099998474121 107.818610072136,10.8112236261368,50.9199981689453 107.818603634834,10.8112155199051,50.9199981689453 107.818598508835,10.8112078905106,50.939998626709 107.818593502045,10.8111997842789,50.9599990844727 107.818586945534,10.8111913204193,51.0 107.818581342697,10.8111830949783,51.0200004577637 107.818574547768,10.8111740350723,51.0099983215332 107.81856739521,10.8111655712128,51.0200004577637 107.818563222885,10.8111553192139,51.0200004577637 107.818561434746,10.8111448287964,51.060001373291 107.818560600281,10.811136007309,51.0499992370605 107.818559885025,10.8111271858215,51.0200004577637 107.818557739258,10.8111176490784,51.0200004577637 107.818554282188,10.8111073970795,51.0200004577637 107.818548202515,10.8110983371735,51.0499992370605 107.818543076515,10.8110904693604,51.060001373291 107.818539261818,10.8110800981522,51.060001373291 107.818538069725,10.8110673427582,51.060001373291 107.818537116051,10.811057806015,51.0800018310547 107.818535208702,10.811047911644,51.0900001525879 107.818531394005,10.8110380172729,51.0900001525879 107.818525910378,10.8110301494598,51.0800018310547 107.818518280983,10.8110206127167,51.0900001525879 107.818511605263,10.8110115528107,51.0900001525879 107.81850540638,10.8110044002533,51.0900001525879 107.818497419357,10.8109974861145,51.0999984741211 107.8184902668,10.8109897375107,51.0900001525879 107.818482637405,10.810983300209,51.0900001525879 107.818475604057,10.8109773397446,51.1100006103516 107.818470597267,10.8109716176987,51.1199989318848 107.818465471268,10.8109656572342,51.1399993896484 107.818458795547,10.8109604120255,51.1500015258789 107.818452239037,10.8109551668167,51.1800003051758 107.818448543549,10.8109483718872,51.2000007629395 107.818442344666,10.8109421730042,51.2299995422363 107.81843483448,10.810938000679,51.310001373291 107.818425297737,10.8109328746796,51.310001373291 107.818417668343,10.8109257221222,51.4099998474121 107.818413257599,10.8109213113785,51.439998626709 107.818410396576,10.8109159469604,51.4599990844727 107.818404793739,10.8109085559845,51.4799995422363 107.818398356438,10.8109036684036,51.4799995422363 107.818389177322,10.8109018802643,51.560001373291 107.818380594254,10.8108975887299,51.5699996948242 107.818373084068,10.8108934164047,51.5800018310547 107.818364262581,10.8108875751495,51.5900001525879 107.81835603714,10.810885310173,51.5900001525879 107.818344116211,10.8108822107315,51.5999984741211 107.818334698677,10.8108793497086,51.5999984741211 107.818324327469,10.810876250267,51.5999984741211 107.818314194679,10.8108721971512,51.5999984741211 107.818304300308,10.8108695745468,51.5900001525879 107.818293809891,10.8108680248261,51.5800018310547 107.818284988403,10.8108658790588,51.5800018310547 107.818277716637,10.8108643293381,51.5699996948242 107.818269014359,10.810861825943,51.5800018310547 107.818262815475,10.8108603954315,51.5800018310547 107.818256497383,10.81085729599,51.5900001525879 107.818248271942,10.8108550310135,51.6100006103516 107.81824195385,10.8108507394791,51.6199989318848 107.81823515892,10.8108452558517,51.6199989318848 107.818226337433,10.8108419179916,51.6300010681152 107.818218111992,10.8108432292938,51.6300010681152 107.818209409714,10.8108426332474,51.6599998474121 107.818201065063,10.8108416795731,51.6599998474121 107.818192720413,10.810838341713,51.689998626709 107.818181991577,10.8108314275742,51.689998626709 107.818171143532,10.8108230829239,51.689998626709 107.818160533905,10.8108162879944,51.689998626709 107.818149328232,10.8108121156693,51.7000007629395 107.818139076233,10.8108081817627,51.7099990844727 107.818130373955,10.8108031749725,51.7099990844727 107.818121910095,10.8107972145081,51.7299995422363 107.818111658096,10.8107904195786,51.7200012207031 107.818100690842,10.8107852935791,51.7200012207031 107.818091034889,10.810783624649,51.7200012207031 107.818082332611,10.8107810020447,51.7200012207031 107.818073272705,10.810776591301,51.7200012207031 107.818065166473,10.8107746839523,51.7200012207031 107.818056821823,10.8107746839523,51.7599983215332 107.818048715591,10.810772061348,51.7999992370605 107.818039536476,10.8107677698135,51.8199996948242 107.818028450012,10.8107615709305,51.8400001525879 107.818017840385,10.8107559680939,51.8400001525879 107.818010091782,10.8107514381409,51.7900009155273 107.818001508713,10.8107469081879,51.7799987792969 107.817991733551,10.8107407093048,51.7799987792969 107.817982435226,10.8107351064682,51.7599983215332 107.817971110344,10.8107334375381,51.7400016784668 107.817957520485,10.8107328414917,51.7299995422363 107.8179448843,10.8107308149338,51.7200012207031 107.817932963371,10.8107250928879,51.7200012207031 107.817923903465,10.8107187747955,51.7200012207031 107.817916870117,10.8107151985168,51.7000007629395 107.817911148071,10.8107136487961,51.7000007629395 107.817903280258,10.8107143640518,51.7000007629395 107.817895650864,10.810716509819,51.689998626709 107.817888021469,10.8107192516327,51.7000007629395 107.817877650261,10.8107188940048,51.7000007629395 107.817866325378,10.8107143640518,51.75 107.817856311798,10.8107064962387,51.75 107.817847728729,10.8106970787048,51.7299995422363 107.817837834358,10.8106931447983,51.7200012207031 107.817828178406,10.8106924295425,51.7099990844727 107.817821145058,10.8106920719147,51.6699981689453 107.817814707756,10.8106899261475,51.6500015258789 107.817807793617,10.8106853961945,51.6100006103516 107.817799210548,10.8106805086136,51.6100006103516 107.817791342735,10.8106763362885,51.5800018310547 107.817781567574,10.8106719255447,51.5800018310547 107.817769289017,10.8106651306152,51.5800018310547 107.817760229111,10.8106577396393,51.5800018310547 107.817752599716,10.8106504678726,51.560001373291 107.817746639252,10.8106439113617,51.5299987792969 107.817740082741,10.8106356859207,51.5299987792969 107.817732334137,10.8106306791306,51.4799995422363 107.81772506237,10.810626745224,51.4799995422363 107.817719459534,10.8106215000153,51.4500007629395 107.817716002464,10.810614824295,51.439998626709 107.817711353302,10.8106095790863,51.439998626709 107.817706108093,10.810604929924,51.4900016784668 107.817701101303,10.8105999231339,51.4900016784668 107.817695379257,10.810595035553,51.560001373291 107.817685365677,10.810586810112,51.5999984741211 107.817682623863,10.8105810880661,51.5999984741211 107.817679286003,10.8105764389038,51.7299995422363 107.817674279213,10.8105729818344,51.7299995422363 107.817668676376,10.8105682134628,51.7799987792969 107.817660212517,10.8105642795563,51.7799987792969 107.817652344704,10.8105610609055,51.810001373291 107.817644000053,10.8105599880219,51.8699989318848 107.817634820938,10.8105608224869,51.8699989318848 107.817625045776,10.8105623722076,51.9300003051758 107.81761276722,10.8105636835098,51.939998626709 107.817601680756,10.8105651140213,51.9300003051758 107.817594051361,10.8105671405792,51.9300003051758 107.817584395409,10.8105686903,51.9300003051758 107.817575216293,10.8105705976486,51.9199981689453 107.817566514015,10.8105729818344,51.9199981689453 107.817555427551,10.8105705976486,51.9000015258789 107.817545771599,10.8105643987656,51.9000015258789 107.817541599274,10.810554265976,51.9000015258789 107.817538022995,10.8105480670929,51.8899993896484 107.817534804344,10.8105418682098,51.8899993896484 107.817531347275,10.8105331659317,51.8699989318848 107.817527413368,10.8105245828629,51.8600006103516 107.817521929741,10.8105195760727,51.8499984741211 107.817515254021,10.810515999794,51.8400001525879 107.817509174347,10.8105098009109,51.8499984741211 107.817503094673,10.8105071783066,51.8499984741211 107.817497849464,10.8105044364929,51.8499984741211 107.817492485046,10.8104994297028,51.8300018310547 107.817484974861,10.8104962110519,51.8300018310547 107.817477464676,10.8104914426804,51.7900009155273 107.817469716072,10.8104863166809,51.7700004577637 107.817462563515,10.8104807138443,51.7700004577637 107.817456007004,10.810478925705,51.7599983215332 107.817449450493,10.8104741573334,51.7799987792969 107.817441940308,10.8104709386826,51.7900009155273 107.817434191704,10.8104708194733,51.7999992370605 107.817425489426,10.8104650974274,51.7999992370605 107.817419409752,10.8104609251022,51.7999992370605 107.817414522171,10.8104553222656,51.7999992370605 107.817407727242,10.810450553894,51.810001373291 107.817404389381,10.8104454278946,51.810001373291 107.817401647568,10.8104419708252,51.810001373291 107.817400336266,10.8104391098022,51.810001373291 107.817398428917,10.810431599617,51.810001373291 107.817395806313,10.8104250431061,51.810001373291 107.817395925522,10.8104200363159,51.7400016784668 107.817397475243,10.8104157447815,51.7099990844727 107.817399024963,10.8104103803635,51.6699981689453 107.817402243614,10.810408115387,51.6699981689453 107.817392349243,10.8103870153427,51.3699989318848 107.817388653755,10.8103836774826,51.3499984741211 107.817384719849,10.810379743576,51.3400001525879 107.817381620407,10.8103750944138,51.3400001525879 107.817378163338,10.8103716373444,51.3400001525879 107.817374110222,10.8103692531586,51.3400001525879 107.81737101078,10.8103660345078,51.3800010681152 107.817366838455,10.810364484787,51.4300003051758 107.817363023758,10.8103615045547,51.439998626709 107.817360281944,10.8103604316711,51.439998626709 107.817357301712,10.8103595972061,51.5 107.817353010178,10.8103605508804,51.5099983215332 107.817347884178,10.8103604316711,51.5099983215332 107.817346215248,10.8103610277176,51.5099983215332 107.817344784737,10.8103588819504,51.5099983215332 107.817343354225,10.8103585243225,51.5200004577637 107.817323803902,10.8103424310684,52.189998626709 107.817321062088,10.8103399276733,52.0800018310547 107.817318201065,10.8103392124176,52.0299987792969 107.817314386368,10.810338139534,51.9799995422363 107.817309617996,10.8103382587433,51.9099998474121 107.817306876183,10.8103367090225,51.9099998474121 107.81730055809,10.8103367090225,51.8499984741211 107.817296385765,10.8103353977203,51.8400001525879 107.817291736603,10.8103367090225,51.8400001525879 107.81728553772,10.8103387355804,51.8400001525879 107.817281484604,10.8103400468826,51.8499984741211 107.817276000977,10.8103398084641,51.8499984741211 107.817270040512,10.8103393316269,51.8499984741211 107.817264914513,10.8103382587433,51.8600006103516 107.817260146141,10.8103392124176,51.8699989318848 107.817255616188,10.810337305069,51.8800010681152 107.817249178886,10.8103359937668,51.8899993896484 107.817243695259,10.8103340864182,51.9000015258789 107.817237257957,10.8103315830231,51.9099998474121 107.817232728004,10.810329914093,51.9099998474121 107.817227125168,10.8103260993958,51.9199981689453 107.817224144936,10.8103215694427,51.9199981689453 107.817206859589,10.8103152513504,52.0400009155273 107.817200779915,10.8103137016296,52.0699996948242 107.817194461823,10.8103139400482,52.0699996948242 107.817189693451,10.8103129863739,52.0900001525879 107.81718313694,10.8103128671646,52.0999984741211 107.817176699638,10.8103121519089,52.1100006103516 107.817169547081,10.8103132247925,52.1100006103516 107.817164421082,10.810311794281,52.1100006103516 107.817160248756,10.8103121519089,52.1399993896484 107.817158341408,10.8103106021881,52.1699981689453 107.817156672478,10.8103114366531,52.189998626709 107.817151904106,10.8103107213974,52.2200012207031 107.81714785099,10.8103107213974,52.2099990844727 107.817143678665,10.8103107213974,52.2099990844727 107.817139029503,10.8103088140488,52.2299995422363 107.81713616848,10.8103082180023,52.2299995422363 107.817133188248,10.8103092908859,52.2599983215332 107.817129254341,10.8103095293045,52.2700004577637 107.817114233971,10.8103095293045,52.25 107.81710922718,10.8103095293045,52.2700004577637 107.817107319832,10.8103090524673,52.2700004577637 107.817106485367,10.810308098793,52.2799987792969 107.817106604576,10.8103076219559,52.2700004577637 107.817093849182,10.8103045225143,52.2299995422363 107.817087888718,10.8103045225143,52.2200012207031 107.817081451416,10.8103039264679,52.2200012207031 107.817073106766,10.8103041648865,52.2200012207031 107.817066431046,10.8103049993515,52.2299995422363 107.817056894302,10.8103071451187,52.2299995422363 107.817051053047,10.810306429863,52.2200012207031 107.817045807838,10.8103070259094,52.2200012207031 107.817040205002,10.8103059530258,52.2200012207031 107.817037582397,10.8103047609329,52.1800003051758 107.817033529282,10.8103033304214,52.1699981689453 107.817027807236,10.8103010654449,52.1599998474121 107.817024230957,10.8102996349335,52.1599998474121 107.817017316818,10.8102967739105,52.1599998474121 107.817014217377,10.8102941513062,52.1199989318848 107.817010760307,10.8102917671204,52.0800018310547 107.817006826401,10.8102895021439,52.0499992370605 107.817004680634,10.8102864027023,52.0299987792969 107.816999793053,10.8102829456329,52.0099983215332 107.816997766495,10.810280919075,52.0 107.816995620728,10.8102514743805,52.1300010681152 107.816997170448,10.8102451562881,52.1300010681152 107.816998720169,10.810240149498,52.1399993896484 107.816999316216,10.8102370500565,52.1399993896484 107.817000985146,10.8102339506149,52.1399993896484 107.817002296448,10.8102306127548,52.1500015258789 107.817003488541,10.8102298974991,52.1599998474121 107.817007303238,10.8102294206619,52.1500015258789 107.817012548447,10.8102289438248,52.1599998474121 107.817016243935,10.8102298974991,52.1800003051758 107.817018508911,10.8102298974991,52.1699981689453 107.81702208519,10.8102293014526,52.1699981689453 107.817024111748,10.8102290630341,52.1500015258789 107.817039489746,10.8102289438248,52.0800018310547 107.817046761513,10.8102267980576,52.0699996948242 107.81705224514,10.8102270364761,52.0699996948242 107.81705737114,10.8102262020111,52.0699996948242 107.817060351372,10.8102259635925,52.0499992370605 107.817062854767,10.810222864151,52.0299987792969 107.817066431046,10.8102217912674,52.0299987792969 107.817068099976,10.8102179765701,52.0299987792969 107.817070841789,10.8102141618729,52.0200004577637 107.817071437836,10.810210108757,51.9900016784668 107.817072749138,10.8102054595947,51.9900016784668 107.81707239151,10.8102011680603,52.0 107.81707239151,10.8101949691772,52.0200004577637 107.817073822021,10.8101906776428,52.0299987792969 107.817073583603,10.8101879358292,52.0299987792969 107.817073822021,10.8101853132248,52.0499992370605 107.817083477974,10.8101735115051,52.3699989318848 107.817088127136,10.8101725578308,52.4199981689453 107.817096948624,10.8101718425751,52.4500007629395 107.817105770111,10.8101714849472,52.5099983215332 107.817111134529,10.8101704120636,52.5400009155273 107.817115068436,10.8101704120636,52.560001373291 107.817119002342,10.8101702928543,52.5800018310547 107.817121863365,10.810170173645,52.6100006103516 107.81712269783,10.8101708889008,52.6100006103516 107.81713116169,10.8101665973663,52.8899993896484 107.817139029503,10.8101638555527,52.8699989318848 107.81714951992,10.8101637363434,52.8400001525879 107.817158222199,10.8101636171341,52.8400001525879 107.817166209221,10.8101642131805,52.7999992370605 107.81717634201,10.8101652860641,52.7799987792969 107.817186236382,10.8101657629013,52.75 107.817196369171,10.8101643323898,52.7000007629395 107.817208170891,10.8101630210876,52.6800003051758 107.817221879959,10.8101644515991,52.6599998474121 107.817233324051,10.810164809227,52.6599998474121 107.817243218422,10.8101657629013,52.5999984741211 107.817252278328,10.8101677894592,52.5999984741211 107.817261576653,10.8101698160172,52.5499992370605 107.817272543907,10.8101718425751,52.5299987792969 107.817282795906,10.8101708889008,52.5099983215332 107.817291021347,10.8101696968079,52.5 107.817300796509,10.8101700544357,52.4900016784668 107.81730890274,10.8101708889008,52.4900016784668 107.817318677902,10.8101727962494,52.4900016784668 107.817329764366,10.8101729154587,52.4900016784668 107.817340254784,10.8101712465286,52.5200004577637 107.817350506783,10.8101723194122,52.5400009155273 107.817359805107,10.8101751804352,52.5400009155273 107.817364454269,10.8101760149002,52.5400009155273 107.817366838455,10.8101785182953,52.5499992370605 107.817369580269,10.8101801872253,52.5499992370605 107.817375183105,10.8101847171783,52.6599998474121 107.817382454872,10.8101922273636,52.6800003051758 107.817390322685,10.8101963996887,52.6800003051758 107.817397117615,10.8102004528046,52.689998626709 107.817402243614,10.810203909874,52.7299995422363 107.817406535149,10.8102090358734,52.75 107.817406058311,10.8102155923843,52.7700004577637 107.817407727242,10.8102293014526,52.7900009155273 107.817410469055,10.8102381229401,52.75 107.817412734032,10.8102434873581,52.6699981689453 107.817417144775,10.8102481365204,52.5800018310547 107.817420244217,10.8102521896362,52.5400009155273 107.817421674728,10.81025826931,52.5 107.817425012589,10.8102630376816,52.4799995422363 107.817425966263,10.8102684020996,52.439998626709 107.817427992821,10.8102756738663,52.3800010681152 107.817429304123,10.8102804422379,52.3300018310547 107.817435503006,10.8102897405624,52.2900009155273 107.81743991375,10.8102946281433,52.2900009155273 107.817443609238,10.8103007078171,52.2700004577637 107.817446827888,10.8103033304214,52.25 107.817453622818,10.8103049993515,52.2299995422363 107.817459821701,10.8103061914444,52.189998626709 107.817464947701,10.8103086948395,52.1500015258789 107.817470550537,10.8103095293045,52.1300010681152 107.81747841835,10.8103096485138,52.060001373291 107.817485451698,10.8103103637695,52.0299987792969 107.817492485046,10.8103107213974,52.0099983215332 107.817500591278,10.8103103637695,52.0 107.817507743835,10.8103106021881,51.9900016784668 107.817517280579,10.810312628746,52.0099983215332 107.817526578903,10.8103144168854,52.0099983215332 107.817538499832,10.8103145360947,52.0400009155273 107.817550420761,10.8103156089783,52.0699996948242 107.817565321922,10.8103169202805,52.1100006103516 107.817579269409,10.8103178739548,52.1199989318848 107.817591309547,10.8103182315826,52.1300010681152 107.817602157593,10.8103178739548,52.1199989318848 107.817611932755,10.8103159666061,52.1199989318848 107.817622303963,10.810315489769,52.1199989318848 107.81763112545,10.810314655304,52.1100006103516 107.817639946938,10.8103128671646,52.1100006103516 107.817649841309,10.8103107213974,52.1100006103516 107.817659139633,10.8103078603745,52.1100006103516 107.817670464516,10.810306429863,52.1100006103516 107.817680954933,10.8103070259094,52.1199989318848 107.81769323349,10.8103082180023,52.1199989318848 107.817704319954,10.8103086948395,52.1300010681152 107.817712545395,10.8103077411652,52.1300010681152 107.817720174789,10.8103060722351,52.1300010681152 107.817727088928,10.8103036880493,52.1399993896484 107.817732810974,10.8102986812592,52.1500015258789 107.817734360695,10.8102917671204,52.1800003051758 107.817735910416,10.8102868795395,52.1800003051758 107.817736744881,10.8102831840515,52.2099990844727 107.817738294601,10.8102767467499,52.2099990844727 107.817738413811,10.8102717399597,52.2200012207031 107.817737579346,10.8102679252625,52.2099990844727 107.817737340927,10.8102669715881,52.2099990844727 107.817736983299,10.8102645874023,52.189998626709 107.817741990089,10.8102505207062,52.1800003051758 107.817744731903,10.8102420568466,52.1699981689453 107.817747831345,10.8102344274521,52.1699981689453 107.817751526833,10.810227394104,52.1300010681152 107.817756533623,10.810218334198,52.1599998474121 107.817761301994,10.8102090358734,52.1800003051758 107.817761659622,10.810199379921,52.1800003051758 107.817761301994,10.8101897239685,52.2000007629395 107.817764282227,10.8101781606674,52.2000007629395 107.817767620087,10.8101667165756,52.2099990844727 107.817771077156,10.810154914856,52.2299995422363 107.817774057388,10.8101450204849,52.2299995422363 107.817777276039,10.8101320266724,52.2700004577637 107.817775964737,10.8101207017899,52.2799987792969 107.817772746086,10.8101102113724,52.2900009155273 107.817770242691,10.8100988864899,52.2999992370605 107.817770004272,10.8100869655609,52.3199996948242 107.817769169807,10.8100755214691,52.3300018310547 107.817769646645,10.8100638389587,52.3400001525879 107.817770123482,10.8100557327271,52.3600006103516 107.817770004272,10.810048699379,52.3699989318848 107.817770957947,10.8100409507751,52.3800010681152 107.81777203083,10.8100349903107,52.3800010681152 107.817774057388,10.8100295066833,52.3800010681152 107.817775726318,10.8100218772888,52.3800010681152 107.817777991295,10.8100154399872,52.3800010681152 107.817781329155,10.8100084066391,52.3899993896484 107.817783117294,10.8099998235703,52.3899993896484 107.81778216362,10.8099901676178,52.4199981689453 107.817780375481,10.8099803924561,52.4099998474121 107.817779183388,10.8099721670151,52.4000015258789 107.817781448364,10.8099637031555,52.4300003051758 107.817780971527,10.8099554777145,52.4300003051758 107.81778049469,10.8099465370178,52.4199981689453 107.81778049469,10.8099378347397,52.4199981689453 107.817781209946,10.8099292516708,52.4199981689453 107.817782521248,10.8099207878113,52.4199981689453 107.817781925201,10.8099151849747,52.4199981689453 107.817783951759,10.8099086284637,52.4099998474121 107.817784428596,10.8099036216736,52.4099998474121 107.817780733109,10.8099005222321,52.4099998474121 107.817778468132,10.8098953962326,52.4199981689453 107.817777276039,10.8098908662796,52.4199981689453 107.817775726318,10.8098865747452,52.4199981689453 107.81777381897,10.8098801374435,52.439998626709 107.817771673203,10.8098752498627,52.4700012207031 107.817771553993,10.8098700046539,52.4900016784668 107.817768454552,10.809862613678,52.5 107.817766666412,10.8098555803299,52.5 107.817761898041,10.8098497390747,52.5499992370605 107.817758440971,10.8098428249359,52.5499992370605 107.817754864693,10.8098349571228,52.5699996948242 107.817750811577,10.8098269701004,52.5800018310547 107.817749381065,10.8098222017288,52.5900001525879 107.817748427391,10.8098175525665,52.6500015258789 107.817746162415,10.8098134994507,52.6500015258789 107.817742943764,10.8098083734512,52.7000007629395 107.817739367485,10.8098039627075,52.7000007629395 107.817734479904,10.8097983598709,52.7599983215332 107.817731261253,10.8097915649414,52.7700004577637 107.817728042603,10.8097850084305,52.7700004577637 107.817724823952,10.8097749948502,52.810001373291 107.817717671394,10.8097683191299,52.8300018310547 107.817711353302,10.8097641468048,52.8400001525879 107.817704796791,10.8097590208054,52.8400001525879 107.81770169735,10.8097519874573,52.8400001525879 107.817699551582,10.8097457885742,52.8600006103516 107.817697167397,10.8097394704819,52.8600006103516 107.817694783211,10.8097324371338,52.8699989318848 107.817695260048,10.8097265958786,52.8699989318848 107.817695617676,10.8097188472748,52.8600006103516 107.817694783211,10.8097102642059,52.8600006103516 107.817694425583,10.8097023963928,52.8600006103516 107.817698121071,10.8096940517426,52.8600006103516 107.817702054977,10.8096853494644,52.8600006103516 107.817705154419,10.8096776008606,52.8600006103516 107.817708849907,10.8096709251404,52.8600006103516 107.817713737488,10.8096622228622,52.9099998474121 107.817720174789,10.8096543550491,52.9099998474121 107.817725539207,10.8096469640732,52.9799995422363 107.817732334137,10.8096400499344,53.0 107.817738652229,10.8096321821213,53.0099983215332 107.817745685577,10.8096209764481,53.0499992370605 107.81775033474,10.8096104860306,53.060001373291 107.817752599716,10.809601187706,53.0800018310547 107.817753911018,10.8095902204514,53.0800018310547 107.817754983902,10.8095817565918,53.0900001525879 107.817754030228,10.8095737695694,53.0999984741211 107.817749738693,10.8095682859421,53.0999984741211 107.817745089531,10.8095611333847,53.0900001525879 107.817739844322,10.8095544576645,53.0999984741211 107.817733764648,10.8095486164093,53.0999984741211 107.817727088928,10.8095436096191,53.1100006103516 107.817718744278,10.8095403909683,53.1300010681152 107.817710995674,10.8095387220383,53.1300010681152 107.817702174187,10.8095376491547,53.1599998474121 107.817690968513,10.809535741806,53.189998626709 107.817680835724,10.8095343112946,53.2099990844727 107.81767308712,10.8095306158066,53.2400016784668 107.817665934563,10.8095279932022,53.2599983215332 107.817655563354,10.8095228672028,53.2799987792969 107.817648649216,10.8095185756683,53.2999992370605 107.817641854286,10.8095157146454,53.3400001525879 107.817633748055,10.8095123767853,53.3400001525879 107.817628145218,10.8095089197159,53.3800010681152 107.817623257637,10.8095046281815,53.3800010681152 107.817619085312,10.8095016479492,53.3800010681152 107.817614078522,10.809499502182,53.3400001525879 107.817608833313,10.8094984292984,53.3199996948242 107.817604064941,10.8094944953918,53.2700004577637 107.81759750843,10.8094931840897,53.25 107.817592859268,10.8094935417175,53.25 107.817589044571,10.8094927072525,53.2200012207031 107.817582845688,10.8094925880432,53.2200012207031 107.817572236061,10.8094890117645,53.2099990844727 107.817562699318,10.8094840049744,53.2000007629395 107.817556142807,10.8094788789749,53.2099990844727 107.817553520203,10.8094750642776,53.2099990844727 107.817553281784,10.8094718456268,53.2099990844727 107.817554950714,10.8094674348831,53.25 107.817552924156,10.8094565868378,53.2599983215332 107.817550063133,10.8094525337219,53.25 107.817547082901,10.8094466924667,53.25 107.817545175552,10.8094394207001,53.25 107.817540764809,10.8094336986542,53.2599983215332 107.817535996437,10.8094266653061,53.2799987792969 107.817532658577,10.8094205856323,53.2900009155273 107.817528009415,10.80941426754,53.310001373291 107.817523598671,10.8094065189362,53.3300018310547 107.817518234253,10.8093999624252,53.3600006103516 107.817513585091,10.8093925714493,53.3800010681152 107.817511200905,10.8093829154968,53.3899993896484 107.817510008812,10.8093730211258,53.3899993896484 107.817507505417,10.8093643188477,53.3899993896484 107.817503213882,10.8093566894531,53.3899993896484 107.817500591278,10.8093490600586,53.3800010681152 107.817495942116,10.8093414306641,53.3800010681152 107.817491412163,10.8093327283859,53.3800010681152 107.817488908768,10.80932533741,53.3899993896484 107.817484855652,10.809316277504,53.3899993896484 107.817482352257,10.8093092441559,53.3899993896484 107.817476391792,10.8093069791794,53.4000015258789 107.817471861839,10.8093005418777,53.4199981689453 107.81746840477,10.8092960119247,53.439998626709 107.817463755608,10.8092933893204,53.4500007629395 107.817460298538,10.8092923164368,53.4599990844727 107.817455410957,10.8092914819717,53.4799995422363 107.817450284958,10.8092914819717,53.4799995422363 107.817438840866,10.8092895746231,53.5099983215332 107.81742143631,10.8092855215073,53.5299987792969 107.817412614822,10.8092823028564,53.5400009155273 107.817405343056,10.8092793226242,53.5299987792969 107.817399978638,10.8092782497406,53.5299987792969 107.817393779755,10.8092784881592,53.5299987792969 107.817388772964,10.8092777729034,53.5299987792969 107.817382454872,10.8092782497406,53.5299987792969 107.817374110222,10.8092788457871,53.5299987792969 107.81736600399,10.8092787265778,53.5299987792969 107.817357540131,10.8092777729034,53.5299987792969 107.817349791527,10.8092765808105,53.5299987792969 107.81734251976,10.8092758655548,53.5299987792969 107.817335247993,10.8092756271362,53.5400009155273 107.817325949669,10.8092752695084,53.560001373291 107.817315936089,10.8092757463455,53.5800018310547 107.817308783531,10.8092753887177,53.5999984741211 107.817300796509,10.8092736005783,53.6199989318848 107.817291498184,10.8092756271362,53.6300010681152 107.817285299301,10.8092768192291,53.6300010681152 107.817277193069,10.8092762231827,53.6300010681152 107.817271709442,10.8092769384384,53.6699981689453 107.817266106606,10.8092762231827,53.6699981689453 107.81726205349,10.8092759847641,53.6699981689453 107.8172570467,10.8092745542526,53.6699981689453 107.817252874374,10.8092725276947,53.6699981689453 107.817253112793,10.8092713356018,53.6699981689453 107.817253112793,10.8092700242996,53.6699981689453 107.817249536514,10.8092653751373,53.7900009155273 107.81724524498,10.8092610836029,53.7900009155273 107.817238926888,10.8092570304871,53.7999992370605 107.817236423492,10.8092528581619,53.810001373291 107.817233085632,10.809246301651,53.810001373291 107.817227721214,10.8092397451401,53.7799987792969 107.817225575447,10.809232711792,53.7599983215332 107.817225694656,10.8092241287231,53.75 107.81722342968,10.8092184066772,53.7400016784668 107.817221641541,10.8092124462128,53.7400016784668 107.817219018936,10.8092050552368,53.7000007629395 107.817215442657,10.8091999292374,53.689998626709 107.817210197449,10.8091950416565,53.6800003051758 107.81720328331,10.8091892004013,53.6699981689453 107.817197203636,10.8091832399368,53.6699981689453 107.817189693451,10.8091799020767,53.6399993896484 107.817181706429,10.8091790676117,53.5900001525879 107.817173838615,10.8091807365417,53.5699996948242 107.817165613174,10.8091819286346,53.5499992370605 107.817155122757,10.8091795444489,53.5499992370605 107.817145228386,10.8091784715652,53.5299987792969 107.817134022713,10.8091773986816,53.5299987792969 107.817123889923,10.8091770410538,53.5299987792969 107.817112565041,10.809176325798,53.5099983215332 107.817102313042,10.8091753721237,53.4900016784668 107.817093968391,10.8091741800308,53.4799995422363 107.817084789276,10.8091739416122,53.4500007629395 107.817074656487,10.8091716766357,53.4000015258789 107.817064285278,10.8091696500778,53.3699989318848 107.817057132721,10.8091713190079,53.3499984741211 107.817048072815,10.8091748952866,53.3400001525879 107.817039370537,10.8091757297516,53.3400001525879 107.817030072212,10.8091741800308,53.3300018310547 107.817020177841,10.8091720342636,53.3400001525879 107.817011356354,10.8091720342636,53.3400001525879 107.817002415657,10.8091737031937,53.3899993896484 107.816991090775,10.8091752529144,53.4000015258789 107.816979885101,10.8091753721237,53.439998626709 107.81697010994,10.8091769218445,53.4599990844727 107.816962599754,10.8091803789139,53.4700012207031 107.816952466965,10.8091831207275,53.4700012207031 107.816942095757,10.8091866970062,53.4700012207031 107.816932320595,10.8091902732849,53.4700012207031 107.816927909851,10.8091965913773,53.5 107.816924214363,10.8092033863068,53.5299987792969 107.816920638084,10.8092110157013,53.5499992370605 107.816918492317,10.809219121933,53.6199989318848 107.816911101341,10.8092246055603,53.6399993896484 107.816909193993,10.8092316389084,53.6599998474121 107.816910147667,10.8092375993729,53.6599998474121 107.816908955574,10.8092422485352,53.6699981689453 107.816907286644,10.8092457056046,53.6699981689453 107.816907644272,10.8092510700226,53.6699981689453 107.816905498505,10.8092552423477,53.6699981689453 107.816904425621,10.8092612028122,53.7099990844727 107.816901803017,10.8092705011368,53.7299995422363 107.816900849342,10.8092759847641,53.75 107.816899061203,10.8092794418335,53.75 107.816897392273,10.8092846870422,53.7599983215332 107.81689453125,10.8092919588089,53.7599983215332 107.816886782646,10.8092933893204,53.7599983215332 107.816881299019,10.8092962503433,53.75 107.816876411438,10.8092987537384,53.7400016784668 107.816870450974,10.8093016147614,53.7299995422363 107.816865086555,10.8093041181564,53.7200012207031 107.816869497299,10.8093085289001,53.7200012207031 107.816866636276,10.8093118667603,53.6599998474121 107.816863417625,10.8093124628067,53.6199989318848 107.8168592453,10.8093131780624,53.5800018310547 107.816853046417,10.8093150854111,53.5499992370605 107.816846489906,10.8093173503876,53.5299987792969 107.816840291023,10.8093191385269,53.5299987792969 107.816834330559,10.8093211650848,53.5200004577637 107.816825509071,10.809321641922,53.4900016784668 107.816818475723,10.8093219995499,53.4700012207031 107.816811680794,10.8093228340149,53.4599990844727 107.816804766655,10.8093241453171,53.4500007629395 107.816797852516,10.8093230724335,53.439998626709 107.816792607307,10.8093230724335,53.4099998474121 107.816786170006,10.8093222379684,53.3899993896484 107.816778182983,10.809322476387,53.4099998474121 107.816771745682,10.8093223571777,53.4099998474121 107.816765069962,10.809320807457,53.439998626709 107.816754579544,10.8093177080154,53.439998626709 107.81674695015,10.8093196153641,53.4799995422363 107.816736698151,10.8093210458755,53.5499992370605 107.816727399826,10.8093209266663,53.6199989318848 107.816716909409,10.8093202114105,53.7000007629395 107.816705584526,10.8093227148056,53.7000007629395 107.816697716713,10.8093219995499,53.810001373291 107.8166898489,10.809321641922,53.8400001525879 107.816680669785,10.8093202114105,53.8699989318848 107.816672921181,10.8093197345734,53.9199981689453 107.816666126251,10.809318780899,53.9500007629395 107.816658735275,10.8093189001083,54.0099983215332 107.816650271416,10.809316277504,54.060001373291 107.816640377045,10.8093129396439,54.0900001525879 107.816636562347,10.8093104362488,54.1399993896484 107.816634178162,10.8093082904816,54.189998626709 107.816632986069,10.8093054294586,54.2099990844727 107.81662607193,10.8093003034592,54.4300003051758 107.816623091698,10.8092918395996,54.5200004577637 107.816619157791,10.8092846870422,54.5699996948242 107.816617131233,10.8092782497406,54.6300010681152 107.816613912582,10.8092725276947,54.6399993896484 107.816611647606,10.8092650175095,54.7099990844727 107.816607236862,10.8092609643936,54.7400016784668 107.816606521606,10.8092550039291,54.7299995422363 107.816604137421,10.8092480897903,54.7200012207031 107.816601514816,10.8092421293259,54.7200012207031 107.816596627235,10.8092368841171,54.7099990844727 107.816593170166,10.8092316389084,54.7200012207031 107.816590070724,10.809227347374,54.7099990844727 107.816584587097,10.8092213869095,54.7099990844727 107.816581368446,10.8092168569565,54.7299995422363 107.816579461098,10.8092089891434,54.7700004577637 107.816576600075,10.8092037439346,54.7799987792969 107.816571831703,10.8092015981674,54.7900009155273 107.816571235657,10.8091965913773,54.7900009155273 107.816568732262,10.8091958761215,54.7999992370605 107.816568732262,10.8091922998428,54.7999992370605 107.816562533379,10.8091813325882,54.8199996948242 107.816562414169,10.8091751337051,54.8499984741211 107.816560506821,10.8091698884964,54.8199996948242 107.816559433937,10.8091644048691,54.810001373291 107.816554903984,10.8091607093811,54.7999992370605 107.81655216217,10.8091517686844,54.7999992370605 107.816548109055,10.8091458082199,54.7900009155273 107.816545009613,10.8091410398483,54.7900009155273 107.816541910172,10.8091353178024,54.7900009155273 107.81653881073,10.8091285228729,54.7900009155273 107.816533684731,10.809122800827,54.7900009155273 107.816529870033,10.8091186285019,54.7900009155273 107.816526293755,10.8091144561768,54.7999992370605 107.816522955894,10.8091105222702,54.7999992370605 107.816520214081,10.8091082572937,54.8300018310547 107.816518187523,10.8091069459915,54.810001373291 107.816514968872,10.8091043233871,54.810001373291 107.816510081291,10.8091027736664,54.810001373291 107.816506266594,10.8090995550156,54.7799987792969 107.816502332687,10.8090971708298,54.7799987792969 107.816496491432,10.809094786644,54.7799987792969 107.816490650177,10.8090915679932,54.7799987792969 107.816486001015,10.8090890645981,54.7799987792969 107.816480636597,10.8090853691101,54.7900009155273 107.816472172737,10.8090785741806,54.7999992370605 107.816467761993,10.8090722560883,54.8199996948242 107.816463947296,10.8090666532516,54.810001373291 107.816458821297,10.8090631961823,54.8400001525879 107.816452622414,10.8090574741364,54.8499984741211 107.816447019577,10.8090558052063,54.8499984741211 107.816440820694,10.8090515136719,54.8499984741211 107.816436290741,10.8090437650681,54.8600006103516 107.816433429718,10.8090395927429,54.8600006103516 107.816430091858,10.8090364933014,54.8800010681152 107.816428422928,10.8090345859528,54.9199981689453 107.81642472744,10.8090333938599,54.9500007629395 107.816423654556,10.8090343475342,54.9799995422363 107.816418528557,10.8090304136276,55.0400009155273 107.816413998604,10.8090246915817,55.060001373291 107.816409945488,10.8090205192566,55.0699996948242 107.816409945488,10.8090181350708,55.0900001525879 107.816405057907,10.8090132474899,55.0999984741211 107.816401600838,10.8090063333511,55.0900001525879 107.816397190094,10.8090032339096,55.0900001525879 107.816393613815,10.8089993000031,55.0699996948242 107.816389560699,10.8089950084686,55.060001373291 107.816382646561,10.8089973926544,55.060001373291 107.816376209259,10.8089960813522,55.0499992370605 107.816369652748,10.8089944124222,55.0499992370605 107.816362261772,10.8089934587479,55.0499992370605 107.816356420517,10.8089929819107,55.0499992370605 107.816351294518,10.8089907169342,55.060001373291 107.816344499588,10.808989405632,55.060001373291 107.816340446472,10.8089871406555,55.0699996948242 107.816335082054,10.8089809417725,55.0699996948242 107.816330432892,10.8089753389359,55.0699996948242 107.816327214241,10.8089705705643,55.0699996948242 107.816324949265,10.8089669942856,55.060001373291 107.816321730614,10.8089644908905,55.0299987792969 107.816319465637,10.8089649677277,54.9900016784668 107.816316366196,10.8089681863785,54.9500007629395 107.816312909126,10.8089715242386,54.8699989318848 107.816306471825,10.8089754581451,54.7999992370605 107.816303491592,10.8089810609818,54.6300010681152 107.816302061081,10.8089873790741,54.6300010681152 107.816301822662,10.8089966773987,54.4700012207031 107.816301107407,10.8090085983276,54.3800010681152 107.816299796104,10.809020280838,54.3199996948242 107.816297888756,10.8090292215347,54.2700004577637 107.816294312477,10.80903840065,54.2400016784668 107.816291570663,10.8090463876724,54.2200012207031 107.816290259361,10.8090560436249,54.2200012207031 107.816289901733,10.8090670108795,54.2099990844727 107.816289186478,10.8090785741806,54.2099990844727 107.816289544106,10.8090904951096,54.2099990844727 107.816291809082,10.8091032505035,54.2099990844727 107.816292047501,10.8091158866882,54.2099990844727 107.816290616989,10.8091282844543,54.2099990844727 107.816287994385,10.809139251709,54.2200012207031 107.816286087036,10.8091484308243,54.2200012207031 107.816284298897,10.8091570138931,54.2299995422363 107.816280722618,10.8091650009155,54.2400016784668 107.816277146339,10.8091740608215,54.25 107.816275119781,10.8091850280762,54.25 107.816274523735,10.8091945648193,54.2599983215332 107.816273927689,10.8092042207718,54.2599983215332 107.816273093224,10.8092144727707,54.3300018310547 107.816272854805,10.809224486351,54.3600006103516 107.816271662712,10.8092330694199,54.3699989318848 107.816268920898,10.8092423677444,54.3800010681152 107.816264510155,10.8092526197433,54.3899993896484 107.816260576248,10.8092632293701,54.4700012207031 107.81626200676,10.8092716932297,54.4700012207031 107.816262245178,10.8092794418335,54.5400009155273 107.816262722015,10.8092855215073,54.5999984741211 107.816260457039,10.8092930316925,54.6599998474121 107.816258788109,10.8093041181564,54.7000007629395 107.816258072853,10.809314250946,54.75 107.816259503365,10.80932533741,54.7700004577637 107.816262364388,10.8093361854553,54.810001373291 107.816265702248,10.8093482255936,54.8499984741211 107.816268444061,10.8093581199646,54.8899993896484 107.816269397736,10.809366106987,54.9900016784668 107.816269874573,10.809375166893,55.060001373291 107.816271781921,10.809387087822,55.0900001525879 107.816274881363,10.8093990087509,55.1100006103516 107.816278219223,10.8094090223312,55.1199989318848 107.816280961037,10.8094192743301,55.0800018310547 107.816280961037,10.8094309568405,54.8499984741211 107.816280722618,10.8094438314438,54.7299995422363 107.81628382206,10.8094540834427,54.6599998474121 107.816286563873,10.8094623088837,54.6300010681152 107.816288352013,10.8094701766968,54.9900016784668 107.816287875175,10.8094773292542,55.2299995422363 107.816288590431,10.8094854354858,55.3600006103516 107.816292047501,10.8094938993454,55.439998626709 107.816296100616,10.8095012903214,55.439998626709 107.8162971735,10.8095079660416,55.4799995422363 107.816295146942,10.8095163106918,55.4599990844727 107.816293001175,10.8095269203186,55.439998626709 107.816290974617,10.8095384836197,55.4099998474121 107.816289901733,10.8095483779907,54.8600006103516 107.816288471222,10.8095581531525,54.0200004577637 107.816289901733,10.8095675706863,54.0200004577637 107.816291093826,10.809575676918,53.060001373291 107.816291689873,10.8095856904984,53.060001373291 107.816292285919,10.8095970153809,53.0099983215332 107.816292881966,10.8096076250076,53.2400016784668 107.816292524338,10.8096191883087,53.3899993896484 107.816290020943,10.8096336126328,53.4900016784668 107.816288352013,10.8096437454224,53.9799995422363 107.816286325455,10.8096532821655,54.4500007629395 107.81628382206,10.8096623420715,54.6800003051758 107.816283583641,10.809671163559,54.9000015258789 107.816284775734,10.8096820116043,55.0099983215332 107.816284656525,10.8096935749054,54.9700012207031 107.816282749176,10.8097027540207,55.0499992370605 107.81628036499,10.8097121715546,55.0499992370605 107.816278457642,10.8097243309021,55.2400016784668 107.816277384758,10.8097362518311,55.2400016784668 107.816277623177,10.8097470998764,55.3400001525879 107.816280126572,10.8097571134567,55.3699989318848 107.816282749176,10.8097660541534,55.3899993896484 107.816284060478,10.8097770214081,55.4199981689453 107.816285729408,10.8097875118256,55.3899993896484 107.816286921501,10.8097974061966,55.3199996948242 107.816287398338,10.8098052740097,55.3199996948242 107.816287755966,10.8098145723343,55.3199996948242 107.816287875175,10.8098239898682,55.3400001525879 107.816288948059,10.8098357915878,55.3199996948242 107.816291451454,10.8098459243774,55.310001373291 107.816295862198,10.8098567724228,55.2999992370605 107.816300868988,10.809866309166,55.2999992370605 107.816304683685,10.8098777532578,55.2799987792969 107.816306471825,10.809889793396,55.2799987792969 107.81630730629,10.8099008798599,55.2700004577637 107.81630718708,10.809913277626,55.2599983215332 107.816306710243,10.8099253177643,55.2200012207031 107.816306233406,10.8099372386932,55.2000007629395 107.816307067871,10.8099480867386,55.189998626709 107.81631064415,10.8099585771561,55.189998626709 107.816314935684,10.8099684715271,55.1599998474121 107.816318511963,10.8099786043167,55.1599998474121 107.816321730614,10.8099902868271,55.1500015258789 107.816323757172,10.810000538826,55.2000007629395 107.816324472427,10.8100094795227,55.2999992370605 107.816322565079,10.8100190162659,55.2799987792969 107.816322207451,10.8100301027298,55.2700004577637 107.816322803497,10.810039639473,55.2700004577637 107.816323041916,10.8100491762161,55.2700004577637 107.816324472427,10.8100588321686,55.2000007629395 107.816325902939,10.8100703954697,55.1100006103516 107.816328167915,10.8100824356079,55.0699996948242 107.81633079052,10.8100954294205,55.0499992370605 107.816332697868,10.8101065158844,55.0299987792969 107.816334486008,10.8101155757904,55.0200004577637 107.81633412838,10.8101242780685,55.0200004577637 107.816334009171,10.8101323843002,54.9700012207031 107.816332936287,10.8101434707642,54.9900016784668 107.816329598427,10.8101531267166,55.0 107.816327571869,10.8101630210876,55.1599998474121 107.816328406334,10.8101686239243,55.3199996948242 107.816324353218,10.8101739883423,55.439998626709 107.816320300102,10.8101793527603,55.4900016784668 107.816314339638,10.8101836442947,55.5299987792969 107.816310405731,10.8101860284805,55.5299987792969 107.816301345825,10.8101884126663,55.4900016784668 107.816294670105,10.8101898431778,55.4900016784668 107.816287755966,10.8101937770844,55.5299987792969 107.816281914711,10.8102011680603,55.5099983215332 107.816277503967,10.8102096319199,55.5 107.816274523735,10.8102189302444,55.5 107.81627035141,10.810228228569,55.5 107.816265463829,10.8102389574051,55.4300003051758 107.816259860992,10.810249209404,55.3800010681152 107.816254258156,10.8102569580078,55.2900009155273 107.816248774529,10.8102647066116,55.25 107.816242575645,10.8102750778198,55.25 107.816238284111,10.8102864027023,55.25 107.816235542297,10.8102960586548,55.2200012207031 107.816234469414,10.8103061914444,55.2000007629395 107.81623506546,10.810315489769,55.2000007629395 107.816234946251,10.8103247880936,55.1399993896484 107.816232919693,10.810333609581,55.1199989318848 107.81623005867,10.8103417158127,55.1100006103516 107.816227555275,10.8103507757187,55.0999984741211 107.816225767136,10.8103621006012,55.0699996948242 107.816224336624,10.8103728294373,55.060001373291 107.816220641136,10.8103823661804,55.060001373291 107.816218137741,10.8103940486908,55.0699996948242 107.816217184067,10.8104053735733,55.0800018310547 107.816216111183,10.8104159832001,55.1199989318848 107.816214442253,10.8104261159897,55.1699981689453 107.816211819649,10.8104349374771,55.189998626709 107.816209197044,10.8104437589645,55.2000007629395 107.816206216812,10.8104538917542,55.2000007629395 107.816204190254,10.8104655742645,55.25 107.81620323658,10.8104758262634,55.25 107.816201806068,10.8104858398438,55.3699989318848 107.816201686859,10.8104968070984,55.4199981689453 107.816201925278,10.8105089664459,55.439998626709 107.81620156765,10.8105201721191,55.4599990844727 107.816200017929,10.8105297088623,55.4700012207031 107.816197514534,10.8105388879776,55.4799995422363 107.816196918488,10.8105493783951,55.4799995422363 107.816198825836,10.8105599880219,55.4799995422363 107.816201925278,10.8105704784393,55.4900016784668 107.816205024719,10.8105812072754,55.5 107.816207289696,10.8105924129486,55.5099983215332 107.816207647324,10.8106021881104,55.5099983215332 107.816206216812,10.8106107711792,55.5200004577637 107.816204071045,10.8106216192245,55.5400009155273 107.816203117371,10.8106340169907,55.5499992370605 107.816203355789,10.8106464147568,55.5499992370605 107.816203713417,10.8106573820114,55.5699996948242 107.816203474998,10.8106672763824,55.5699996948242 107.816202759743,10.8106776475906,55.5699996948242 107.816201806068,10.8106867074966,55.5699996948242 107.816200852394,10.810694694519,55.5699996948242 107.816199421883,10.8107038736343,55.5999984741211 107.816200017929,10.8107125759125,55.6100006103516 107.816202521324,10.8107208013535,55.6300010681152 107.816204547882,10.8107299804688,55.6300010681152 107.816205024719,10.8107405900955,55.689998626709 107.816204428673,10.8107514381409,55.7099990844727 107.816202640533,10.8107596635818,55.7099990844727 107.816201329231,10.810769200325,55.7200012207031 107.816200852394,10.8107777833939,55.7200012207031 107.816200613976,10.810782790184,55.7299995422363 107.816198468208,10.8107907772064,55.7299995422363 107.81619644165,10.8107997179031,55.7200012207031 107.816199421883,10.8108063936234,55.7900009155273 107.816202163696,10.8108121156693,55.8499984741211 107.816201806068,10.8108192682266,55.8800010681152 107.816203117371,10.8108279705048,55.8800010681152 107.816205620766,10.8108340501785,55.8699989318848 107.816208362579,10.8108406066895,55.8899993896484 107.81620824337,10.8108485937119,55.9000015258789 107.816207647324,10.8108550310135,55.9099998474121 107.816208124161,10.8108630180359,55.9199981689453 107.816209554672,10.810870051384,56.0 107.816210269928,10.8108756542206,56.0699996948242 107.816208362579,10.8108823299408,56.1399993896484 107.816207289696,10.8108894824982,56.1500015258789 107.816208720207,10.8108979463577,56.1500015258789 107.816211104393,10.8109076023102,56.2000007629395 107.81621325016,10.8109140396118,56.2099990844727 107.81621158123,10.8109225034714,56.2099990844727 107.816211938858,10.8109309673309,56.2200012207031 107.816212892532,10.8109384775162,56.2200012207031 107.816213011742,10.8109463453293,56.3699989318848 107.816216945648,10.8109514713287,56.5400009155273 107.816221117973,10.8109555244446,56.5400009155273 107.816224575043,10.8109610080719,56.7099990844727 107.816230654716,10.81096804142,56.7099990844727 107.816234946251,10.8109754323959,56.9599990844727 107.816240310669,10.8109835386276,57.0900001525879 107.816244840622,10.8109914064407,57.1599998474121 107.816249012947,10.8109998703003,57.310001373291 107.816254973412,10.8110097646713,57.310001373291 107.81626200676,10.8110184669495,57.4500007629395 107.816269278526,10.811026096344,57.4500007629395 107.816277623177,10.8110339641571,57.6100006103516 107.816285967827,10.8110415935516,57.6699981689453 107.816292285919,10.8110489845276,57.7200012207031 107.816296100616,10.8110564947128,57.7599983215332 107.816298246384,10.8110630512238,57.7700004577637 107.816301941872,10.8110724687576,57.7900009155273 107.816306471825,10.811082482338,57.7999992370605 107.816311359406,10.8110903501511,57.810001373291 107.816315412521,10.8110976219177,57.810001373291 107.8163189888,10.8111063241959,57.8400001525879 107.816322207451,10.8111140727997,57.8400001525879 107.816324472427,10.8111215829849,57.8400001525879 107.81632578373,10.8111298084259,57.8400001525879 107.81632900238,10.8111387491226,57.8400001525879 107.816333770752,10.8111476898193,57.8499984741211 107.816338300705,10.8111537694931,57.8499984741211 107.816343426704,10.811162352562,57.8800010681152 107.816348552704,10.8111706972122,57.8800010681152 107.816352128983,10.8111791610718,57.8800010681152 107.816353917122,10.8111882209778,57.8800010681152 107.816355347633,10.8111987113953,57.8800010681152 107.816359400749,10.8112083673477,57.8800010681152 107.81636428833,10.8112174272537,57.8800010681152 107.816370844841,10.8112307786942,57.8800010681152 107.816377401352,10.8112449645996,57.9000015258789 107.816381335258,10.8112554550171,57.9199981689453 107.816384553909,10.8112618923187,58.1100006103516 107.816387891769,10.8112661838531,58.2099990844727 107.816392183304,10.8112677335739,58.4000015258789 107.816395044327,10.8112716674805,58.6100006103516 107.816393375397,10.8112816810608,58.7200012207031 107.816394805908,10.8112907409668,58.8699989318848 107.816396951675,10.8113054037094,58.9599990844727 107.816397309303,10.8113191127777,59.1300010681152 107.816396832466,10.8113300800323,59.3199996948242 107.816395044327,10.8113366365433,59.4099998474121 107.816393017769,10.8113440275192,59.4700012207031 107.816392064095,10.8113534450531,59.4900016784668 107.816390991211,10.8113654851913,59.3699989318848 107.816390991211,10.8113795518875,59.25 107.816391706467,10.8113906383514,59.1599998474121 107.816393494606,10.8113980293274,59.1100006103516 107.816393136978,10.811403632164,59.0400009155273 107.816392540932,10.8114109039307,58.9900016784668 107.816394090652,10.8114204406738,58.9599990844727 107.816393733025,10.8114268779755,58.939998626709 107.816389918327,10.8114330768585,58.9199981689453 107.816387414932,10.8114420175552,58.9199981689453 107.816385746002,10.8114516735077,58.9099998474121 107.816382288933,10.8114593029022,58.9000015258789 107.816379547119,10.8114668130875,58.8600006103516 107.816378235817,10.8114778995514,58.8300018310547 107.816375613213,10.811495423317,58.8300018310547 107.816373348236,10.8115148544312,58.8300018310547 107.816372275352,10.8115299940109,58.8300018310547 107.816371440887,10.8115396499634,58.8199996948242 107.81636929512,10.8115465641022,58.7799987792969 107.816365003586,10.8115525245667,58.7799987792969 107.816361546516,10.8115564584732,58.7299995422363 107.816358923912,10.8115592002869,58.7099990844727 107.816356539726,10.8115657567978,58.7000007629395 107.816353321075,10.8115789890289,58.7000007629395 107.816351056099,10.8115963935852,58.7000007629395 107.816348552704,10.8116174936295,58.689998626709 107.816346526146,10.8116357326508,58.689998626709 107.816345095634,10.8116492033005,58.689998626709 107.816342830658,10.8116600513458,58.689998626709 107.816341042519,10.8116679191589,58.689998626709 107.816338777542,10.8116711378098,58.6800003051758 107.816336274147,10.8116767406464,58.6500015258789 107.816334724426,10.8116844892502,58.6399993896484 107.816331624985,10.8116912841797,58.6300010681152 107.81632745266,10.8116998672485,58.6300010681152 107.816321730614,10.8117116689682,58.6500015258789 107.816315412521,10.8117294311523,58.6500015258789 107.816309452057,10.8117498159409,58.6599998474121 107.816303014755,10.8117660284042,58.6699981689453 107.816300034523,10.8117762804031,58.6699981689453 107.816297411919,10.8117823600769,58.7099990844727 107.816293001175,10.8117866516113,58.7599983215332 107.816290259361,10.8117901086807,58.7900009155273 107.816288590431,10.8117948770523,58.8300018310547 107.81628537178,10.8118053674698,58.8600006103516 107.816281914711,10.8118191957474,58.8699989318848 107.81627702713,10.8118364810944,58.8899993896484 107.816273093224,10.8118522167206,58.9099998474121 107.816269755363,10.8118652105331,58.9099998474121 107.81626522541,10.8118731975555,58.9500007629395 107.816262125969,10.8118752241135,58.9500007629395 107.816259622574,10.8118771314621,58.9500007629395 107.816257834435,10.8118796348572,58.9599990844727 107.816250562668,10.8119007349014,58.9900016784668 107.816242933273,10.8119193315506,59.0 107.816237568855,10.8119367361069,59.0 107.816234588623,10.8119524717331,59.0499992370605 107.816232204437,10.811964392662,59.0800018310547 107.816230297089,10.8119691610336,59.0800018310547 107.816228985786,10.8119685649872,59.0499992370605 107.816227674484,10.8119703531265,59.0 107.816225171089,10.8119778633118,58.9700012207031 107.816221237183,10.8119900226593,58.9599990844727 107.816216349602,10.8120055198669,58.9599990844727 107.816211700439,10.8120225667953,58.9599990844727 107.81620657444,10.8120394945145,58.9500007629395 107.816202640533,10.8120527267456,58.939998626709 107.816200256348,10.8120611906052,58.9199981689453 107.816197514534,10.8120688199997,58.8800010681152 107.816196322441,10.8120750188828,58.7599983215332 107.816196203232,10.8120819330215,58.6599998474121 107.81619489193,10.8120905160904,58.6599998474121 107.81619477272,10.8120995759964,58.5400009155273 107.816195487976,10.812110543251,58.4700012207031 107.816196322441,10.812121629715,58.1199989318848 107.816195487976,10.8121316432953,57.939998626709 107.816195487976,10.8121441602707,57.8499984741211 107.81619489193,10.8121607303619,57.7999992370605 107.816192388535,10.8121789693832,58.2200012207031 107.816190719604,10.8121938705444,58.4300003051758 107.816192150116,10.8122057914734,58.5499992370605 107.816194176674,10.8122140169144,58.5999984741211 107.81619489193,10.8122200965881,58.5499992370605 107.81619477272,10.8122254610062,58.5 107.81619656086,10.8122280836105,58.4599990844727 107.816193461418,10.81223320961,58.439998626709 107.816191077232,10.8122456073761,58.4199981689453 107.816188693047,10.8122584819794,58.4199981689453 107.816188097,10.8122719526291,58.4099998474121 107.816186666489,10.8122866153717,58.3899993896484 107.816185474396,10.8122981786728,58.310001373291 107.816188931465,10.8123074769974,58.25 107.816189527512,10.8123161792755,58.1800003051758 107.816189408302,10.8123244047165,58.0999984741211 107.816190242767,10.8123337030411,57.9799995422363 107.816191196442,10.8123421669006,57.2299995422363 107.816193699837,10.812350153923,56.8400001525879 107.816195726395,10.8123618364334,56.6399993896484 107.816197156906,10.8123776912689,56.5400009155273 107.816196322441,10.8123935461044,56.5900001525879 107.816194653511,10.8124084472656,56.8899993896484 107.816196084023,10.8124185800552,57.060001373291 107.816197752953,10.8124208450317,57.1500015258789 107.816197395325,10.8124248981476,57.2000007629395 107.816195845604,10.8124315738678,57.2200012207031 107.816198468208,10.8124388456345,57.2299995422363 107.816200613976,10.8124494552612,57.2400016784668 107.816202402115,10.8124622106552,57.2900009155273 107.816200852394,10.8124750852585,57.3199996948242 107.816197752953,10.8124892711639,57.3499984741211 107.816196799278,10.8125044107437,57.3800010681152 107.816195964813,10.8125132322311,57.3899993896484 107.816195607185,10.8125138282776,57.4099998474121 107.81619656086,10.8125126361847,57.4199981689453 107.816194176674,10.8125171661377,57.4300003051758 107.81619155407,10.812528014183,57.4300003051758 107.816190123558,10.8125413656235,57.4199981689453 107.816189408302,10.8125578165054,57.3899993896484 107.816191196442,10.8125780820847,57.3800010681152 107.816195607185,10.8125932216644,57.3600006103516 107.816197037697,10.8125967979431,57.3600006103516 107.816195964813,10.8125946521759,57.3600006103516 107.816200256348,10.8125916719437,57.3499984741211 107.816190361977,10.8126190900803,57.2900009155273 107.816185474396,10.8126339912415,57.2799987792969 107.816182374954,10.8126465082169,57.2700004577637 107.816180229187,10.8126577138901,57.2599983215332 107.816177487373,10.8126702308655,57.2599983215332 107.81617629528,10.8126820325851,57.2700004577637 107.816174864769,10.8126910924911,57.2599983215332 107.816172599792,10.8126946687698,57.2099990844727 107.816173195839,10.8126976490021,57.189998626709 107.816170334816,10.8127022981644,57.189998626709 107.816167473793,10.8127086162567,57.189998626709 107.816166639328,10.8127148151398,57.189998626709 107.8161662817,10.8127194643021,57.189998626709 107.816166400909,10.8127245903015,57.189998626709 107.816154837608,10.8126993179321,52.9900016784668
</coordinates></LinearRing></outerBoundaryIs></Polygon>
</Placemark>
<Placemark>
<name>Lo11</name>
<description><![CDATA[Polygon tạo từ track Garmin GPSMAP 67; diện tích xấp xỉ 5.1507 ha; độ hở ban đầu 8.5 m.]]></description>
<Polygon><outerBoundaryIs><LinearRing><coordinates>
107.816133975983,10.8129683732986,59.2900009155273 107.816155314445,10.8129750490189,57.1500015258789 107.816157102585,10.8129793405533,56.939998626709 107.816160798073,10.8129835128784,56.7900009155273 107.816166162491,10.8129892349243,56.689998626709 107.816168069839,10.8129971027374,56.6399993896484 107.816165804863,10.8130054473877,56.5200004577637 107.816164970398,10.813015460968,56.4599990844727 107.816164970398,10.8130246400833,56.4799995422363 107.816168069839,10.8130358457565,56.4900016784668 107.816170215607,10.8130476474762,56.4900016784668 107.816170573235,10.8130569458008,56.4799995422363 107.81616973877,10.8130623102188,56.4700012207031 107.816170930862,10.8130730390549,56.4599990844727 107.816170930862,10.8130841255188,56.4599990844727 107.816171169281,10.8130934238434,56.4599990844727 107.816173434258,10.8131014108658,56.4599990844727 107.816175937653,10.8131129741669,56.4599990844727 107.816175937653,10.813124537468,56.4599990844727 107.816174864769,10.8131324052811,56.439998626709 107.816174387932,10.8131396770477,56.4300003051758 107.816175699234,10.8131487369537,56.3699989318848 107.816177129745,10.8131577968597,56.3400001525879 107.816180229187,10.8131664991379,56.3199996948242 107.816181302071,10.8131762742996,56.3199996948242 107.816179513931,10.8131859302521,56.2700004577637 107.816176652908,10.8131951093674,56.25 107.816173434258,10.8132054805756,56.2400016784668 107.816171050072,10.8132164478302,56.2400016784668 107.81616795063,10.8132286071777,56.2799987792969 107.816164970398,10.8132411241531,56.2999992370605 107.816164731979,10.8132518529892,56.310001373291 107.816164135933,10.8132628202438,56.3499984741211 107.816163301468,10.8132752180099,56.3800010681152 107.816163301468,10.8132882118225,56.3899993896484 107.816163063049,10.8133008480072,56.3899993896484 107.816162228584,10.8133111000061,56.3800010681152 107.816161036491,10.8133198022842,56.3699989318848 107.816159486771,10.8133289813995,56.3699989318848 107.816159367561,10.8133404254913,56.310001373291 107.81615960598,10.8133516311646,56.2700004577637 107.816160202026,10.8133609294891,56.2400016784668 107.81615960598,10.8133717775345,56.2299995422363 107.816158294678,10.8133819103241,56.2200012207031 107.81615626812,10.8133887052536,56.2200012207031 107.816153645515,10.8133970499039,56.2200012207031 107.81615281105,10.8134067058563,56.2200012207031 107.816153645515,10.8134143352509,56.2400016784668 107.816154241562,10.8134229183197,56.25 107.816153407097,10.8134322166443,56.2400016784668 107.816151738167,10.8134394884109,56.2000007629395 107.816150784492,10.8134461641312,56.189998626709 107.816150069237,10.8134520053864,56.1800003051758 107.816148281097,10.8134590387344,56.1599998474121 107.816146016121,10.8134653568268,56.1500015258789 107.816144108772,10.8134727478027,56.1399993896484 107.816143035889,10.8134808540344,56.1300010681152 107.816144347191,10.8134881258011,56.0699996948242 107.816146969795,10.8134977817535,56.0200004577637 107.816148161888,10.8135077953339,55.9900016784668 107.816148042679,10.8135161399841,55.9799995422363 107.816148042679,10.8135250806808,55.9799995422363 107.816147565842,10.8135344982147,55.9799995422363 107.816146492958,10.8135429620743,55.9799995422363 107.816147446632,10.813551068306,55.9900016784668 107.816150188446,10.8135598897934,56.0200004577637 107.81615126133,10.8135689496994,56.0400009155273 107.816150903702,10.8135772943497,56.0400009155273 107.816148519516,10.8135858774185,56.0499992370605 107.816148042679,10.8135942220688,56.0499992370605 107.816149711609,10.8136022090912,56.0499992370605 107.816149830818,10.8136103153229,56.0499992370605 107.816148638725,10.8136168718338,56.1100006103516 107.81614780426,10.8136261701584,56.0699996948242 107.816146612167,10.8136352300644,56.0499992370605 107.816145896912,10.8136430978775,56.0400009155273 107.816143274307,10.8136509656906,56.0400009155273 107.816140413284,10.8136576414108,56.0400009155273 107.816138386726,10.8136640787125,56.0400009155273 107.816136956215,10.8136732578278,56.0099983215332 107.816135644913,10.8136820793152,55.9799995422363 107.816135764122,10.813690662384,55.9700012207031 107.816135168076,10.8136992454529,55.9199981689453 107.816132545471,10.8137067556381,55.9000015258789 107.816129088402,10.8137139081955,55.8899993896484 107.81612432003,10.8137218952179,55.8899993896484 107.816120028496,10.8137285709381,55.8899993896484 107.816114902496,10.8137308359146,55.8899993896484 107.816108942032,10.8137301206589,55.8800010681152 107.816101789474,10.8137320280075,55.9000015258789 107.816094756126,10.8137336969376,55.8899993896484 107.816087603569,10.8137338161469,55.9000015258789 107.816078305244,10.8137363195419,55.9000015258789 107.816070437431,10.8137364387512,55.8499984741211 107.816063284874,10.813737988472,55.8199996948242 107.816057920456,10.8137415647507,55.7999992370605 107.816054821014,10.8137438297272,55.7900009155273 107.816050887108,10.8137460947037,55.7900009155273 107.81604719162,10.813747882843,55.7900009155273 107.81604385376,10.8137502670288,55.7799987792969 107.8160405159,10.8137491941452,55.810001373291 107.816035151482,10.8137509822845,55.8600006103516 107.816027522087,10.813753247261,55.8699989318848 107.816019296646,10.8137555122375,55.8800010681152 107.816012263298,10.8137580156326,55.8800010681152 107.816002368927,10.8137648105621,55.8800010681152 107.815994858742,10.8137667179108,55.8600006103516 107.815989613533,10.8137642145157,55.8300018310547 107.815985321999,10.813760638237,55.810001373291 107.815979242325,10.8137565851212,55.7999992370605 107.815972685814,10.8137557506561,55.7799987792969 107.815967440605,10.8137546777725,55.7599983215332 107.815961837769,10.8137540817261,55.7599983215332 107.815957069397,10.8137540817261,55.7599983215332 107.815951108932,10.8137550354004,55.6100006103516 107.815944433212,10.8137534856796,55.4799995422363 107.815938830376,10.8137539625168,55.4199981689453 107.815932035446,10.8137530088425,55.3899993896484 107.815926194191,10.8137531280518,55.3699989318848 107.815922141075,10.8137538433075,55.4199981689453 107.815917015076,10.8137553930283,55.5400009155273 107.815911769867,10.8137558698654,55.6300010681152 107.815908193588,10.8137551546097,55.6699981689453 107.815905213356,10.8137534856796,55.6800003051758 107.815902471542,10.8137545585632,55.6100006103516 107.81588947773,10.8137719631195,55.5 107.815885186195,10.8137713670731,55.5 107.815877079964,10.8137699365616,55.4900016784668 107.815872788429,10.8137685060501,55.5099983215332 107.815868496895,10.8137682676315,55.6100006103516 107.81586265564,10.8137675523758,55.6500015258789 107.815856099129,10.8137670755386,55.689998626709 107.815850734711,10.8137701749802,55.7200012207031 107.815845131874,10.8137708902359,55.7400016784668 107.815837740898,10.8137699365616,55.810001373291 107.815833568573,10.8137701749802,55.8699989318848 107.815829277039,10.813770532608,55.9199981689453 107.815822958946,10.8137704133987,55.939998626709 107.815818548203,10.8137724399567,55.9599990844727 107.815816044807,10.8137720823288,55.9700012207031 107.815811753273,10.8137741088867,55.9799995422363 107.815806388855,10.8137747049332,55.9799995422363 107.815801024437,10.8137755393982,55.9799995422363 107.815796017647,10.8137757778168,55.9000015258789 107.815790057182,10.8137753009796,55.9500007629395 107.815785884857,10.8137753009796,55.9700012207031 107.815779805183,10.8137754201889,56.0200004577637 107.815775036812,10.8137754201889,56.0099983215332 107.815771460533,10.8137744665146,56.0400009155273 107.815767288208,10.813775062561,56.0699996948242 107.815761685371,10.8137762546539,56.0999984741211 107.815756082535,10.8137805461884,56.1100006103516 107.815750598907,10.8137778043747,56.1800003051758 107.815744280815,10.8137766122818,56.2599983215332 107.815738916397,10.8137741088867,56.2999992370605 107.815729498863,10.8137767314911,56.4300003051758 107.815721750259,10.8137761354446,56.3800010681152 107.815712332726,10.813777089119,56.3499984741211 107.815704345703,10.8137775659561,56.2999992370605 107.815696597099,10.8137762546539,56.2700004577637 107.815685868263,10.8137757778168,56.2299995422363 107.815677404404,10.8137737512589,56.189998626709 107.815669775009,10.8137730360031,56.1800003051758 107.815662741661,10.8137753009796,56.1800003051758 107.815654158592,10.8137748241425,56.189998626709 107.815645456314,10.8137747049332,56.2200012207031 107.815638303757,10.8137751817703,56.2299995422363 107.815629959106,10.8137743473053,56.2799987792969 107.8156208992,10.8137767314911,56.3300018310547 107.815614581108,10.813774228096,56.3699989318848 107.815609574318,10.8137716054916,56.3400001525879 107.81560254097,10.8137716054916,56.2999992370605 107.815595507622,10.8137706518173,56.2200012207031 107.815587282181,10.8137732744217,56.2000007629395 107.81558072567,10.8137726783752,56.1800003051758 107.815574645996,10.8137722015381,56.1699981689453 107.815567970276,10.8137730360031,56.1599998474121 107.815562486649,10.8137710094452,56.0900001525879 107.8155554533,10.8137699365616,56.1199989318848 107.815548300743,10.8137691020966,56.1500015258789 107.815539598465,10.8137704133987,56.1500015258789 107.815533280373,10.8137699365616,56.0900001525879 107.815525531769,10.8137695789337,56.1199989318848 107.815520763397,10.8137691020966,56.060001373291 107.815517783165,10.813768863678,56.1800003051758 107.815513014793,10.8137681484222,56.1500015258789 107.815510511398,10.8137668371201,56.1300010681152 107.815490245819,10.8137693405151,56.3199996948242 107.815486550331,10.8137683868408,56.2999992370605 107.815482497215,10.8137662410736,56.2900009155273 107.81547665596,10.8137652873993,56.2900009155273 107.815469622612,10.8137644529343,56.2900009155273 107.81546485424,10.8137637376785,56.2900009155273 107.815459012985,10.8137648105621,56.2900009155273 107.815453290939,10.8137642145157,56.3199996948242 107.815445065498,10.8137631416321,56.3400001525879 107.815441250801,10.8137654066086,56.3899993896484 107.815434813499,10.8137663602829,56.4599990844727 107.815428137779,10.8137677907944,56.4599990844727 107.815420746803,10.8137639760971,56.4599990844727 107.815414071083,10.8137639760971,56.4599990844727 107.815410614014,10.8137633800507,56.4500007629395 107.815404295921,10.8137648105621,56.4500007629395 107.815398693085,10.8137636184692,56.4500007629395 107.815393090248,10.8137632608414,56.3800010681152 107.815386652946,10.8137632608414,56.3400001525879 107.815379500389,10.8137618303299,56.3400001525879 107.815373063087,10.8137608766556,56.3300018310547 107.815366387367,10.8137582540512,56.4300003051758 107.815362930298,10.8137565851212,56.4900016784668 107.815357685089,10.8137555122375,56.5200004577637 107.815351247787,10.8137563467026,56.5699996948242 107.815343499184,10.813755273819,56.6199989318848 107.815335273743,10.813756942749,56.6500015258789 107.815329551697,10.8137574195862,56.6800003051758 107.815321445465,10.8137567043304,56.6800003051758 107.815315127373,10.8137576580048,56.689998626709 107.815307736397,10.813756942749,56.6699981689453 107.815302848816,10.8137565851212,56.6800003051758 107.815299153328,10.8137528896332,56.6599998474121 107.815296649933,10.8137527704239,56.689998626709 107.815292954445,10.8137531280518,56.7000007629395 107.815291285515,10.8137534856796,56.75 107.815276145935,10.8137549161911,56.7999992370605 107.815271735191,10.813755273819,56.7900009155273 107.815269351006,10.8137575387955,56.7999992370605 107.815267443657,10.8137601613998,56.7999992370605 107.815264225006,10.8137586116791,56.7999992370605 107.815248370171,10.8137601613998,56.689998626709 107.815243005753,10.8137609958649,56.7200012207031 107.81523501873,10.8137607574463,56.6599998474121 107.81522500515,10.8137589693069,56.6300010681152 107.815215468407,10.8137627840042,56.689998626709 107.815207839012,10.8137637376785,56.7099990844727 107.815198659897,10.8137638568878,56.7299995422363 107.815191268921,10.8137657642365,56.8199996948242 107.815186858177,10.8137650489807,56.7799987792969 107.815181970596,10.8137642145157,56.7599983215332 107.81517803669,10.8137617111206,56.8300018310547 107.815172791481,10.8137639760971,56.8699989318848 107.815166115761,10.8137632608414,56.7999992370605 107.815157294273,10.81376516819,56.8499984741211 107.815149664879,10.8137655258179,56.7900009155273 107.815140962601,10.8137669563293,56.8499984741211 107.815134167671,10.8137636184692,56.8699989318848 107.815124392509,10.8137607574463,56.9700012207031 107.815116763115,10.8137578964233,56.9199981689453 107.81510913372,10.8137563467026,56.9700012207031 107.815101385117,10.8137553930283,56.9599990844727 107.815096020699,10.8137567043304,56.9900016784668 107.815090417862,10.813756942749,57.0 107.815082788467,10.8137581348419,57.0 107.815074682236,10.8137593269348,57.0099983215332 107.815064430237,10.8137574195862,57.0099983215332 107.815055727959,10.8137556314468,57.0099983215332 107.815047740936,10.8137533664703,57.0499992370605 107.815042495728,10.8137509822845,57.1800003051758 107.815039396286,10.813748717308,57.25 107.815038204193,10.8137469291687,57.2799987792969 107.815034270287,10.81374168396,57.2900009155273 107.815031409264,10.813737154007,57.2999992370605 107.815027236938,10.8137338161469,57.1500015258789 107.815022945404,10.8137315511703,57.060001373291 107.815017342567,10.8137320280075,56.9500007629395 107.815011620522,10.8137323856354,56.8899993896484 107.815004825592,10.813728928566,56.8499984741211 107.815002083778,10.8137255907059,56.7999992370605 107.814999818802,10.8137238025665,56.7999992370605 107.814997196198,10.8137217760086,56.8199996948242 107.814996123314,10.8137184381485,56.8199996948242 107.814995884895,10.8137131929398,56.9099998474121 107.814994335175,10.8137083053589,56.9700012207031 107.814992070198,10.8137043714523,57.0 107.814989328384,10.8137006759644,57.0099983215332 107.814981937408,10.8137004375458,57.0900001525879 107.814972639084,10.8136990070343,57.1300010681152 107.814966082573,10.8136979341507,57.1500015258789 107.814960837364,10.8136979341507,57.1500015258789 107.81495153904,10.8136985301971,57.1500015258789 107.814944624901,10.8136929273605,57.1599998474121 107.814937114716,10.8136925697327,57.1699981689453 107.81493127346,10.8136919736862,57.2000007629395 107.814925193787,10.8136913776398,57.2200012207031 107.814918041229,10.8136897087097,57.2599983215332 107.814910292625,10.8136882781982,57.2700004577637 107.814902901649,10.8136878013611,57.2799987792969 107.814897537231,10.8136888742447,57.2700004577637 107.814893364906,10.8136912584305,57.189998626709 107.814888119698,10.8136929273605,57.1500015258789 107.814882874489,10.8136947154999,57.0900001525879 107.814880013466,10.8136953115463,57.060001373291 107.814879536629,10.8136956691742,57.0499992370605 107.814880371094,10.8136950731277,57.0400009155273 107.814868211746,10.813690662384,57.0999984741211 107.814862251282,10.8136792182922,57.0999984741211 107.81485915184,10.8136713504791,57.0699996948242 107.814856886864,10.8136622905731,57.0499992370605 107.814856290817,10.8136553764343,57.0299987792969 107.814854383469,10.8136460781097,57.0200004577637 107.814852237701,10.8136361837387,57.0099983215332 107.814850687981,10.8136246204376,57.0099983215332 107.814850330353,10.813614487648,56.9599990844727 107.814852595329,10.8136067390442,56.9300003051758 107.814852237701,10.8135989904404,56.9199981689453 107.814851164818,10.8135912418365,56.9099998474121 107.814852237701,10.8135840892792,56.9099998474121 107.814851880074,10.8135793209076,56.9000015258789 107.814851284027,10.8135747909546,56.9000015258789 107.814849257469,10.8135713338852,56.9000015258789 107.81484746933,10.8135679960251,56.939998626709 107.814844727516,10.8135656118393,56.9199981689453 107.8148406744,10.813564658165,56.9500007629395 107.814838528633,10.8135629892349,56.9599990844727 107.814834356308,10.813561797142,56.9700012207031 107.814826130867,10.8135629892349,57.189998626709 107.814819335938,10.8135602474213,57.2999992370605 107.814811110497,10.8135596513748,57.3600006103516 107.814806103706,10.8135590553284,57.4199981689453 107.814799785614,10.8135585784912,57.4500007629395 107.814795017242,10.8135596513748,57.4799995422363 107.814789414406,10.8135592937469,57.4900016784668 107.814785957336,10.8135586977005,57.560001373291 107.814777374268,10.8135588169098,57.5900001525879 107.814771652222,10.8135583400726,57.6100006103516 107.814767956734,10.813555598259,57.6699981689453 107.814764022827,10.8135547637939,57.7000007629395 107.814759731293,10.8135550022125,57.7099990844727 107.814750671387,10.8135554790497,57.7200012207031 107.814743638039,10.8135567903519,57.7299995422363 107.814737796783,10.8135570287704,57.6199989318848 107.814733624458,10.8135570287704,57.5099983215332 107.814728498459,10.813560128212,57.439998626709 107.814722180367,10.813560962677,57.4199981689453 107.814717054367,10.8135638237,57.4599990844727 107.814711809158,10.8135638237,57.4900016784668 107.814709544182,10.8135629892349,57.5400009155273 107.814707398415,10.8135632276535,57.560001373291 107.814700722694,10.813566327095,58.0800018310547 107.814696073532,10.81356549263,58.060001373291 107.8146930933,10.8135633468628,58.0400009155273 107.81468975544,10.8135626316071,58.060001373291 107.814687490463,10.8135621547699,58.0800018310547 107.814678072929,10.8135619163513,58.5699996948242 107.814668297768,10.8135638237,58.5800018310547 107.814661026001,10.8135629892349,58.5800018310547 107.81465280056,10.8135616779327,58.560001373291 107.814647078514,10.8135613203049,58.5499992370605 107.814639210701,10.8135598897934,58.5499992370605 107.814628958702,10.8135602474213,58.5400009155273 107.814618945122,10.8135597705841,58.4700012207031 107.814611196518,10.8135598897934,58.3800010681152 107.814608454704,10.8135597705841,58.3199996948242 107.81460416317,10.8135591745377,58.2900009155273 107.81460082531,10.8135595321655,58.2700004577637 107.814570903778,10.8135544061661,58.1399993896484 107.814562439919,10.8135539293289,58.0499992370605 107.814558386803,10.8135544061661,58.0800018310547 107.814553141594,10.8135541677475,58.0900001525879 107.814547419548,10.813556432724,58.0499992370605 107.814541816711,10.813555598259,57.9900016784668 107.814535617828,10.8135551214218,57.9599990844727 107.814529895782,10.8135566711426,57.9500007629395 107.814525008202,10.8135584592819,57.939998626709 107.814520359039,10.8135596513748,57.9300003051758 107.814517021179,10.8135576248169,57.9300003051758 107.814507961273,10.8135561943054,57.9300003051758 107.814502596855,10.8135545253754,57.9000015258789 107.814496517181,10.8135548830032,57.9099998474121 107.814489483833,10.8135551214218,57.9799995422363 107.814483165741,10.8135552406311,58.0 107.814478635788,10.8135547637939,58.0200004577637 107.814473867416,10.8135545253754,58.1199989318848 107.814468622208,10.8135547637939,58.0800018310547 107.81446325779,10.8135561943054,58.060001373291 107.814457416534,10.813557267189,58.0299987792969 107.814451336861,10.8135586977005,58.0099983215332 107.814443945885,10.8135597705841,58.0 107.814436793327,10.8135602474213,57.9900016784668 107.814429283142,10.8135606050491,57.9799995422363 107.81442117691,10.813560128212,57.9500007629395 107.814415454865,10.8135592937469,57.9300003051758 107.814410209656,10.8135585784912,57.9099998474121 107.814404845238,10.8135581016541,57.8899993896484 107.814400553703,10.8135578632355,57.8899993896484 107.814396739006,10.813556432724,57.8699989318848 107.814391493797,10.8135570287704,57.8699989318848 107.814387321472,10.8135551214218,57.8600006103516 107.814381837845,10.8135558366776,57.9599990844727 107.814374804497,10.8135547637939,58.0 107.814369559288,10.8135539293289,58.1100006103516 107.814364671707,10.8135540485382,58.1599998474121 107.814359426498,10.8135538101196,58.189998626709 107.814352035522,10.8135541677475,58.2099990844727 107.814341783524,10.8135546445847,58.2799987792969 107.814335107803,10.8135548830032,58.2599983215332 107.814329862595,10.8135561943054,58.2599983215332 107.814324140549,10.8135545253754,58.2400016784668 107.814316511154,10.8135550022125,58.25 107.814308285713,10.813553571701,58.3199996948242 107.814300298691,10.8135523796082,58.2900009155273 107.814294457436,10.8135515451431,58.2799987792969 107.814288854599,10.813551068306,58.2799987792969 107.814285039902,10.813551068306,58.2900009155273 107.814280986786,10.8135528564453,58.3800010681152 107.814277768135,10.8135503530502,58.3400001525879 107.814271807671,10.813548207283,58.310001373291 107.814268946648,10.8135495185852,58.4000015258789 107.814264178276,10.8135488033295,58.3499984741211 107.814256906509,10.8135471343994,58.3800010681152 107.814249753952,10.8135472536087,58.3899993896484 107.81424343586,10.8135448694229,58.4000015258789 107.81423830986,10.81354367733,58.4099998474121 107.814236283302,10.8135423660278,58.2999992370605 107.814230918884,10.8135414123535,58.2599983215332 107.81422662735,10.8135409355164,58.310001373291 107.814223885536,10.8135415315628,58.3400001525879 107.814221978188,10.8135433197021,58.3800010681152 107.814219117165,10.8135434389114,58.3800010681152 107.814194917679,10.8135446310043,58.2299995422363 107.814191102982,10.8135452270508,58.2700004577637 107.814190626144,10.8135455846786,58.3300018310547 107.814188838005,10.8135440349579,58.3400001525879 107.81417953968,10.8135430812836,58.3400001525879 107.814173102379,10.8135435581207,58.2999992370605 107.814165353775,10.8135457038879,58.2700004577637 107.814158439636,10.8135455846786,58.2400016784668 107.814152598381,10.8135435581207,58.2200012207031 107.814147949219,10.8135411739349,58.2099990844727 107.814144968987,10.8135405778885,58.2400016784668 107.814143300056,10.8135406970978,58.2900009155273 107.814144134521,10.8135404586792,58.4300003051758 107.814139246941,10.8135302066803,58.3499984741211 107.814138412476,10.813526391983,58.2999992370605 107.814131855965,10.8135259151459,58.2599983215332 107.81412422657,10.8135186433792,58.2299995422363 107.814116477966,10.8135192394257,58.2200012207031 107.814108967781,10.8135191202164,58.2299995422363 107.814106702805,10.8135209083557,58.2799987792969 107.814105391502,10.8135211467743,58.3199996948242 107.814106225967,10.813521027565,58.3499984741211 107.814104437828,10.8135224580765,58.3600006103516 107.814090132713,10.8135269880295,58.4099998474121 107.814086794853,10.8135290145874,58.4099998474121 107.814086794853,10.8135312795639,58.4799995422363 107.814082503319,10.8135370016098,58.5200004577637 107.814078688622,10.813544511795,58.5499992370605 107.81407225132,10.8135462999344,58.5900001525879 107.814066648483,10.8135461807251,58.5800018310547 107.814058542252,10.8135437965393,58.6100006103516 107.814052820206,10.8135458230972,58.6199989318848 107.814047574997,10.8135461807251,58.5999984741211 107.814041852951,10.8135479688644,58.5900001525879 107.814034700394,10.8135492801666,58.5499992370605 107.814030408859,10.8135504722595,58.5299987792969 107.814025998116,10.8135509490967,58.5 107.814019680023,10.8135488033295,58.4300003051758 107.814012765884,10.8135454654694,58.4099998474121 107.814007401466,10.8135471343994,58.3899993896484 107.814000844955,10.8135468959808,58.3699989318848 107.813996195793,10.8135462999344,58.3699989318848 107.813993692398,10.8135479688644,58.3800010681152 107.813990712166,10.8135504722595,58.3899993896484 107.813987970352,10.8135513067245,58.4099998474121 107.81397986412,10.8135554790497,58.4000015258789 107.813975691795,10.8135554790497,58.4099998474121 107.813972949982,10.813553571701,58.4099998474121 107.81396818161,10.813551068306,58.3899993896484 107.813965559006,10.8135508298874,58.4099998474121 107.813962697983,10.8135499954224,58.3899993896484 107.813959956169,10.8135493993759,58.3800010681152 107.813948988915,10.813560962677,58.3300018310547 107.813943505287,10.8135664463043,58.3499984741211 107.813939213753,10.8135638237,58.560001373291 107.813931703568,10.813560962677,58.6800003051758 107.81392800808,10.8135577440262,58.7299995422363 107.813924908638,10.8135544061661,58.7599983215332 107.813923478127,10.8135499954224,58.7700004577637 107.813922166824,10.8135441541672,58.6599998474121 107.813917040825,10.8135404586792,58.5499992370605 107.8139128685,10.8135347366333,58.4300003051758 107.81390607357,10.8135297298431,58.3699989318848 107.813900113106,10.813523888588,58.2999992370605 107.813893914223,10.8135215044022,58.2700004577637 107.813888549805,10.8135192394257,58.25 107.813882231712,10.8135151863098,58.25 107.813874721527,10.8135139942169,58.2400016784668 107.813870191574,10.8135110139847,58.2299995422363 107.813866138458,10.8135067224503,58.2299995422363 107.813860416412,10.813503742218,58.2299995422363 107.813853740692,10.8135008811951,58.2400016784668 107.813847541809,10.8134953975677,58.2599983215332 107.813841819763,10.8134912252426,58.2799987792969 107.813832640648,10.8134835958481,58.3800010681152 107.813827514648,10.8134784698486,58.4599990844727 107.813824176788,10.8134752511978,58.5099983215332 107.813821911812,10.8134722709656,58.5299987792969 107.813820719719,10.8134689331055,58.5400009155273 107.813816070557,10.8134686946869,58.5699996948242 107.813811898232,10.813467502594,58.560001373291 107.813806891441,10.8134664297104,58.5299987792969 107.813799023628,10.8134624958038,58.5 107.81379532814,10.8134567737579,58.4599990844727 107.813790202141,10.8134520053864,58.439998626709 107.813785672188,10.8134462833405,58.4300003051758 107.813782334328,10.8134406805038,58.3499984741211 107.813778877258,10.8134354352951,58.3899993896484 107.813780784607,10.8134281635284,58.4000015258789 107.813782334328,10.8134229183197,58.4099998474121 107.813782334328,10.8134183883667,58.4199981689453 107.813779950142,10.8134146928787,58.4300003051758 107.813777685165,10.8134124279022,58.5 107.81377518177,10.8134106397629,58.5900001525879 107.81377363205,10.8134090900421,58.6399993896484 107.813761115074,10.8133996725082,59.1500015258789 107.813757538795,10.8133940696716,59.1800003051758 107.813755393028,10.8133866786957,59.25 107.813748717308,10.8133816719055,59.2900009155273 107.813742160797,10.8133800029755,59.3199996948242 107.813736081123,10.8133789300919,59.3600006103516 107.813730597496,10.813378572464,59.3800010681152 107.813723921776,10.8133789300919,59.4500007629395 107.813717365265,10.813377737999,59.4799995422363 107.813713312149,10.8133769035339,59.5 107.813708662987,10.8133788108826,59.5099983215332 107.813707828522,10.8133766651154,59.5200004577637 107.813701152802,10.8133639097214,59.5200004577637 107.813699483871,10.8133556842804,59.5099983215332 107.813696265221,10.8133560419083,59.5200004577637 107.813691735268,10.8133556842804,59.5099983215332 107.813682794571,10.8133517503738,59.4900016784668 107.813677430153,10.8133478164673,59.3800010681152 107.813674330711,10.8133459091187,59.4099998474121 107.813673973083,10.8133442401886,59.439998626709 107.813670039177,10.8133410215378,59.4599990844727 107.813666343689,10.813339471817,59.4700012207031 107.813665986061,10.8133362531662,59.5099983215332 107.81366622448,10.8133345842361,59.5400009155273 107.813663363457,10.8133316040039,59.5900001525879 107.81365609169,10.8133333921433,59.6199989318848 107.813652515411,10.8133330345154,59.6500015258789 107.813650846481,10.8133301734924,59.5699996948242 107.813645243645,10.8133306503296,59.5400009155273 107.813643217087,10.8133289813995,59.5099983215332 107.813636064529,10.8133282661438,59.5099983215332 107.813631296158,10.8133280277252,59.4900016784668 107.813627004623,10.8133277893066,59.4700012207031 107.813622236252,10.8133260011673,59.4700012207031 107.81361746788,10.8133251667023,59.5200004577637 107.813614964485,10.8133246898651,59.5900001525879 107.813615202904,10.8133236169815,59.6300010681152 107.813614249229,10.8133231401443,59.5999984741211 107.813597083092,10.8133256435394,59.6800003051758 107.813592672348,10.8133271932602,59.6800003051758 107.813590168953,10.8133234977722,59.6800003051758 107.813586711884,10.813324213028,59.7099990844727 107.813582420349,10.8133255243301,59.7299995422363 107.813576817513,10.813326716423,59.7299995422363 107.813570857048,10.8133270740509,59.7400016784668 107.813566088676,10.8133300542831,59.7400016784668 107.813559293747,10.813329577446,59.7400016784668 107.81355381012,10.8133311271667,59.7799987792969 107.813548326492,10.8133360147476,59.8300018310547 107.813543081284,10.8133385181427,59.8699989318848 107.813540458679,10.8133393526077,59.9300003051758 107.813537478447,10.8133399486542,59.9900016784668 107.813534259796,10.8133401870728,59.9900016784668 107.813521385193,10.8133348226547,60.0800018310547 107.813515782356,10.813334941864,60.0400009155273 107.813507795334,10.8133333921433,60.0800018310547 107.813503623009,10.8133319616318,60.0900001525879 107.813499450684,10.8133311271667,60.1199989318848 107.813495397568,10.8133293390274,60.1599998474121 107.813485622406,10.8133288621902,60.189998626709 107.813477873802,10.8133301734924,60.2099990844727 107.813474535942,10.8133299350739,60.2200012207031 107.813470125198,10.813331246376,60.2099990844727 107.81346654892,10.8133288621902,60.189998626709 107.813462138176,10.8133302927017,60.1399993896484 107.813460588455,10.8133317232132,60.0900001525879 107.813457965851,10.8133322000504,60.0400009155273 107.813454866409,10.8133323192596,59.9300003051758 107.813418865204,10.8133441209793,59.7999992370605 107.813415646553,10.8133450746536,59.810001373291 107.813412904739,10.8133438825607,59.7900009155273 107.813408970833,10.8133455514908,59.7999992370605 107.813404202461,10.8133442401886,59.8600006103516 107.813397526741,10.8133438825607,59.9099998474121 107.813388705254,10.8133426904678,59.9500007629395 107.813384652138,10.8133443593979,60.1300010681152 107.813379883766,10.8133435249329,60.0800018310547 107.813376426697,10.8133424520493,60.189998626709 107.813373804092,10.8133412599564,60.2400016784668 107.813370704651,10.8133411407471,60.2900009155273 107.813367009163,10.8133411407471,60.2999992370605 107.813357949257,10.8133466243744,59.4500007629395 107.813355565071,10.813344836235,59.3300018310547 107.813353657722,10.8133435249329,59.2599983215332 107.813351392746,10.8133424520493,59.2700004577637 107.813331723213,10.8133401870728,59.9799995422363 107.813324332237,10.813338637352,60.0400009155273 107.813316106796,10.8133404254913,60.0699996948242 107.81331050396,10.8133406639099,60.0800018310547 107.813304305077,10.8133399486542,60.0900001525879 107.813302636147,10.8133391141891,60.0900001525879 107.8133020401,10.8133360147476,60.0800018310547 107.813300251961,10.8133313655853,60.0800018310547 107.813300490379,10.8133265972137,60.0699996948242 107.813300013542,10.8133238554001,60.0699996948242 107.8133020401,10.8133207559586,60.0800018310547 107.813303589821,10.8133167028427,60.0900001525879 107.813293576241,10.8133001327515,60.2200012207031 107.813286066055,10.8132981061935,60.2200012207031 107.813279509544,10.813295841217,60.2200012207031 107.813273191452,10.8132939338684,60.2700004577637 107.813269019127,10.813288807869,60.2999992370605 107.81326341629,10.8132902383804,60.310001373291 107.813261270523,10.8132907152176,60.3899993896484 107.813258647919,10.8132910728455,60.4000015258789 107.813257813454,10.8132892847061,60.3600006103516 107.813249468803,10.8132880926132,60.3899993896484 107.813246130943,10.8132873773575,60.4000015258789 107.813243031502,10.8132864236832,60.4000015258789 107.81324160099,10.8132848739624,60.3600006103516 107.813225507736,10.8132761716843,60.1399993896484 107.813223600388,10.8132722377777,60.1199989318848 107.813220858574,10.8132681846619,60.1199989318848 107.813221693039,10.8132658004761,60.1100006103516 107.813217043877,10.8132600784302,60.2400016784668 107.81321656704,10.8132545948029,60.310001373291 107.813217043877,10.8132499456406,60.3600006103516 107.813217878342,10.8132442235947,60.3300018310547 107.813212871552,10.8132396936417,60.3199996948242 107.813212394714,10.8132333755493,60.310001373291 107.813211679459,10.8132292032242,60.310001373291 107.813210487366,10.8132246732712,60.310001373291 107.813205242157,10.8132230043411,60.310001373291 107.813196539879,10.8132240772247,60.310001373291 107.813189744949,10.813224196434,60.310001373291 107.813182592392,10.8132220506668,60.310001373291 107.813175797462,10.8132187128067,60.310001373291 107.813174724579,10.8132160902023,60.310001373291 107.813172578812,10.8132109642029,60.310001373291 107.813167452812,10.8132019042969,60.310001373291 107.813163042068,10.8131953477859,60.3600006103516 107.813160896301,10.8131905794144,60.5099983215332 107.813159346581,10.8131856918335,60.5999984741211 107.813158512115,10.8131796121597,60.6399993896484 107.813159346581,10.813170671463,60.6699981689453 107.813153862953,10.8131632804871,60.6800003051758 107.813150286674,10.813159942627,60.6800003051758 107.813145160675,10.8131573200226,60.7400016784668 107.813141107559,10.8131575584412,60.7400016784668 107.813135743141,10.8131561279297,60.7599983215332 107.813129663467,10.8131583929062,60.8400001525879 107.813122391701,10.8131586313248,60.9000015258789 107.813116669655,10.8131583929062,60.9199981689453 107.813116312027,10.8131580352783,60.939998626709 107.813115715981,10.8131586313248,60.939998626709 107.813115119934,10.8131586313248,60.9500007629395 107.813097715378,10.813148021698,61.060001373291 107.813091397285,10.8131448030472,61.1399993896484 107.813086509705,10.8131431341171,61.1500015258789 107.813078522682,10.8131453990936,61.1500015258789 107.813071370125,10.8131445646286,61.1599998474121 107.813065886497,10.8131425380707,61.2000007629395 107.813061356544,10.8131402730942,61.2099990844727 107.813058018684,10.8131392002106,61.2200012207031 107.81305372715,10.8131420612335,61.2900009155273 107.813051939011,10.8131421804428,61.3400001525879 107.81304204464,10.8131254911423,61.2000007629395 107.813039898872,10.813120007515,61.2999992370605 107.813036322594,10.8131152391434,61.3400001525879 107.813032865524,10.813111782074,61.3699989318848 107.81302857399,10.8131096363068,61.3800010681152 107.813023090363,10.8131066560745,61.3899993896484 107.813017368317,10.8131068944931,61.4000015258789 107.813015222549,10.8131064176559,61.3499984741211 107.813010931015,10.8131074905396,61.3300018310547 107.813004255295,10.8131079673767,61.310001373291 107.81299996376,10.8131078481674,61.2900009155273 107.812995433807,10.8131082057953,61.2299995422363 107.812990665436,10.8131098747253,61.25 107.812987804413,10.8131103515625,61.2099990844727 107.812987923622,10.8131105899811,61.189998626709 107.812987208366,10.8131086826324,61.1800003051758 107.812979698181,10.8131110668182,61.2299995422363 107.812973380089,10.813112616539,61.1699981689453 107.812969207764,10.813112616539,61.1300010681152 107.812963485718,10.8131110668182,61.0800018310547 107.812956571579,10.8131123781204,61.060001373291 107.812952637672,10.8131123781204,61.0400009155273 107.812950372696,10.8131120204926,61.0299987792969 107.812947511673,10.8131124973297,61.0299987792969 107.812945723534,10.8131132125854,61.0200004577637 107.812920689583,10.8131312131882,61.060001373291 107.812917113304,10.8131310939789,61.0499992370605 107.812913537025,10.8131297826767,61.0400009155273 107.812910676003,10.8131276369095,60.9500007629395 107.81289935112,10.8131231069565,60.8800010681152 107.812895417213,10.8131227493286,60.9099998474121 107.812890529633,10.8131223917007,60.9199981689453 107.812884449959,10.81312084198,60.9300003051758 107.812878251076,10.8131228685379,60.939998626709 107.812872886658,10.8131259679794,60.8800010681152 107.812866687775,10.813131570816,60.8899993896484 107.812859654427,10.8131363391876,60.9000015258789 107.812853693962,10.8131374120712,60.8499984741211 107.812846899033,10.8131369352341,60.8199996948242 107.81284737587,10.8131380081177,60.810001373291 107.812848567963,10.8131387233734,60.8600006103516 107.812852740288,10.8131409883499,60.9199981689453 107.812854290009,10.8131464719772,60.9599990844727 107.812853455544,10.8131549358368,61.0099983215332 107.812850594521,10.8131639957428,61.060001373291 107.81284725666,10.8131710290909,61.0999984741211 107.812847495079,10.8131738901138,61.1500015258789 107.812847971916,10.813176035881,61.2000007629395 107.812849164009,10.8131778240204,61.2099990844727 107.812834858894,10.8131909370422,61.4700012207031 107.812829256058,10.8131942749023,61.4500007629395 107.812826275826,10.8131995201111,61.4700012207031 107.812824249268,10.8132048845291,61.4900016784668 107.812823653221,10.8132091760635,61.560001373291 107.812822341919,10.8132132291794,61.6100006103516 107.812820076942,10.8132160902023,61.6699981689453 107.812817573547,10.8132193088531,61.689998626709 107.812815666199,10.8132203817368,61.75 107.812801122665,10.8132307529449,61.8300018310547 107.812793135643,10.8132326602936,61.7999992370605 107.812786221504,10.8132326602936,61.7900009155273 107.812779426575,10.8132301568985,61.8300018310547 107.812773942947,10.8132301568985,61.8600006103516 107.812767028809,10.8132296800613,61.8800010681152 107.812761425972,10.8132297992706,61.8899993896484 107.81275677681,10.8132342100143,61.8800010681152 107.812750935555,10.8132379055023,61.8699989318848 107.812744379044,10.8132386207581,61.7999992370605 107.812738418579,10.8132421970367,61.7700004577637 107.812731146812,10.8132469654083,61.75 107.812724232674,10.813250541687,61.810001373291 107.812717795372,10.8132547140121,61.8300018310547 107.812710165977,10.8132610321045,61.8400001525879 107.812704563141,10.8132648468018,61.8400001525879 107.812699079514,10.8132681846619,61.8699989318848 107.812697172165,10.8132741451263,61.8899993896484 107.812693119049,10.8132762908936,61.8699989318848 107.812687158585,10.8132796287537,61.8600006103516 107.812683224678,10.8132829666138,61.8899993896484 107.812680125237,10.8132878541946,61.9599990844727 107.81267619133,10.8132929801941,62.0 107.812670230865,10.8132981061935,62.0200004577637 107.812666893005,10.8133021593094,62.0099983215332 107.812663555145,10.8133063316345,62.0099983215332 107.812660932541,10.8133105039597,61.9500007629395 107.812654256821,10.8133139610291,61.9199981689453 107.812648296356,10.8133158683777,61.9000015258789 107.812641263008,10.8133203983307,61.8600006103516 107.812638521194,10.8133274316788,61.8400001525879 107.812636613846,10.8133324384689,61.7299995422363 107.81263589859,10.813339471817,61.6800003051758 107.812637686729,10.8133509159088,61.6399993896484 107.812636256218,10.8133577108383,61.6300010681152 107.812634587288,10.8133586645126,61.6599998474121 107.812634944916,10.8133600950241,61.6699981689453 107.812633514404,10.8133602142334,61.689998626709 107.812624573708,10.81336414814,61.7099990844727 107.812617778778,10.8133647441864,61.7400016784668 107.812609791756,10.8133684396744,61.75 107.812602758408,10.8133739233017,61.7599983215332 107.81259572506,10.8133810758591,61.7700004577637 107.812590003014,10.81338763237,61.7700004577637 107.81258559227,10.813396692276,61.7700004577637 107.812580943108,10.8134067058563,61.7799987792969 107.812575340271,10.8134145736694,61.8300018310547 107.812570810318,10.8134235143662,61.8499984741211 107.812567234039,10.8134328126907,61.8899993896484 107.812563538551,10.8134416341782,61.8899993896484 107.812556862831,10.8134472370148,61.8899993896484 107.812549114227,10.8134492635727,61.9099998474121 107.812548041344,10.8134497404099,61.9000015258789 107.812549591064,10.8134522438049,61.8699989318848 107.81254696846,10.8134534358978,61.8899993896484 107.81252682209,10.8134534358978,62.0200004577637 107.81252014637,10.8134547472,61.9700012207031 107.812514305115,10.813457608223,61.939998626709 107.812508702278,10.8134651184082,61.9300003051758 107.812501192093,10.8134722709656,61.9099998474121 107.81249666214,10.8134795427322,61.9000015258789 107.81249320507,10.8134855031967,61.9000015258789 107.812490463257,10.8134913444519,61.9000015258789 107.81249153614,10.8135006427765,61.8899993896484 107.81248998642,10.8135086297989,61.8899993896484 107.812487721443,10.8135155439377,61.8899993896484 107.812485575676,10.8135206699371,61.8899993896484 107.812484383583,10.8135241270065,61.8400001525879 107.812479257584,10.8135290145874,61.75 107.812476158142,10.8135334253311,61.7099990844727 107.812472939491,10.8135373592377,61.7700004577637 107.812473535538,10.8135429620743,61.810001373291 107.812472939491,10.8135492801666,61.6699981689453 107.812472820282,10.8135547637939,61.5999984741211 107.812470316887,10.8135595321655,61.6399993896484 107.812469482422,10.8135634660721,61.6699981689453 107.812469124794,10.8135644197464,61.6500015258789 107.812468290329,10.8135645389557,61.5900001525879 107.812465906143,10.8135614395142,61.5299987792969 107.812452554703,10.8135688304901,61.5200004577637 107.812445998192,10.8135731220245,61.5200004577637 107.8124396801,10.8135751485825,61.5900001525879 107.8124345541,10.8135784864426,61.6199989318848 107.812429785728,10.8135809898376,61.6399993896484 107.81242454052,10.8135838508606,61.6599998474121 107.812423229218,10.8135892152786,61.7799987792969 107.812417268753,10.8135942220688,61.8600006103516 107.812413096428,10.8135993480682,61.9000015258789 107.812409043312,10.8136041164398,61.9500007629395 107.812404513359,10.8136094808578,62.0 107.812400221825,10.813615322113,62.0200004577637 107.812394022942,10.8136215209961,62.0099983215332 107.812389016151,10.8136268854141,62.060001373291 107.812384605408,10.8136308193207,62.0999984741211 107.812381863594,10.8136353492737,62.0499992370605 107.812379956245,10.8136398792267,62.0299987792969 107.812378168106,10.813646197319,62.0200004577637 107.812373995781,10.8136543035507,62.0699996948242 107.8123691082,10.813661813736,62.1100006103516 107.812365531921,10.8136690855026,62.1300010681152 107.812363028526,10.813677072525,62.1399993896484 107.812361359596,10.8136833906174,62.1399993896484 107.812362670898,10.8136867284775,62.1500015258789 107.812363028526,10.8136913776398,62.0099983215332 107.812367320061,10.8136970996857,61.9300003051758 107.812365651131,10.8137055635452,61.8899993896484 107.812357902527,10.8137135505676,61.8800010681152 107.812349438667,10.8137196302414,61.8800010681152 107.812344312668,10.8137222528458,61.9099998474121 107.812337636948,10.8137217760086,61.9900016784668 107.812332987785,10.8137233257294,62.0900001525879 107.812327265739,10.8137266635895,62.1500015258789 107.812322854996,10.813729763031,62.189998626709 107.812315702438,10.8137309551239,62.2599983215332 107.812311887741,10.8137338161469,62.2999992370605 107.812309503555,10.813737988472,62.310001373291 107.812307357788,10.8137402534485,62.3199996948242 107.812304139137,10.8137463331223,62.310001373291 107.812302589417,10.8137526512146,62.3199996948242 107.812300562859,10.8137543201447,62.3199996948242 107.81229698658,10.8137563467026,62.3300018310547 107.812292218208,10.8137564659119,62.3199996948242 107.812289834023,10.8137607574463,62.3300018310547 107.812287330627,10.813768029213,62.3400001525879 107.812284588814,10.8137741088867,62.3499984741211 107.812278628349,10.8137782812119,62.4000015258789 107.812271595001,10.8137843608856,62.4700012207031 107.812265276909,10.8137880563736,62.5200004577637 107.812262535095,10.8137897253036,62.5400009155273 107.812259793282,10.8137907981873,62.560001373291 107.812256336212,10.8137937784195,62.560001373291 107.812251567841,10.8137971162796,62.5699996948242 107.812246084213,10.8137999773026,62.5499992370605 107.812242269516,10.8138037919998,62.5400009155273 107.812238693237,10.8138098716736,62.5400009155273 107.812239050865,10.8138192892075,62.5400009155273 107.812238335609,10.8138276338577,62.5400009155273 107.812233686447,10.813835144043,62.5400009155273 107.812227964401,10.8138415813446,62.560001373291 107.812224149704,10.8138452768326,62.5699996948242 107.812219500542,10.8138498067856,62.5900001525879 107.812215328217,10.8138507604599,62.5900001525879 107.812208533287,10.8138537406921,62.5800018310547 107.812203884125,10.8138593435287,62.560001373291 107.812198996544,10.8138628005981,62.5400009155273 107.812196135521,10.8138679265976,62.5200004577637 107.812193155289,10.8138703107834,62.5299987792969 107.812189817429,10.8138726949692,62.5400009155273 107.812185406685,10.8138768672943,62.5400009155273 107.812179803848,10.8138819932938,62.5400009155273 107.812176942825,10.8138893842697,62.5800018310547 107.812169909477,10.8138922452927,62.5900001525879 107.812164306641,10.8138947486877,62.5900001525879 107.812159538269,10.8138964176178,62.5699996948242 107.812155246735,10.8138998746872,62.560001373291 107.812152504921,10.8139060735703,62.5900001525879 107.812151551247,10.8139120340347,62.7000007629395 107.812146544456,10.8139214515686,62.7299995422363 107.812143206596,10.8139272928238,62.7799987792969 107.812142968178,10.8139313459396,62.7999992370605 107.812140583992,10.8139375448227,62.810001373291 107.81213927269,10.8139449357986,62.8199996948242 107.812140226364,10.8139526844025,62.8699989318848 107.812145590782,10.8139598369598,62.8800010681152 107.812149524689,10.8139649629593,62.9000015258789 107.812155365944,10.8139699697495,62.8600006103516 107.812160491943,10.8139773607254,62.8400001525879 107.812162518501,10.8139861822128,62.7700004577637 107.812160849571,10.8139932155609,62.7000007629395 107.812156200409,10.8140012025833,62.6599998474121 107.812153100967,10.8140091896057,62.6199989318848 107.812148690224,10.8140163421631,62.5900001525879 107.812144160271,10.814022898674,62.5699996948242 107.812141418457,10.8140304088593,62.560001373291 107.812138676643,10.8140382766724,62.5699996948242 107.812135100365,10.8140451908112,62.5900001525879 107.812131285667,10.8140501976013,62.6100006103516 107.81212747097,10.8140590190887,62.6300010681152 107.812123894691,10.8140662908554,62.6399993896484 107.812121391296,10.8140732049942,62.6599998474121 107.812119960785,10.8140825033188,62.689998626709 107.812117934227,10.8140909671783,62.7000007629395 107.812114596367,10.814098238945,62.7099990844727 107.812110900879,10.8141067028046,62.7400016784668 107.812107205391,10.8141150474548,62.75 107.812102913857,10.8141235113144,62.7999992370605 107.812100410461,10.8141341209412,62.8400001525879 107.81209731102,10.8141444921494,62.8600006103516 107.812096476555,10.8141516447067,62.8800010681152 107.812096357346,10.8141534328461,62.9000015258789 107.812095403671,10.8141533136368,62.9799995422363 107.812094807625,10.8141638040543,63.0099983215332 107.812095046043,10.8141725063324,63.0200004577637 107.812096357346,10.8141791820526,63.0699996948242 107.812093377113,10.8141844272614,63.0499992370605 107.812091350555,10.8141897916794,63.0800018310547 107.812089204788,10.8141947984695,63.0800018310547 107.812087535858,10.8141989707947,63.0699996948242 107.812086939812,10.8142025470734,63.0699996948242 107.812087655067,10.8142066001892,63.0699996948242 107.81208217144,10.8142125606537,63.0699996948242 107.812077522278,10.8142191171646,63.1300010681152 107.812072873116,10.8142241239548,63.2000007629395 107.812071323395,10.81422996521,63.4000015258789 107.812072515488,10.8142367601395,63.560001373291 107.812072515488,10.8142439126968,63.6399993896484 107.812074780464,10.8142501115799,63.7099990844727 107.812073588371,10.814257144928,63.75 107.812074422836,10.8142646551132,63.7599983215332 107.812073945999,10.8142694234848,63.7599983215332 107.812076687813,10.8142729997635,63.7700004577637 107.812076687813,10.8142768144608,63.75 107.81207549572,10.8142842054367,63.7599983215332 107.812076568604,10.8142902851105,63.7700004577637 107.812072753906,10.8142964839935,63.7700004577637 107.812072634697,10.8143029212952,63.7900009155273 107.812070012093,10.8143091201782,63.7999992370605 107.812071204185,10.8143146038055,63.7999992370605 107.812069892883,10.8143210411072,63.810001373291 107.81207048893,10.8143264055252,63.810001373291 107.812067747116,10.8143320083618,63.7099990844727 107.812068581581,10.8143371343613,63.7599983215332 107.812067866325,10.8143435716629,63.7000007629395 107.812071561813,10.8143476247787,63.7000007629395 107.812073469162,10.8143516778946,63.6699981689453 107.812075614929,10.8143540620804,63.6500015258789 107.812076210976,10.8143579959869,63.6199989318848 107.812076449394,10.8143625259399,63.5900001525879 107.812075734138,10.814367890358,63.5699996948242 107.812075972557,10.8143720626831,63.5699996948242 107.812075257301,10.8143752813339,63.5699996948242 107.812077522278,10.814381480217,63.5900001525879 107.812077879906,10.8143869638443,63.6599998474121 107.812080144882,10.8143920898438,63.689998626709 107.812079787254,10.8143975734711,63.7000007629395 107.812079548836,10.8144025802612,63.7099990844727 107.812078356743,10.8144099712372,63.7099990844727 107.812078595161,10.8144165277481,63.75 107.81208050251,10.8144204616547,63.7299995422363 107.812083244324,10.8144236803055,63.7000007629395 107.812083244324,10.8144278526306,63.6699981689453 107.812083601952,10.8144319057465,63.6699981689453 107.812084436417,10.8144359588623,63.689998626709 107.812086939812,10.8144407272339,63.6800003051758 107.812090039253,10.8144462108612,63.6599998474121 107.812092065811,10.8144537210464,63.6100006103516 107.812093853951,10.8144594430923,63.5800018310547 107.812093853951,10.814460515976,63.5699996948242 107.812094211578,10.8144651651382,63.5699996948242 107.812093257904,10.814470410347,63.5499992370605 107.812095046043,10.8144731521606,63.5400009155273 107.812095761299,10.8144762516022,63.5699996948242 107.81209897995,10.8144801855087,63.5800018310547 107.812099337578,10.8144870996475,63.5900001525879 107.812101602554,10.8144966363907,63.6199989318848 107.812103867531,10.8145077228546,63.6399993896484 107.812104701996,10.8145182132721,63.6500015258789 107.812102437019,10.8145277500153,63.6599998474121 107.812096953392,10.8145341873169,63.6699981689453 107.812091112137,10.8145395517349,63.6599998474121 107.812084078789,10.814542889595,63.6199989318848 107.812077760696,10.8145471811295,63.5699996948242 107.812071681023,10.8145512342453,63.5400009155273 107.81206536293,10.8145532608032,63.5099983215332 107.812060594559,10.814558506012,63.4900016784668 107.812055230141,10.8145616054535,63.4900016784668 107.81204855442,10.81456387043,63.5099983215332 107.812043428421,10.81456553936,63.5699996948242 107.812040328979,10.8145620822906,63.5900001525879 107.812034130096,10.814559340477,63.6100006103516 107.812029123306,10.8145557641983,63.6199989318848 107.812022089958,10.8145521879196,63.6199989318848 107.812017440796,10.8145480155945,63.6199989318848 107.812011241913,10.8145447969437,63.6199989318848 107.81200504303,10.8145471811295,63.6100006103516 107.81199836731,10.8145456314087,63.560001373291 107.811991214752,10.8145469427109,63.5299987792969 107.811985731125,10.8145493268967,63.5400009155273 107.81197822094,10.8145493268967,63.5800018310547 107.81197309494,10.8145514726639,63.5699996948242 107.811973452568,10.8145515918732,63.560001373291 107.81197476387,10.8145527839661,63.560001373291 107.81197488308,10.8145595788956,63.5800018310547 107.811971306801,10.8145633935928,63.5900001525879 107.811968684196,10.8145670890808,63.5699996948242 107.811966657639,10.8145699501038,63.5099983215332 107.811962604523,10.8145760297775,63.5299987792969 107.811960935593,10.8145830631256,63.5400009155273 107.811956763268,10.8145880699158,63.5400009155273 107.811953306198,10.8145915269852,63.5400009155273 107.81194794178,10.8145951032639,63.560001373291 107.81194293499,10.8145979642868,63.560001373291 107.811934232712,10.8146024942398,63.5699996948242 107.811928510666,10.8146067857742,63.5900001525879 107.811925172806,10.8146107196808,63.5699996948242 107.811922073364,10.8146129846573,63.6300010681152 107.811917543411,10.8146167993546,63.5900001525879 107.811911821365,10.8146200180054,63.560001373291 107.81191110611,10.8146245479584,63.5299987792969 107.811908841133,10.8146282434464,63.5200004577637 107.811906576157,10.81463098526,63.4599990844727 107.811901450157,10.8146349191666,63.4300003051758 107.811898946762,10.8146407604218,63.4199981689453 107.811894416809,10.8146433830261,63.3699989318848 107.811888694763,10.8146462440491,63.3899993896484 107.811882257462,10.8146488666534,63.4000015258789 107.811875224113,10.8146514892578,63.4099998474121 107.811868548393,10.8146533966064,63.4099998474121 107.811865210533,10.8146554231644,63.3899993896484 107.811863660812,10.8146562576294,63.3699989318848 107.811863303185,10.8146559000015,63.2599983215332 107.811857581139,10.8146657943726,63.1500015258789 107.811851382256,10.8146730661392,63.1800003051758 107.811843395233,10.8146780729294,63.2200012207031 107.811836123466,10.8146827220917,63.2799987792969 107.811829924583,10.8146901130676,63.4099998474121 107.811823487282,10.8146977424622,63.4599990844727 107.811817646027,10.8147039413452,63.5400009155273 107.811812162399,10.8147106170654,63.5699996948242 107.811806321144,10.8147155046463,63.5999984741211 107.811800837517,10.8147195577621,63.6199989318848 107.81179356575,10.8147261142731,63.6399993896484 107.811787724495,10.8147292137146,63.6500015258789 107.811782836914,10.8147324323654,63.6699981689453 107.811778306961,10.8147368431091,63.6699981689453 107.811771512032,10.8147395849228,63.6500015258789 107.811764597893,10.8147405385971,63.6399993896484 107.811757326126,10.8147423267365,63.6300010681152 107.811751484871,10.8147423267365,63.5900001525879 107.811745524406,10.81474173069,63.5800018310547 107.811740159988,10.8147413730621,63.5699996948242 107.81173312664,10.8147424459457,63.5900001525879 107.811726570129,10.8147436380386,63.6199989318848 107.811719536781,10.8147433996201,63.6300010681152 107.811712861061,10.8147456645966,63.6599998474121 107.811705231667,10.8147490024567,63.6800003051758 107.811699867249,10.8147534132004,63.6800003051758 107.811694145203,10.8147566318512,63.6800003051758 107.811691641808,10.8147604465485,63.6800003051758 107.811690330505,10.8147618770599,63.6699981689453 107.811688542366,10.8147611618042,63.689998626709 107.811687469482,10.8147614002228,63.7000007629395 107.811680436134,10.8147696256638,63.75 107.811676621437,10.8147780895233,63.6800003051758 107.811671853065,10.8147842884064,63.6399993896484 107.811667084694,10.8147888183594,63.6100006103516 107.811661601067,10.8147931098938,63.5900001525879 107.811651945114,10.8147958517075,63.5699996948242 107.811646699905,10.8147994279861,63.560001373291 107.811643362045,10.8148021697998,63.5200004577637 107.811645388603,10.8148061037064,63.4799995422363 107.811643958092,10.814811706543,63.4500007629395 107.811641931534,10.8148151636124,63.3899993896484 107.811639904976,10.8148181438446,63.3600006103516 107.811638951302,10.8148212432861,63.310001373291 107.811637282372,10.8148230314255,63.2700004577637 107.811637163162,10.8148236274719,63.2599983215332 107.811637878418,10.814826130867,63.2900009155273 107.811623811722,10.8148359060287,63.1699981689453 107.811620354652,10.8148361444473,63.1699981689453 107.811614155769,10.8148372173309,63.1699981689453 107.81160736084,10.8148362636566,63.2000007629395 107.811601400375,10.8148366212845,63.2299995422363 107.811595916748,10.8148354291916,63.310001373291 107.811589837074,10.8148374557495,63.4099998474121 107.811583995819,10.8148391246796,63.5299987792969 107.811577677727,10.8148407936096,63.5900001525879 107.811571598053,10.8148422241211,63.6599998474121 107.811565279961,10.8148432970047,63.7000007629395 107.81155860424,10.8148447275162,63.7599983215332 107.811551809311,10.8148453235626,63.8199996948242 107.811550140381,10.8148463964462,63.8300018310547 107.811546802521,10.8148465156555,63.7900009155273 107.811543345451,10.8148475885391,63.810001373291 107.811539769173,10.8148492574692,63.7799987792969 107.811536312103,10.8148540258408,63.7999992370605 107.811532020569,10.8148564100266,63.8300018310547 107.811528205872,10.8148614168167,63.8300018310547 107.811521649361,10.8148634433746,63.8199996948242 107.811516523361,10.8148667812347,63.8400001525879 107.811507225037,10.8148701190948,63.8300018310547 107.81150329113,10.8148725032806,63.8400001525879 107.811499595642,10.8148776292801,63.8300018310547 107.81149315834,10.8148857355118,63.8300018310547 107.811485409737,10.8148893117905,63.7799987792969 107.811478376389,10.8148897886276,63.75 107.811472415924,10.814889550209,63.7299995422363 107.811469435692,10.8148914575577,63.7200012207031 107.811463594437,10.8148908615112,63.7099990844727 107.811457157135,10.8148903846741,63.7000007629395 107.811446547508,10.8148908615112,63.7000007629395 107.811438441277,10.8148934841156,63.7000007629395 107.811430692673,10.8148951530457,63.7000007629395 107.811426520348,10.8148963451385,63.7000007629395 107.811422586441,10.81489610672,63.7000007629395 107.811418056488,10.8148972988129,63.8400001525879 107.811413764954,10.8148989677429,63.9099998474121 107.811411261559,10.8149020671844,63.9500007629395 107.811408400536,10.8149036169052,63.939998626709 107.81140422821,10.8149064779282,63.9900016784668 107.811398267746,10.8149083852768,64.0500030517578 107.811392188072,10.8149114847183,64.120002746582 107.811383008957,10.8149167299271,64.1800003051758 107.811374306679,10.8149183988571,64.2200012207031 107.811366319656,10.8149183988571,64.25 107.811357975006,10.8149198293686,64.2600021362305 107.811351895332,10.814922451973,64.2600021362305 107.811348438263,10.8149267435074,64.2799987792969 107.811347365379,10.8149362802505,64.2799987792969 107.811344027519,10.8149452209473,64.2799987792969 107.811339020729,10.8149507045746,64.2699966430664 107.811332821846,10.8149515390396,64.2600021362305 107.811325669289,10.8149493932724,64.2600021362305 107.811319351196,10.8149476051331,64.3000030517578 107.811314225197,10.8149505853653,64.3199996948242 107.811309814453,10.8149557113647,64.379997253418 107.811304688454,10.8149596452713,64.3600006103516 107.811298012733,10.8149631023407,64.4000015258789 107.811292290688,10.8149664402008,64.4400024414062 107.811284184456,10.8149703741074,64.4700012207031 107.811279416084,10.8149756193161,64.4899978637695 107.811272621155,10.8149783611298,64.5 107.811266064644,10.8149811029434,64.5100021362305 107.811258792877,10.8149842023849,64.5800018310547 107.81125330925,10.814985871315,64.620002746582 107.811247825623,10.8149893283844,64.6399993896484 107.81124162674,10.8149919509888,64.5999984741211 107.811237335205,10.8149936199188,64.5800018310547 107.811231613159,10.8149952888489,64.5899963378906 107.811225771904,10.814994931221,64.5999984741211 107.811217904091,10.8149935007095,64.5999984741211 107.811210155487,10.8149945735931,64.6399993896484 107.81120121479,10.814994096756,64.6500015258789 107.811193346977,10.8149963617325,64.6900024414062 107.811185717583,10.8149952888489,64.7600021362305 107.811179280281,10.8149952888489,64.8199996948242 107.811173796654,10.8149955272675,64.8399963378906 107.811166882515,10.8149967193604,64.8499984741211 107.811159729958,10.8150008916855,64.8600006103516 107.81115436554,10.8150014877319,64.9199981689453 107.811148285866,10.8150029182434,64.9499969482422 107.81114256382,10.8150027990341,64.9599990844727 107.811136484146,10.8150019645691,64.9700012207031 107.811132907867,10.8150006532669,64.9800033569336 107.811128020287,10.8149968385696,65.0299987792969 107.811123013496,10.8149937391281,65.0599975585938 107.811119794846,10.8149893283844,65.0800018310547 107.811121225357,10.8149843215942,65.0800018310547 107.811120986938,10.8149751424789,65.0800018310547 107.811120510101,10.8149667978287,65.0800018310547 107.811117053032,10.8149538040161,65.0899963378906 107.811117172241,10.8149439096451,65.0100021362305 107.811119437218,10.8149356842041,64.9700012207031 107.811120986938,10.8149267435074,64.9599990844727 107.811118245125,10.8149167299271,64.9700012207031 107.811117649078,10.8149067163467,65.0299987792969 107.811120271683,10.8148976564407,65.0599975585938 107.811121821404,10.8148884773254,65.0199966430664 107.811120986938,10.8148795366287,65.0 107.811122059822,10.8148711919785,64.9599990844727 107.81112408638,10.8148622512817,64.9400024414062 107.811126112938,10.8148529529572,64.9300003051758 107.811126112938,10.8148437738419,64.8899993896484 107.811125516891,10.8148350715637,64.9000015258789 107.811125993729,10.8148266077042,64.9000015258789 107.811126470566,10.8148199319839,64.9100036621094 107.811125636101,10.814813375473,64.9100036621094 107.811126112938,10.8148084878922,64.879997253418 107.811126589775,10.8147996664047,64.8600006103516 107.811125040054,10.8147916793823,64.870002746582 107.81112408638,10.8147821426392,64.870002746582 107.81112241745,10.8147728443146,64.8899993896484 107.811121940613,10.8147624731064,64.9000015258789 107.811122655869,10.8147535324097,64.9100036621094 107.811124444008,10.8147456645966,64.9100036621094 107.811126112938,10.814737200737,64.9400024414062 107.811126708984,10.8147283792496,64.9700012207031 107.811125993729,10.81471991539,65.0 107.811126112938,10.8147107362747,65.0199966430664 107.811128258705,10.8147025108337,65.0299987792969 107.811130285263,10.8146952390671,65.0299987792969 107.811131715775,10.8146876096725,65.0299987792969 107.811132907867,10.8146777153015,65.0400009155273 107.811135053635,10.8146677017212,65.0599975585938 107.811136841774,10.8146586418152,65.0699996948242 107.811137080193,10.8146497011185,65.0699996948242 107.811136960983,10.814640879631,65.0699996948242 107.8111358881,10.8146324157715,65.0800018310547 107.811135649681,10.8146212100983,65.0899963378906 107.811138033867,10.8146103620529,65.129997253418 107.811140418053,10.8146024942398,65.1699981689453 107.811142086983,10.8145956993103,65.2099990844727 107.811143159866,10.8145879507065,65.2399978637695 107.811143994331,10.8145802021027,65.25 107.811145067215,10.8145728111267,65.25 107.811146974564,10.8145653009415,65.2399978637695 107.811148762703,10.8145576715469,65.2099990844727 107.811150670052,10.8145492076874,65.1900024414062 107.811152338982,10.8145405054092,65.1699981689453 107.81115436554,10.8145306110382,65.1399993896484 107.811156868935,10.8145204782486,65.0999984741211 107.811159133911,10.8145096302032,65.0899963378906 107.811160087585,10.8144980669022,65.0899963378906 107.811161637306,10.8144869804382,65.0999984741211 107.811161756516,10.8144724369049,65.1100006103516 107.811161279678,10.8144553899765,65.120002746582 107.811162233353,10.8144382238388,65.129997253418 107.81116092205,10.8144181966782,65.1900024414062 107.811160326004,10.814396739006,65.3099975585938 107.811160087585,10.8143746852875,65.4300003051758 107.811159849167,10.8143572807312,65.5 107.811162352562,10.8143451213837,65.5299987792969 107.811163425446,10.8143346309662,65.4800033569336 107.811165332794,10.8143230676651,65.4499969482422 107.811166405678,10.814311504364,65.379997253418 107.811166644096,10.8142998218536,65.3600006103516 107.811167478561,10.8142875432968,65.3399963378906 107.811168551445,10.8142746686935,65.3300018310547 107.811169266701,10.8142626285553,65.379997253418 107.811169743538,10.8142529726028,65.4499969482422 107.811168909073,10.8142445087433,65.5400009155273 107.811167597771,10.8142348527908,65.620002746582 107.811166524887,10.8142242431641,65.6999969482422 107.811165094376,10.8142136335373,65.75 107.811164498329,10.8142025470734,65.7799987792969 107.811165332794,10.8141920566559,65.8099975585938 107.811166286469,10.8141822814941,65.8499984741211 107.81116604805,10.8141715526581,65.8399963378906 107.811164975166,10.8141607046127,65.8399963378906 107.811164021492,10.8141493797302,65.870002746582 107.811164259911,10.8141382932663,65.9300003051758 107.811166405678,10.8141266107559,65.9499969482422 107.811168313026,10.814115524292,65.9700012207031 107.811172008514,10.8141045570374,65.9899978637695 107.811173796654,10.8140901327133,66.0 107.811171531677,10.8140745162964,66.0100021362305 107.811169266701,10.8140623569489,66.0100021362305 107.811170101166,10.8140475749969,66.0500030517578 107.811171650887,10.8140318393707,66.0699996948242 107.811173677444,10.8140184879303,66.1500015258789 107.811174988747,10.8140077590942,66.1900024414062 107.811174035072,10.8139969110489,66.2099990844727 107.811171889305,10.8139865398407,66.2099990844727 107.811170935631,10.8139758110046,66.1900024414062 107.811170935631,10.8139646053314,66.1999969482422 107.811171412468,10.813952922821,66.2099990844727 107.811171412468,10.8139419555664,66.2099990844727 107.811172485352,10.8139312267303,66.2300033569336 107.811174154282,10.8139208555222,66.2600021362305 107.811175346375,10.8139116764069,66.2799987792969 107.811176657677,10.8139036893845,66.2900009155273 107.811177611351,10.813896894455,66.3199996948242 107.811178207397,10.8138906955719,66.370002746582 107.811178922653,10.8138844966888,66.4199981689453 107.811180353165,10.81387758255,66.4499969482422 107.811181426048,10.8138695955276,66.4800033569336 107.811180591583,10.8138579130173,66.5 107.811178922653,10.8138474225998,66.5599975585938 107.81117618084,10.8138382434845,66.5999984741211 107.811174631119,10.8138276338577,66.629997253418 107.811175704002,10.8138176202774,66.6399993896484 107.811177492142,10.8138099908829,66.6699981689453 107.811179757118,10.8138025999069,66.6999969482422 107.811180591583,10.8137929439545,66.7399978637695 107.811180830002,10.8137819766998,66.7699966430664 107.811180830002,10.8137724399567,66.7699966430664 107.81117784977,10.8137648105621,66.8199996948242 107.811175107956,10.8137549161911,66.8600006103516 107.811174988747,10.8137445449829,66.9000015258789 107.81117773056,10.8137354850769,66.9300003051758 107.811180472374,10.8137274980545,66.9499969482422 107.811181545258,10.8137181997299,67.0199966430664 107.811182498932,10.8137074708939,67.0500030517578 107.811181783676,10.8136947154999,67.0699996948242 107.811180472374,10.8136802911758,67.0999984741211 107.81117939949,10.8136665821075,67.129997253418 107.81117773056,10.8136533498764,67.1399993896484 107.811176300049,10.813640832901,67.1500015258789 107.811174631119,10.8136291503906,67.1600036621094 107.81117105484,10.8136160373688,67.1600036621094 107.811167597771,10.8136005401611,67.1600036621094 107.811167836189,10.8135826587677,67.1600036621094 107.811171412468,10.8135612010956,67.1600036621094 107.811172962189,10.813538312912,67.2200012207031 107.811173319817,10.8135182857513,67.3300018310547 107.811174154282,10.8135033845901,67.3899993896484 107.811174154282,10.8134907484055,67.4199981689453 107.811171770096,10.8134742975235,67.4400024414062 107.811166167259,10.8134573698044,67.4100036621094 107.811164021492,10.8134406805038,67.4000015258789 107.811164975166,10.8134236335754,67.379997253418 107.811167120934,10.8134098052979,67.370002746582 107.811168670654,10.8133980035782,67.3600006103516 107.811171531677,10.8133859634399,67.3600006103516 107.811175227165,10.8133738040924,67.3399963378906 107.811177611351,10.813364982605,67.2099990844727 107.811182022095,10.8133562803268,67.2799987792969 107.811186552048,10.8133463859558,67.3099975585938 107.811191320419,10.8133354187012,67.3199996948242 107.811197519302,10.8133243322372,67.3600006103516 107.811202526093,10.813313126564,67.4100036621094 107.811204314232,10.8133022785187,67.4499969482422 107.811203598976,10.8132925033569,67.6500015258789 107.81119966507,10.8132826089859,67.7600021362305 107.811196923256,10.813272356987,67.8499984741211 107.811196923256,10.8132605552673,67.9199981689453 107.811197638512,10.813245177269,67.9899978637695 107.811197638512,10.8132301568985,68.0299987792969 107.811198353767,10.813214302063,68.0500030517578 107.811199188232,10.8132001161575,68.1100006103516 107.811199188232,10.8131873607635,68.1800003051758 107.811200141907,10.8131741285324,68.2200012207031 107.811201810837,10.8131598234177,68.1900024414062 107.811202287674,10.8131462335587,68.1800003051758 107.811201810837,10.8131332397461,68.1699981689453 107.811202526093,10.8131201267242,68.1699981689453 107.811201572418,10.8131058216095,68.2200012207031 107.811198949814,10.8130909204483,68.25 107.811195850372,10.8130751848221,68.2699966430664 107.811192154884,10.8130606412888,68.2900009155273 107.81118619442,10.8130474090576,68.3600006103516 107.811179995537,10.8130354881287,68.4199981689453 107.811173200607,10.8130210638046,68.4700012207031 107.811166167259,10.8130043745041,68.5100021362305 107.811163306236,10.8129894733429,68.5400009155273 107.811163187027,10.8129773139954,68.5599975585938 107.811165094376,10.8129677772522,68.5599975585938 107.811169505119,10.8129624128342,68.629997253418 107.811174988747,10.8129588365555,68.6699981689453 107.811180949211,10.812953710556,68.7300033569336 107.811186075211,10.8129495382309,68.8399963378906 107.811192512512,10.8129494190216,68.8899993896484 107.811197757721,10.8129489421844,68.9199981689453 107.811205148697,10.8129459619522,69.0199966430664 107.811211109161,10.812943816185,69.120002746582 107.811216711998,10.8129440546036,69.2300033569336 107.811226010323,10.8129434585571,69.3600006103516 107.811233997345,10.812940120697,69.4700012207031 107.811241149902,10.812936425209,69.5299987792969 107.811248779297,10.8129346370697,69.5599975585938 107.81125664711,10.8129298686981,69.5599975585938 107.811263084412,10.8129253387451,69.5299987792969 107.811268925667,10.8129234313965,69.5199966430664 107.811280965805,10.8129231929779,69.5100021362305 107.811289668083,10.8129253387451,69.4899978637695 107.811297535896,10.8129283189774,69.4800033569336 107.811308383942,10.8129304647446,69.4800033569336 107.811319470406,10.8129329681396,69.4800033569336 107.81133055687,10.812933921814,69.4899978637695 107.811341762543,10.8129327297211,69.4899978637695 107.811352491379,10.8129311800003,69.5100021362305 107.811363220215,10.8129299879074,69.5500030517578 107.811372876167,10.8129312992096,69.620002746582 107.811381459236,10.8129353523254,69.6600036621094 107.811392188072,10.8129382133484,69.6900024414062 107.811402082443,10.8129395246506,69.6999969482422 107.811411261559,10.8129374980927,69.6999969482422 107.811422348022,10.8129354715347,69.7300033569336 107.811432480812,10.812935590744,69.75 107.811436891556,10.8129380941391,69.7699966430664 107.811439156532,10.8129389286041,69.7799987792969 107.811446070671,10.812939286232,69.7600021362305 107.811455845833,10.812939286232,69.7399978637695 107.811463117599,10.8129395246506,69.7399978637695 107.811467170715,10.8129396438599,69.7300033569336 107.811468839645,10.812940955162,69.6900024414062 107.811470627785,10.8129411935806,69.6399993896484 107.811470031738,10.8129407167435,69.629997253418 107.811475872993,10.8129358291626,69.5299987792969 107.811483263969,10.8129371404648,69.5100021362305 107.81149315834,10.8129357099533,69.4700012207031 107.811501979828,10.8129333257675,69.4599990844727 107.811508655548,10.8129289150238,69.4599990844727 107.811515688896,10.8129237890244,69.4700012207031 107.811524510384,10.8129218816757,69.5 107.811535954475,10.8129193782806,69.5100021362305 107.811548233032,10.8129149675369,69.5199966430664 107.811561465263,10.8129103183746,69.5199966430664 107.811574697495,10.8129061460495,69.5299987792969 107.811585187912,10.8129028081894,69.5100021362305 107.811595439911,10.8128986358643,69.4599990844727 107.811606645584,10.8128920793533,69.370002746582 107.811617255211,10.8128882646561,69.3199996948242 107.811626434326,10.8128893375397,69.2900009155273 107.811634898186,10.8128926753998,69.2799987792969 107.81164586544,10.8128935098648,69.2600021362305 107.81165599823,10.8128920793533,69.1800003051758 107.811667561531,10.8128910064697,69.129997253418 107.81168115139,10.8128936290741,69.0999984741211 107.811692476273,10.8128986358643,69.0800018310547 107.811701655388,10.8129014968872,69.0699996948242 107.81171309948,10.8129028081894,69.0699996948242 107.811727046967,10.812903881073,69.0400009155273 107.81173992157,10.8129041194916,69.0199966430664 107.811749815941,10.8129013776779,69.0100021362305 107.811760544777,10.8128955364227,69.0100021362305 107.811773180962,10.8128929138184,69.0 107.811783909798,10.8128950595856,68.9700012207031 107.811793804169,10.8128980398178,68.870002746582 107.811805725098,10.8128997087479,68.7600021362305 107.811816573143,10.81289935112,68.7099990844727 107.811826467514,10.8128960132599,68.6800003051758 107.811837911606,10.8128935098648,68.6399993896484 107.811849117279,10.8128942251205,68.5800018310547 107.811858415604,10.812896490097,68.5800018310547 107.811869263649,10.8128988742828,68.5400009155273 107.81188082695,10.8129014968872,68.5100021362305 107.811892151833,10.8129032850266,68.5 107.811903953552,10.8129031658173,68.4800033569336 107.8119161129,10.8129034042358,68.4400024414062 107.811927676201,10.8129035234451,68.4100036621094 107.811940312386,10.8129024505615,68.370002746582 107.811954140663,10.8128991127014,68.2200012207031 107.811966180801,10.8128952980042,68.129997253418 107.811979174614,10.8128918409348,68.0599975585938 107.811993122101,10.8128869533539,68.0299987792969 107.812006592751,10.8128815889359,67.9899978637695 107.812018990517,10.8128792047501,67.9599990844727 107.812030434608,10.8128827810287,67.870002746582 107.812040328979,10.8128875494003,67.6999969482422 107.812047958374,10.8128905296326,67.6100006103516 107.812058806419,10.8128931522369,67.5599975585938 107.812069058418,10.8128944635391,67.5 107.812077999115,10.8128926753998,67.4700012207031 107.812089681625,10.8128900527954,67.4400024414062 107.812100768089,10.812891125679,67.4300003051758 107.812109351158,10.812893986702,67.4199981689453 107.812119960785,10.8128949403763,67.3899993896484 107.812130570412,10.8128942251205,67.379997253418 107.812141180038,10.8128929138184,67.3499984741211 107.812152981758,10.8128905296326,67.3499984741211 107.812165617943,10.812887430191,67.3399963378906 107.812179088593,10.8128867149353,67.3300018310547 107.812191605568,10.8128888607025,67.3300018310547 107.812200069427,10.8128937482834,67.3199996948242 107.812208294868,10.8128976821899,67.3099975585938 107.812217354774,10.8128957748413,67.3000030517578 107.812222599983,10.8128904104233,67.2799987792969 107.812225937843,10.8128867149353,67.2399978637695 107.812228918076,10.8128867149353,67.2300033569336 107.812234282494,10.8128883838654,67.1999969482422 107.812238812447,10.8128885030746,67.1999969482422 107.812244296074,10.8128877878189,67.1900024414062 107.812250971794,10.8128879070282,67.1500015258789 107.812253475189,10.8128879070282,67.120002746582 107.812258958817,10.812884926796,67.1100006103516 107.81226670742,10.8128823041916,67.0899963378906 107.812272310257,10.8128790855408,67.0800018310547 107.812276124954,10.8128769397736,67.0500030517578 107.812277913094,10.8128768205643,67.0299987792969 107.812279820442,10.8128777742386,67.0100021362305 107.812281727791,10.8128789663315,67.0500030517578 107.812290906906,10.8128799200058,67.0500030517578 107.812294602394,10.8128813505173,67.0400009155273 107.812298774719,10.8128815889359,67.0500030517578 107.812301278114,10.8128825426102,67.0400009155273 107.812305092812,10.8128830194473,67.0299987792969 107.812308549881,10.8128848075867,67.0100021362305 107.812311172485,10.8128854036331,66.9100036621094 107.812312483788,10.8128864765167,66.8600006103516 107.81231379509,10.8128850460052,66.8099975585938 107.812327861786,10.812873840332,66.4199981689453 107.812334179878,10.8128701448441,66.4000015258789 107.812339305878,10.8128697872162,66.3899993896484 107.81234562397,10.8128689527512,66.2799987792969 107.812352776527,10.8128707408905,66.2099990844727 107.812362194061,10.812873840332,66.1699981689453 107.812371969223,10.8128763437271,66.1399993896484 107.812381863594,10.8128753900528,66.1100006103516 107.812392711639,10.8128734827042,66.0699996948242 107.812403082848,10.8128708600998,66.0 107.812414169312,10.8128695487976,65.9499969482422 107.812422633171,10.812873005867,65.9000015258789 107.812427997589,10.8128786087036,65.7099990844727 107.812428474426,10.8128881454468,65.620002746582 107.812428712845,10.8128976821899,65.5699996948242 107.812433123589,10.8129023313522,65.5400009155273 107.812438845634,10.8129009008408,65.620002746582 107.812447071075,10.8129018545151,65.6600036621094 107.812455415726,10.8129035234451,65.6699981689453 107.812464952469,10.8129073381424,65.7099990844727 107.81247317791,10.8129086494446,65.6999969482422 107.812482118607,10.8129059076309,65.6999969482422 107.812491059303,10.8129026889801,65.6999969482422 107.81249833107,10.8129028081894,65.6999969482422 107.812508225441,10.8129041194916,65.6600036621094 107.81251847744,10.8129040002823,65.6600036621094 107.812529563904,10.8129029273987,65.6500015258789 107.812538862228,10.8129053115845,65.6600036621094 107.812546730042,10.8129076957703,65.6500015258789 107.812554836273,10.812908411026,65.6500015258789 107.8125654459,10.8129073381424,65.6399993896484 107.812577605248,10.8129048347473,65.6399993896484 107.812588572502,10.8129045963287,65.6399993896484 107.812596559525,10.8129062652588,65.6399993896484 107.812603712082,10.8129079341888,65.6399993896484 107.812611818314,10.8129081726074,65.6399993896484 107.812619447708,10.8129096031189,65.6399993896484 107.812628388405,10.812911272049,65.5699996948242 107.812640666962,10.812911272049,65.6100006103516 107.812653303146,10.8129106760025,65.5500030517578 107.812668085098,10.8129072189331,65.5199966430664 107.812682509422,10.8129029273987,65.5199966430664 107.812697529793,10.8129000663757,65.4499969482422 107.812713265419,10.8128978013992,65.4199981689453 107.812727570534,10.8128957748413,65.4000015258789 107.812740087509,10.812893986702,65.4000015258789 107.812751054764,10.8128944635391,65.3899993896484 107.812767386436,10.8128955364227,65.3899993896484 107.812782764435,10.8128960132599,65.3899993896484 107.812797665596,10.8128981590271,65.3899993896484 107.812812805176,10.8129023313522,65.3899993896484 107.812828302383,10.8129066228867,65.3899993896484 107.812841653824,10.8129103183746,65.379997253418 107.812852978706,10.8129162788391,65.379997253418 107.812863349915,10.812922000885,65.3899993896484 107.812872648239,10.8129254579544,65.4199981689453 107.812883257866,10.8129277229309,65.4300003051758 107.81289434433,10.812927365303,65.4599990844727 107.812904238701,10.812924861908,65.4700012207031 107.812913656235,10.8129192590714,65.5100021362305 107.812921762466,10.8129165172577,65.5199966430664 107.812930107117,10.8129159212112,65.5299987792969 107.812939524651,10.8129160404205,65.5100021362305 107.812948346138,10.8129189014435,65.5 107.812956690788,10.8129191398621,65.4899978637695 107.812965869904,10.8129163980484,65.4899978637695 107.812973976135,10.812913775444,65.4499969482422 107.812982439995,10.8129142522812,65.4199981689453 107.812989830971,10.8129163980484,65.379997253418 107.812999367714,10.8129168748856,65.3600006103516 107.813010573387,10.8129147291183,65.3300018310547 107.81302022934,10.8129098415375,65.3000030517578 107.813027024269,10.8129091262817,65.2799987792969 107.813034176826,10.8129097223282,65.25 107.813039779663,10.8129097223282,65.2399978637695 107.813047170639,10.8129097223282,65.2399978637695 107.813057780266,10.8129069805145,65.2399978637695 107.813066601753,10.8129069805145,65.25 107.813074469566,10.8129096031189,65.2799987792969 107.813082695007,10.8129104375839,65.3000030517578 107.813092589378,10.8129096031189,65.3199996948242 107.813101887703,10.8129098415375,65.3199996948242 107.813109993935,10.8129103183746,65.3300018310547 107.81311917305,10.812908411026,65.3600006103516 107.813126564026,10.8129070997238,65.3499984741211 107.813129782677,10.8129025697708,65.370002746582 107.81313097477,10.8128920793533,65.379997253418 107.813135504723,10.8128850460052,65.4400024414062 107.813147306442,10.8128825426102,65.4800033569336 107.813159108162,10.8128805160522,65.4899978637695 107.813171863556,10.8128756284714,65.4899978637695 107.813185214996,10.8128727674484,65.4899978637695 107.813195943832,10.8128764629364,65.4199981689453 107.813203811646,10.8128823041916,65.379997253418 107.813215136528,10.8128873109818,65.3600006103516 107.813229203224,10.8128889799118,65.3300018310547 107.813242912292,10.8128869533539,65.3099975585938 107.813258051872,10.8128836154938,65.3000030517578 107.813274741173,10.8128848075867,65.3000030517578 107.81328856945,10.8128898143768,65.2900009155273 107.813298940659,10.8128938674927,65.2900009155273 107.813308596611,10.812895655632,65.2900009155273 107.813317894936,10.812896490097,65.2900009155273 107.813326358795,10.812893986702,65.2699966430664 107.813334226608,10.8128924369812,65.2600021362305 107.813342571259,10.8128949403763,65.25 107.813353538513,10.8128944635391,65.25 107.813362956047,10.812896490097,65.25 107.813371419907,10.8129004240036,65.2399978637695 107.813380241394,10.8129037618637,65.2399978637695 107.813388109207,10.8129040002823,65.2399978637695 107.81339609623,10.8129045963287,65.3099975585938 107.813404202461,10.8129065036774,65.3499984741211 107.813411951065,10.8129059076309,65.4000015258789 107.813418269157,10.8129044771194,65.4400024414062 107.81342625618,10.8129048347473,65.5 107.813434720039,10.8129043579102,65.5199966430664 107.81344294548,10.8129054307938,65.5400009155273 107.813453793526,10.8129059076309,65.5400009155273 107.813462972641,10.8129059076309,65.5500030517578 107.813472509384,10.8129043579102,65.4700012207031 107.813483953476,10.8129034042358,65.4199981689453 107.813492894173,10.8129054307938,65.3899993896484 107.81350004673,10.8129085302353,65.370002746582 107.813506960869,10.8129101991653,65.3600006103516 107.813514947891,10.8129101991653,65.370002746582 107.813523769379,10.8129107952118,65.4100036621094 107.813532114029,10.8129122257233,65.4599990844727 107.813539624214,10.812912106514,65.5100021362305 107.813547253609,10.8129103183746,65.5299987792969 107.813555002213,10.8129091262817,65.5500030517578 107.813562631607,10.8129076957703,65.5500030517578 107.813570618629,10.8129063844681,65.4899978637695 107.813577890396,10.8129070997238,65.4599990844727 107.813586354256,10.8129079341888,65.4400024414062 107.813596844673,10.8129073381424,65.4300003051758 107.813606142998,10.8129074573517,65.4199981689453 107.813615441322,10.8129081726074,65.4000015258789 107.813623309135,10.8129079341888,65.4599990844727 107.813629388809,10.8129079341888,65.5100021362305 107.813636183739,10.8129070997238,65.5500030517578 107.813639044762,10.8129065036774,65.6100006103516 107.813647389412,10.812908411026,65.629997253418 107.813655138016,10.812908411026,65.620002746582 107.813659191132,10.8129096031189,65.6100006103516 107.813664793968,10.8129090070724,65.5699996948242 107.813668608665,10.8129088878632,65.5299987792969 107.813673377037,10.8129091262817,65.5100021362305 107.813678383827,10.8129103183746,65.4700012207031 107.813682675362,10.8129111528397,65.4499969482422 107.813689112663,10.8129127025604,65.4400024414062 107.813693642616,10.812912106514,65.4199981689453 107.813699841499,10.8129132986069,65.4000015258789 107.813705682755,10.812912940979,65.3000030517578 107.813709259033,10.8129149675369,65.25 107.813714981079,10.8129167556763,65.2300033569336 107.813719391823,10.8129216432571,65.2200012207031 107.813724040985,10.8129266500473,65.2099990844727 107.813730239868,10.8129255771637,65.2300033569336 107.813736319542,10.8129258155823,65.2399978637695 107.813741922379,10.8129254579544,65.2699966430664 107.813747286797,10.8129231929779,65.2900009155273 107.81375348568,10.8129230737686,65.3300018310547 107.813756942749,10.8129258155823,65.3899993896484 107.813763260841,10.8129303455353,65.4300003051758 107.813768863678,10.8129299879074,65.4400024414062 107.813770890236,10.812929391861,65.4700012207031 107.813769578934,10.8129291534424,65.4899978637695 107.813768863678,10.8129286766052,65.5199966430664 107.813771128654,10.8129162788391,65.5400009155273 107.813773989677,10.8129098415375,65.5400009155273 107.813777923584,10.8129081726074,65.5 107.813784360886,10.8129070997238,65.3899993896484 107.813790559769,10.8129068613052,65.3499984741211 107.81379699707,10.8129070997238,65.3199996948242 107.81380712986,10.8129037618637,65.3600006103516 107.813814282417,10.8129035234451,65.3499984741211 107.813822984695,10.8129031658173,65.370002746582 107.813830494881,10.8129034042358,65.379997253418 107.813837647438,10.8129031658173,65.3899993896484 107.813843369484,10.8129035234451,65.3899993896484 107.813849687576,10.8129044771194,65.3899993896484 107.813854455948,10.8129040002823,65.370002746582 107.813859939575,10.8129062652588,65.3600006103516 107.813869714737,10.8129056692123,65.3399963378906 107.813877224922,10.8129066228867,65.3300018310547 107.813882708549,10.8129054307938,65.2399978637695 107.813885331154,10.8129065036774,65.2099990844727 107.813889741898,10.8129070997238,65.1900024414062 107.813896417618,10.8129098415375,65.1800003051758 107.813903927803,10.8129116296768,65.1699981689453 107.813910484314,10.812913775444,65.1900024414062 107.813915252686,10.8129148483276,65.2200012207031 107.813922405243,10.8129153251648,65.3099975585938 107.813933134079,10.8129162788391,65.370002746582 107.81394302845,10.8129165172577,65.370002746582 107.813953280449,10.8129165172577,65.370002746582 107.813961744308,10.8129172325134,65.3600006103516 107.813969254494,10.8129197359085,65.3600006103516 107.813977122307,10.8129262924194,65.2600021362305 107.813987970352,10.8129296302795,65.1600036621094 107.813995242119,10.8129291534424,65.0299987792969 107.814000487328,10.8129291534424,64.9599990844727 107.814004898071,10.8129304647446,64.9300003051758 107.814010620117,10.8129312992096,64.9100036621094 107.814019203186,10.8129299879074,65.0899963378906 107.814027309418,10.8129304647446,65.1800003051758 107.814035177231,10.8129322528839,65.2300033569336 107.814042568207,10.8129330873489,65.25 107.814047217369,10.8129346370697,65.2600021362305 107.814053058624,10.8129341602325,65.2600021362305 107.814056754112,10.8129346370697,65.25 107.814063549042,10.8129346370697,65.2300033569336 107.814072012901,10.8129400014877,65.1699981689453 107.814082860947,10.8129458427429,65.1399993896484 107.814094781876,10.8129500150681,65.120002746582 107.814106583595,10.8129507303238,65.1100006103516 107.814118504524,10.8129500150681,65.1100006103516 107.814129590988,10.8129501342773,65.1100006103516 107.814140081406,10.8129506111145,65.1100006103516 107.814151763916,10.8129489421844,65.0500030517578 107.814163088799,10.8129465579987,65.0100021362305 107.814172148705,10.8129469156265,64.9899978637695 107.81418132782,10.8129477500916,64.9599990844727 107.814190864563,10.8129463195801,64.9499969482422 107.814198493958,10.8129454851151,64.8899993896484 107.814203977585,10.8129448890686,64.8600006103516 107.814207315445,10.8129466772079,64.8499984741211 107.814212083817,10.8129470348358,64.8399963378906 107.814217448235,10.812948346138,64.8199996948242 107.814222335815,10.8129485845566,64.8199996948242 107.814229249954,10.8129510879517,64.8199996948242 107.814236283302,10.8129510879517,64.8300018310547 107.814246177673,10.8129494190216,64.8600006103516 107.814256072044,10.8129494190216,64.879997253418 107.814265608788,10.8129479885101,64.8899993896484 107.814273953438,10.8129466772079,64.9199981689453 107.814281463623,10.8129477500916,64.9499969482422 107.814291119576,10.8129488229752,64.9199981689453 107.81430208683,10.8129479885101,64.9100036621094 107.814311981201,10.812947511673,64.8899993896484 107.814321041107,10.8129485845566,64.9100036621094 107.814331889153,10.8129504919052,64.9300003051758 107.814342498779,10.8129510879517,64.9300003051758 107.814352989197,10.8129485845566,64.9300003051758 107.814363956451,10.8129448890686,64.9300003051758 107.814373493195,10.812943816185,64.9300003051758 107.814380884171,10.8129453659058,64.9300003051758 107.814388036728,10.8129458427429,64.9300003051758 107.814396739006,10.8129463195801,64.9300003051758 107.814404368401,10.8129479885101,64.9100036621094 107.814410924911,10.8129492998123,64.9000015258789 107.814415931702,10.8129543066025,64.8899993896484 107.814422607422,10.8129597902298,64.8899993896484 107.814429998398,10.8129633665085,64.9199981689453 107.814439296722,10.8129649162292,64.9300003051758 107.814448237419,10.8129646778107,64.9199981689453 107.81445991993,10.8129622936249,64.9300003051758 107.814472317696,10.8129612207413,64.9400024414062 107.814481973648,10.8129622936249,64.9199981689453 107.814489483833,10.8129630088806,64.9100036621094 107.814497947693,10.8129620552063,64.9100036621094 107.814507603645,10.8129607439041,65.0 107.814517498016,10.8129613399506,65.0500030517578 107.814526200294,10.8129643201828,65.0500030517578 107.814535021782,10.8129667043686,65.0500030517578 107.814543962479,10.8129669427872,65.0699996948242 107.814551234245,10.8129645586014,65.0899963378906 107.814557671547,10.8129625320435,65.1500015258789 107.814566731453,10.8129631280899,65.129997253418 107.81457734108,10.8129624128342,65.1600036621094 107.814587831497,10.8129615783691,65.1800003051758 107.814596652985,10.8129628896713,65.1800003051758 107.814605116844,10.8129643201828,65.1699981689453 107.814615368843,10.8129640817642,65.1600036621094 107.814627885818,10.8129638433456,65.1500015258789 107.814642429352,10.812965631485,65.1500015258789 107.814654707909,10.8129677772522,65.0999984741211 107.814663052559,10.812969326973,65.0599975585938 107.814671635628,10.8129703998566,65.0500030517578 107.814680457115,10.8129707574844,65.1100006103516 107.814689874649,10.8129686117172,65.1699981689453 107.814700961113,10.8129669427872,65.2399978637695 107.814709663391,10.8129670619965,65.2799987792969 107.814717292786,10.8129675388336,65.3000030517578 107.814725399017,10.8129661083221,65.3199996948242 107.814734339714,10.8129644393921,65.370002746582 107.814743280411,10.8129650354385,65.3899993896484 107.814750909805,10.8129680156708,65.4100036621094 107.814758896828,10.8129711151123,65.4700012207031 107.814768314362,10.8129712343216,65.5 107.814776182175,10.8129730224609,65.5100021362305 107.814782142639,10.8129754066467,65.4800033569336 107.814786911011,10.8129774332047,65.4700012207031 107.814789056778,10.8129796981812,65.4400024414062 107.814790844917,10.8129786252975,65.4100036621094 107.814795017242,10.8129758834839,65.4000015258789 107.814798116684,10.8129734992981,65.4199981689453 107.814800977707,10.8129723072052,65.4499969482422 107.814803004265,10.8129723072052,65.4700012207031 107.81480383873,10.8129723072052,65.5100021362305 107.814811110497,10.8129774332047,65.8499984741211 107.814820051193,10.8129749298096,65.4499969482422 107.814831018448,10.8129739761353,65.2399978637695 107.814839720726,10.812974691391,65.0999984741211 107.814849495888,10.8129757642746,65.0199966430664 107.814858675003,10.812974691391,64.9800033569336 107.814867258072,10.8129720687866,64.9899978637695 107.814877390862,10.8129695653915,65.0 107.814885377884,10.8129686117172,65.0999984741211 107.814895510674,10.8129683732986,65.1399993896484 107.814905524254,10.8129661083221,65.1699981689453 107.81491625309,10.8129659891129,65.1900024414062 107.814928650856,10.8129686117172,65.1999969482422 107.814942002296,10.8129723072052,65.1999969482422 107.814954161644,10.8129749298096,65.1900024414062 107.814965009689,10.8129760026932,65.1900024414062 107.814974546432,10.8129745721817,65.2099990844727 107.814985632896,10.8129711151123,65.2099990844727 107.81499350071,10.8129707574844,65.2799987792969 107.815006494522,10.8129729032516,65.3300018310547 107.815018415451,10.8129720687866,65.379997253418 107.815028190613,10.8129696846008,65.4199981689453 107.815036416054,10.8129686117172,65.4700012207031 107.815043449402,10.8129688501358,65.5199966430664 107.815050959587,10.8129690885544,65.629997253418 107.815058588982,10.8129688501358,65.6800003051758 107.815068125725,10.8129692077637,65.7200012207031 107.815075993538,10.8129698038101,65.7399978637695 107.815083265305,10.8129692077637,65.7399978637695 107.815092086792,10.8129676580429,65.7399978637695 107.81509912014,10.8129677772522,65.7399978637695 107.815104007721,10.8129680156708,65.8000030517578 107.815111517906,10.8129665851593,65.8499984741211 107.815119504929,10.8129665851593,65.879997253418 107.815124630928,10.8129677772522,65.9199981689453 107.815131187439,10.8129676580429,65.9400024414062 107.815136432648,10.8129680156708,65.9499969482422 107.815143704414,10.8129682540894,65.9400024414062 107.815153956413,10.8129687309265,65.9499969482422 107.815162062645,10.8129711151123,65.9400024414062 107.815171718597,10.8129723072052,65.9400024414062 107.815182209015,10.8129700422287,65.9400024414062 107.815193414688,10.8129686117172,65.9599990844727 107.815204262733,10.8129703998566,66.0100021362305 107.815213322639,10.8129743337631,66.0400009155273 107.815220832825,10.8129791021347,66.0500030517578 107.815230131149,10.8129818439484,66.0599975585938 107.815240621567,10.8129825592041,66.0699996948242 107.815252184868,10.8129791021347,66.0800018310547 107.815262913704,10.8129761219025,66.0899963378906 107.815271139145,10.8129774332047,66.0899963378906 107.815280079842,10.8129787445068,66.0899963378906 107.815289497375,10.8129762411118,66.0899963378906 107.815296292305,10.8129742145538,66.0599975585938 107.815302252769,10.8129727840424,66.0199966430664 107.815308094025,10.8129731416702,65.9899978637695 107.815315127373,10.812973856926,65.9700012207031 107.815322399139,10.8129743337631,65.9400024414062 107.815333247185,10.8129745721817,65.9300003051758 107.815341711044,10.8129754066467,65.9100036621094 107.815349340439,10.8129765987396,65.9000015258789 107.81536090374,10.8129745721817,65.9000015258789 107.815369963646,10.8129748106003,65.9000015258789 107.815376162529,10.8129750490189,65.9100036621094 107.815387010574,10.812974691391,65.9300003051758 107.815394759178,10.8129754066467,65.9300003051758 107.81540119648,10.8129750490189,65.9300003051758 107.815405607224,10.8129726648331,65.8399963378906 107.815413117409,10.8129683732986,65.8000030517578 107.815418243408,10.8129601478577,65.8000030517578 107.815423846245,10.8129563331604,65.7799987792969 107.815431952477,10.8129576444626,65.7699966430664 107.815442681313,10.8129585981369,65.7699966430664 107.815454721451,10.8129591941833,65.7200012207031 107.815469622612,10.8129593133926,65.6900024414062 107.815484762192,10.8129593133926,65.6600036621094 107.815496444702,10.8129588365555,65.6500015258789 107.815506577492,10.8129569292068,65.629997253418 107.815517783165,10.8129533529282,65.620002746582 107.815529942513,10.8129516839981,65.6100006103516 107.815539956093,10.8129539489746,65.6100006103516 107.81554889679,10.8129568099976,65.5699996948242 107.815558552742,10.8129558563232,65.5500030517578 107.815570116043,10.8129540681839,65.5400009155273 107.815580844879,10.8129546642303,65.4800033569336 107.815590381622,10.8129547834396,65.4100036621094 107.815599441528,10.8129523992538,65.379997253418 107.815608382225,10.8129514455795,65.3600006103516 107.815616130829,10.8129525184631,65.3499984741211 107.81562268734,10.8129514455795,65.3499984741211 107.815631389618,10.8129521608353,65.3099975585938 107.81563937664,10.8129533529282,65.2900009155273 107.815647125244,10.8129531145096,65.1900024414062 107.815650820732,10.8129569292068,65.129997253418 107.815660476685,10.8129605054855,65.0899963378906 107.815669894218,10.8129644393921,65.0599975585938 107.815676808357,10.8129692077637,65.0299987792969 107.815683603287,10.8129717111588,65.0100021362305 107.81569314003,10.8129723072052,65.0400009155273 107.81570494175,10.8129724264145,65.0500030517578 107.815717458725,10.8129712343216,65.0199966430664 107.815727949142,10.8129690885544,65.0100021362305 107.815738797188,10.8129651546478,64.9800033569336 107.815750837326,10.812961935997,64.9599990844727 107.815760612488,10.8129621744156,64.9400024414062 107.815769791603,10.8129630088806,64.9199981689453 107.815779089928,10.8129634857178,64.8499984741211 107.815787911415,10.8129620552063,64.8099975585938 107.815798640251,10.8129607439041,64.7699966430664 107.815806746483,10.8129626512527,64.7300033569336 107.81581401825,10.8129628896713,64.6999969482422 107.815821766853,10.8129609823227,64.6800003051758 107.815827965736,10.8129609823227,64.5599975585938 107.815833210945,10.8129612207413,64.5100021362305 107.815840482712,10.8129644393921,64.4800033569336 107.815846323967,10.8129698038101,64.4599990844727 107.815855264664,10.8129689693451,64.4499969482422 107.81586432457,10.8129706382751,64.4400024414062 107.815872192383,10.8129729032516,64.4300003051758 107.815880417824,10.8129734992981,64.4300003051758 107.815890789032,10.8129707574844,64.5 107.815899133682,10.8129700422287,64.5299987792969 107.815907716751,10.8129720687866,64.5599975585938 107.815915703773,10.8129711151123,64.5699996948242 107.815924286842,10.812969326973,64.5800018310547 107.815932154655,10.8129671812057,64.5800018310547 107.815940856934,10.81296646595,64.5699996948242 107.81594979763,10.8129624128342,64.5400009155273 107.815954208374,10.8129618167877,64.5100021362305 107.815961718559,10.8129603862762,64.379997253418 107.815968990326,10.8129620552063,64.2900009155273 107.81597661972,10.8129613399506,64.2099990844727 107.815983295441,10.8129593133926,64.1600036621094 107.815989971161,10.8129568099976,64.120002746582 107.815999269485,10.8129568099976,64.0999984741211 107.81600689888,10.812957406044,64.0899963378906 107.816016197205,10.8129566907883,64.0599975585938 107.816022157669,10.8129578828812,64.0500030517578 107.816030025482,10.8129581212997,64.0500030517578 107.816034555435,10.8129578828812,64.0 107.816039681435,10.8129568099976,63.9799995422363 107.816044092178,10.8129566907883,63.9500007629395 107.816048145294,10.8129559755325,63.9000015258789 107.81605219841,10.8129545450211,63.8600006103516 107.816054463387,10.8129534721375,63.8499984741211 107.816057443619,10.8129508495331,63.8499984741211 107.816061615944,10.8129507303238,63.8499984741211 107.816067099571,10.8129508495331,63.8400001525879 107.816073179245,10.8129519224167,63.8600006103516 107.816085457802,10.8129507303238,63.8899993896484 107.81609416008,10.8129541873932,63.9099998474121 107.816099882126,10.8129607439041,63.8899993896484 107.81610763073,10.8129639625549,63.8600006103516 107.816115260124,10.8129652738571,63.8400001525879 107.816122055054,10.8129643201828,63.7999992370605 107.816129922867,10.8129630088806,63.7099990844727 107.816139817238,10.8129624128342,63.6399993896484 107.816150307655,10.8129626512527,63.5400009155273 107.816159844398,10.8129646778107,63.4599990844727 107.816169977188,10.8129687309265,63.4300003051758 107.816179037094,10.8129760026932,63.3499984741211 107.816182255745,10.8129858970642,63.310001373291 107.816179513931,10.8129951953888,63.2900009155273 107.81617808342,10.8130044937134,63.2999992370605 107.816180706024,10.8130136728287,63.2999992370605 107.816182255745,10.8130205869675,63.310001373291 107.816181302071,10.8130230903625,63.310001373291 107.816183924675,10.8130224943161,63.310001373291 107.816184878349,10.8130261898041,63.3199996948242 107.816133975983,10.8129683732986,59.2900009155273
</coordinates></LinearRing></outerBoundaryIs></Polygon>
</Placemark>
<Placemark>
<name>2026-01-16 Lo 3 11ha</name>
<description><![CDATA[Polygon tạo từ track Garmin GPSMAP 67; diện tích xấp xỉ 11.1007 ha; độ hở ban đầu 5.5 m.]]></description>
<Polygon><outerBoundaryIs><LinearRing><coordinates>
107.825025320053,10.8270192146301,79.379997253418 107.825029730797,10.8270442485809,80.2600021362305 107.825030446053,10.8270506858826,80.2600021362305 107.825031518936,10.8270573616028,80.4199981689453 107.82503247261,10.8270653486252,80.5 107.825034141541,10.8270746469498,80.5199966430664 107.825031399727,10.8270852565765,79.4599990844727 107.825031161308,10.8270970582962,78.4100036621094 107.825029850006,10.8271095752716,78.2799987792969 107.825025200844,10.8271213769913,78.1600036621094 107.825022816658,10.8271331787109,78.0599975585938 107.825019598007,10.8271464109421,77.9499969482422 107.825016856194,10.8271604776382,77.5299987792969 107.825015425682,10.8271741867065,77.0899963378906 107.825014829636,10.8271849155426,76.9100036621094 107.825014352798,10.8271948099136,77.3600006103516 107.825015425682,10.8272070884705,77.5500030517578 107.82501745224,10.8272202014923,77.6900024414062 107.825020194054,10.8272341489792,77.7600021362305 107.825024485588,10.8272475004196,77.8099975585938 107.825027942657,10.82725918293,77.9400024414062 107.825029850006,10.8272700309753,78.0199966430664 107.825031876564,10.8272813558578,78.0899963378906 107.825034976006,10.8272931575775,78.129997253418 107.825037956238,10.8273057937622,78.1500015258789 107.825041651726,10.8273190259933,78.2399978637695 107.825045466423,10.8273326158524,78.4400024414062 107.825049042702,10.8273459672928,78.7300033569336 107.825051307678,10.8273582458496,79.0199966430664 107.825054049492,10.8273689746857,79.2099990844727 107.825056910515,10.827379822731,79.3199996948242 107.825060844421,10.8273904323578,79.4899978637695 107.825063467026,10.8274003267288,79.5800018310547 107.825065612793,10.8274102210999,79.620002746582 107.825068831444,10.8274201154709,79.6500015258789 107.825071930885,10.8274309635162,79.6600036621094 107.825072407722,10.827442407608,79.8199996948242 107.825073838234,10.8274549245834,80.4499969482422 107.825074672699,10.8274692296982,80.2300033569336 107.825075030327,10.8274828195572,80.120002746582 107.825075268745,10.8274954557419,80.1399993896484 107.825073838234,10.8275071382523,80.5899963378906 107.825072526932,10.8275189399719,80.5 107.825071930885,10.8275303840637,80.4499969482422 107.82507121563,10.8275420665741,80.3099975585938 107.825070738792,10.8275547027588,80.2399978637695 107.825070142746,10.8275660276413,80.3099975585938 107.825071930885,10.8275785446167,80.3499984741211 107.825076580048,10.8275916576385,80.129997253418 107.825081586838,10.8276035785675,80.0100021362305 107.825087308884,10.8276139497757,79.9499969482422 107.825090646744,10.8276242017746,79.9199981689453 107.825091123581,10.8276336193085,79.8499984741211 107.825088977814,10.8276402950287,79.7900009155273 107.82508289814,10.8276425600052,79.75 107.82507109642,10.8276423215866,79.7399978637695 107.825060367584,10.8276414871216,79.7399978637695 107.825049519539,10.8276391029358,79.7300033569336 107.82503759861,10.8276387453079,79.7300033569336 107.825025081635,10.8276392221451,79.7300033569336 107.825015425682,10.8276396989822,79.6800003051758 107.825008749962,10.8276407718658,79.6500015258789 107.824998736382,10.8276439905167,79.5699996948242 107.824988007545,10.8276450634003,79.5299987792969 107.824978470802,10.8276427984238,79.5 107.824966788292,10.8276402950287,79.4899978637695 107.824954271317,10.8276380300522,79.5400009155273 107.824944138527,10.8276386260986,79.629997253418 107.824933290482,10.827640414238,79.9400024414062 107.824921131134,10.8276425600052,80.2300033569336 107.824910163879,10.8276419639587,80.379997253418 107.82489991188,10.8276399374008,80.4499969482422 107.824888348579,10.8276392221451,80.4899978637695 107.824877619743,10.8276396989822,80.4800033569336 107.824868917465,10.8276396989822,80.3499984741211 107.824858784676,10.8276430368423,80.2399978637695 107.824847459793,10.8276448249817,80.1699981689453 107.824836134911,10.8276439905167,80.0699996948242 107.824825167656,10.8276427984238,79.6399993896484 107.824813246727,10.8276418447495,79.0999984741211 107.824802994728,10.8276408910751,78.8199996948242 107.824793815613,10.8276417255402,78.6699981689453 107.824783802032,10.8276438713074,79.0400009155273 107.824773073196,10.8276464939117,79.0599975585938 107.824761390686,10.8276480436325,79.0699996948242 107.824750542641,10.8276474475861,79.1900024414062 107.824738740921,10.8276473283768,79.3099975585938 107.824728369713,10.8276462554932,79.3600006103516 107.824720144272,10.8276458978653,79.3399963378906 107.824711203575,10.8276458978653,79.2200012207031 107.824701547623,10.8276448249817,79.0699996948242 107.824692606926,10.8276427984238,78.8199996948242 107.824682593346,10.8276418447495,78.4899978637695 107.824672937393,10.8276419639587,78.3300018310547 107.824663877487,10.8276414871216,78.2300033569336 107.824653744698,10.8276405334473,78.1999969482422 107.824640989304,10.8276417255402,78.1699981689453 107.824628591537,10.827641248703,78.0899963378906 107.82461643219,10.8276413679123,78.1999969482422 107.824606657028,10.8276408910751,78.3399963378906 107.824600338936,10.8276402950287,78.4000015258789 107.824592709541,10.8276419639587,78.3499984741211 107.824585914612,10.8276429176331,78.3300018310547 107.824578762054,10.8276445865631,78.3099975585938 107.824568867683,10.8276475667953,78.3899993896484 107.824560046196,10.8276489973068,78.4400024414062 107.824552536011,10.8276470899582,78.620002746582 107.824543476105,10.8276448249817,78.7799987792969 107.824533224106,10.8276437520981,78.870002746582 107.824523687363,10.8276448249817,78.9100036621094 107.824513077736,10.8276479244232,78.8600006103516 107.824502587318,10.8276504278183,78.1399993896484 107.824493288994,10.827649474144,77.7600021362305 107.824482083321,10.8276481628418,77.5599975585938 107.824469923973,10.8276492357254,77.370002746582 107.824459791183,10.8276493549347,77.2699966430664 107.824450492859,10.8276488780975,77.2300033569336 107.824439764023,10.8276495933533,77.1999969482422 107.824429035187,10.8276499509811,77.1800003051758 107.824420809746,10.8276481628418,77.1699981689453 107.824411273003,10.8276469707489,76.9400024414062 107.824401974678,10.8276454210281,77.0500030517578 107.824394822121,10.8276445865631,76.9700012207031 107.82438647747,10.8276445865631,77.0299987792969 107.824378609657,10.8276437520981,77.0599975585938 107.824367880821,10.8276427984238,76.9899978637695 107.824357628822,10.8276423215866,77.0400009155273 107.82434797287,10.8276430368423,77.1699981689453 107.82433962822,10.8276443481445,77.1500015258789 107.824331045151,10.8276473283768,77.1399993896484 107.824322342873,10.8276489973068,77.129997253418 107.824312925339,10.8276485204697,77.0899963378906 107.824299931526,10.8276470899582,77.0699996948242 107.824285626411,10.8276470899582,77.0599975585938 107.824274897575,10.8276481628418,77.0599975585938 107.824265956879,10.8276492357254,77.0299987792969 107.824256539345,10.827651143074,77.0100021362305 107.824245452881,10.8276526927948,76.2699966430664 107.824235320091,10.8276495933533,75.8600006103516 107.824225306511,10.8276469707489,75.6800003051758 107.824214696884,10.8276461362839,75.5800018310547 107.824203014374,10.8276461362839,75.5400009155273 107.824193000793,10.8276464939117,75.8099975585938 107.824183940887,10.8276468515396,75.9499969482422 107.824172973633,10.8276481628418,76.0199966430664 107.82416164875,10.827651143074,76.0599975585938 107.824152350426,10.8276526927948,75.7799987792969 107.82414317131,10.8276541233063,74.9800033569336 107.824133396149,10.8276561498642,74.5699996948242 107.824122428894,10.827657699585,74.3600006103516 107.824111104012,10.8276584148407,74.25 107.824101209641,10.8276588916779,74.4800033569336 107.824092030525,10.8276586532593,75.0800018310547 107.824082255363,10.827657699585,75.4199981689453 107.824074149132,10.8276557922363,75.6999969482422 107.824065685272,10.8276555538177,75.8399963378906 107.82405602932,10.8276557922363,75.8199996948242 107.824046373367,10.8276553153992,75.8000030517578 107.824036598206,10.8276542425156,75.7799987792969 107.824024438858,10.8276544809341,75.629997253418 107.824010848999,10.8276541233063,75.5500030517578 107.82399892807,10.8276534080505,75.5100021362305 107.82398879528,10.8276535272598,75.4800033569336 107.823978900909,10.8276551961899,75.4300003051758 107.823967695236,10.8276572227478,75.3099975585938 107.823955178261,10.8276596069336,75.2600021362305 107.823943018913,10.8276617527008,75.3199996948242 107.823931217194,10.8276615142822,75.3499984741211 107.823921203613,10.8276600837708,75.370002746582 107.823911190033,10.8276610374451,75.2799987792969 107.823901176453,10.8276617527008,75.2399978637695 107.823890686035,10.8276623487473,75.2200012207031 107.823880791664,10.827662229538,75.3300018310547 107.823872089386,10.8276619911194,75.2699966430664 107.823861479759,10.8276615142822,75.2399978637695 107.823850154877,10.8276588916779,75.2300033569336 107.823839426041,10.8276578187943,75.2200012207031 107.823827624321,10.8276578187943,75.2099990844727 107.823817133904,10.8276584148407,74.9499969482422 107.823809027672,10.8276588916779,74.6399993896484 107.823799729347,10.8276606798172,74.4100036621094 107.823790550232,10.8276609182358,74.2900009155273 107.823778629303,10.8276625871658,74.2200012207031 107.823768258095,10.8276646137238,74.1800003051758 107.823759913445,10.8276648521423,74.2799987792969 107.823751807213,10.8276654481888,74.3199996948242 107.823743343353,10.8276646137238,74.75 107.823734402657,10.8276637792587,74.9800033569336 107.823726415634,10.8276634216309,75.0899963378906 107.823717832565,10.8276642560959,75.1399993896484 107.823707103729,10.8276662826538,74.8000030517578 107.823697566986,10.8276661634445,74.5699996948242 107.82368683815,10.8276653289795,74.4499969482422 107.823673129082,10.8276660442352,74.3199996948242 107.823662042618,10.8276665210724,74.25 107.823654532433,10.8276662826538,74.1999969482422 107.823645234108,10.8276678323746,74.1900024414062 107.823633432388,10.8276702165604,74.2600021362305 107.82362139225,10.8276711702347,74.6600036621094 107.82361125946,10.8276693820953,74.8600006103516 107.823601365089,10.827667593956,74.9700012207031 107.823589920998,10.8276666402817,74.5999984741211 107.823579788208,10.8276654481888,74.4199981689453 107.823570132256,10.8276662826538,74.3199996948242 107.823559403419,10.8276662826538,74.2699966430664 107.823548913002,10.8276642560959,74.25 107.823540329933,10.8276616334915,74.4499969482422 107.823533058167,10.8276594877243,74.620002746582 107.823524355888,10.8276604413986,74.7900009155273 107.823514342308,10.8276609182358,74.8899993896484 107.823505282402,10.8276615142822,75.0800018310547 107.823494076729,10.8276643753052,75.0500030517578 107.823484897614,10.827666759491,75.0299987792969 107.823476314545,10.8276687860489,75.0199966430664 107.823465943336,10.8276711702347,75.0199966430664 107.823455810547,10.8276727199554,74.5299987792969 107.823446512222,10.8276714086533,74.2799987792969 107.823435664177,10.8276714086533,74.1600036621094 107.823424696922,10.8276731967926,74.1699981689453 107.823415756226,10.8276761770248,74.0999984741211 107.823406457901,10.8276801109314,74.1500015258789 107.823397874832,10.8276801109314,74.2300033569336 107.823388338089,10.8276771306992,74.370002746582 107.823379635811,10.8276748657227,74.4700012207031 107.823371291161,10.8276748657227,74.5500030517578 107.823362112045,10.8276760578156,74.5699996948242 107.823351860046,10.8276761770248,74.5800018310547 107.82334280014,10.8276764154434,74.5800018310547 107.823334693909,10.8276784420013,74.5299987792969 107.823325872421,10.8276804685593,74.5100021362305 107.823317050934,10.8276805877686,74.4400024414062 107.823308348656,10.8276802301407,74.379997253418 107.823299765587,10.8276801109314,74.3499984741211 107.823289871216,10.8276807069778,74.3300018310547 107.823280215263,10.8276792764664,74.2799987792969 107.823272228241,10.8276773691177,74.25 107.823264956474,10.8276764154434,74.2300033569336 107.823257088661,10.8276795148849,74.2200012207031 107.823247671127,10.8276816606522,74.1999969482422 107.823241233826,10.8276810646057,74.1900024414062 107.823234081268,10.8276823759079,74.0500030517578 107.823224782944,10.8276821374893,74.120002746582 107.823215961456,10.8276799917221,74.1500015258789 107.823207139969,10.8276776075363,74.0199966430664 107.823197007179,10.8276764154434,73.9700012207031 107.823186993599,10.8276753425598,73.8300018310547 107.823177933693,10.8276749849319,73.75 107.823167562485,10.827677488327,73.9599990844727 107.82315659523,10.8276801109314,74.4000015258789 107.823145747185,10.8276810646057,74.2099990844727 107.82313644886,10.8276792764664,74.2699966430664 107.823130726814,10.8276792764664,74.3000030517578 107.823124051094,10.8276792764664,74.3199996948242 107.82311809063,10.8276773691177,74.3300018310547 107.823109984398,10.8276768922806,74.3399963378906 107.823102593422,10.8276751041412,74.3399963378906 107.823096036911,10.8276753425598,74.3399963378906 107.823087453842,10.8276782035828,74.4700012207031 107.823079586029,10.8276777267456,74.5500030517578 107.823072195053,10.8276770114899,74.5800018310547 107.823065280914,10.8276773691177,74.5800018310547 107.823057055473,10.8276762962341,74.5699996948242 107.82305264473,10.8276760578156,74.5100021362305 107.823047041893,10.8276767730713,74.5299987792969 107.823041558266,10.8276767730713,74.5400009155273 107.823036074638,10.8276784420013,74.5500030517578 107.823028564453,10.8276778459549,74.5500030517578 107.823019623756,10.8276767730713,74.5800018310547 107.823011755943,10.8276778459549,74.5999984741211 107.823004007339,10.8276780843735,74.620002746582 107.82299387455,10.8276786804199,74.620002746582 107.822984099388,10.8276784420013,74.5899963378906 107.822975635529,10.8276764154434,74.5800018310547 107.822965502739,10.827676653862,74.5699996948242 107.822956681252,10.8276761770248,74.5599975585938 107.822947740555,10.8276789188385,74.5800018310547 107.822937130928,10.8276813030243,74.5899963378906 107.822926998138,10.8276815414429,74.5800018310547 107.822915673256,10.8276815414429,74.5800018310547 107.822905421257,10.8276821374893,74.5800018310547 107.82289659977,10.8276839256287,74.5299987792969 107.82288646698,10.8276854753494,74.5 107.822875380516,10.8276869058609,74.4800033569336 107.822865605354,10.8276871442795,74.4000015258789 107.822854399681,10.8276872634888,74.3600006103516 107.822844862938,10.8276877403259,74.3300018310547 107.822838664055,10.8276889324188,74.3199996948242 107.822832345963,10.8276892900467,73.9599990844727 107.822823047638,10.8276895284653,73.620002746582 107.822814702988,10.8276884555817,73.3199996948242 107.822806596756,10.8276875019074,73.0500030517578 107.822795987129,10.8276875019074,72.9300003051758 107.822785258293,10.8276861906052,72.8600006103516 107.82277572155,10.8276842832565,72.8300018310547 107.822764277458,10.8276847600937,73.7799987792969 107.822754502296,10.8276866674423,74.3000030517578 107.822744607925,10.8276907205582,74.5599975585938 107.822733640671,10.8276925086975,74.75 107.822724223137,10.827690243721,74.8199996948242 107.822714447975,10.8276920318604,74.8399963378906 107.822706222534,10.8276933431625,74.8600006103516 107.822697758675,10.827693939209,74.8600006103516 107.822688341141,10.8276934623718,74.8600006103516 107.822678804398,10.827691078186,74.8600006103516 107.822668910027,10.8276890516281,74.7399978637695 107.822656035423,10.8276891708374,74.2200012207031 107.822644352913,10.8276889324188,73.9499969482422 107.822635173798,10.8276879787445,73.8099975585938 107.822626471519,10.827688574791,73.7699966430664 107.822616696358,10.8276898860931,73.7200012207031 107.822605252266,10.8276903629303,73.7300033569336 107.822593808174,10.8276895284653,73.8899993896484 107.822583317757,10.8276877403259,74.0 107.822573781013,10.827684879303,74.0500030517578 107.822561621666,10.8276836872101,74.0599975585938 107.822548866272,10.8276829719543,73.879997253418 107.822538852692,10.8276821374893,73.7799987792969 107.822529435158,10.8276822566986,73.7200012207031 107.822518706322,10.8276844024658,73.5699996948242 107.822508573532,10.8276861906052,73.4599990844727 107.822497367859,10.8276877403259,73.4400024414062 107.822485089302,10.8276883363724,73.4300003051758 107.82247376442,10.8276873826981,73.4199981689453 107.822463989258,10.8276854753494,73.2600021362305 107.822454094887,10.8276841640472,73.370002746582 107.822443127632,10.8276854753494,73.4499969482422 107.822433710098,10.8276863098145,73.6100006103516 107.822426795959,10.8276888132095,73.5699996948242 107.822419524193,10.827689409256,73.5299987792969 107.822409152985,10.8276880979538,73.4599990844727 107.822398781776,10.8276879787445,73.4700012207031 107.822389125824,10.827686548233,73.4300003051758 107.822380900383,10.8276829719543,73.4100036621094 107.822374105453,10.8276779651642,73.4000015258789 107.822367548943,10.827671289444,73.4800033569336 107.822359204292,10.8276660442352,73.620002746582 107.822349667549,10.8276637792587,73.6999969482422 107.822336912155,10.8276629447937,73.629997253418 107.822324156761,10.8276634216309,73.5999984741211 107.822313785553,10.8276641368866,73.2699966430664 107.822305321693,10.8276642560959,73.0299987792969 107.82229411602,10.8276656866074,72.9100036621094 107.82228076458,10.827668428421,72.8499984741211 107.822269082069,10.827669262886,72.7300033569336 107.822260141373,10.827667593956,72.6699981689453 107.82225215435,10.8276660442352,72.6399993896484 107.822244405746,10.8276668787003,72.4499969482422 107.822236895561,10.8276679515839,72.3499984741211 107.822228431702,10.8276683092117,72.3099975585938 107.822218179703,10.8276691436768,72.2799987792969 107.822207450867,10.8276691436768,72.370002746582 107.822198390961,10.8276685476303,72.4199981689453 107.822189211845,10.8276686668396,72.0400009155273 107.822180390358,10.8276678323746,71.8300018310547 107.822169423103,10.8276685476303,72.1500015258789 107.822160124779,10.8276685476303,72.5599975585938 107.822151422501,10.8276689052582,72.7699966430664 107.822140336037,10.8276700973511,72.2300033569336 107.822129130363,10.8276698589325,71.9800033569336 107.822118878365,10.8276693820953,72.0299987792969 107.822109818459,10.8276678323746,72.0500030517578 107.82209944725,10.8276656866074,72.0699996948242 107.822088718414,10.8276665210724,71.9100036621094 107.822080492973,10.8276662826538,71.8099975585938 107.822070598602,10.8276683092117,71.7799987792969 107.822060465813,10.827671289444,71.7600021362305 107.822051167488,10.8276730775833,71.7399978637695 107.822040677071,10.8276741504669,71.6500015258789 107.822028636932,10.8276737928391,71.5999984741211 107.822017669678,10.8276724815369,71.6600036621094 107.822006344795,10.8276710510254,71.6900024414062 107.821996092796,10.8276698589325,71.7399978637695 107.821986436844,10.8276689052582,71.7600021362305 107.821975231171,10.8276677131653,71.6500015258789 107.821963071823,10.827668428421,71.4700012207031 107.821954131126,10.8276680707932,71.3600006103516 107.821946620941,10.8276685476303,71.2399978637695 107.821937918663,10.827671289444,71.1800003051758 107.821928024292,10.8276728391647,71.1500015258789 107.821917653084,10.8276724815369,71.1800003051758 107.821907758713,10.8276704549789,71.1999969482422 107.821899294853,10.8276681900024,71.1600036621094 107.821889281273,10.827669262886,71.1399993896484 107.821877717972,10.8276714086533,71.120002746582 107.821868419647,10.8276723623276,71.0199966430664 107.821859836578,10.8276737928391,70.9199981689453 107.821850657463,10.8276751041412,70.3199996948242 107.821840405464,10.8276762962341,70.0199966430664 107.821830749512,10.8276772499084,69.8600006103516 107.821820497513,10.8276772499084,70.1500015258789 107.821810007095,10.8276755809784,70.3000030517578 107.821798563004,10.8276748657227,70.379997253418 107.82178735733,10.8276743888855,70.4300003051758 107.821776747704,10.8276740312576,70.4599990844727 107.821766614914,10.8276715278625,70.4599990844727 107.82175552845,10.8276708126068,70.4499969482422 107.821746230125,10.8276716470718,70.2600021362305 107.821737766266,10.8276727199554,70.379997253418 107.821728110313,10.8276745080948,70.4300003051758 107.821717858315,10.8276767730713,70.0699996948242 107.821707367897,10.8276792764664,70.0400009155273 107.821696519852,10.8276821374893,70.3499984741211 107.821685552597,10.8276836872101,70.4400024414062 107.821677088737,10.8276805877686,70.5500030517578 107.821666479111,10.8276762962341,70.6100006103516 107.821655511856,10.8276733160019,70.5699996948242 107.821644306183,10.8276731967926,70.5500030517578 107.821635246277,10.8276715278625,70.5400009155273 107.821627140045,10.827669262886,70.4800033569336 107.821617364883,10.8276696205139,70.4499969482422 107.821603417397,10.8276700973511,69.75 107.821588635445,10.8276704549789,69.2600021362305 107.821575760841,10.8276703357697,69.0 107.821565628052,10.8276714086533,68.8600006103516 107.821556806564,10.8276733160019,69.6100006103516 107.821547746658,10.827675819397,69.9800033569336 107.821538090706,10.8276778459549,69.5 107.821526527405,10.8276784420013,69.25 107.82151389122,10.8276770114899,69.120002746582 107.821501851082,10.8276767730713,68.8600006103516 107.821491599083,10.8276764154434,68.6600036621094 107.821481704712,10.8276753425598,68.5100021362305 107.821471571922,10.8276727199554,68.4400024414062 107.821459770203,10.827671289444,68.3899993896484 107.821446180344,10.8276728391647,68.2900009155273 107.821432828903,10.8276733160019,68.0400009155273 107.821422100067,10.8276728391647,67.9100036621094 107.821414232254,10.8276730775833,68.0400009155273 107.821407318115,10.8276749849319,68.2799987792969 107.821399569511,10.8276768922806,68.5100021362305 107.821391582489,10.8276782035828,68.620002746582 107.821383714676,10.8276772499084,68.6900024414062 107.821372151375,10.8276776075363,68.7200012207031 107.821360826492,10.8276770114899,68.6600036621094 107.821350455284,10.8276762962341,68.5899963378906 107.82134115696,10.8276772499084,68.5500030517578 107.821333050728,10.8276792764664,68.4100036621094 107.821325302124,10.8276807069778,68.3399963378906 107.821317076683,10.8276813030243,68.3099975585938 107.821307182312,10.8276821374893,68.2699966430664 107.82129752636,10.8276810646057,68.1399993896484 107.821286916733,10.8276801109314,68.0699996948242 107.821274399757,10.8276809453964,68.0400009155273 107.821264386177,10.82768201828,68.1800003051758 107.82125723362,10.8276842832565,68.2600021362305 107.821247577667,10.8276852369308,68.1699981689453 107.821237683296,10.8276849985123,68.129997253418 107.821228981018,10.8276863098145,68.1100006103516 107.821218252182,10.8276884555817,68.0999984741211 107.821207046509,10.8276919126511,68.0899963378906 107.821198582649,10.8276951313019,68.0899963378906 107.82118999958,10.8276978731155,68.0 107.821180701256,10.8276990652084,67.6999969482422 107.821171998978,10.827699303627,67.5500030517578 107.821162819862,10.8276968002319,67.4700012207031 107.821152210236,10.8276978731155,67.4300003051758 107.821143388748,10.8277008533478,67.370002746582 107.821136713028,10.8277018070221,67.3499984741211 107.821128129959,10.8277034759521,67.0299987792969 107.821117281914,10.8277049064636,66.8600006103516 107.821107625961,10.82770383358,66.7699966430664 107.821100115776,10.8276997804642,66.7300033569336 107.821092247963,10.8276952505112,66.7600021362305 107.821085333824,10.8276906013489,67.0500030517578 107.82107591629,10.8276860713959,67.1800003051758 107.821066617966,10.8276782035828,67.2399978637695 107.821059823036,10.8276685476303,67.2799987792969 107.82105743885,10.8276581764221,67.3000030517578 107.821058511734,10.8276454210281,67.3300018310547 107.821058750153,10.8276336193085,67.3399963378906 107.821058988571,10.8276250362396,67.4300003051758 107.821059346199,10.8276147842407,67.4800033569336 107.821060180664,10.8276038169861,67.5500030517578 107.821061849594,10.8275932073593,67.5800018310547 107.821062445641,10.8275834321976,67.6100006103516 107.821063637733,10.8275719881058,67.620002746582 107.821064114571,10.8275604248047,67.6600036621094 107.821066617966,10.8275499343872,67.6800003051758 107.821070075035,10.8275393247604,67.6900024414062 107.821071743965,10.8275262117386,67.6900024414062 107.821073055267,10.8275119066238,67.6900024414062 107.821073412895,10.827497959137,67.6900024414062 107.821072936058,10.8274863958359,67.7099990844727 107.821072220802,10.8274762630463,67.6500015258789 107.821071743965,10.8274652957916,67.6900024414062 107.821071863174,10.8274552822113,67.6999969482422 107.821071505547,10.8274445533752,67.7099990844727 107.821070432663,10.8274328708649,67.6600036621094 107.821067690849,10.827419757843,67.629997253418 107.821067094803,10.8274096250534,67.6100006103516 107.821067452431,10.8274010419846,67.8300018310547 107.821068525314,10.8273909091949,68.0500030517578 107.821069478989,10.827378153801,68.1699981689453 107.821069717407,10.8273651599884,68.2200012207031 107.82106924057,10.8273539543152,68.2600021362305 107.821067690849,10.8273445367813,68.1399993896484 107.821067094803,10.8273351192474,68.0699996948242 107.821066141129,10.8273243904114,68.0299987792969 107.821065783501,10.8273124694824,68.0199966430664 107.821066021919,10.8272987604141,68.0199966430664 107.821068048477,10.8272866010666,68.0800018310547 107.821071267128,10.8272744417191,68.3099975585938 107.82107424736,10.8272612094879,68.4400024414062 107.821075797081,10.8272471427917,68.3099975585938 107.82107591629,10.8272316455841,68.4300003051758 107.821075320244,10.8272157907486,68.4899978637695 107.82107424736,10.8272004127502,68.5299987792969 107.821071982384,10.8271853923798,68.5599975585938 107.821069717407,10.82717192173,68.5500030517578 107.821067214012,10.8271605968475,68.5699996948242 107.82106423378,10.8271501064301,68.5800018310547 107.821061253548,10.8271399736404,68.5599975585938 107.821059465408,10.8271291255951,68.4100036621094 107.821058988571,10.8271176815033,68.3199996948242 107.821058392525,10.8271075487137,68.2699966430664 107.821057200432,10.8270959854126,68.2600021362305 107.821057200432,10.8270820379257,68.25 107.821058511734,10.8270672559738,68.3099975585938 107.821060180664,10.8270527124405,68.3499984741211 107.821062445641,10.8270388841629,68.620002746582 107.821065545082,10.8270264863968,68.7600021362305 107.821068048477,10.8270153999329,68.870002746582 107.821071147919,10.8270044326782,68.9300003051758 107.821073770523,10.826993227005,68.9599990844727 107.821076273918,10.8269824981689,68.9800033569336 107.821078419685,10.8269709348679,69.1600036621094 107.82107937336,10.8269588947296,69.0800018310547 107.821079730988,10.8269456624985,69.120002746582 107.821079492569,10.8269325494766,68.8300018310547 107.821078896523,10.8269217014313,68.9800033569336 107.821079015732,10.8269110918045,69.0599975585938 107.82107937336,10.8269001245499,68.7300033569336 107.821079015732,10.8268895149231,68.5599975585938 107.821078538895,10.8268783092499,68.75 107.82107937336,10.8268659114838,68.8499984741211 107.821079134941,10.8268510103226,69.0599975585938 107.821080803871,10.82683801651,69.1600036621094 107.82108271122,10.8268260955811,69.2200012207031 107.821084737778,10.8268133401871,69.25 107.821087002754,10.8268005847931,69.2699966430664 107.821088790894,10.8267887830734,69.2699966430664 107.821088910103,10.8267763853073,69.0899963378906 107.821088314056,10.8267633914948,68.9599990844727 107.821086168289,10.8267509937286,68.870002746582 107.821083068848,10.826740026474,68.7600021362305 107.821082115173,10.8267316818237,68.7099990844727 107.821079969406,10.8267240524292,68.6699981689453 107.821078062057,10.8267167806625,68.6600036621094 107.821078658104,10.8267092704773,68.6500015258789 107.82108104229,10.8266993761063,68.6399993896484 107.82108271122,10.8266904354095,68.7900009155273 107.821083188057,10.8266870975494,68.8600006103516 107.821083903313,10.8266880512238,68.9000015258789 107.821084737778,10.8266892433167,68.9199981689453 107.821081995964,10.8266761302948,69.8499984741211 107.821081638336,10.8266689777374,69.9800033569336 107.821080207825,10.8266575336456,70.4599990844727 107.821081280708,10.826645731926,71.2600021362305 107.82108259201,10.8266341686249,71.6699981689453 107.821084737778,10.8266233205795,71.8899993896484 107.821088552475,10.8266137838364,72.0100021362305 107.821092128754,10.8266055583954,72.2300033569336 107.821093201637,10.8265949487686,72.3499984741211 107.821092963219,10.8265842199326,72.2300033569336 107.821092009544,10.8265733718872,72.1800003051758 107.821091532707,10.8265622854233,71.9199981689453 107.821091294289,10.8265519142151,71.7799987792969 107.821093201637,10.8265427350998,71.4899978637695 107.821094989777,10.8265336751938,70.8000030517578 107.821095108986,10.826523065567,70.2600021362305 107.82109606266,10.8265116214752,69.9800033569336 107.821097373962,10.8264976739883,69.8399963378906 107.821099638939,10.8264832496643,69.8300018310547 107.821101546288,10.8264706134796,69.9499969482422 107.821104288101,10.8264598846436,70.0800018310547 107.821109056473,10.8264498710632,70.4199981689453 107.821114897728,10.8264405727386,70.6800003051758 107.821120619774,10.8264312744141,70.8099975585938 107.82112622261,10.8264217376709,70.8899993896484 107.821132898331,10.826416015625,70.9199981689453 107.821138620377,10.8264143466949,70.6399993896484 107.821143627167,10.8264147043228,70.4800033569336 107.821148276329,10.8264157772064,70.2600021362305 107.821153998375,10.8264162540436,70.1399993896484 107.821160793304,10.8264157772064,69.8499984741211 107.821166038513,10.8264186382294,69.7099990844727 107.821171402931,10.8264203071594,69.629997253418 107.821179389954,10.8264218568802,69.5599975585938 107.82118666172,10.8264236450195,69.5 107.82119345665,10.8264237642288,70.3099975585938 107.821200370789,10.8264261484146,70.8000030517578 107.821209430695,10.8264282941818,71.1900024414062 107.821218848228,10.8264256715775,71.2399978637695 107.821223378181,10.8264231681824,71.2699966430664 107.821229219437,10.8264214992523,71.2799987792969 107.821236252785,10.8264178037643,71.4400024414062 107.821244120598,10.8264170885086,71.5100021362305 107.821252465248,10.826416015625,71.1399993896484 107.821259737015,10.8264188766479,70.9499969482422 107.821269035339,10.8264218568802,70.629997253418 107.821277499199,10.8264228105545,70.4700012207031 107.82128572464,10.826421380043,70.5800018310547 107.821293711662,10.8264209032059,70.6399993896484 107.821303367615,10.8264224529266,70.6699981689453 107.821314811707,10.8264238834381,70.6699981689453 107.821325540543,10.826423406601,70.6800003051758 107.821336507797,10.8264229297638,70.6800003051758 107.821347236633,10.8264230489731,70.5699996948242 107.821358203888,10.8264228105545,70.3199996948242 107.82136964798,10.826421380043,70.1999969482422 107.821378588676,10.8264230489731,70.0400009155273 107.821388483047,10.8264249563217,69.9100036621094 107.821399688721,10.8264243602753,69.8399963378906 107.821408033371,10.8264254331589,69.8199996948242 107.821415662766,10.8264260292053,70.1600036621094 107.821425676346,10.8264236450195,70.3399963378906 107.821435332298,10.8264217376709,70.4199981689453 107.821443915367,10.826421380043,70.4700012207031 107.821453690529,10.8264212608337,70.8000030517578 107.821464896202,10.8264218568802,70.6699981689453 107.821475982666,10.8264222145081,70.5899963378906 107.821485042572,10.826421380043,70.5400009155273 107.821493506432,10.8264194726944,70.4499969482422 107.821502327919,10.8264180421829,70.3499984741211 107.821512818336,10.8264169692993,70.2900009155273 107.821523427963,10.82641685009,70.2600021362305 107.821533441544,10.8264178037643,70.2799987792969 107.821544647217,10.8264191150665,70.2900009155273 107.82155585289,10.8264188766479,70.6900024414062 107.821564435959,10.8264186382294,71.0199966430664 107.821573734283,10.8264170885086,71.25 107.821583628654,10.8264147043228,71.370002746582 107.821593999863,10.8264116048813,71.5100021362305 107.821603655815,10.8264113664627,71.5999984741211 107.821612596512,10.8264157772064,71.870002746582 107.821623921394,10.8264200687408,72.1399993896484 107.821635603905,10.8264231681824,72.2399978637695 107.821647286415,10.8264214992523,72.3000030517578 107.821657657623,10.8264187574387,72.3199996948242 107.821667790413,10.8264166116714,72.120002746582 107.821677565575,10.8264155387878,72.0999984741211 107.821684718132,10.8264153003693,72.0100021362305 107.821688652039,10.8264143466949,71.5999984741211 107.821694016457,10.8264172077179,71.1699981689453 107.821704268456,10.8264179229736,70.9199981689453 107.821714282036,10.8264181613922,70.7900009155273 107.821724414825,10.8264170885086,70.7200012207031 107.821734189987,10.8264150619507,70.6800003051758 107.821744203568,10.8264138698578,70.6999969482422 107.821754932404,10.8264125585556,70.6900024414062 107.821766853333,10.8264110088348,70.6900024414062 107.82177901268,10.8264094591141,70.7099990844727 107.821789383888,10.8264093399048,70.8099975585938 107.821798682213,10.8264112472534,70.8600006103516 107.821808934212,10.8264157772064,70.9100036621094 107.821820020676,10.8264187574387,70.9300003051758 107.821829319,10.8264188766479,71.0199966430664 107.821837067604,10.8264174461365,71.0800018310547 107.821845650673,10.8264161348343,71.0899963378906 107.821855783463,10.8264148235321,71.129997253418 107.821866869926,10.8264139890671,71.2699966430664 107.821877121925,10.8264130353928,71.3300018310547 107.821885704994,10.8264130353928,71.3600006103516 107.821893334389,10.8264126777649,71.370002746582 107.821900963783,10.8264108896255,71.3899993896484 107.821907997131,10.8264104127884,71.870002746582 107.821911811829,10.8264094591141,72.1699981689453 107.821915626526,10.8264108896255,72.3300018310547 107.821921825409,10.8264113664627,72.4400024414062 107.821926236153,10.8264116048813,72.4599990844727 107.821934223175,10.8264110088348,72.4499969482422 107.821939349174,10.8264118432999,72.4899978637695 107.821947336197,10.8264107704163,72.5199966430664 107.821954846382,10.8264105319977,72.4800033569336 107.821962952614,10.8264098167419,72.4499969482422 107.821972131729,10.8264098167419,72.0899963378906 107.821979880333,10.8264105319977,71.9100036621094 107.821989893913,10.8264130353928,71.8099975585938 107.821999549866,10.8264130353928,71.7600021362305 107.82200884819,10.8264120817184,71.7399978637695 107.822017788887,10.8264118432999,72.0899963378906 107.82202899456,10.8264117240906,72.3399963378906 107.82204079628,10.8264155387878,72.4700012207031 107.822051525116,10.8264225721359,72.5299987792969 107.822059035301,10.8264276981354,72.5699996948242 107.822068572044,10.8264311552048,72.5800018310547 107.822079539299,10.8264312744141,72.4100036621094 107.822088956833,10.8264290094376,71.9599990844727 107.822098016739,10.8264272212982,71.7300033569336 107.822107672691,10.8264263868332,71.620002746582 107.822117686272,10.8264272212982,71.1600036621094 107.822129011154,10.8264282941818,71.3199996948242 107.822139382362,10.8264269828796,71.5899963378906 107.822147250175,10.826425075531,71.7300033569336 107.822155833244,10.8264222145081,72.1500015258789 107.822165846825,10.8264187574387,72.370002746582 107.822175145149,10.8264183998108,72.129997253418 107.822185635567,10.8264174461365,72.0 107.822196245193,10.8264130353928,72.3499984741211 107.822204232216,10.826406955719,72.5100021362305 107.822209835052,10.8264011144638,72.6100006103516 107.822215437889,10.8263980150223,72.2099990844727 107.822221279144,10.8263986110687,72.0 107.822229146957,10.8264006376266,72.3399963378906 107.82223379612,10.8264023065567,72.9499969482422 107.822239995003,10.8264048099518,73.2699966430664 107.822243213654,10.8264050483704,73.7200012207031 107.822248220444,10.8264042139053,74.0100021362305 107.822254180908,10.8264017105103,74.1600036621094 107.822262763977,10.8264002799988,74.1699981689453 107.822269916534,10.8264017105103,73.6699981689453 107.82227575779,10.8264018297195,72.8899993896484 107.822284340858,10.8264012336731,73.0199966430664 107.822294712067,10.8264002799988,72.5500030517578 107.822304368019,10.8264000415802,72.3099975585938 107.822313189507,10.8263974189758,72.7200012207031 107.822321414948,10.8263963460922,73.2600021362305 107.822332501411,10.8263984918594,73.5400009155273 107.822343349457,10.8263975381851,73.6699981689453 107.822351336479,10.8263943195343,73.5599975585938 107.822358369827,10.8263901472092,73.4899978637695 107.82236635685,10.8263872861862,73.120002746582 107.822376132011,10.8263866901398,72.9199981689453 107.822387099266,10.8263872861862,72.75 107.822399973869,10.8263884782791,72.6500015258789 107.822412490845,10.826388835907,72.6100006103516 107.822422385216,10.8263878822327,72.7399978637695 107.822430610657,10.8263852596283,72.8099975585938 107.82243847847,10.8263810873032,72.8499984741211 107.822447299957,10.8263770341873,72.7900009155273 107.822457194328,10.8263748884201,72.7699966430664 107.822467923164,10.8263751268387,72.75 107.822478890419,10.8263766765594,72.7399978637695 107.822487354279,10.8263788223267,72.7399978637695 107.822493672371,10.8263820409775,72.629997253418 107.822501182556,10.8263870477676,72.7399978637695 107.822510480881,10.8263902664185,73.0299987792969 107.822518825531,10.8263919353485,73.2099990844727 107.822526931763,10.8263919353485,73.3199996948242 107.822535395622,10.8263907432556,73.379997253418 107.822543144226,10.8263887166977,73.4599990844727 107.82254743576,10.8263862133026,73.7600021362305 107.822548747063,10.8263856172562,73.9300003051758 107.822549819946,10.8263866901398,73.7399978637695 107.822563290596,10.8263887166977,73.2399978637695 107.822570085526,10.8263893127441,73.5999984741211 107.822577238083,10.8263897895813,73.5899963378906 107.822584152222,10.8263901472092,73.7699966430664 107.822586417198,10.8263924121857,74.0500030517578 107.82258784771,10.8263932466507,74.0100021362305 107.822587490082,10.8263938426971,73.9899978637695 107.822600960732,10.8263940811157,73.1800003051758 107.822602629662,10.8263947963715,73.5 107.822601556778,10.8263955116272,73.5299987792969 107.822616577148,10.8263961076736,74.5500030517578 107.822625398636,10.8264000415802,74.8000030517578 107.822636604309,10.8264001607895,75.1399993896484 107.822645425797,10.8264006376266,75.75 107.822654247284,10.8264001607895,76.0699996948242 107.822666287422,10.8263998031616,76.2300033569336 107.822678208351,10.8264001607895,76.3099975585938 107.822688579559,10.8264017105103,76.3899993896484 107.822701096535,10.8264033794403,76.3899993896484 107.822715520859,10.8264063596725,75.9899978637695 107.822729945183,10.8264093399048,75.5599975585938 107.822744607925,10.8264101743698,75.2600021362305 107.82275724411,10.8264089822769,74.8600006103516 107.822766900063,10.8264094591141,74.6399993896484 107.822777271271,10.8264070749283,74.5299987792969 107.822785019875,10.8264042139053,74.4700012207031 107.822789430618,10.8264019489288,74.4400024414062 107.822796821594,10.826398730278,74.4400024414062 107.822804689407,10.8263986110687,74.4300003051758 107.822814941406,10.8263980150223,74.3899993896484 107.822826743126,10.826397061348,74.3600006103516 107.822837233543,10.8263980150223,74.3499984741211 107.822846055031,10.8263980150223,73.870002746582 107.822855234146,10.826397061348,73.629997253418 107.822865724564,10.8263945579529,73.5100021362305 107.822876572609,10.8263932466507,73.4499969482422 107.822886705399,10.8263934850693,73.879997253418 107.822896838188,10.8263939619064,74.1100006103516 107.822908043861,10.8263958692551,74.25 107.822920799255,10.8263984918594,74.3199996948242 107.82293343544,10.826399564743,74.3600006103516 107.822942852974,10.8263996839523,74.4400024414062 107.822952151299,10.8263983726501,74.379997253418 107.822962284088,10.8263971805573,74.3499984741211 107.822973847389,10.82639503479,74.620002746582 107.822985172272,10.8263932466507,74.7600021362305 107.822995305061,10.8263940811157,74.8399963378906 107.823004364967,10.8263959884644,74.870002746582 107.823015093803,10.8263961076736,74.8899993896484 107.82302737236,10.8263934850693,74.9000015258789 107.823036789894,10.8263930082321,74.9100036621094 107.823045611382,10.8263928890228,74.9100036621094 107.82305586338,10.8263918161392,75.120002746582 107.823067069054,10.8263893127441,75.2200012207031 107.823076844215,10.8263870477676,75.4100036621094 107.823086500168,10.8263856172562,75.5 107.823099136353,10.8263852596283,75.5699996948242 107.823112368584,10.8263831138611,75.629997253418 107.823122859001,10.8263798952103,75.620002746582 107.823130488396,10.8263757228851,75.3600006103516 107.823137283325,10.8263717889786,75.2399978637695 107.823145747185,10.8263680934906,75.1600036621094 107.823154807091,10.8263655900955,75.6600036621094 107.823164463043,10.8263632059097,75.629997253418 107.823173999786,10.8263612985611,75.620002746582 107.823184847832,10.8263604640961,75.6100006103516 107.823196291924,10.8263598680496,75.6100006103516 107.82320702076,10.8263607025146,75.6100006103516 107.823216676712,10.8263614177704,75.4400024414062 107.823226213455,10.826363325119,75.3399963378906 107.823237538338,10.8263643980026,75.2900009155273 107.823249101639,10.8263639211655,75.2699966430664 107.823260188103,10.8263628482819,75.2600021362305 107.823270201683,10.8263617753983,75.4199981689453 107.823280096054,10.8263610601425,75.5199966430664 107.823288798332,10.8263605833054,75.5599975585938 107.823298931122,10.8263607025146,75.6699981689453 107.823310136795,10.8263612985611,75.8899993896484 107.823320031166,10.8263610601425,76.0 107.823329091072,10.8263627290726,76.0599975585938 107.823337078094,10.8263660669327,76.1800003051758 107.82334625721,10.8263705968857,76.25 107.823355793953,10.8263725042343,76.4700012207031 107.82336473465,10.8263701200485,76.3899993896484 107.823373913765,10.8263664245605,76.3499984741211 107.823384165764,10.8263638019562,76.3199996948242 107.823395967484,10.8263618946075,76.3099975585938 107.823406934738,10.8263614177704,76.3000030517578 107.823417067528,10.8263612985611,76.4499969482422 107.82342672348,10.8263612985611,76.379997253418 107.823437213898,10.826361656189,76.4899978637695 107.823449373245,10.8263623714447,76.5899963378906 107.823462605476,10.826362490654,76.7699966430664 107.823474645615,10.8263617753983,76.7399978637695 107.823485851288,10.8263604640961,76.7200012207031 107.823495864868,10.826358795166,76.7099990844727 107.823504924774,10.8263567686081,76.7600021362305 107.823513507843,10.8263539075851,76.9499969482422 107.823522567749,10.8263502120972,77.0599975585938 107.823532223701,10.8263481855392,76.9400024414062 107.823541760445,10.8263479471207,76.9800033569336 107.82355093956,10.8263491392136,77.0400009155273 107.823561549187,10.8263514041901,77.0800018310547 107.823574066162,10.8263556957245,77.0899963378906 107.82358455658,10.8263581991196,77.0999984741211 107.823594093323,10.8263574838638,77.0699996948242 107.823604345322,10.8263565301895,77.0500030517578 107.823614001274,10.8263559341431,76.870002746582 107.82362306118,10.8263561725616,76.7900009155273 107.823632359505,10.8263560533524,76.8499984741211 107.823641896248,10.826354265213,76.8899993896484 107.8236515522,10.8263528347015,76.8000030517578 107.823662996292,10.8263515233994,76.8600006103516 107.823674917221,10.8263502120972,77.0699996948242 107.823687076569,10.8263487815857,77.2699966430664 107.823699593544,10.8263473510742,77.379997253418 107.823711395264,10.8263483047485,77.4400024414062 107.823722362518,10.8263490200043,77.4899978637695 107.823733329773,10.8263473510742,77.5599975585938 107.823744654655,10.8263440132141,77.5899963378906 107.823754549026,10.8263381719589,77.6100006103516 107.82375895977,10.8263285160065,77.629997253418 107.823760390282,10.8263167142868,77.629997253418 107.823762655258,10.8263057470322,77.629997253418 107.823764920235,10.8262959718704,77.4599990844727 107.82376742363,10.8262856006622,77.25 107.823770880699,10.826274394989,77.1500015258789 107.823774814606,10.8262629508972,77.0899963378906 107.823779344559,10.8262521028519,77.0 107.823784470558,10.8262431621552,77.0199966430664 107.82378578186,10.8262308835983,77.4599990844727 107.823785185814,10.8262181282043,77.7099990844727 107.823784470558,10.826207280159,77.8899993896484 107.823785543442,10.8261976242065,77.9199981689453 107.823786854744,10.826188325882,77.9499969482422 107.823789834976,10.8261777162552,78.370002746582 107.823790311813,10.8261659145355,78.4199981689453 107.823788285255,10.8261560201645,78.4400024414062 107.823788404465,10.8261461257935,78.4499969482422 107.82378923893,10.8261368274689,78.1800003051758 107.82378911972,10.8261260986328,78.3199996948242 107.823788046837,10.8261153697968,78.2200012207031 107.823786377907,10.8261069059372,78.1800003051758 107.823785662651,10.8260990381241,78.0500030517578 107.823785305023,10.8260904550552,78.0800018310547 107.823786258698,10.826080083847,78.4100036621094 107.823787212372,10.8260687589645,78.75 107.823787331581,10.8260581493378,78.7600021362305 107.823785662651,10.8260444402695,78.7600021362305 107.823785305023,10.8260313272476,78.9199981689453 107.823779821396,10.8260183334351,79.0199966430664 107.823775291443,10.8260072469711,78.5299987792969 107.823772311211,10.8259973526001,78.0699996948242 107.823771119118,10.8259888887405,77.8399963378906 107.823770642281,10.8259807825089,77.8099975585938 107.823769807816,10.8259700536728,77.9199981689453 107.823770046234,10.8259572982788,77.9700012207031 107.823772907257,10.8259470462799,78.0 107.823777318001,10.8259385824203,77.9000015258789 107.823782205582,10.8259286880493,77.8399963378906 107.82378411293,10.8259153366089,77.7099990844727 107.823783874512,10.825901389122,77.6500015258789 107.823785305023,10.8258916139603,77.6100006103516 107.823787093163,10.8258838653564,77.5599975585938 107.82378757,10.8258763551712,77.5599975585938 107.823789954186,10.8258692026138,77.7600021362305 107.823794364929,10.8258613348007,78.2099990844727 107.823798537254,10.825852394104,78.4599990844727 107.823797106743,10.8258426189423,78.5800018310547 107.823796391487,10.8258329629898,78.629997253418 107.823795676231,10.8258239030838,78.6699981689453 107.823795199394,10.8258122205734,78.6800003051758 107.823797464371,10.8258000612259,78.6900024414062 107.823800563812,10.8257884979248,78.6900024414062 107.823805093765,10.8257772922516,78.6500015258789 107.823809862137,10.8257664442062,78.7200012207031 107.823815345764,10.8257594108582,78.9300003051758 107.823817133904,10.8257511854172,79.0400009155273 107.823816657066,10.8257418870926,79.0899963378906 107.823817133904,10.8257323503494,78.8600006103516 107.823818087578,10.8257211446762,78.75 107.823818922043,10.8257093429565,78.75 107.823820590973,10.8256981372833,78.6800003051758 107.823823094368,10.8256870508194,78.5699996948242 107.823823928833,10.8256766796112,78.5100021362305 107.823824048042,10.8256665468216,78.4499969482422 107.823825955391,10.8256573677063,78.4499969482422 107.823828458786,10.8256492614746,78.4599990844727 107.823830723763,10.8256390094757,78.4599990844727 107.823833346367,10.825629234314,78.4800033569336 107.823834776878,10.8256212472916,78.7300033569336 107.823833346367,10.8256131410599,78.8499984741211 107.823831319809,10.8256040811539,78.9100036621094 107.823829770088,10.8255952596664,78.9599990844727 107.823829174042,10.8255859613419,78.7399978637695 107.823829770088,10.8255776166916,78.620002746582 107.823828697205,10.8255677223206,78.8099975585938 107.82382774353,10.8255572319031,78.8000030517578 107.823828339577,10.8255475759506,78.7900009155273 107.823829174042,10.8255373239517,79.4499969482422 107.823831677437,10.8255262374878,79.7699966430664 107.823834061623,10.8255149126053,79.9499969482422 107.823836088181,10.8255056142807,79.5299987792969 107.823836922646,10.8254973888397,79.3099975585938 107.823837518692,10.8254880905151,79.25 107.823838829994,10.8254790306091,79.2200012207031 107.823839783669,10.8254693746567,79.1900024414062 107.823836445808,10.8254591226578,79.1399993896484 107.823834300041,10.825449347496,79.0400009155273 107.823834061623,10.82544028759,78.9800033569336 107.823836445808,10.8254315853119,78.9400024414062 107.823841094971,10.8254220485687,78.9100036621094 107.823847651482,10.8254123926163,78.9000015258789 107.823855519295,10.825404882431,78.9100036621094 107.823864102364,10.8254020214081,79.0800018310547 107.823875665665,10.8254021406174,79.2600021362305 107.823888301849,10.8253997564316,79.3499984741211 107.823900699615,10.8253957033157,79.5800018310547 107.823910951614,10.8253914117813,79.6900024414062 107.823919296265,10.8253864049911,79.4800033569336 107.823928117752,10.8253796100616,79.3600006103516 107.82393860817,10.8253754377365,79.3000030517578 107.823950409889,10.8253749608994,79.2699966430664 107.823962330818,10.8253746032715,79.25 107.823973178864,10.8253734111786,79.2399978637695 107.823981761932,10.8253713846207,79.5199966430664 107.823989272118,10.8253703117371,79.6699981689453 107.823999762535,10.8253657817841,79.7399978637695 107.824012756348,10.825364947319,79.7799987792969 107.824026346207,10.8253620862961,79.6800003051758 107.824037790298,10.825355887413,80.0299987792969 107.824045777321,10.8253474235535,79.8099975585938 107.824051976204,10.8253372907639,79.629997253418 107.824057102203,10.8253269195557,79.5400009155273 107.824061870575,10.8253171443939,79.7300033569336 107.824067354202,10.82530772686,79.8300018310547 107.824073553085,10.8252991437912,80.1500015258789 107.82407951355,10.8252905607224,80.3099975585938 107.824084877968,10.8252806663513,80.4100036621094 107.824088811874,10.8252694606781,80.5199966430664 107.824089050293,10.8252613544464,80.6399993896484 107.824089288712,10.8252555131912,80.8600006103516 107.824088454247,10.8252474069595,80.9800033569336 107.824086546898,10.8252367973328,80.870002746582 107.824087142944,10.8252273797989,80.8300018310547 107.824088215828,10.8252192735672,80.8000030517578 107.824087142944,10.8252131938934,80.2900009155273 107.824084997177,10.825207233429,79.8499984741211 107.824084401131,10.8252054452896,79.5999984741211 107.824085354805,10.8252061605453,79.4700012207031 107.824086785316,10.8252074718475,79.4100036621094 107.824087619781,10.8252023458481,79.4100036621094 107.824084043503,10.825191617012,79.4100036621094 107.824081063271,10.8251829147339,78.7600021362305 107.824079990387,10.8251760005951,78.6900024414062 107.82407951355,10.825168967247,78.620002746582 107.824078083038,10.8251605033875,78.5699996948242 107.824078559875,10.8251513242722,78.5100021362305 107.824077129364,10.8251407146454,78.4700012207031 107.824077486992,10.8251295089722,78.4300003051758 107.824077963829,10.8251190185547,81.4800033569336 107.82407772541,10.8251078128815,82.0100021362305 107.824079990387,10.8250972032547,81.9199981689453 107.824078440666,10.8250876665115,81.7200012207031 107.824075222015,10.8250788450241,81.379997253418 107.824071526527,10.8250674009323,81.0899963378906 107.824069619179,10.8250558376312,81.0500030517578 107.824069738388,10.8250468969345,80.9199981689453 107.824070215225,10.8250402212143,80.8499984741211 107.824068903923,10.8250368833542,80.8099975585938 107.824065566063,10.8250284194946,80.7799987792969 107.824064850807,10.8250192403793,80.3000030517578 107.824064731598,10.8250098228455,80.0599975585938 107.824064493179,10.8249986171722,79.9300003051758 107.824065566063,10.824986577034,80.3300018310547 107.824063301086,10.8249757289886,80.6699981689453 107.824060678482,10.8249659538269,80.8499984741211 107.824058055878,10.8249574899673,80.6800003051758 107.824053049088,10.8249485492706,80.7300033569336 107.824047803879,10.8249394893646,80.7699966430664 107.824043750763,10.8249295949936,80.7799987792969 107.824041604996,10.8249174356461,80.7900009155273 107.824041008949,10.8249061107635,80.7900009155273 107.824041485786,10.8248958587646,80.8499984741211 107.824043512344,10.8248845338821,80.879997253418 107.824046611786,10.8248730897903,80.9000015258789 107.824045538902,10.8248635530472,80.9000015258789 107.824042677879,10.8248528242111,80.5999984741211 107.824039936066,10.8248423337936,80.4400024414062 107.824039101601,10.8248324394226,80.3600006103516 107.824039101601,10.8248224258423,80.1500015258789 107.824039340019,10.8248109817505,80.0500030517578 107.824038505554,10.8247985839844,80.0 107.824037194252,10.824787735939,80.2900009155273 107.824037313461,10.8247791528702,80.6100006103516 107.824036836624,10.8247709274292,80.5999984741211 107.82403409481,10.8247616291046,80.2600021362305 107.824029326439,10.8247503042221,80.4300003051758 107.824026107788,10.8247402906418,80.7200012207031 107.824024438858,10.8247308731079,80.6600036621094 107.824019789696,10.8247216939926,80.6900024414062 107.824011564255,10.8247113227844,80.6999969482422 107.824002623558,10.8247034549713,80.9300003051758 107.82399559021,10.8246995210648,81.2399978637695 107.82398879528,10.824698805809,81.1999969482422 107.823981046677,10.8246999979019,80.9700012207031 107.823972821236,10.8247015476227,80.9300003051758 107.823961138725,10.8247036933899,80.9100036621094 107.823948502541,10.8247053623199,80.5699996948242 107.823936581612,10.8247045278549,80.2200012207031 107.823926687241,10.8247011899948,80.0299987792969 107.823917388916,10.8246994018555,80.129997253418 107.82390666008,10.8246980905533,80.3399963378906 107.82389330864,10.8246983289719,80.4000015258789 107.823881030083,10.8247004747391,80.4499969482422 107.823873400688,10.824702501297,80.4800033569336 107.82386803627,10.8247065544128,80.5 107.823862791061,10.8247113227844,80.4800033569336 107.82385468483,10.8247137069702,80.4700012207031 107.823848485947,10.8247094154358,80.4599990844727 107.823841452599,10.824706196785,80.4899978637695 107.823833465576,10.8247020244598,80.4300003051758 107.8238260746,10.8247008323669,80.4199981689453 107.823819756508,10.8247017860413,80.5299987792969 107.823809862137,10.8247020244598,80.5800018310547 107.823796272278,10.8247020244598,80.4899978637695 107.823782444,10.8247011899948,80.4300003051758 107.82376909256,10.8246994018555,80.4199981689453 107.823758244514,10.8246974945068,80.5400009155273 107.823748826981,10.8246986865997,80.7300033569336 107.823739528656,10.8247027397156,80.8399963378906 107.823730230331,10.8247046470642,80.879997253418 107.823720097542,10.8247050046921,80.9100036621094 107.823710799217,10.8247063159943,80.8300018310547 107.823701739311,10.8247092962265,80.5699996948242 107.823692083359,10.8247129917145,80.2200012207031 107.823681235313,10.8247135877609,79.4700012207031 107.823669791222,10.824711561203,79.0800018310547 107.823658943176,10.8247090578079,79.4599990844727 107.823648095131,10.8247060775757,79.6500015258789 107.823637127876,10.8247041702271,80.0999984741211 107.823625922203,10.824703335762,80.3300018310547 107.823613166809,10.8247027397156,80.4499969482422 107.823600769043,10.8247022628784,80.5100021362305 107.823590040207,10.824701666832,80.4899978637695 107.823579907417,10.8247014284134,80.3899993896484 107.823570728302,10.8247015476227,80.0199966430664 107.823561549187,10.8247026205063,79.629997253418 107.823552250862,10.8247036933899,79.4400024414062 107.823541998863,10.8247045278549,79.5199966430664 107.823530197144,10.8247063159943,79.7399978637695 107.823518157005,10.8247073888779,79.8499984741211 107.823505878449,10.8247057199478,79.9000015258789 107.823495030403,10.8247050046921,80.0800018310547 107.823485732079,10.8247053623199,80.3499984741211 107.823475241661,10.8247051239014,80.7399978637695 107.823464512825,10.8247034549713,81.1699981689453 107.823452591896,10.8247020244598,81.5299987792969 107.823440551758,10.8247011899948,81.9199981689453 107.82343018055,10.8246992826462,82.120002746582 107.823421955109,10.824697971344,82.2399978637695 107.823413610458,10.824699640274,82.2799987792969 107.823404788971,10.8247034549713,82.1100006103516 107.823394298553,10.8247073888779,81.6999969482422 107.82338309288,10.8247079849243,81.3399963378906 107.823373198509,10.8247058391571,80.870002746582 107.823364138603,10.8247036933899,80.5400009155273 107.823354482651,10.8247036933899,80.2900009155273 107.823343873024,10.8247014284134,80.0 107.823332905769,10.8246977329254,79.8000030517578 107.823324561119,10.8246964216232,79.5 107.823316931725,10.8246980905533,79.2699966430664 107.823309421539,10.8246984481812,79.129997253418 107.823298811913,10.8246974945068,78.9899978637695 107.82328748703,10.8246970176697,78.8600006103516 107.823278427124,10.8246973752975,78.7600021362305 107.823269963264,10.824697136879,78.5899963378906 107.82326233387,10.8246946334839,78.4199981689453 107.823253393173,10.8246929645538,78.3300018310547 107.8232421875,10.824692606926,78.2699966430664 107.82323050499,10.8246922492981,78.1500015258789 107.823220491409,10.8246912956238,78.0599975585938 107.823212623596,10.8246887922287,78.0199966430664 107.823204636574,10.8246886730194,77.9899978637695 107.823196530342,10.8246898651123,77.9800033569336 107.823188066483,10.824690580368,77.9199981689453 107.823179125786,10.8246896266937,77.8899993896484 107.823171377182,10.8246876001358,77.8499984741211 107.823161840439,10.8246859312057,77.7799987792969 107.823150277138,10.8246856927872,77.7399978637695 107.823139548302,10.8246847391129,77.7099990844727 107.823130488396,10.8246845006943,77.6900024414062 107.823122620583,10.8246849775314,77.620002746582 107.823114752769,10.8246853351593,77.5899963378906 107.823104500771,10.8246864080429,77.5800018310547 107.823094129562,10.8246839046478,77.5699996948242 107.823085069656,10.8246824741364,77.5299987792969 107.823075652122,10.8246847391129,77.5100021362305 107.823063850403,10.8246854543686,77.4899978637695 107.823052287102,10.8246848583221,77.4800033569336 107.823043227196,10.8246841430664,77.4199981689453 107.823035597801,10.8246837854385,77.4499969482422 107.823027253151,10.8246850967407,77.4100036621094 107.823018431664,10.8246854543686,77.3899993896484 107.823008060455,10.8246849775314,77.370002746582 107.822996616364,10.8246845006943,77.370002746582 107.82298541069,10.8246839046478,77.3600006103516 107.822975993156,10.8246811628342,77.2900009155273 107.822967290878,10.8246783018112,77.2300033569336 107.822957754135,10.8246755599976,77.120002746582 107.822947025299,10.8246743679047,77.0599975585938 107.822935223579,10.8246743679047,77.0199966430664 107.822924971581,10.8246750831604,77.0100021362305 107.822918176651,10.8246737718582,77.0 107.822911381721,10.8246726989746,77.0100021362305 107.822901010513,10.824672460556,77.0199966430664 107.822890520096,10.8246704339981,77.0899963378906 107.822880864143,10.8246681690216,77.129997253418 107.822872281075,10.8246674537659,77.1500015258789 107.82286632061,10.8246684074402,77.1100006103516 107.822864055634,10.8246704339981,77.0800018310547 107.822858572006,10.8246721029282,77.0299987792969 107.822849869728,10.8246731758118,77.0100021362305 107.822842717171,10.8246756792068,76.9700012207031 107.822838664055,10.8246799707413,76.9499969482422 107.822830557823,10.8246868848801,76.9499969482422 107.822821378708,10.8246892690659,76.9499969482422 107.822809934616,10.8246906995773,76.9499969482422 107.822797060013,10.8246902227402,76.870002746582 107.822785496712,10.824689745903,76.8099975585938 107.822775125504,10.8246892690659,76.7300033569336 107.822765231133,10.8246891498566,76.6800003051758 107.82275557518,10.8246886730194,76.620002746582 107.822744965553,10.8246886730194,76.5599975585938 107.822733163834,10.8246887922287,76.5299987792969 107.822721838951,10.8246896266937,76.5199966430664 107.822712779045,10.8246909379959,76.5199966430664 107.822704195976,10.8246927261353,76.5199966430664 107.822694778442,10.8246945142746,76.5100021362305 107.822683572769,10.8246970176697,76.5 107.822672128677,10.8246954679489,76.5 107.822661757469,10.8246943950653,76.5100021362305 107.822652816772,10.8246927261353,76.5100021362305 107.822645425797,10.8246896266937,76.4400024414062 107.8226364851,10.824688076973,76.3600006103516 107.822627067566,10.8246868848801,76.0500030517578 107.822616934776,10.824684381485,75.9000015258789 107.822607040405,10.8246808052063,75.8199996948242 107.822597026825,10.8246778249741,75.7799987792969 107.822587609291,10.8246756792068,75.75 107.822576522827,10.8246730566025,75.8000030517578 107.822564125061,10.8246711492538,75.8499984741211 107.822553873062,10.8246681690216,75.879997253418 107.822546005249,10.8246642351151,75.9000015258789 107.822536587715,10.8246628046036,75.8199996948242 107.822526931763,10.8246616125107,75.75 107.822517633438,10.8246600627899,75.7099990844727 107.822508811951,10.8246591091156,75.6900024414062 107.82250058651,10.8246600627899,75.6900024414062 107.822494268417,10.8246599435806,75.6800003051758 107.822483420372,10.8246592283249,75.6100006103516 107.822472333908,10.8246574401855,75.5800018310547 107.822462201118,10.8246550559998,75.5599975585938 107.822452664375,10.824652671814,75.4499969482422 107.822443366051,10.8246502876282,75.3600006103516 107.82243168354,10.8246492147446,75.3000030517578 107.822421431541,10.824648141861,75.25 107.82241332531,10.8246488571167,75.2300033569336 107.822404026985,10.8246512413025,75.2099990844727 107.822394251823,10.8246514797211,75.1999969482422 107.822385311127,10.8246501684189,75.1699981689453 107.822375535965,10.824650645256,75.1600036621094 107.82236468792,10.8246499300003,75.1100006103516 107.822353839874,10.824648141861,75.0400009155273 107.822344779968,10.8246465921402,74.9300003051758 107.822336912155,10.8246465921402,74.8600006103516 107.822329282761,10.8246471881866,74.7799987792969 107.822321653366,10.8246473073959,74.6600036621094 107.822319149971,10.8246457576752,74.4100036621094 107.822318673134,10.8246451616287,74.2799987792969 107.822317004204,10.8246432542801,74.2099990844727 107.822309374809,10.8246307373047,74.1600036621094 107.822306632996,10.8246244192123,74.9599990844727 107.822306394577,10.8246182203293,75.379997253418 107.822304725647,10.8246102333069,75.5800018310547 107.82230424881,10.8246031999588,75.6900024414062 107.822304725647,10.8245972394943,75.6900024414062 107.822304606438,10.8245922327042,75.6500015258789 107.822305321693,10.8245885372162,75.5500030517578 107.822305202484,10.8245846033096,75.4199981689453 107.82230424881,10.8245788812637,75.2399978637695 107.822304010391,10.8245741128922,75.1399993896484 107.822305321693,10.8245695829391,75.2200012207031 107.822307944298,10.8245667219162,75.2600021362305 107.822310566902,10.8245629072189,75.3399963378906 107.82231259346,10.8245602846146,75.5800018310547 107.822314620018,10.8245570659637,75.9499969482422 107.822316765785,10.824554681778,76.129997253418 107.822320461273,10.8245512247086,76.2399978637695 107.82232272625,10.824548125267,76.2799987792969 107.822322845459,10.8245466947556,76.1100006103516 107.822323799133,10.8245443105698,75.629997253418 107.822324991226,10.8245396614075,75.3600006103516 107.822325229645,10.824535369873,75.1399993896484 107.822325348854,10.8245295286179,75.1100006103516 107.822326779366,10.8245253562927,74.5599975585938 107.822326898575,10.8245207071304,74.8099975585938 107.822324991226,10.8245151042938,75.0199966430664 107.822322130203,10.8245099782944,75.3499984741211 107.82232272625,10.8245062828064,75.3000030517578 107.82232093811,10.8244996070862,75.2799987792969 107.822320103645,10.8244913816452,75.2699966430664 107.822319626808,10.8244860172272,75.2600021362305 107.822318315506,10.8244798183441,75.0500030517578 107.822318553925,10.8244746923447,74.8600006103516 107.82231926918,10.8244696855545,74.7600021362305 107.822321653366,10.8244639635086,74.8000030517578 107.822323322296,10.8244577646255,75.120002746582 107.822321295738,10.8244487047195,75.2799987792969 107.822321653366,10.8244421482086,75.370002746582 107.822321414948,10.8244341611862,75.6100006103516 107.822320342064,10.8244277238846,75.7399978637695 107.822319149971,10.8244222402573,75.5999984741211 107.822316408157,10.8244178295135,75.4300003051758 107.822316765785,10.8244143724442,75.3499984741211 107.822315692902,10.8244100809097,75.3000030517578 107.822315454483,10.8244042396545,75.2799987792969 107.822314500809,10.8243976831436,75.2699966430664 107.822312355042,10.8243924379349,75.3099975585938 107.822313427925,10.8243856430054,75.3899993896484 107.822316050529,10.8243795633316,75.4199981689453 107.822316169739,10.8243745565414,75.4400024414062 107.822316527367,10.8243699073792,75.4400024414062 107.822317957878,10.824365735054,75.4400024414062 107.822319030762,10.8243614435196,75.4400024414062 107.822319865227,10.824356675148,75.4400024414062 107.822318315506,10.8243492841721,75.4400024414062 107.822316288948,10.8243424892426,75.4400024414062 107.822315454483,10.8243341445923,75.4400024414062 107.822315096855,10.8243265151978,75.4400024414062 107.822314023972,10.824320435524,75.4400024414062 107.822313547134,10.824315071106,75.4100036621094 107.822314858437,10.8243129253387,75.4000015258789 107.822315573692,10.8243072032928,75.3899993896484 107.822314858437,10.8243029117584,75.3899993896484 107.822313666344,10.8242945671082,75.3899993896484 107.822313070297,10.824289560318,75.3899993896484 107.822319030762,10.8242892026901,75.1500015258789 107.82232427597,10.8242880105972,75.2699966430664 107.822328090668,10.8242876529694,75.3300018310547 107.822330951691,10.8242838382721,75.370002746582 107.822333574295,10.824280500412,75.4100036621094 107.822335720062,10.8242775201797,75.4100036621094 107.822340846062,10.8242743015289,75.4100036621094 107.822345614433,10.8242690563202,75.4199981689453 107.822352051735,10.8242664337158,75.4100036621094 107.822355866432,10.8242623806,75.4400024414062 107.822358369827,10.8242613077164,75.379997253418 107.822360754013,10.824257850647,75.3399963378906 107.822364211082,10.8242576122284,75.4400024414062 107.822365164757,10.8242526054382,75.5 107.82237136364,10.8242452144623,75.4100036621094 107.822374105453,10.8242365121841,75.5400009155273 107.822377800941,10.8242282867432,75.4300003051758 107.822382330894,10.8242243528366,75.6100006103516 107.822389602661,10.8242249488831,75.4800033569336 107.822399020195,10.8242256641388,75.2699966430664 107.82240653038,10.8242260217667,75.0699996948242 107.822415471077,10.8242264986038,74.7399978637695 107.822424769402,10.8242259025574,74.5800018310547 107.822433948517,10.8242259025574,74.8099975585938 107.822441339493,10.8242259025574,74.9199981689453 107.822448730469,10.8242263793945,74.6699981689453 107.822456598282,10.8242293596268,74.5500030517578 107.822465062141,10.8242288827896,74.5800018310547 107.822473049164,10.824230670929,74.6100006103516 107.822485089302,10.8242313861847,74.620002746582 107.822495698929,10.8242322206497,74.629997253418 107.822505712509,10.8242344856262,74.629997253418 107.822515368462,10.8242384195328,74.629997253418 107.822525858879,10.8242404460907,74.870002746582 107.822537660599,10.8242406845093,75.0 107.822548031807,10.8242406845093,75.1100006103516 107.822558164597,10.8242394924164,75.1600036621094 107.822568297386,10.8242363929749,75.1900024414062 107.822582364082,10.8242335319519,75.2799987792969 107.822594404221,10.8242319822311,75.4100036621094 107.822605252266,10.8242305517197,75.5299987792969 107.822616696358,10.824227809906,75.6800003051758 107.822627782822,10.8242266178131,76.0100021362305 107.822639346123,10.8242249488831,76.1800003051758 107.822649717331,10.8242228031158,76.2600021362305 107.822657942772,10.8242210149765,76.2699966430664 107.822667360306,10.8242186307907,76.25 107.822671771049,10.8242167234421,76.2399978637695 107.822667717934,10.8242166042328,76.25 107.822667360306,10.8242162466049,76.2600021362305 107.822676897049,10.8242156505585,74.2900009155273 107.822683930397,10.8242143392563,74.3000030517578 107.822690367699,10.8242146968842,74.7099990844727 107.822696447372,10.8242146968842,75.6800003051758 107.822700500488,10.8242129087448,76.3300018310547 107.822704195976,10.8242071866989,76.9400024414062 107.822708487511,10.8242005109787,77.3000030517578 107.822710990906,10.8241935968399,77.4899978637695 107.822713255882,10.8241847753525,77.2600021362305 107.822713851929,10.8241770267487,77.1100006103516 107.822713494301,10.8241676092148,77.0400009155273 107.822716116905,10.8241608142853,77.0 107.822716116905,10.8241546154022,76.9800033569336 107.822716832161,10.8241461515427,76.879997253418 107.822716116905,10.8241405487061,76.9199981689453 107.822713494301,10.8241358995438,76.9400024414062 107.822712182999,10.8241311311722,76.8600006103516 107.822711706161,10.8241251707077,76.8099975585938 107.822710752487,10.8241188526154,76.75 107.822713255882,10.8241093158722,76.6800003051758 107.822712898254,10.8241013288498,76.6500015258789 107.822712063789,10.8240957260132,76.5299987792969 107.822711825371,10.8240885734558,76.5699996948242 107.822712063789,10.8240809440613,76.5899963378906 107.822711110115,10.8240737915039,76.5 107.822710752487,10.8240654468536,76.5500030517578 107.822709202766,10.8240571022034,76.4899978637695 107.822707056999,10.8240474462509,76.4100036621094 107.822704434395,10.8240394592285,76.379997253418 107.822703361511,10.8240325450897,76.3600006103516 107.822701096535,10.824021935463,76.3399963378906 107.822699546814,10.8240110874176,76.370002746582 107.822699308395,10.8240034580231,76.3399963378906 107.822697758675,10.8239961862564,76.3300018310547 107.822692155838,10.8239899873734,76.3199996948242 107.822694063187,10.8239848613739,76.3099975585938 107.822693109512,10.8239787817001,76.3099975585938 107.822692394257,10.8239694833755,76.2799987792969 107.822692990303,10.8239576816559,76.2699966430664 107.822694659233,10.8239463567734,76.0800018310547 107.82269692421,10.8239363431931,75.9700012207031 107.822699427605,10.8239266872406,75.9199981689453 107.822699308395,10.8239164352417,75.629997253418 107.822697758675,10.82390832901,75.4800033569336 107.822694420815,10.8239017724991,75.4100036621094 107.822690725327,10.8238940238953,75.3899993896484 107.822689533234,10.8238857984543,75.370002746582 107.822693705559,10.8238815069199,75.5400009155273 107.822697401047,10.8238731622696,75.620002746582 107.822698831558,10.8238629102707,75.7300033569336 107.822699427605,10.8238538503647,75.8000030517578 107.822699308395,10.823845744133,75.75 107.822699904442,10.8238378763199,75.7300033569336 107.822699427605,10.8238285779953,75.7200012207031 107.822697401047,10.8238159418106,75.7900009155273 107.822696805,10.8238042593002,76.1399993896484 107.822696089745,10.8237931728363,76.3300018310547 107.822695612907,10.8237832784653,76.4199981689453 107.822694897652,10.8237733840942,76.4700012207031 107.822692275047,10.8237627744675,76.4300003051758 107.822690963745,10.823753118515,76.3899993896484 107.822692275047,10.8237439393997,76.0800018310547 107.822692990303,10.8237360715866,75.9199981689453 107.822693228722,10.8237277269363,75.8300018310547 107.822689056396,10.8237180709839,75.75 107.82268679142,10.8237098455429,75.6999969482422 107.822683334351,10.8237001895905,75.6800003051758 107.822680830956,10.8236908912659,75.6600036621094 107.822678685188,10.8236827850342,75.8099975585938 107.822676897049,10.823676109314,75.9300003051758 107.822677135468,10.8236693143845,75.9800033569336 107.822677612305,10.8236624002457,76.0199966430664 107.822677969933,10.8236526250839,75.9899978637695 107.822677373886,10.8236427307129,75.629997253418 107.822675585747,10.8236335515976,75.8000030517578 107.822672009468,10.8236247301102,75.5400009155273 107.822667717934,10.8236165046692,75.4000015258789 107.822665572166,10.8236097097397,75.3199996948242 107.822667837143,10.8236010074615,75.3600006103516 107.822668671608,10.8235936164856,75.379997253418 107.822668552399,10.8235874176025,75.3899993896484 107.822669744492,10.8235832452774,75.2900009155273 107.822669148445,10.8235790729523,75.3399963378906 107.822669267654,10.8235738277435,75.2699966430664 107.822670936584,10.8235703706741,75.2300033569336 107.822670936584,10.8235634565353,75.1500015258789 107.822669029236,10.8235546350479,75.120002746582 107.822666883469,10.8235461711884,75.0999984741211 107.822665810585,10.8235362768173,75.0899963378906 107.82266330719,10.8235239982605,75.0800018310547 107.822661519051,10.8235121965408,75.0400009155273 107.822661757469,10.8235019445419,74.9400024414062 107.822663664818,10.8234934806824,74.9700012207031 107.822664856911,10.8234845399857,75.0500030517578 107.822664737701,10.8234739303589,75.0199966430664 107.822664260864,10.8234657049179,74.9300003051758 107.822662711143,10.8234560489655,74.879997253418 107.822661161423,10.8234440088272,74.8600006103516 107.822660207748,10.8234317302704,74.9899978637695 107.822660923004,10.8234213590622,75.0599975585938 107.822662115097,10.8234108686447,75.2900009155273 107.822664380074,10.8234009742737,75.4100036621094 107.822668910027,10.8233904838562,75.4700012207031 107.822672009468,10.8233776092529,75.5 107.822669148445,10.8233641386032,75.370002746582 107.822662472725,10.8233522176743,74.8000030517578 107.82265818119,10.8233417272568,74.5100021362305 107.822656273842,10.82333111763,74.3600006103516 107.822655320168,10.8233208656311,74.2900009155273 107.82265484333,10.8233095407486,74.4000015258789 107.822655081749,10.8232980966568,74.5500030517578 107.822656393051,10.8232870101929,74.8199996948242 107.822658896446,10.8232773542404,75.0899963378906 107.822661161423,10.823268532753,75.2300033569336 107.82266330719,10.8232595920563,75.1699981689453 107.82266497612,10.8232491016388,75.0599975585938 107.822665691376,10.8232386112213,75.0 107.822665572166,10.8232271671295,74.9800033569336 107.822665214539,10.8232152462006,74.9100036621094 107.822664737701,10.8232035636902,74.8600006103516 107.822663664818,10.8231925964355,74.8000030517578 107.822663068771,10.8231822252274,74.7799987792969 107.82266330719,10.8231718540192,74.8000030517578 107.822663664818,10.8231621980667,74.7799987792969 107.822662711143,10.8231517076492,74.7600021362305 107.82265996933,10.8231393098831,74.7600021362305 107.822659015656,10.8231319189072,74.7600021362305 107.822657346725,10.8231258392334,74.7600021362305 107.822657465935,10.8231205940247,74.7600021362305 107.822659492493,10.8231128454208,74.8600006103516 107.822660565376,10.8231045007706,74.9800033569336 107.822662115097,10.8231022357941,75.3199996948242 107.822663545609,10.8231035470963,75.5100021362305 107.822663784027,10.8231031894684,75.5100021362305 107.822664618492,10.8231031894684,75.5100021362305 107.822663545609,10.823095202446,75.5100021362305 107.822666049004,10.8230879306793,75.5100021362305 107.822669744492,10.8230817317963,75.5100021362305 107.822672128677,10.8230735063553,75.5100021362305 107.822674512863,10.8230645656586,75.5100021362305 107.8226749897,10.8230545520782,75.5100021362305 107.82267510891,10.8230482339859,75.5100021362305 107.822675466537,10.8230454921722,75.5100021362305 107.822674512863,10.8230415582657,75.5100021362305 107.822673678398,10.8230365514755,75.5100021362305 107.822676539421,10.8230329751968,75.5100021362305 107.822679877281,10.8230316638947,75.5100021362305 107.822683691978,10.823028922081,75.5100021362305 107.822687864304,10.8230261802673,75.5100021362305 107.822693347931,10.823024392128,75.5100021362305 107.822699427605,10.8230239152908,75.5100021362305 107.822706341743,10.8230237960815,75.5100021362305 107.822715997696,10.823021531105,75.5999984741211 107.8227237463,10.8230193853378,75.9599990844727 107.822733998299,10.82301902771,76.1399993896484 107.822744488716,10.8230186700821,76.2399978637695 107.822754740715,10.8230184316635,75.9199981689453 107.822765827179,10.8230180740356,75.7600021362305 107.82277572155,10.823017001152,75.6900024414062 107.822784662247,10.823017001152,75.6800003051758 107.822793245316,10.8230171203613,75.6500015258789 107.822803735733,10.8230186700821,75.620002746582 107.822811484337,10.8230179548264,75.5999984741211 107.822818398476,10.8230175971985,75.379997253418 107.822826743126,10.8230175971985,75.2600021362305 107.822835206985,10.8230173587799,75.1699981689453 107.822842001915,10.8230172395706,75.1399993896484 107.8228495121,10.823017001152,75.0699996948242 107.822856068611,10.8230179548264,75.0199966430664 107.82286298275,10.8230181932449,75.0 107.822868824005,10.8230177164078,74.9899978637695 107.8228764534,10.823017001152,74.9800033569336 107.822882890701,10.823015332222,74.8399963378906 107.822889685631,10.8230150938034,74.6399993896484 107.822897195816,10.823014497757,74.6600036621094 107.822903633118,10.8230148553848,74.8000030517578 107.822910308838,10.8230133056641,74.9700012207031 107.822917461395,10.8230117559433,75.0500030517578 107.822927236557,10.8230115175247,75.0 107.822937488556,10.8230109214783,74.9800033569336 107.822947025299,10.8230102062225,75.0899963378906 107.822957158089,10.8230098485947,75.5299987792969 107.822967648506,10.8230093717575,75.7600021362305 107.822977781296,10.8230115175247,75.8000030517578 107.822989583015,10.8230134248734,75.879997253418 107.823001742363,10.823012471199,75.9300003051758 107.823013663292,10.8230113983154,75.9499969482422 107.823023200035,10.8230106830597,75.8899993896484 107.823032617569,10.8230105638504,75.8199996948242 107.823042273521,10.8230113983154,75.7699966430664 107.823052048683,10.8230133056641,75.75 107.82306098938,10.8230162858963,75.7399978637695 107.82307100296,10.8230184316635,75.879997253418 107.82308113575,10.8230208158493,75.9599990844727 107.823092222214,10.8230228424072,75.9899978637695 107.823104143143,10.8230237960815,76.0999984741211 107.823114156723,10.8230254650116,76.0699996948242 107.823124051094,10.8230264186859,75.9800033569336 107.823135614395,10.8230268955231,75.9499969482422 107.82314646244,10.823026061058,75.9300003051758 107.823157668114,10.8230258226395,76.0599975585938 107.82316672802,10.8230268955231,76.129997253418 107.823170781136,10.823026061058,76.1699981689453 107.823175907135,10.8230248689652,76.2699966430664 107.823186159134,10.8230249881744,76.5400009155273 107.82319521904,10.8230270147324,76.6800003051758 107.823206424713,10.8230291604996,76.7600021362305 107.823216795921,10.8230308294296,76.5999984741211 107.82322883606,10.8230311870575,76.4700012207031 107.823240756989,10.8230310678482,76.4000015258789 107.823249936104,10.8230303525925,76.370002746582 107.823258757591,10.823028922081,76.2900009155273 107.823267221451,10.8230277299881,76.1900024414062 107.823276162148,10.8230267763138,76.1399993896484 107.823287725449,10.8230261802673,76.1699981689453 107.82329761982,10.8230264186859,76.25 107.823305845261,10.8230265378952,76.3399963378906 107.823313713074,10.823026061058,76.5500030517578 107.823322534561,10.823026061058,76.6699981689453 107.823333024979,10.823025226593,76.7200012207031 107.823342680931,10.8230233192444,76.5899963378906 107.823351979256,10.8230209350586,76.5299987792969 107.823361515999,10.8230196237564,76.4899978637695 107.823370695114,10.8230201005936,76.4800033569336 107.823378562927,10.8230221271515,76.4700012207031 107.823387145996,10.8230221271515,76.5299987792969 107.823397636414,10.8230208158493,76.6999969482422 107.823409199715,10.8230195045471,76.7799987792969 107.823418974876,10.8230173587799,76.8199996948242 107.82342839241,10.8230143785477,76.8099975585938 107.823439359665,10.8230122327805,76.8000030517578 107.823450684547,10.8230119943619,76.7900009155273 107.823463082314,10.8230105638504,76.8199996948242 107.823474287987,10.823009967804,76.8399963378906 107.823484539986,10.8230105638504,77.0 107.823495030403,10.8230091333389,77.0899963378906 107.823505878449,10.8230075836182,77.1399993896484 107.823515415192,10.8230078220367,77.3000030517578 107.823526263237,10.8230081796646,77.4199981689453 107.82353746891,10.8230061531067,77.4400024414062 107.823547244072,10.8230015039444,77.3399963378906 107.823555707932,10.8229975700378,77.4400024414062 107.823565721512,10.822993516922,77.5 107.823577404022,10.8229899406433,77.5400009155273 107.823588490486,10.8229860067368,77.5599975585938 107.823600888252,10.8229827880859,77.5800018310547 107.823614120483,10.8229808807373,77.5800018310547 107.823626756668,10.8229788541794,77.6500015258789 107.82363820076,10.82297706604,77.6800003051758 107.823650836945,10.82297706604,77.6999969482422 107.823662757874,10.8229775428772,77.7099990844727 107.823673725128,10.8229798078537,77.6500015258789 107.823685765266,10.8229827880859,77.629997253418 107.82369863987,10.8229843378067,77.6500015258789 107.823712229729,10.8229846954346,77.6699981689453 107.823725700378,10.822984457016,77.6800003051758 107.823738098145,10.8229856491089,77.6399993896484 107.823749184608,10.8229877948761,77.4899978637695 107.823759913445,10.8229905366898,77.4100036621094 107.823769807816,10.8229938745499,77.3199996948242 107.823780179024,10.8229967355728,77.25 107.82379090786,10.8229999542236,77.2200012207031 107.823802828789,10.8230041265488,77.2099990844727 107.823814630508,10.8230092525482,77.1999969482422 107.823825955391,10.8230141401291,77.3399963378906 107.823836326599,10.8230186700821,77.4899978637695 107.823845267296,10.8230229616165,77.620002746582 107.823852419853,10.8230279684067,77.7900009155273 107.823860645294,10.8230327367783,77.9000015258789 107.823871016502,10.8230361938477,77.8399963378906 107.823881626129,10.8230382204056,77.8099975585938 107.823891401291,10.8230403661728,77.8000030517578 107.823900580406,10.8230419158936,77.8300018310547 107.823911190033,10.8230422735214,77.8499984741211 107.823922514915,10.823041677475,77.8600006103516 107.823934674263,10.8230408430099,77.9700012207031 107.823945641518,10.8230413198471,78.1100006103516 107.82395529747,10.8230422735214,78.1999969482422 107.823964834213,10.8230438232422,78.2799987792969 107.823974967003,10.8230459690094,78.3300018310547 107.823987007141,10.823047041893,78.4400024414062 107.823999762535,10.8230460882187,78.4899978637695 107.824011445045,10.8230450153351,78.5299987792969 107.824021339417,10.8230452537537,78.5400009155273 107.82403075695,10.8230451345444,78.4700012207031 107.824041485786,10.8230450153351,78.5 107.824052929878,10.8230438232422,78.5199966430664 107.824062347412,10.8230429887772,78.5299987792969 107.824070572853,10.8230439424515,78.5199966430664 107.824079751968,10.8230454921722,78.4599990844727 107.824088811874,10.8230456113815,78.3399963378906 107.824096083641,10.8230460882187,78.4300003051758 107.824104189873,10.8230459690094,78.379997253418 107.824113607407,10.8230459690094,78.3600006103516 107.824123382568,10.8230464458466,78.3399963378906 107.824131131172,10.8230464458466,78.5500030517578 107.824140667915,10.8230464458466,78.6500015258789 107.824151515961,10.8230459690094,78.6999969482422 107.824161171913,10.8230452537537,78.7300033569336 107.824170589447,10.8230444192886,78.9499969482422 107.824179768562,10.82304251194,79.0599975585938 107.824189901352,10.8230396509171,79.120002746582 107.824199438095,10.8230383396149,79.1500015258789 107.824208498001,10.8230385780334,79.1699981689453 107.824217200279,10.8230400085449,79.1699981689453 107.824227452278,10.8230407238007,78.9599990844727 107.824237942696,10.8230413198471,78.8099975585938 107.824248075485,10.8230414390564,78.7399978637695 107.824257135391,10.8230403661728,78.6999969482422 107.824267029762,10.8230389356613,78.6800003051758 107.824277639389,10.8230383396149,78.8099975585938 107.824288010597,10.8230382204056,79.0 107.824298143387,10.8230383396149,79.1100006103516 107.824308276176,10.8230394124985,79.1699981689453 107.824318528175,10.8230409622192,79.3000030517578 107.824328184128,10.8230431079865,79.370002746582 107.824338912964,10.8230429887772,79.3399963378906 107.824349999428,10.8230423927307,79.3199996948242 107.824361205101,10.8230419158936,79.3199996948242 107.824374556541,10.8230423927307,79.3199996948242 107.824386358261,10.8230443000793,79.379997253418 107.824398517609,10.8230447769165,79.370002746582 107.824409723282,10.8230450153351,79.3600006103516 107.824419617653,10.8230469226837,79.4400024414062 107.824430465698,10.8230488300323,79.4800033569336 107.824442625046,10.8230508565903,79.5599975585938 107.824454903603,10.8230543136597,79.5999984741211 107.82446873188,10.8230570554733,79.4800033569336 107.824481248856,10.823056936264,79.379997253418 107.82449221611,10.8230558633804,79.3899993896484 107.824503779411,10.8230549097061,79.3899993896484 107.824514508247,10.8230545520782,79.4100036621094 107.824525475502,10.8230558633804,79.4199981689453 107.824537158012,10.8230575323105,79.4000015258789 107.824548006058,10.8230594396591,79.4199981689453 107.824558615685,10.8230625391006,79.4400024414062 107.824568748474,10.8230665922165,79.5299987792969 107.824576377869,10.8230724334717,79.5999984741211 107.82458281517,10.8230792284012,79.7699966430664 107.824591159821,10.82308614254,79.879997253418 107.824600100517,10.8230936527252,79.9199981689453 107.824606776237,10.8231003284454,79.9499969482422 107.824607849121,10.8231085538864,79.9599990844727 107.824606060982,10.8231155872345,79.9700012207031 107.824602365494,10.823122382164,79.9800033569336 107.824597001076,10.8231303691864,79.9899978637695 107.824592471123,10.8231387138367,79.9100036621094 107.824589371681,10.8231469392776,79.9499969482422 107.824585080147,10.8231550455093,79.9700012207031 107.824579834938,10.8231624364853,80.0500030517578 107.824575185776,10.8231682777405,80.0899963378906 107.824567556381,10.8231748342514,80.2699966430664 107.82456099987,10.8231811523438,80.3499984741211 107.824553012848,10.8231873512268,80.4000015258789 107.824544668198,10.823194026947,80.4300003051758 107.824535131454,10.8231997489929,80.4300003051758 107.824525594711,10.8232049942017,80.370002746582 107.824515581131,10.8232101202011,80.3300018310547 107.824505805969,10.8232139348984,80.3000030517578 107.824494957924,10.8232172727585,80.2900009155273 107.824483036995,10.8232208490372,80.2900009155273 107.824472904205,10.8232256174088,80.370002746582 107.824464917183,10.8232296705246,80.4100036621094 107.824456930161,10.8232340812683,80.4800033569336 107.824447035789,10.8232392072678,80.4599990844727 107.824435114861,10.8232439756393,80.5199966430664 107.824424266815,10.8232463598251,80.4800033569336 107.824414610863,10.8232480287552,80.4100036621094 107.824402809143,10.8232527971268,80.3199996948242 107.824393630028,10.8232588768005,80.3199996948242 107.82438659668,10.8232637643814,80.3300018310547 107.824377775192,10.8232681751251,80.3899993896484 107.824366569519,10.8232734203339,80.4300003051758 107.824356675148,10.8232798576355,80.5 107.824348449707,10.823284983635,80.5400009155273 107.824339032173,10.8232904672623,80.5699996948242 107.824328064919,10.8232955932617,80.5800018310547 107.824318051338,10.823301076889,80.5800018310547 107.824309229851,10.8233081102371,80.5800018310547 107.824301958084,10.8233155012131,80.5599975585938 107.824294090271,10.8233227729797,80.3899993896484 107.824284434319,10.8233309984207,80.4199981689453 107.824273705482,10.8233387470245,80.4300003051758 107.824263811111,10.8233439922333,80.4700012207031 107.824255108833,10.8233474493027,80.5 107.824246287346,10.8233510255814,80.5800018310547 107.824235796928,10.8233567476273,80.629997253418 107.824225783348,10.8233627080917,80.6500015258789 107.82421875,10.8233677148819,80.6600036621094 107.824213624001,10.8233724832535,80.4300003051758 107.824207425117,10.8233779668808,80.2799987792969 107.824199557304,10.8233807086945,80.1900024414062 107.824190378189,10.8233841657639,80.1500015258789 107.824181199074,10.823387503624,80.1699981689453 107.824171662331,10.8233910799026,80.1399993896484 107.824163079262,10.8233952522278,80.3199996948242 107.824158191681,10.8233983516693,80.4800033569336 107.824150681496,10.8234014511108,80.5899963378906 107.824141383171,10.8234043121338,80.6500015258789 107.824130177498,10.8234100341797,80.6800003051758 107.824119329453,10.8234148025513,80.3499984741211 107.824110984802,10.823420882225,80.2300033569336 107.824104189873,10.823428273201,80.1100006103516 107.824096083641,10.8234367370605,80.0199966430664 107.824087023735,10.823446393013,79.9700012207031 107.824077129364,10.8234535455704,79.9700012207031 107.824068546295,10.8234585523605,79.9800033569336 107.824060320854,10.8234646320343,80.0299987792969 107.824050664902,10.8234713077545,80.120002746582 107.824040532112,10.823478102684,80.1699981689453 107.824032664299,10.8234848976135,80.1999969482422 107.824026107788,10.8234920501709,80.1999969482422 107.824019432068,10.8234987258911,80.1800003051758 107.824012637138,10.8235063552856,80.1900024414062 107.824004650116,10.8235125541687,80.1900024414062 107.823994874954,10.8235185146332,80.1800003051758 107.82398545742,10.8235232830048,80.120002746582 107.823977351189,10.8235284090042,80.0899963378906 107.823969721794,10.8235363960266,80.1399993896484 107.82396042347,10.8235440254211,80.1699981689453 107.823950529099,10.8235507011414,80.1800003051758 107.823942542076,10.8235553503037,80.1900024414062 107.823936343193,10.8235622644424,80.1999969482422 107.823930025101,10.823569893837,80.25 107.82392179966,10.82357609272,80.2300033569336 107.823914527893,10.8235809803009,80.2300033569336 107.82390666008,10.8235857486725,80.2300033569336 107.823897480965,10.8235913515091,80.2099990844727 107.823890566826,10.8235976696014,80.1999969482422 107.823884248734,10.8236039876938,80.120002746582 107.823877215385,10.8236118555069,80.0800018310547 107.823869943619,10.8236196041107,80.0400009155273 107.823860883713,10.8236260414124,80.0199966430664 107.823854207993,10.8236308097839,80.0400009155273 107.823849916458,10.823637008667,80.1399993896484 107.823843717575,10.8236448764801,80.1100006103516 107.823838591576,10.8236545324326,80.0899963378906 107.823832988739,10.8236622810364,79.8499984741211 107.823825955391,10.8236706256866,79.9599990844727 107.82381939888,10.8236784934998,79.9000015258789 107.823810458183,10.8236861228943,79.879997253418 107.823803067207,10.8236920833588,79.629997253418 107.823796629906,10.8236980438232,79.7399978637695 107.82378923893,10.8237059116364,79.879997253418 107.823780655861,10.8237156867981,80.0100021362305 107.823775172234,10.8237245082855,80.0199966430664 107.82377076149,10.8237333297729,80.0199966430664 107.823766350746,10.8237426280975,80.0400009155273 107.823761701584,10.8237541913986,80.0400009155273 107.823754787445,10.8237633705139,80.0500030517578 107.823746085167,10.8237698078156,80.0500030517578 107.823737859726,10.8237780332565,80.0500030517578 107.823730945587,10.8237892389297,80.0500030517578 107.823725223541,10.8238022327423,80.0500030517578 107.823723912239,10.8238137960434,80.1800003051758 107.823723196983,10.823823094368,80.25 107.823721528053,10.823829293251,80.2799987792969 107.823718905449,10.8238340616226,80.3199996948242 107.823714852333,10.8238402605057,80.2300033569336 107.823709964752,10.8238480091095,80.1800003051758 107.823704361916,10.8238559961319,80.1500015258789 107.823700070381,10.8238644599915,80.129997253418 107.823694348335,10.8238756656647,80.1100006103516 107.823690414429,10.8238872289658,80.0400009155273 107.823688864708,10.8238993883133,79.9800033569336 107.823687911034,10.8239103555679,79.870002746582 107.823686122894,10.8239194154739,79.7900009155273 107.823684096336,10.8239312171936,79.7699966430664 107.823681354523,10.8239436149597,79.75 107.823679089546,10.823956489563,79.7399978637695 107.82367670536,10.8239679336548,79.7399978637695 107.823672294617,10.8239769935608,79.7600021362305 107.823668479919,10.8239867687225,79.8600006103516 107.823663949966,10.823996424675,79.9700012207031 107.823661088943,10.8240048885345,80.0699996948242 107.823659658432,10.824013710022,80.1500015258789 107.823660254478,10.824023604393,80.1900024414062 107.823659420013,10.8240357637405,80.2099990844727 107.82365834713,10.8240473270416,80.2200012207031 107.823656797409,10.8240575790405,80.2200012207031 107.823654651642,10.824066400528,80.1800003051758 107.823653936386,10.8240752220154,80.0500030517578 107.823654532433,10.8240860700607,79.9599990844727 107.823655128479,10.8240957260132,79.9300003051758 107.823656082153,10.8241037130356,80.0100021362305 107.823657870293,10.824112534523,79.9899978637695 107.823660135269,10.824122428894,79.9700012207031 107.823662757874,10.8241339921951,79.9800033569336 107.823665380478,10.8241447210312,80.0299987792969 107.823668003082,10.8241542577744,80.1699981689453 107.823668599129,10.8241641521454,80.2600021362305 107.823669195175,10.8241735696793,80.2900009155273 107.823672652245,10.8241816759109,80.3399963378906 107.823675513268,10.824188709259,80.3600006103516 107.82368016243,10.8241980075836,80.3499984741211 107.823682904243,10.8242076635361,80.370002746582 107.823684453964,10.8242163658142,80.3899993896484 107.823686003685,10.8242267370224,80.4100036621094 107.823688864708,10.8242387771606,80.4199981689453 107.823690772057,10.8242484331131,80.2399978637695 107.823692440987,10.8242566585541,80.1699981689453 107.823694944382,10.8242663145065,80.2900009155273 107.823698282242,10.8242762088776,80.3600006103516 107.823701143265,10.8242862224579,80.3199996948242 107.823703408241,10.8242956399918,80.3000030517578 107.823707103729,10.8243049383163,80.4000015258789 107.823712944984,10.8243147134781,80.4700012207031 107.823720812798,10.8243244886398,80.5400009155273 107.823727488518,10.8243322372437,80.5699996948242 107.823733210564,10.8243386745453,80.5699996948242 107.823740124702,10.8243445158005,80.5899963378906 107.823744773865,10.824348449707,80.629997253418 107.823749899864,10.8243507146835,80.7099990844727 107.823756217957,10.8243539333344,80.6600036621094 107.823760986328,10.8243590593338,80.7200012207031 107.823766589165,10.8243643045425,80.7699966430664 107.823773384094,10.8243688344955,80.7900009155273 107.823781013489,10.8243709802628,80.7900009155273 107.823789954186,10.8243721723557,80.7900009155273 107.823801398277,10.8243736028671,80.8000030517578 107.823812961578,10.8243741989136,80.8099975585938 107.823823809624,10.8243753910065,80.8099975585938 107.823833227158,10.8243763446808,80.9400024414062 107.823842525482,10.8243764638901,81.0599975585938 107.82385134697,10.8243768215179,81.129997253418 107.823860049248,10.824379324913,81.1800003051758 107.823869228363,10.8243833780289,81.2099990844727 107.823877453804,10.824386715889,81.2399978637695 107.823883652687,10.8243871927261,81.25 107.823889613152,10.8243887424469,81.4499969482422 107.823897600174,10.8243913650513,81.6500015258789 107.823907852173,10.8243938684464,81.5699996948242 107.823919296265,10.8243943452835,81.5599975585938 107.823928833008,10.8243943452835,81.5599975585938 107.823939919472,10.8243943452835,81.5599975585938 107.823949217796,10.8243960142136,81.5299987792969 107.8239569664,10.8243986368179,81.5100021362305 107.823966503143,10.824400305748,81.5 107.823977351189,10.8244012594223,81.5299987792969 107.823986649513,10.8244014978409,81.5899963378906 107.823994994164,10.8244016170502,81.6800003051758 107.824004650116,10.8244030475616,81.8399963378906 107.824012756348,10.8244050741196,81.9499969482422 107.824020504951,10.8244069814682,82.0 107.824029564857,10.8244078159332,82.0299987792969 107.824035406113,10.8244084119797,82.0400009155273 107.824037194252,10.8244084119797,82.0500030517578 107.824052810669,10.8244233131409,82.4700012207031 107.824061393738,10.8244216442108,82.5199966430664 107.824070215225,10.8244206905365,82.5400009155273 107.824077129364,10.8244208097458,82.4800033569336 107.824085712433,10.8244193792343,82.4499969482422 107.824094414711,10.8244202136993,82.4300003051758 107.824103951454,10.8244210481644,82.3300018310547 107.824111938477,10.8244234323502,82.25 107.824121594429,10.8244245052338,82.2300033569336 107.824132800102,10.824422955513,82.2300033569336 107.824142694473,10.8244216442108,82.3099975585938 107.824153423309,10.8244191408157,82.2399978637695 107.824163913727,10.8244152069092,82.120002746582 107.824174284935,10.8244134187698,82.0599975585938 107.824184179306,10.8244125843048,82.2300033569336 107.824195504189,10.8244112730026,82.3099975585938 107.824206471443,10.8244107961655,82.3600006103516 107.824215650558,10.8244112730026,82.4199981689453 107.824224829674,10.8244116306305,82.5500030517578 107.824236750603,10.8244134187698,82.6100006103516 107.824249386787,10.8244148492813,82.6500015258789 107.824261903763,10.8244146108627,82.6600036621094 107.824274539948,10.824413061142,82.6500015258789 107.824286460876,10.8244103193283,82.5999984741211 107.824298381805,10.8244078159332,82.5699996948242 107.82430934906,10.8244060277939,82.5500030517578 107.824321269989,10.8244049549103,82.5899963378906 107.824333190918,10.8244053125381,82.6600036621094 107.8243445158,10.8244062662125,82.6900024414062 107.824355006218,10.8244061470032,82.7099990844727 107.824366569519,10.8244061470032,82.7399978637695 107.824377179146,10.8244061470032,82.7600021362305 107.824388027191,10.8244055509567,82.75 107.824400186539,10.8244036436081,82.6900024414062 107.824411511421,10.8244024515152,82.6399993896484 107.824423193932,10.8244023323059,82.5699996948242 107.824434041977,10.8244010210037,82.5699996948242 107.824444413185,10.824399471283,82.5699996948242 107.824456691742,10.8243963718414,82.5699996948242 107.824468851089,10.8243924379349,82.5699996948242 107.824482560158,10.8243901729584,82.5999984741211 107.824495434761,10.8243919610977,82.6399993896484 107.824505209923,10.8243969678879,82.6600036621094 107.824512481689,10.8244024515152,82.6600036621094 107.82452249527,10.824406504631,82.6399993896484 107.824533581734,10.8244098424911,82.629997253418 107.824543356895,10.8244088888168,82.5699996948242 107.824552059174,10.8244106769562,82.5400009155273 107.824559926987,10.8244183063507,82.4899978637695 107.824566960335,10.8244276046753,82.4400024414062 107.824568986893,10.8244346380234,82.4100036621094 107.824573040009,10.8244442939758,82.4199981689453 107.82457780838,10.8244544267654,82.5999984741211 107.824580311775,10.8244634866714,82.6900024414062 107.824581980705,10.8244733810425,82.7399978637695 107.82458293438,10.8244842290878,82.7600021362305 107.824585080147,10.8244966268539,82.870002746582 107.824585437775,10.8245099782944,82.9300003051758 107.8245844841,10.8245223760605,82.9899978637695 107.82458293438,10.8245346546173,82.9499969482422 107.824580907822,10.8245463371277,82.9300003051758 107.824578285217,10.8245586156845,82.9899978637695 107.824577689171,10.8245714902878,83.0299987792969 107.824579715729,10.8245825767517,82.9599990844727 107.824581503868,10.8245921134949,82.8000030517578 107.82458281517,10.8246021270752,82.7099990844727 107.824583053589,10.8246139287949,82.629997253418 107.82458293438,10.824626326561,82.620002746582 107.824581503868,10.8246364593506,82.5800018310547 107.824580669403,10.8246462345123,82.5999984741211 107.824580788612,10.8246585130692,82.5599975585938 107.824581503868,10.8246729373932,82.6399993896484 107.824582457542,10.8246850967407,82.6800003051758 107.824583292007,10.8246949911118,82.6999969482422 107.824585556984,10.8247052431107,82.620002746582 107.824587583542,10.8247165679932,82.6699981689453 107.824589133263,10.8247299194336,82.7600021362305 107.824589967728,10.8247430324554,82.8000030517578 107.824589848518,10.8247526884079,82.6800003051758 107.824590325356,10.8247611522675,82.629997253418 107.824591040611,10.8247714042664,82.5999984741211 107.824593901634,10.8247833251953,82.5800018310547 107.824596405029,10.8247941732407,82.4499969482422 107.824598789215,10.8248035907745,82.3199996948242 107.824600100517,10.8248138427734,82.2399978637695 107.824600338936,10.8248250484467,82.129997253418 107.824599981308,10.8248372077942,82.0800018310547 107.824598670006,10.824848651886,82.129997253418 107.824597835541,10.8248584270477,82.0800018310547 107.824596405029,10.8248679637909,82.0599975585938 107.824593901634,10.8248792886734,82.1999969482422 107.824593663216,10.8248912096024,82.2699966430664 107.824594974518,10.824903011322,82.3499984741211 107.824597597122,10.8249138593674,82.3499984741211 107.824600934982,10.8249253034592,82.1900024414062 107.82460308075,10.8249349594116,82.1100006103516 107.824606537819,10.8249459266663,82.0699996948242 107.824609398842,10.8249568939209,82.0500030517578 107.824609994888,10.8249677419662,82.0 107.82461130619,10.8249782323837,81.9700012207031 107.824612975121,10.8249886035919,81.9899978637695 107.824617624283,10.825000166893,81.9899978637695 107.824621319771,10.8250126838684,82.0 107.824626684189,10.8250241279602,81.9400024414062 107.824631214142,10.8250324726105,81.9100036621094 107.824635863304,10.8250402212143,81.9599990844727 107.82464158535,10.825047492981,81.9199981689453 107.824646949768,10.8250576257706,81.9000015258789 107.824651241302,10.8250682353973,81.9499969482422 107.824653983116,10.8250768184662,81.9700012207031 107.82465839386,10.8250859975815,81.9800033569336 107.824664711952,10.8250956535339,81.9800033569336 107.824667334557,10.8251038789749,81.9800033569336 107.824671149254,10.8251134157181,81.9800033569336 107.82467675209,10.8251212835312,81.9899978637695 107.824683308601,10.8251310586929,81.9899978637695 107.824689745903,10.825142621994,81.9899978637695 107.824693918228,10.8251519203186,82.0699996948242 107.824697256088,10.8251603841782,82.1100006103516 107.824701070786,10.825168967247,82.129997253418 107.824707150459,10.8251785039902,82.1399993896484 107.82471382618,10.8251887559891,82.1600036621094 107.824719190598,10.8251969814301,82.1399993896484 107.824723243713,10.8252025842667,82.120002746582 107.824728608131,10.8252093791962,82.120002746582 107.824731469154,10.8252173662186,82.120002746582 107.824734210968,10.825226187706,82.1100006103516 107.824736356735,10.8252357244492,82.1100006103516 107.824741601944,10.8252453804016,82.0100021362305 107.824744701385,10.8252543210983,81.9700012207031 107.824746608734,10.8252646923065,81.9700012207031 107.824749231339,10.8252768516541,81.9700012207031 107.824751377106,10.8252890110016,81.9700012207031 107.824752211571,10.8253005743027,82.0800018310547 107.824753642082,10.8253113031387,82.129997253418 107.824756383896,10.8253221511841,82.25 107.824758529663,10.825334072113,82.2300033569336 107.824761748314,10.8253461122513,82.2200012207031 107.824767589569,10.8253579139709,82.2099990844727 107.824773192406,10.8253670930862,82.1999969482422 107.824779391289,10.8253742456436,82.1800003051758 107.824786186218,10.8253806829453,82.1699981689453 107.824793457985,10.8253891468048,82.1699981689453 107.824801921844,10.8253991603851,82.1900024414062 107.824809789658,10.8254076242447,82.1999969482422 107.824815869331,10.8254153728485,82.2099990844727 107.824822068214,10.8254215717316,82.2099990844727 107.824829101562,10.8254284858704,82.2099990844727 107.824836134911,10.8254354000092,82.1999969482422 107.824845552444,10.82544028759,82.1999969482422 107.824856042862,10.8254443407059,82.0800018310547 107.824866175652,10.8254469633102,82.0100021362305 107.824876785278,10.8254491090775,81.9800033569336 107.824887156487,10.8254497051239,81.9700012207031 107.824897289276,10.8254500627518,81.9599990844727 107.824909448624,10.8254514932632,82.0299987792969 107.824921488762,10.8254543542862,82.0599975585938 107.824931979179,10.8254569768906,82.1500015258789 107.824940919876,10.8254610300064,82.1999969482422 107.824950218201,10.8254662752151,82.1600036621094 107.824959039688,10.8254697322845,82.1500015258789 107.824969530106,10.8254730701447,82.1399993896484 107.824980735779,10.8254780769348,82.129997253418 107.824989438057,10.8254818916321,82.129997253418 107.824997901917,10.8254868984222,82.129997253418 107.825003623962,10.8254925012589,82.120002746582 107.82500898838,10.8255004882812,82.1800003051758 107.825011372566,10.8255103826523,82.25 107.825013160706,10.8255194425583,82.3300018310547 107.825015306473,10.8255285024643,82.3199996948242 107.825015306473,10.8255389928818,82.3099975585938 107.825014829636,10.8255517482758,82.3600006103516 107.825014591217,10.8255650997162,82.3899993896484 107.825015306473,10.8255759477615,82.4499969482422 107.825016379356,10.8255851268768,82.4800033569336 107.825018286705,10.8255952596664,82.4400024414062 107.825020432472,10.8256067037582,82.4700012207031 107.825020074844,10.8256193399429,82.4899978637695 107.825018405914,10.8256299495697,82.5 107.825018167496,10.8256400823593,82.5899963378906 107.825017690659,10.825649023056,82.5500030517578 107.825016975403,10.8256598711014,82.5299987792969 107.825018167496,10.8256729841232,82.5999984741211 107.825019955635,10.8256853818893,82.6399993896484 107.825018525124,10.8256959915161,82.6399993896484 107.825018763542,10.8257049322128,82.5599975585938 107.825019478798,10.8257147073746,82.5199966430664 107.825021147728,10.8257246017456,82.5100021362305 107.825021028519,10.8257330656052,82.5699996948242 107.825020551682,10.8257405757904,82.6100006103516 107.825019955635,10.8257497549057,82.629997253418 107.82501912117,10.8257582187653,82.5699996948242 107.82501912117,10.8257670402527,82.5999984741211 107.825019478798,10.825777053833,82.8000030517578 107.825019955635,10.8257858753204,82.8899993896484 107.825019359589,10.8257946968079,82.8399963378906 107.825019001961,10.8258050680161,82.8099975585938 107.825019955635,10.8258156776428,82.8000030517578 107.825019955635,10.8258255720139,82.7900009155273 107.825020909309,10.825835943222,82.7900009155273 107.825021982193,10.8258467912674,82.7900009155273 107.825022816658,10.8258574008942,82.7900009155273 107.825024247169,10.8258676528931,82.8000030517578 107.825026273727,10.8258780241013,82.8199996948242 107.825027823448,10.8258881568909,82.8300018310547 107.825027942657,10.8258973360062,82.8399963378906 107.825028419495,10.8259060382843,82.8399963378906 107.825028896332,10.825915813446,82.8499984741211 107.82502925396,10.8259267807007,82.8399963378906 107.825030088425,10.8259385824203,82.8499984741211 107.825029730797,10.8259482383728,82.8000030517578 107.825028657913,10.8259571790695,82.7600021362305 107.82502746582,10.8259674310684,82.8499984741211 107.825025081635,10.8259789943695,82.9000015258789 107.825023174286,10.8259916305542,82.9599990844727 107.825022697449,10.8260016441345,83.0 107.825023531914,10.8260102272034,82.9899978637695 107.825024485588,10.8260205984116,83.0100021362305 107.825024843216,10.8260313272476,83.0699996948242 107.825025200844,10.8260402679443,83.0500030517578 107.825024604797,10.8260490894318,83.0400009155273 107.82502412796,10.8260601758957,83.0299987792969 107.825025081635,10.8260713815689,83.0199966430664 107.825025320053,10.8260810375214,83.0999984741211 107.825025320053,10.8260895013809,83.0699996948242 107.825025320053,10.8260971307755,83.0100021362305 107.825025677681,10.8261073827744,82.9800033569336 107.825025677681,10.826117515564,82.9700012207031 107.825025558472,10.8261260986328,82.9599990844727 107.825024366379,10.8261334896088,82.9499969482422 107.825023055077,10.8261413574219,82.9499969482422 107.825021505356,10.8261489868164,82.9899978637695 107.825020074844,10.8261588811874,83.0199966430664 107.825018525124,10.8261671066284,83.0199966430664 107.825017094612,10.8261762857437,83.0299987792969 107.82501745224,10.8261851072311,83.0400009155273 107.825018167496,10.8261939287186,83.0500030517578 107.825019001961,10.8262012004852,83.0599975585938 107.825018525124,10.8262090682983,83.0699996948242 107.825016498566,10.8262196779251,83.0599975585938 107.825014710426,10.8262302875519,83.1100006103516 107.825013995171,10.8262399435043,83.1600036621094 107.825014233589,10.8262500762939,83.1999969482422 107.825014352798,10.82626080513,83.1999969482422 107.825014352798,10.8262709379196,83.1999969482422 107.825012922287,10.8262795209885,83.1999969482422 107.825012326241,10.8262881040573,83.1999969482422 107.825011849403,10.8262969255447,83.1999969482422 107.825011968613,10.8263059854507,83.0800018310547 107.825013756752,10.8263156414032,83.0199966430664 107.825015544891,10.8263238668442,82.9899978637695 107.825016260147,10.8263328075409,82.9499969482422 107.825016260147,10.826343536377,82.9499969482422 107.825016021729,10.8263530731201,83.0100021362305 107.825015664101,10.8263629674911,83.0500030517578 107.825017094612,10.8263728618622,83.0599975585938 107.825016498566,10.8263804912567,82.9300003051758 107.825015664101,10.8263871669769,82.8199996948242 107.825016021729,10.8263964653015,82.8000030517578 107.825015544891,10.8264049291611,82.7900009155273 107.825015425682,10.8264131546021,82.7799987792969 107.825014829636,10.8264228105545,82.7900009155273 107.825014472008,10.8264329433441,82.7799987792969 107.825014591217,10.8264437913895,82.7799987792969 107.825014948845,10.8264524936676,82.7799987792969 107.825018167496,10.8264621496201,82.8099975585938 107.82501912117,10.8264725208282,82.8300018310547 107.825019717216,10.8264836072922,82.9000015258789 107.82501912117,10.8264935016632,82.8399963378906 107.825019478798,10.8265036344528,82.8000030517578 107.8250207901,10.8265141248703,82.7200012207031 107.825020194054,10.8265254497528,82.7799987792969 107.82501912117,10.8265368938446,82.7099990844727 107.825019717216,10.8265463113785,82.6699981689453 107.825021386147,10.8265572786331,82.6600036621094 107.825023651123,10.8265668153763,82.6999969482422 107.825024843216,10.8265767097473,82.7699966430664 107.825026631355,10.8265897035599,82.8000030517578 107.825026988983,10.826601266861,82.870002746582 107.825026750565,10.8266116380692,82.9199981689453 107.825025320053,10.8266199827194,82.9400024414062 107.825023651123,10.8266289234161,82.9400024414062 107.825022220612,10.8266388177872,82.9400024414062 107.825020194054,10.8266500234604,82.8899993896484 107.825019359589,10.8266606330872,82.8600006103516 107.82501912117,10.8266693353653,82.8000030517578 107.825018763542,10.8266781568527,82.7799987792969 107.825016617775,10.8266880512238,82.8000030517578 107.825013518333,10.8266965150833,82.8300018310547 107.825011730194,10.8267056941986,82.8499984741211 107.825009703636,10.8267151117325,82.8600006103516 107.825006723404,10.8267248868942,82.8000030517578 107.825007200241,10.8267356157303,82.7699966430664 107.825006723404,10.8267451524734,82.6900024414062 107.825008273125,10.8267537355423,82.5899963378906 107.825009346008,10.8267636299133,82.4100036621094 107.825010061264,10.8267742395401,82.3199996948242 107.825010895729,10.8267846107483,82.2699966430664 107.82501065731,10.826793551445,82.25 107.825009465218,10.8268032073975,82.4499969482422 107.825008034706,10.82681453228,82.5500030517578 107.825008392334,10.8268263339996,82.6500015258789 107.825009822845,10.8268375396729,82.7399978637695 107.825011253357,10.8268473148346,82.7399978637695 107.825010895729,10.8268574476242,82.6999969482422 107.825011491776,10.826868057251,82.6699981689453 107.82501244545,10.8268803358078,82.6600036621094 107.825012922287,10.8268930912018,82.7300033569336 107.825012922287,10.8269026279449,82.7699966430664 107.825011134148,10.8269119262695,82.6999969482422 107.825008511543,10.8269228935242,82.6500015258789 107.825006842613,10.8269358873367,82.620002746582 107.825006842613,10.8269468545914,82.5999984741211 107.825007677078,10.8269538879395,82.4199981689453 107.825010299683,10.8269603252411,82.2900009155273 107.825012326241,10.826965212822,82.1600036621094 107.825013995171,10.8269667625427,82.0899963378906 107.825015306473,10.8269680738449,82.0500030517578 107.825015902519,10.8269703388214,82.0299987792969 107.825025320053,10.8270192146301,79.379997253418
</coordinates></LinearRing></outerBoundaryIs></Polygon>
</Placemark>
<Placemark>
<name>2026-01-16 Lo 4 16Ha83 Tính kh</name>
<description><![CDATA[Polygon tạo từ track Garmin GPSMAP 67; diện tích xấp xỉ 16.7937 ha; độ hở ban đầu 11.1 m.]]></description>
<Polygon><outerBoundaryIs><LinearRing><coordinates>
107.829684495926,10.8271721601486,72.3899993896484 107.829688191414,10.8271656036377,72.3899993896484 107.829691767693,10.8271577358246,72.3899993896484 107.829694628716,10.8271496295929,72.3899993896484 107.829696297646,10.8271405696869,72.3899993896484 107.829697132111,10.8271321058273,72.3899993896484 107.829697966576,10.8271239995956,72.3899993896484 107.829698562622,10.8271150588989,72.3899993896484 107.829699635506,10.8271045684814,72.3899993896484 107.829700946808,10.827094078064,72.3899993896484 107.829702734947,10.8270838260651,72.3899993896484 107.829704642296,10.827072262764,72.3899993896484 107.829705834389,10.8270616531372,72.3899993896484 107.829706192017,10.8270522356033,72.3899993896484 107.829704284668,10.8270417451859,72.3899993896484 107.829703450203,10.8270310163498,72.4800033569336 107.829704403877,10.8270206451416,72.5199966430664 107.829703450203,10.8270095586777,72.5400009155273 107.829703211784,10.8269983530045,72.5500030517578 107.829702019691,10.8269877433777,72.4700012207031 107.829701304436,10.8269758224487,72.4000015258789 107.829701900482,10.8269629478455,72.3399963378906 107.829702854156,10.8269523382187,72.2799987792969 107.829702019691,10.8269423246384,72.2300033569336 107.829700827599,10.8269309997559,72.2099990844727 107.829700350761,10.8269197940826,72.2099990844727 107.829699993134,10.8269094228745,72.2099990844727 107.829698324203,10.8268983364105,72.0899963378906 107.829696655273,10.8268857002258,71.9100036621094 107.829695820808,10.826874256134,71.5699996948242 107.829696774483,10.8268641233444,71.3899993896484 107.829697728157,10.8268533945084,71.3099975585938 107.829698443413,10.8268415927887,71.2600021362305 107.829698801041,10.8268291950226,71.3499984741211 107.829700350761,10.8268157243729,71.4000015258789 107.829701900482,10.8268047571182,71.4800033569336 107.829703092575,10.82679438591,71.5699996948242 107.829702854156,10.826780796051,71.6500015258789 107.829701185226,10.826765537262,71.6800003051758 107.829701066017,10.8267514705658,71.6999969482422 107.82970225811,10.8267395496368,71.870002746582 107.829704523087,10.8267290592194,71.9700012207031 107.829705953598,10.8267192840576,72.0299987792969 107.829705476761,10.8267086744308,72.0599975585938 107.829704880714,10.8266959190369,72.0699996948242 107.829704523087,10.8266830444336,72.0400009155273 107.829704761505,10.8266706466675,72.0599975585938 107.82970392704,10.8266597986221,72.0699996948242 107.829702496529,10.8266469240189,72.1500015258789 107.829699158669,10.8266326189041,72.2200012207031 107.829694271088,10.8266205787659,72.2699966430664 107.829691171646,10.8266084194183,72.2900009155273 107.829691410065,10.8265954256058,72.3000030517578 107.829692482948,10.8265825510025,72.3099975585938 107.82969379425,10.8265713453293,72.3000030517578 107.829694509506,10.8265603780746,72.2900009155273 107.829695224762,10.82654941082,72.2099990844727 107.829695463181,10.8265362977982,72.1699981689453 107.829698801041,10.8265224695206,72.2200012207031 107.829701423645,10.8265100717545,72.2600021362305 107.829700827599,10.8264985084534,72.4100036621094 107.82969725132,10.8264858722687,72.4899978637695 107.829693555832,10.8264725208282,72.5299987792969 107.82969224453,10.8264603614807,72.5599975585938 107.829694032669,10.8264476060867,72.5599975585938 107.829697966576,10.8264367580414,72.5599975585938 107.829699635506,10.826425075531,72.5299987792969 107.829699635506,10.8264094591141,72.5 107.829699397087,10.8263953924179,72.5 107.829699754715,10.8263835906982,72.5 107.829698204994,10.8263721466064,72.4899978637695 107.829694390297,10.826359629631,72.4899978637695 107.82968890667,10.82634806633,72.4800033569336 107.829686403275,10.8263363838196,72.4899978637695 107.829685807228,10.8263238668442,72.4899978637695 107.829687595367,10.8263121843338,72.4899978637695 107.829689264297,10.8263013362885,72.5100021362305 107.829688310623,10.8262913227081,72.620002746582 107.829687714577,10.8262801170349,72.6600036621094 107.829686999321,10.8262676000595,72.6900024414062 107.829686522484,10.8262531757355,72.6999969482422 107.829686164856,10.8262401819229,72.7099990844727 107.829685807228,10.8262283802032,72.7099990844727 107.829684376717,10.8262161016464,72.6999969482422 107.829681754112,10.826202750206,72.6999969482422 107.829679131508,10.8261896371841,72.6999969482422 107.829678535461,10.8261762857437,72.6999969482422 107.829677939415,10.8261634111404,72.6699981689453 107.829677343369,10.8261507749557,72.6500015258789 107.82967710495,10.8261374235153,72.6399993896484 107.829678177834,10.8261256217957,72.5899963378906 107.829679012299,10.8261132240295,72.4899978637695 107.829679965973,10.8261008262634,72.4499969482422 107.829681515694,10.8260889053345,72.4199981689453 107.829683542252,10.826075553894,72.4100036621094 107.829685330391,10.8260612487793,72.4000015258789 107.829686403275,10.826048374176,72.3600006103516 107.829685330391,10.8260360956192,72.3399963378906 107.829681634903,10.8260234594345,72.3300018310547 107.829676628113,10.8260111808777,72.3300018310547 107.829671740532,10.8259992599487,72.3099975585938 107.829670190811,10.8259867429733,72.3000030517578 107.829671502113,10.8259731531143,72.2900009155273 107.829672336578,10.8259603977203,72.2900009155273 107.829672813416,10.8259483575821,72.2300033569336 107.829672694206,10.8259360790253,72.1800003051758 107.829672455788,10.8259249925613,72.1600036621094 107.829670667648,10.8259131908417,72.1699981689453 107.829669237137,10.8259007930756,72.1699981689453 107.829669356346,10.8258875608444,72.1500015258789 107.829669237137,10.825874209404,72.1399993896484 107.829668998718,10.8258615732193,72.1500015258789 107.829667448997,10.825850725174,72.1600036621094 107.829663515091,10.8258409500122,72.120002746582 107.829657673836,10.8258302211761,72.0800018310547 107.829652786255,10.8258188962936,72.0699996948242 107.829650163651,10.8258064985275,72.0699996948242 107.829648852348,10.8257930278778,72.0699996948242 107.829647183418,10.8257811069489,72.0100021362305 107.829644203186,10.8257701396942,72.0400009155273 107.829639315605,10.8257595300674,71.9899978637695 107.82963347435,10.8257489204407,72.0 107.829628348351,10.8257383108139,71.9700012207031 107.829623579979,10.82572722435,71.9400024414062 107.82961833477,10.8257148265839,71.9300003051758 107.829612135887,10.8257035017014,71.9300003051758 107.829606056213,10.8256945610046,71.9300003051758 107.829599142075,10.8256859779358,71.9599990844727 107.829590439796,10.8256783485413,72.0100021362305 107.829580664635,10.8256704807281,72.0500030517578 107.829571127892,10.825662612915,72.0699996948242 107.829562425613,10.8256551027298,72.0699996948242 107.8295545578,10.825649023056,72.0800018310547 107.829546809196,10.8256437778473,72.0800018310547 107.829537510872,10.8256380558014,72.0699996948242 107.829527616501,10.8256314992905,72.0599975585938 107.829518079758,10.8256245851517,72.0299987792969 107.829509973526,10.8256187438965,72.0400009155273 107.829501867294,10.8256155252457,72.0500030517578 107.829491853714,10.825612783432,72.0500030517578 107.829481601715,10.8256089687347,72.0500030517578 107.829473018646,10.8256040811539,72.0199966430664 107.829464554787,10.8255982398987,71.9700012207031 107.829455733299,10.8255922794342,71.9800033569336 107.829445123672,10.8255866765976,71.9899978637695 107.829434990883,10.8255821466446,72.0400009155273 107.829426169395,10.8255780935287,72.0699996948242 107.829416394234,10.8255749940872,72.0899963378906 107.829404950142,10.8255721330643,72.0999984741211 107.829393863678,10.8255687952042,72.1100006103516 107.829384922981,10.8255667686462,72.1999969482422 107.829374551773,10.8255653381348,72.2300033569336 107.829363942146,10.8255634307861,72.25 107.829353690147,10.8255636692047,72.2699966430664 107.829345107079,10.8255671262741,72.3199996948242 107.829332590103,10.8255697488785,72.370002746582 107.829319357872,10.8255718946457,72.4300003051758 107.829310059547,10.8255738019943,72.4499969482422 107.829301834106,10.8255747556686,72.4700012207031 107.829293966293,10.8255772590637,72.4499969482422 107.829284548759,10.8255803585053,72.4400024414062 107.829273581505,10.8255831003189,72.4400024414062 107.829263567924,10.8255831003189,72.4400024414062 107.829257845879,10.8255805969238,72.4400024414062 107.829251289368,10.8255738019943,72.4599990844727 107.829243779182,10.8255665302277,72.4700012207031 107.829237699509,10.8255598545074,72.5299987792969 107.829233288765,10.8255527019501,72.5999984741211 107.829231619835,10.8255454301834,72.7799987792969 107.829229474068,10.8255389928818,72.8899993896484 107.82922911644,10.8255331516266,73.0 107.829228878021,10.8255302906036,72.9899978637695 107.8292273283,10.8255219459534,73.0500030517578 107.829228520393,10.8255151510239,73.0199966430664 107.82922565937,10.825506567955,73.0 107.829226493835,10.8254998922348,72.870002746582 107.829224824905,10.8254936933517,72.9100036621094 107.829223394394,10.8254880905151,72.9400024414062 107.82922577858,10.8254872560501,73.0899963378906 107.829229950905,10.8254803419113,73.0299987792969 107.829231381416,10.8254739046097,73.0 107.829233407974,10.8254680633545,72.9599990844727 107.829232692719,10.8254603147507,72.9300003051758 107.829227209091,10.8254532814026,72.7900009155273 107.82922565937,10.8254443407059,72.7099990844727 107.829224228859,10.8254361152649,72.6699981689453 107.82922410965,10.825423002243,72.6399993896484 107.829223632812,10.8254119157791,72.629997253418 107.829221844673,10.8254014253616,72.6399993896484 107.829221367836,10.8253889083862,72.629997253418 107.829223394394,10.8253765106201,72.629997253418 107.829224586487,10.8253653049469,72.629997253418 107.829223394394,10.8253548145294,72.629997253418 107.829222083092,10.8253430128098,72.629997253418 107.829222559929,10.8253301382065,72.620002746582 107.82922232151,10.8253180980682,72.5899963378906 107.829220414162,10.8253079652786,72.5299987792969 107.82921564579,10.8252983093262,72.4800033569336 107.829211831093,10.8252863883972,72.4199981689453 107.829208731651,10.8252749443054,72.379997253418 107.829205870628,10.8252651691437,72.2600021362305 107.829203486443,10.8252544403076,72.2099990844727 107.829202890396,10.8252416849136,72.1699981689453 107.829202771187,10.8252269029617,72.1600036621094 107.829202055931,10.8252129554749,72.1500015258789 107.829201102257,10.8252019882202,72.1399993896484 107.829197764397,10.8251926898956,72.0899963378906 107.829195380211,10.825181722641,72.0599975585938 107.829194545746,10.825169801712,71.9700012207031 107.829193472862,10.8251577615738,71.8399963378906 107.82919216156,10.8251466751099,71.7399978637695 107.829190135002,10.8251358270645,71.6800003051758 107.829188942909,10.8251254558563,71.6500015258789 107.829189062119,10.8251137733459,71.6399993896484 107.829188466072,10.8251004219055,71.629997253418 107.82918715477,10.8250875473022,71.5999984741211 107.829184174538,10.8250764608383,71.5800018310547 107.82917869091,10.8250659704208,71.5699996948242 107.829174041748,10.8250534534454,71.5599975585938 107.829173088074,10.8250390291214,71.5400009155273 107.829172372818,10.8250259160995,71.4899978637695 107.829171776772,10.8250143527985,71.4100036621094 107.82917034626,10.8250021934509,71.370002746582 107.829169750214,10.8249895572662,71.3600006103516 107.829169273376,10.8249759674072,71.3399963378906 107.829167723656,10.8249629735947,71.3199996948242 107.829164147377,10.8249518871307,71.3099975585938 107.829158425331,10.8249410390854,71.2399978637695 107.829153299332,10.8249275684357,71.2200012207031 107.829152941704,10.8249132633209,71.0999984741211 107.829153895378,10.8249005079269,71.0400009155273 107.82915365696,10.824888586998,71.0 107.829152584076,10.8248778581619,70.9899978637695 107.829151630402,10.8248668909073,70.9499969482422 107.829150319099,10.8248538970947,70.8399963378906 107.829146981239,10.8248416185379,70.7300033569336 107.829143285751,10.8248299360275,70.629997253418 107.829139351845,10.824818611145,70.5699996948242 107.829134225845,10.8248068094254,70.5500030517578 107.829131364822,10.8247939348221,70.5800018310547 107.829131484032,10.8247818946838,70.5500030517578 107.829132676125,10.8247715234756,70.5400009155273 107.829132676125,10.8247599601746,70.5299987792969 107.829131960869,10.8247495889664,70.5 107.829129695892,10.8247411251068,70.4400024414062 107.829127907753,10.8247313499451,70.4100036621094 107.829127430916,10.8247213363647,70.3199996948242 107.829126834869,10.824710726738,70.2699966430664 107.829127430916,10.8246985673904,70.2699966430664 107.829128265381,10.8246874809265,70.25 107.829127907753,10.8246772289276,70.1800003051758 107.829126238823,10.824666261673,70.1399993896484 107.829123854637,10.8246538639069,70.120002746582 107.829120516777,10.82464158535,70.120002746582 107.829117774963,10.8246306180954,70.1100006103516 107.829116940498,10.8246207237244,70.0800018310547 107.829115986824,10.8246103525162,70.0299987792969 107.829115271568,10.824599146843,70.0 107.829115509987,10.8245866298676,69.9700012207031 107.829116940498,10.8245749473572,69.9899978637695 107.829115271568,10.824564576149,70.0100021362305 107.829114079475,10.824551820755,69.9800033569336 107.829114437103,10.8245388269424,69.9199981689453 107.829114556313,10.8245272636414,69.9000015258789 107.829114317894,10.8245170116425,69.8600006103516 107.829114317894,10.8245046138763,69.8199996948242 107.829114079475,10.824490904808,69.8000030517578 107.829112887383,10.8244781494141,69.7900009155273 107.829110622406,10.8244670629501,69.7699966430664 107.829106450081,10.8244563341141,69.7600021362305 107.829103469849,10.8244435787201,69.75 107.829102039337,10.8244304656982,69.7300033569336 107.829102277756,10.8244187831879,69.6999969482422 107.82910323143,10.824408531189,69.6800003051758 107.82910323143,10.8243988752365,69.6699981689453 107.829101800919,10.8243880271912,69.629997253418 107.829100131989,10.8243761062622,69.5699996948242 107.829096317291,10.8243660926819,69.5299987792969 107.829094171524,10.8243545293808,69.5 107.82909321785,10.8243432044983,69.4700012207031 107.82909321785,10.8243334293365,69.4599990844727 107.82909154892,10.8243232965469,69.4000015258789 107.829088449478,10.8243129253387,69.3099975585938 107.829085588455,10.8243007659912,69.25 107.829082250595,10.8242883682251,69.1500015258789 107.829077124596,10.8242782354355,69.1100006103516 107.829074263573,10.8242658376694,69.129997253418 107.829072475433,10.8242536783218,69.0899963378906 107.829070806503,10.8242428302765,69.0199966430664 107.829070448875,10.8242303133011,68.9899978637695 107.829069256783,10.8242189884186,68.879997253418 107.829064965248,10.824210524559,68.8399963378906 107.829063653946,10.8241984844208,68.8099975585938 107.829064488411,10.8241866827011,68.7900009155273 107.829064488411,10.8241770267487,68.7600021362305 107.829062342644,10.8241674900055,68.7600021362305 107.829060196877,10.8241585493088,68.7699966430664 107.829057812691,10.8241503238678,68.8000030517578 107.829055309296,10.8241429328918,68.7900009155273 107.829052805901,10.8241373300552,68.7799987792969 107.829049110413,10.8241342306137,68.7200012207031 107.82904624939,10.8241311311722,68.6699981689453 107.829043388367,10.8241281509399,68.5699996948242 107.829039812088,10.8241251707077,68.5100021362305 107.829032897949,10.8241232633591,68.4800033569336 107.829028010368,10.8241187334061,68.4599990844727 107.82902264595,10.8241138458252,68.4499969482422 107.829015612602,10.8241146802902,68.3899993896484 107.829010844231,10.8241132497787,68.4199981689453 107.829006195068,10.8241115808487,68.4400024414062 107.828999400139,10.8241086006165,68.4700012207031 107.828991055489,10.8241059780121,68.5199966430664 107.828985095024,10.8241028785706,68.6399993896484 107.82897746563,10.8241006135941,68.6999969482422 107.82897233963,10.8240975141525,68.7300033569336 107.828968763351,10.8240941762924,68.7600021362305 107.828963041306,10.8240902423859,68.8099975585938 107.828956246376,10.8240852355957,68.9100036621094 107.828947782516,10.8240783214569,69.0 107.828939318657,10.8240733146667,69.0800018310547 107.82893371582,10.8240673542023,69.1500015258789 107.828924775124,10.824061870575,69.1900024414062 107.828922152519,10.8240582942963,69.3199996948242 107.828922390938,10.8240549564362,69.4000015258789 107.828920245171,10.8240483999252,69.4400024414062 107.828919053078,10.8240432739258,69.4400024414062 107.828919529915,10.8240374326706,69.4599990844727 107.828924179077,10.8240269422531,69.4499969482422 107.828928828239,10.8240172863007,69.4899978637695 107.828930854797,10.824010014534,69.4100036621094 107.828929781914,10.8240041732788,69.1399993896484 107.82892370224,10.824000120163,69.0899963378906 107.828920602798,10.8239961862564,69.0699996948242 107.828916192055,10.8239926099777,69.0299987792969 107.828908324242,10.8239887952805,69.0100021362305 107.828902363777,10.8239852190018,69.0 107.828897833824,10.8239817619324,69.0 107.828892230988,10.8239752054214,69.0 107.828886628151,10.8239680528641,68.9599990844727 107.828884840012,10.8239587545395,68.9300003051758 107.828879475594,10.8239507675171,68.9100036621094 107.828873515129,10.8239438533783,68.9000015258789 107.82886505127,10.8239402770996,68.9000015258789 107.828857541084,10.8239396810532,68.9000015258789 107.828849196434,10.8239381313324,68.9599990844727 107.828837394714,10.8239389657974,69.129997253418 107.828825592995,10.8239380121231,69.3000030517578 107.828815579414,10.8239364624023,69.3899993896484 107.828807234764,10.8239370584488,69.379997253418 107.82879793644,10.823939204216,69.379997253418 107.828789353371,10.8239411115646,69.379997253418 107.828779220581,10.8239433765411,69.379997253418 107.828769087791,10.8239449262619,69.370002746582 107.828760266304,10.8239443302155,69.370002746582 107.828749775887,10.823944568634,69.370002746582 107.828738451004,10.8239467144012,69.370002746582 107.828726410866,10.8239477872849,69.3600006103516 107.828715085983,10.8239471912384,69.3600006103516 107.828706383705,10.8239458799362,69.3499984741211 107.828696012497,10.8239431381226,69.3600006103516 107.828685641289,10.8239425420761,69.3600006103516 107.828677177429,10.8239423036575,69.3899993896484 107.828667879105,10.8239423036575,69.370002746582 107.828657984734,10.8239427804947,69.3899993896484 107.828648090363,10.8239439725876,69.4100036621094 107.828635931015,10.8239471912384,69.4499969482422 107.828624367714,10.8239480257034,69.4800033569336 107.828614234924,10.8239471912384,69.4400024414062 107.828605771065,10.8239467144012,69.4199981689453 107.82859480381,10.8239456415176,69.4599990844727 107.828583955765,10.8239446878433,69.4800033569336 107.828574180603,10.8239450454712,69.5 107.828562736511,10.8239449262619,69.4599990844727 107.828553318977,10.8239442110062,69.5299987792969 107.828544378281,10.8239433765411,69.5899963378906 107.828534722328,10.8239433765411,69.6800003051758 107.828527450562,10.8239464759827,69.7300033569336 107.828518629074,10.8239502906799,69.7600021362305 107.828509926796,10.8239517211914,69.8199996948242 107.828498601913,10.8239520788193,69.870002746582 107.828487277031,10.8239516019821,69.8899993896484 107.828476905823,10.8239526748657,69.9100036621094 107.828466176987,10.8239548206329,69.9300003051758 107.82845723629,10.8239557743073,69.9400024414062 107.828446149826,10.8239557743073,69.9400024414062 107.828436493874,10.8239541053772,69.9800033569336 107.82842707634,10.8239513635635,70.0100021362305 107.828416585922,10.8239498138428,70.0699996948242 107.828406333923,10.8239495754242,70.0999984741211 107.828396320343,10.8239504098892,70.1100006103516 107.828386545181,10.8239520788193,70.1500015258789 107.828375935555,10.8239532709122,70.1999969482422 107.828366518021,10.8239535093307,70.2900009155273 107.828357815742,10.8239537477493,70.3899993896484 107.828349471092,10.8239547014236,70.4499969482422 107.828342676163,10.823958158493,70.5100021362305 107.828336238861,10.8239609003067,70.5400009155273 107.828330159187,10.8239614963531,70.5599975585938 107.828320145607,10.8239592313766,70.5800018310547 107.828310966492,10.8239580392838,70.5899963378906 107.828300714493,10.8239587545395,70.5999984741211 107.828290700912,10.8239588737488,70.5999984741211 107.828280568123,10.8239607810974,70.620002746582 107.828271389008,10.8239628076553,70.6999969482422 107.828262686729,10.8239636421204,70.75 107.828256011009,10.8239628076553,70.7900009155273 107.828247904778,10.8239614963531,70.8199996948242 107.828239440918,10.823960185051,70.8300018310547 107.828228712082,10.8239583969116,70.8399963378906 107.828221201897,10.8239572048187,70.8499984741211 107.828211188316,10.8239557743073,70.8499984741211 107.828202486038,10.8239541053772,70.9400024414062 107.828196048737,10.8239530324936,70.9800033569336 107.828184962273,10.8239526748657,71.0 107.828176736832,10.8239506483078,71.0199966430664 107.828167200089,10.823948264122,70.9899978637695 107.82815849781,10.8239485025406,70.9800033569336 107.828150033951,10.823949098587,70.9700012207031 107.828141570091,10.8239520788193,70.9300003051758 107.828134894371,10.8239517211914,70.8600006103516 107.828128218651,10.8239510059357,70.8199996948242 107.828119397163,10.8239505290985,70.8499984741211 107.828113555908,10.82395195961,70.879997253418 107.828106284142,10.8239533901215,70.8899993896484 107.828097462654,10.8239555358887,70.9899978637695 107.828089237213,10.8239555358887,71.0400009155273 107.828079462051,10.8239557743073,71.0899963378906 107.828072309494,10.823957324028,71.129997253418 107.828064918518,10.8239575624466,71.1699981689453 107.828057169914,10.8239576816559,71.2099990844727 107.828047156334,10.8239557743073,71.2300033569336 107.828037858009,10.8239551782608,71.25 107.828027963638,10.823956489563,71.3199996948242 107.828017115593,10.823957324028,71.3600006103516 107.828007102013,10.8239578008652,71.3899993896484 107.82799744606,10.8239579200745,71.4100036621094 107.827986001968,10.823958158493,71.4199981689453 107.827976703644,10.8239561319351,71.4199981689453 107.827965140343,10.8239569664001,71.4700012207031 107.827953934669,10.823956489563,71.4899978637695 107.827943205833,10.823956489563,71.5299987792969 107.827932357788,10.8239566087723,71.5699996948242 107.827922344208,10.8239557743073,71.620002746582 107.827912688255,10.8239587545395,71.6500015258789 107.827901363373,10.8239599466324,71.6600036621094 107.827891945839,10.8239599466324,71.6699981689453 107.827882528305,10.8239603042603,71.6999969482422 107.827871799469,10.8239594697952,71.7200012207031 107.827862381935,10.8239599466324,71.7300033569336 107.827852129936,10.8239623308182,71.7799987792969 107.827841043472,10.8239628076553,71.8600006103516 107.827831745148,10.8239629268646,71.9199981689453 107.827822446823,10.823961853981,71.9400024414062 107.827814102173,10.8239614963531,71.9499969482422 107.827803492546,10.8239611387253,71.9300003051758 107.827794671059,10.8239612579346,71.9300003051758 107.827783465385,10.8239607810974,71.9300003051758 107.827772259712,10.8239592313766,71.9199981689453 107.827762961388,10.8239583969116,71.9199981689453 107.827751636505,10.8239566087723,72.0599975585938 107.827741146088,10.823955655098,72.1399993896484 107.827731966972,10.8239552974701,72.2099990844727 107.827722787857,10.8239549398422,72.2300033569336 107.827713251114,10.8239557743073,72.2300033569336 107.827703595161,10.823957324028,72.2099990844727 107.827696800232,10.8239588737488,72.2099990844727 107.827687144279,10.823960185051,72.2300033569336 107.827675938606,10.823961019516,72.25 107.827667117119,10.8239629268646,72.2699966430664 107.827657103539,10.8239644765854,72.2900009155273 107.827647447586,10.8239650726318,72.3399963378906 107.827638626099,10.8239657878876,72.4499969482422 107.827629804611,10.8239649534225,72.5 107.827620029449,10.8239648342133,72.5500030517578 107.827610611916,10.8239643573761,72.5800018310547 107.827601194382,10.8239636421204,72.5899963378906 107.827592730522,10.8239625692368,72.5999984741211 107.827584147453,10.8239623308182,72.6100006103516 107.827573657036,10.8239619731903,72.6100006103516 107.827563762665,10.8239613771439,72.629997253418 107.827555179596,10.8239612579346,72.629997253418 107.827547430992,10.8239631652832,72.629997253418 107.827539086342,10.8239638805389,72.6399993896484 107.827529430389,10.8239650726318,72.6600036621094 107.827518463135,10.8239661455154,72.6699981689453 107.827509045601,10.8239665031433,72.7099990844727 107.82750082016,10.823967218399,72.7399978637695 107.827491283417,10.8239676952362,72.8199996948242 107.827482223511,10.8239670991898,72.8600006103516 107.827472925186,10.8239653110504,72.8899993896484 107.827462792397,10.8239642381668,72.9499969482422 107.8274538517,10.8239636421204,73.0 107.827444434166,10.8239639997482,73.0400009155273 107.827435016632,10.8239645957947,73.0800018310547 107.827426314354,10.8239645957947,73.120002746582 107.827417135239,10.823965549469,73.1399993896484 107.827410340309,10.8239659070969,73.1500015258789 107.827402472496,10.8239636421204,73.1500015258789 107.827393174171,10.8239634037018,73.1699981689453 107.827386260033,10.8239632844925,73.1600036621094 107.827376365662,10.8239625692368,73.1600036621094 107.827367067337,10.8239614963531,73.1699981689453 107.827358603477,10.8239612579346,73.1800003051758 107.827350497246,10.823961019516,73.1999969482422 107.827342867851,10.8239614963531,73.2200012207031 107.827334403992,10.8239619731903,73.2399978637695 107.827325105667,10.8239597082138,73.2799987792969 107.827315926552,10.8239580392838,73.3000030517578 107.827307462692,10.8239587545395,73.3899993896484 107.827300310135,10.8239600658417,73.4800033569336 107.827291250229,10.823961019516,73.5400009155273 107.827283620834,10.8239619731903,73.5599975585938 107.827274084091,10.8239628076553,73.5800018310547 107.827265262604,10.8239623308182,73.5100021362305 107.827256917954,10.8239623308182,73.4700012207031 107.827249407768,10.8239643573761,73.4199981689453 107.827246427536,10.8239661455154,73.3899993896484 107.827244997025,10.8239666223526,73.3499984741211 107.827245354652,10.8239679336548,73.3399963378906 107.827236056328,10.8239727020264,73.3499984741211 107.827235102654,10.8239732980728,73.4400024414062 107.827233910561,10.8239743709564,73.6600036621094 107.827221632004,10.823979139328,73.8600006103516 107.827219128609,10.8239809274673,73.879997253418 107.827217459679,10.8239818811417,73.879997253418 107.827216267586,10.8239817619324,73.879997253418 107.827202320099,10.8239758014679,73.870002746582 107.827195644379,10.8239755630493,73.9100036621094 107.827188491821,10.8239755630493,73.9599990844727 107.827180624008,10.8239769935608,73.9800033569336 107.827170014381,10.8239772319794,73.9700012207031 107.82716178894,10.8239765167236,73.9300003051758 107.827152609825,10.8239753246307,73.9199981689453 107.827142834663,10.8239732980728,73.9100036621094 107.827134013176,10.8239716291428,73.8300018310547 107.827123880386,10.823970079422,73.7900009155273 107.827113509178,10.8239681720734,73.8499984741211 107.827102065086,10.8239659070969,73.7900009155273 107.827088952065,10.8239593505859,73.7600021362305 107.827078223228,10.8239542245865,73.7399978637695 107.827072024345,10.8239512443542,73.7399978637695 107.827066302299,10.8239489793777,73.8199996948242 107.827062129974,10.823947429657,73.870002746582 107.82705783844,10.8239464759827,73.879997253418 107.827053308487,10.8239458799362,73.8899993896484 107.827047944069,10.8239463567734,73.9899978637695 107.827040195465,10.8239473104477,74.0400009155273 107.827033996582,10.8239475488663,74.0800018310547 107.827029466629,10.8239489793777,74.1100006103516 107.827025413513,10.8239542245865,74.129997253418 107.827017426491,10.823955655098,74.1399993896484 107.827010989189,10.823957324028,74.1800003051758 107.82700407505,10.8239579200745,74.2799987792969 107.826996684074,10.8239569664001,74.370002746582 107.82699072361,10.8239562511444,74.370002746582 107.826984763145,10.8239551782608,74.2699966430664 107.826977133751,10.8239549398422,74.3000030517578 107.826970100403,10.8239575624466,74.4400024414062 107.826964020729,10.8239578008652,74.3899993896484 107.826957941055,10.823958158493,74.3199996948242 107.826949954033,10.8239580392838,74.2900009155273 107.82694041729,10.8239580392838,74.2699966430664 107.82693362236,10.8239579200745,74.3000030517578 107.826924800873,10.8239578008652,74.3000030517578 107.82691526413,10.8239578008652,74.2799987792969 107.8269084692,10.8239578008652,74.3000030517578 107.826899409294,10.8239587545395,74.3000030517578 107.826892971992,10.8239592313766,74.3199996948242 107.826887488365,10.8239592313766,74.3300018310547 107.826881289482,10.8239592313766,74.3300018310547 107.82687497139,10.8239600658417,74.3300018310547 107.826868772507,10.823961019516,74.3300018310547 107.826863050461,10.8239638805389,74.3300018310547 107.826859116554,10.8239669799805,74.2600021362305 107.826855421066,10.8239690065384,74.2200012207031 107.826850891113,10.8239724636078,74.1999969482422 107.826846718788,10.8239774703979,74.1900024414062 107.826840400696,10.8239806890488,74.2099990844727 107.826831936836,10.8239862918854,74.2300033569336 107.826829433441,10.8239916563034,74.2399978637695 107.826823830605,10.8239951133728,74.3399963378906 107.826821208,10.8239976167679,74.5199966430664 107.826819658279,10.8239991664886,74.6699981689453 107.826819896698,10.8239995241165,74.7699966430664 107.826820731163,10.8240002393723,74.8199996948242 107.826804637909,10.8240112066269,74.6699981689453 107.826798558235,10.8240139484406,74.6100006103516 107.82679104805,10.8240147829056,74.7200012207031 107.826784610748,10.8240129947662,74.7600021362305 107.826780438423,10.824009180069,74.7799987792969 107.826770782471,10.8240044116974,74.8000030517578 107.826763510704,10.8240022659302,74.7399978637695 107.826753258705,10.8240007162094,74.7099990844727 107.826742529869,10.8239995241165,74.7600021362305 107.826734304428,10.823998093605,74.75 107.826723814011,10.82399559021,74.8300018310547 107.826714396477,10.8239945173264,74.8600006103516 107.826704025269,10.8239934444428,74.9300003051758 107.826694250107,10.8239929676056,74.9700012207031 107.826684474945,10.8239933252335,74.9300003051758 107.826674699783,10.8239945173264,74.9000015258789 107.826666474342,10.8239936828613,74.9000015258789 107.826656937599,10.8239933252335,74.9199981689453 107.826649427414,10.8239921331406,74.9000015258789 107.826638936996,10.8239929676056,74.8899993896484 107.826629757881,10.8239924907684,74.879997253418 107.826619625092,10.8239924907684,74.879997253418 107.826609492302,10.8239926099777,74.879997253418 107.826601266861,10.8239942789078,74.879997253418 107.826589107513,10.8239947557449,74.879997253418 107.826578855515,10.8239960670471,74.879997253418 107.826570510864,10.8239959478378,74.879997253418 107.82656109333,10.8239959478378,74.879997253418 107.826552033424,10.8239966630936,74.9000015258789 107.826543450356,10.8239976167679,74.9300003051758 107.826533198357,10.823998093605,74.9400024414062 107.82652425766,10.8239967823029,74.9499969482422 107.826515197754,10.8239942789078,74.9499969482422 107.826506972313,10.8239929676056,74.879997253418 107.826498627663,10.8239929676056,74.8600006103516 107.826490879059,10.8239926099777,74.8399963378906 107.826483130455,10.8239924907684,74.8300018310547 107.82647550106,10.8239921331406,74.8600006103516 107.826466321945,10.8239938020706,74.9599990844727 107.826457500458,10.823993563652,75.0 107.82644879818,10.8239936828613,75.0100021362305 107.826440095901,10.8239936828613,75.0299987792969 107.826435685158,10.8239951133728,75.0299987792969 107.826431155205,10.8239966630936,75.0400009155273 107.826426506042,10.8239977359772,75.0100021362305 107.826422333717,10.8239976167679,75.0 107.826415777206,10.8240010738373,75.0199966430664 107.826409339905,10.824002623558,75.0299987792969 107.826403021812,10.824002623558,75.0100021362305 107.826395750046,10.8240047693253,75.0400009155273 107.826388835907,10.8240057229996,75.0500030517578 107.826380372047,10.8240058422089,75.129997253418 107.826374173164,10.8240052461624,75.1800003051758 107.826366305351,10.8240031003952,75.1999969482422 107.826359152794,10.8239997625351,75.1999969482422 107.826351761818,10.823998093605,75.2300033569336 107.826346874237,10.8239923715591,75.2600021362305 107.826339364052,10.8239893913269,75.2799987792969 107.826331853867,10.8239846229553,75.2600021362305 107.8263245821,10.8239809274673,75.2799987792969 107.826315283775,10.8239763975143,75.3199996948242 107.826309084892,10.8239732980728,75.379997253418 107.826302170753,10.8239707946777,75.4300003051758 107.826295495033,10.8239693641663,75.4700012207031 107.826288700104,10.8239697217941,75.4800033569336 107.826277971268,10.8239696025848,75.4899978637695 107.826268434525,10.8239681720734,75.5 107.826258301735,10.8239684104919,75.5 107.826248764992,10.8239691257477,75.4899978637695 107.826239585876,10.8239691257477,75.4700012207031 107.826229810715,10.8239680528641,75.4599990844727 107.826222777367,10.8239686489105,75.4700012207031 107.826213955879,10.8239705562592,75.5299987792969 107.826206445694,10.8239711523056,75.5500030517578 107.826197385788,10.8239707946777,75.5699996948242 107.826191425323,10.8239694833755,75.5800018310547 107.826183438301,10.823966383934,75.5800018310547 107.826175570488,10.8239650726318,75.5800018310547 107.826168417931,10.8239637613297,75.5899963378906 107.826159596443,10.8239636421204,75.5800018310547 107.826150655746,10.8239649534225,75.5800018310547 107.826143264771,10.8239650726318,75.5699996948242 107.826135516167,10.8239628076553,75.5599975585938 107.826127886772,10.8239603042603,75.5599975585938 107.826119661331,10.8239619731903,75.5500030517578 107.826110839844,10.8239635229111,75.5500030517578 107.826101660728,10.8239630460739,75.5800018310547 107.826092243195,10.8239613771439,75.629997253418 107.826084017754,10.8239619731903,75.6699981689453 107.826075315475,10.8239629268646,75.8300018310547 107.826068162918,10.8239645957947,75.9599990844727 107.826059699059,10.8239686489105,76.0199966430664 107.826053857803,10.8239704370499,76.1500015258789 107.826046347618,10.8239727020264,76.2099990844727 107.826038122177,10.8239741325378,76.25 107.826029062271,10.8239738941193,76.2600021362305 107.826023101807,10.8239736557007,76.2600021362305 107.826014637947,10.8239763975143,76.2699966430664 107.82600581646,10.8239787817001,76.2699966430664 107.825996041298,10.8239817619324,76.25 107.825986623764,10.8239830732346,76.2300033569336 107.825978398323,10.8239842653275,76.2300033569336 107.825970768929,10.8239852190018,76.2300033569336 107.825961947441,10.8239846229553,76.25 107.825954437256,10.8239825963974,76.2300033569336 107.825946331024,10.8239809274673,76.2600021362305 107.825938105583,10.8239798545837,76.2799987792969 107.825929284096,10.8239778280258,76.3600006103516 107.825922489166,10.8239756822586,76.3300018310547 107.825914502144,10.82397377491,76.379997253418 107.825907349586,10.8239747285843,76.4000015258789 107.825899481773,10.8239753246307,76.4199981689453 107.825891375542,10.8239779472351,76.4199981689453 107.825885176659,10.8239775896072,76.5 107.825875997543,10.8239773511887,76.5299987792969 107.82586812973,10.8239767551422,76.5500030517578 107.825859069824,10.8239774703979,76.5400009155273 107.825849294662,10.8239763975143,76.5500030517578 107.825841546059,10.8239753246307,76.5599975585938 107.825835108757,10.8239755630493,76.5899963378906 107.825825095177,10.8239747285843,76.5599975585938 107.825816392899,10.8239747285843,76.5400009155273 107.825807094574,10.8239723443985,76.5299987792969 107.825799226761,10.8239711523056,76.5800018310547 107.825793504715,10.8239701986313,76.6100006103516 107.825787305832,10.823969244957,76.6500015258789 107.825778365135,10.823969244957,76.7699966430664 107.825771808624,10.823970079422,76.8199996948242 107.825762748718,10.8239707946777,76.9000015258789 107.825754404068,10.8239701986313,76.9400024414062 107.825745224953,10.8239703178406,76.9100036621094 107.825736999512,10.8239687681198,76.8600006103516 107.825729846954,10.8239710330963,76.8300018310547 107.825723052025,10.8239711523056,76.8199996948242 107.825718998909,10.8239716291428,76.8899993896484 107.825713992119,10.8239703178406,76.9100036621094 107.825710058212,10.8239699602127,76.9400024414062 107.825705289841,10.8239673376083,77.0 107.825698375702,10.8239697217941,77.0699996948242 107.825690984726,10.8239699602127,77.0999984741211 107.825682044029,10.8239704370499,77.2099990844727 107.825674057007,10.8239715099335,77.3099975585938 107.82566678524,10.8239716291428,77.3600006103516 107.825657129288,10.8239718675613,77.3899993896484 107.825646996498,10.8239704370499,77.4199981689453 107.825637936592,10.8239694833755,77.4400024414062 107.825628638268,10.8239668607712,77.4499969482422 107.825619101524,10.8239639997482,77.4599990844727 107.825609207153,10.8239643573761,77.4499969482422 107.825600743294,10.8239662647247,77.4400024414062 107.825590491295,10.8239696025848,77.4199981689453 107.825582623482,10.8239712715149,77.4100036621094 107.825575947762,10.8239724636078,77.4000015258789 107.825569391251,10.8239727020264,77.4499969482422 107.825563907623,10.8239717483521,77.4700012207031 107.825555205345,10.8239711523056,77.5299987792969 107.825545907021,10.8239710330963,77.5599975585938 107.825536727905,10.823970079422,77.6100006103516 107.825528383255,10.8239710330963,77.629997253418 107.825521349907,10.8239716291428,77.620002746582 107.825511336327,10.823970079422,77.6100006103516 107.825497865677,10.8239727020264,77.5199966430664 107.825488686562,10.8239736557007,77.4899978637695 107.825477361679,10.8239730596542,77.4700012207031 107.825472474098,10.8239712715149,77.4499969482422 107.825464487076,10.8239716291428,77.4499969482422 107.825456857681,10.8239707946777,77.5199966430664 107.825448513031,10.8239707946777,77.5599975585938 107.825439691544,10.8239701986313,77.6600036621094 107.825432419777,10.8239701986313,77.7699966430664 107.825421452522,10.8239698410034,77.8399963378906 107.825412631035,10.8239686489105,77.9199981689453 107.825403928757,10.8239687681198,77.9499969482422 107.825394868851,10.8239681720734,77.9700012207031 107.825385451317,10.8239675760269,77.9899978637695 107.825376152992,10.8239679336548,77.9899978637695 107.825366854668,10.8239681720734,78.0 107.825357913971,10.8239690065384,78.0 107.825350403786,10.8239687681198,78.0 107.825341105461,10.8239691257477,78.0299987792969 107.825331807137,10.8239696025848,78.0500030517578 107.825321435928,10.8239712715149,78.0800018310547 107.825313329697,10.8239721059799,78.0999984741211 107.825302362442,10.8239712715149,78.1800003051758 107.82529270649,10.8239710330963,78.1900024414062 107.82528424263,10.8239729404449,78.2300033569336 107.82527422905,10.8239731788635,78.25 107.825264930725,10.8239712715149,78.2600021362305 107.825254440308,10.8239696025848,78.2699966430664 107.825245499611,10.8239681720734,78.4000015258789 107.825236082077,10.8239691257477,78.4700012207031 107.82522714138,10.8239722251892,78.5100021362305 107.825217843056,10.8239734172821,78.5299987792969 107.825208306313,10.8239741325378,78.5699996948242 107.825199127197,10.8239734172821,78.5999984741211 107.825193285942,10.8239712715149,78.6100006103516 107.825186491013,10.8239701986313,78.620002746582 107.825178027153,10.8239696025848,78.6600036621094 107.825170397758,10.8239691257477,78.629997253418 107.825162291527,10.8239687681198,78.620002746582 107.825155735016,10.8239685297012,78.6600036621094 107.825147509575,10.8239679336548,78.620002746582 107.825135111809,10.8239717483521,78.6600036621094 107.825122475624,10.8239718675613,78.5699996948242 107.825112581253,10.8239718675613,78.5299987792969 107.825101613998,10.8239741325378,78.629997253418 107.82509291172,10.8239793777466,78.6900024414062 107.825087666512,10.823987364769,78.7600021362305 107.825081825256,10.8239970207214,78.879997253418 107.825077652931,10.8240040540695,78.9599990844727 107.825073599815,10.8240116834641,79.0500030517578 107.82506942749,10.8240183591843,79.120002746582 107.825067400932,10.8240267038345,79.1600036621094 107.825065135956,10.8240333795547,79.1800003051758 107.825060606003,10.8240399360657,79.2200012207031 107.825055241585,10.8240479230881,79.2399978637695 107.825050354004,10.8240571022034,79.2799987792969 107.825044631958,10.8240650892258,79.3000030517578 107.825039148331,10.8240739107132,79.2799987792969 107.825032353401,10.8240834474564,79.2799987792969 107.825023889542,10.8240928649902,79.2699966430664 107.825016856194,10.8241008520126,79.2699966430664 107.825010895729,10.8241096735001,79.2799987792969 107.825003504753,10.8241189718246,79.2699966430664 107.824997782707,10.8241271972656,79.2600021362305 107.824992179871,10.8241342306137,79.2699966430664 107.824985980988,10.8241426944733,79.2799987792969 107.824981927872,10.8241499662399,79.2799987792969 107.824976801872,10.8241587877274,79.2699966430664 107.824970245361,10.8241686820984,79.25 107.824964284897,10.8241763114929,79.2399978637695 107.824955701828,10.8241840600967,79.2399978637695 107.824949264526,10.8241904973984,79.2399978637695 107.824943065643,10.8241980075836,79.2399978637695 107.82493519783,10.824205994606,79.2399978637695 107.824927926064,10.8242119550705,79.2900009155273 107.824920535088,10.8242192268372,79.3199996948242 107.824914336205,10.8242259025574,79.3899993896484 107.824909090996,10.8242324590683,79.4499969482422 107.824902534485,10.8242404460907,79.4599990844727 107.824897408485,10.8242449760437,79.4599990844727 107.824891448021,10.8242518901825,79.4800033569336 107.824885964394,10.8242579698563,79.5100021362305 107.824879288673,10.8242629766464,79.5100021362305 107.824873447418,10.824266910553,79.5100021362305 107.824864506721,10.8242717981339,79.5299987792969 107.82485640049,10.8242763280869,79.5500030517578 107.824849963188,10.8242844343185,79.5599975585938 107.824843168259,10.824290394783,79.5699996948242 107.824835538864,10.824294924736,79.5699996948242 107.824827194214,10.824299454689,79.620002746582 107.824818968773,10.8243067264557,79.6800003051758 107.824810504913,10.8243108987808,79.7699966430664 107.824801802635,10.8243172168732,79.870002746582 107.824795722961,10.824320435524,79.9199981689453 107.824786543846,10.8243256807327,79.9499969482422 107.82477748394,10.8243304491043,79.9899978637695 107.824769735336,10.8243347406387,80.0100021362305 107.82476079464,10.8243391513824,80.0199966430664 107.82475233078,10.8243440389633,80.0299987792969 107.824744105339,10.8243494033813,80.0400009155273 107.824734807014,10.8243535757065,80.0500030517578 107.824726819992,10.8243572711945,80.0599975585938 107.824717998505,10.8243610858917,80.0899963378906 107.824710130692,10.824364900589,80.1399993896484 107.824702143669,10.8243700265884,80.1500015258789 107.824694395065,10.8243741989136,80.2300033569336 107.824685811996,10.8243782520294,80.2799987792969 107.824677467346,10.824382185936,80.3000030517578 107.824668288231,10.8243862390518,80.3199996948242 107.824659466743,10.8243898153305,80.3899993896484 107.824651241302,10.8243930339813,80.4300003051758 107.824643135071,10.8243962526321,80.4700012207031 107.824634671211,10.8243993520737,80.4899978637695 107.82462644577,10.8244032859802,80.5599975585938 107.824618458748,10.8244094848633,80.5899963378906 107.82460963726,10.8244167566299,80.620002746582 107.824603557587,10.8244241476059,80.6500015258789 107.824601769447,10.8244326114655,80.7399978637695 107.824597835541,10.8244434595108,80.7799987792969 107.824595570564,10.8244526386261,80.8099975585938 107.824595808983,10.8244622945786,80.8199996948242 107.824595451355,10.8244733810425,80.8300018310547 107.824595332146,10.8244832754135,80.8399963378906 107.824597239494,10.8244923353195,80.8199996948242 107.824596405029,10.8245017528534,80.7799987792969 107.824595093727,10.8245099782944,80.7900009155273 107.824595570564,10.8245182037354,80.8000030517578 107.824594497681,10.8245269060135,80.8099975585938 107.824592351913,10.8245347738266,80.75 107.824591636658,10.8245439529419,80.7099990844727 107.8245896101,10.8245538473129,80.6999969482422 107.824589252472,10.8245627880096,80.6900024414062 107.824588298798,10.8245725631714,80.6900024414062 107.824587345123,10.8245846033096,80.629997253418 107.824588060379,10.8245960474014,80.5899963378906 107.824588537216,10.8246048688889,80.5699996948242 107.824588775635,10.8246139287949,80.5699996948242 107.824589014053,10.824623465538,80.5699996948242 107.824589490891,10.8246333599091,80.5599975585938 107.824589490891,10.824643611908,80.5199966430664 107.824589133263,10.8246548175812,80.4899978637695 107.8245896101,10.8246661424637,80.4700012207031 107.824591398239,10.8246752023697,80.4400024414062 107.824591875076,10.8246873617172,80.4300003051758 107.824590206146,10.824697136879,80.379997253418 107.824590206146,10.8247072696686,80.4000015258789 107.824588894844,10.8247179985046,80.4100036621094 107.824589133263,10.8247271776199,80.4199981689453 107.824590802193,10.8247393369675,80.4300003051758 107.824591517448,10.8247509002686,80.5 107.824593663216,10.8247616291046,80.5699996948242 107.824594497681,10.8247721195221,80.5899963378906 107.824595212936,10.8247828483582,80.5800018310547 107.824597239494,10.8247927427292,80.5400009155273 107.824599385262,10.8248032331467,80.5 107.824600934982,10.8248120546341,80.4800033569336 107.824601888657,10.8248218297958,80.4700012207031 107.824601888657,10.8248317241669,80.4499969482422 107.824602127075,10.8248406648636,80.4300003051758 107.824601769447,10.8248504400253,80.3899993896484 107.824601411819,10.8248598575592,80.3600006103516 107.824600815773,10.8248693943024,80.3099975585938 107.824600338936,10.8248777389526,80.2900009155273 107.824600100517,10.8248846530914,80.25 107.82459962368,10.8248921632767,80.2300033569336 107.824599862099,10.824899315834,80.2099990844727 107.824599385262,10.8249070644379,80.2099990844727 107.824599504471,10.8249138593674,80.2099990844727 107.824600338936,10.8249230384827,80.2099990844727 107.824600458145,10.8249318599701,80.1999969482422 107.824602007866,10.8249408006668,80.1999969482422 107.824602127075,10.8249495029449,80.1900024414062 107.824602365494,10.8249584436417,80.129997253418 107.824601054192,10.8249690532684,80.0899963378906 107.824603557587,10.8249790668488,80.0500030517578 107.824606537819,10.8249886035919,80.0199966430664 107.824609160423,10.8249969482422,80.0199966430664 107.824611067772,10.8250052928925,80.0199966430664 107.824615478516,10.8250139951706,80.0199966430664 107.824618220329,10.8250206708908,80.0599975585938 107.824622273445,10.8250290155411,80.0400009155273 107.824625253677,10.8250361680984,80.0299987792969 107.824629187584,10.8250443935394,80.0299987792969 107.824633479118,10.8250534534454,80.0199966430664 107.824637413025,10.8250625133514,80.0199966430664 107.824643373489,10.8250695466995,80.0199966430664 107.824646115303,10.8250780105591,80.0 107.824650645256,10.8250859975815,79.9899978637695 107.824656605721,10.8250956535339,80.0 107.824658751488,10.825102686882,80.0100021362305 107.824664354324,10.8251099586487,80.0100021362305 107.824668049812,10.8251171112061,80.0199966430664 107.824672341347,10.8251248598099,80.0199966430664 107.824676632881,10.8251334428787,80.0299987792969 107.824676632881,10.8251410722733,80.0400009155273 107.824681282043,10.8251485824585,80.0899963378906 107.824685931206,10.8251554965973,80.1100006103516 107.824689626694,10.8251616954803,80.120002746582 107.82469367981,10.8251687288284,80.1500015258789 107.824697494507,10.8251761198044,80.1800003051758 107.82470369339,10.8251823186874,80.2200012207031 107.824710726738,10.8251893520355,80.2600021362305 107.824711322784,10.8251947164536,80.2399978637695 107.82471716404,10.8252034187317,80.2699966430664 107.8247205019,10.8252114057541,80.2799987792969 107.824726819992,10.8252186775208,80.2900009155273 107.824731111526,10.8252269029617,80.2799987792969 107.824734568596,10.8252341747284,80.2799987792969 107.824737429619,10.8252433538437,80.2300033569336 107.82473897934,10.8252540826797,80.2399978637695 107.824741482735,10.82526242733,80.2399978637695 107.824744343758,10.8252717256546,80.2399978637695 107.824746131897,10.825279712677,80.2399978637695 107.824747562408,10.8252885341644,80.2399978637695 107.824750900269,10.8252997398376,80.2399978637695 107.824750542641,10.8253107070923,80.2399978637695 107.82475233078,10.8253214359283,80.2399978637695 107.824756264687,10.8253313302994,80.2600021362305 107.824758768082,10.8253413438797,80.2900009155273 107.824759960175,10.8253506422043,80.3300018310547 107.824763894081,10.8253616094589,80.370002746582 107.824767351151,10.8253728151321,80.3899993896484 107.824771523476,10.825381398201,80.4199981689453 107.824777960777,10.8253901004791,80.4199981689453 107.824782729149,10.8253991603851,80.4100036621094 107.82478749752,10.8254059553146,80.4000015258789 107.824792385101,10.8254141807556,80.3899993896484 107.824798583984,10.8254218101501,80.3399963378906 107.824808120728,10.8254225254059,80.3199996948242 107.824815154076,10.8254225254059,80.2900009155273 107.82482457161,10.825421333313,80.2900009155273 107.824832201004,10.8254210948944,80.2900009155273 107.824838638306,10.8254210948944,80.2099990844727 107.824845910072,10.825421333313,80.1500015258789 107.824853301048,10.8254212141037,80.120002746582 107.824860215187,10.825421333313,80.0999984741211 107.824864983559,10.8254203796387,80.0899963378906 107.82486975193,10.8254197835922,80.0899963378906 107.82487475872,10.8254191875458,80.120002746582 107.824878811836,10.82541847229,80.1600036621094 107.824884057045,10.8254195451736,80.2900009155273 107.824892163277,10.8254196643829,80.3600006103516 107.824899673462,10.8254225254059,80.4000015258789 107.824908018112,10.8254225254059,80.4199981689453 107.824914574623,10.8254233598709,80.4199981689453 107.824922561646,10.8254237174988,80.4199981689453 107.824928998947,10.8254246711731,80.4000015258789 107.824938416481,10.8254257440567,80.3899993896484 107.824948191643,10.8254252672195,80.379997253418 107.824955821037,10.8254278898239,80.4599990844727 107.82496535778,10.8254278898239,80.4199981689453 107.824972867966,10.8254282474518,80.4000015258789 107.824981212616,10.8254274129868,80.3300018310547 107.824989199638,10.8254276514053,80.3000030517578 107.824998497963,10.825425863266,80.2900009155273 107.825007081032,10.8254231214523,80.2799987792969 107.825013995171,10.8254216909409,80.25 107.825022339821,10.8254212141037,80.2399978637695 107.82503092289,10.825420498848,80.3099975585938 107.825039982796,10.8254219293594,80.3499984741211 107.825049042702,10.8254200220108,80.3899993896484 107.825056791306,10.8254195451736,80.4100036621094 107.825063228607,10.8254191875458,80.4100036621094 107.825066566467,10.82541847229,80.4199981689453 107.825068354607,10.8254185914993,80.4199981689453 107.825069069862,10.8254185914993,80.4599990844727 107.825083136559,10.8254163265228,80.4599990844727 107.825088858604,10.8254157304764,80.4599990844727 107.825095057487,10.8254142999649,80.4599990844727 107.825100421906,10.8254138231277,80.5 107.825101494789,10.8254126310349,80.5500030517578 107.825101971626,10.825412273407,80.5800018310547 107.825101494789,10.8254129886627,80.620002746582 107.825116991997,10.8254147768021,80.5800018310547 107.825122833252,10.8254142999649,80.5999984741211 107.825127959251,10.8254150152206,80.6600036621094 107.825137376785,10.8254148960114,80.6900024414062 107.825145483017,10.8254138231277,80.6999969482422 107.825153827667,10.8254133462906,80.6500015258789 107.825163125992,10.8254128694534,80.5999984741211 107.825172543526,10.8254134654999,80.4400024414062 107.825180053711,10.8254134654999,80.370002746582 107.82518684864,10.8254146575928,80.3199996948242 107.825195193291,10.8254154920578,80.3000030517578 107.825204610825,10.8254181146622,80.3499984741211 107.825212836266,10.8254203796387,80.370002746582 107.825215220451,10.8254237174988,80.379997253418 107.825220942497,10.8254284858704,80.4100036621094 107.825221538544,10.8254325389862,80.4199981689453 107.825222969055,10.8254401683807,80.4499969482422 107.825222373009,10.8254437446594,80.4800033569336 107.825221538544,10.8254507780075,80.5 107.825216770172,10.8254580497742,80.5100021362305 107.825211763382,10.8254667520523,80.5299987792969 107.825203180313,10.8254759311676,80.5500030517578 107.825193762779,10.8254811763763,80.5800018310547 107.825184345245,10.8254863023758,80.6100006103516 107.8251734972,10.8254910707474,80.620002746582 107.82516181469,10.8254942893982,80.629997253418 107.825150489807,10.8254964351654,80.629997253418 107.825138568878,10.8254998922348,80.620002746582 107.825125813484,10.825502038002,80.620002746582 107.825115323067,10.8255038261414,80.620002746582 107.82510471344,10.8255069255829,80.5699996948242 107.825092196465,10.8255122900009,80.5199966430664 107.825080156326,10.8255171775818,80.5 107.825069665909,10.8255211114883,80.5100021362305 107.825060606003,10.825524687767,80.5100021362305 107.825051307678,10.8255298137665,80.5100021362305 107.825043439865,10.8255363702774,80.5100021362305 107.825038194656,10.8255442380905,80.5 107.825033545494,10.8255530595779,80.5 107.825029730797,10.8255599737167,80.5 107.825026988983,10.8255689144135,80.4899978637695 107.825024962425,10.8255789279938,80.4899978637695 107.825024485588,10.8255878686905,80.4899978637695 107.825024724007,10.8255976438522,80.5100021362305 107.825023770332,10.8256080150604,80.5299987792969 107.825023055077,10.8256152868271,80.5299987792969 107.825022816658,10.8256235122681,80.5400009155273 107.825022816658,10.8256320953369,80.5400009155273 107.825024366379,10.8256402015686,80.5400009155273 107.825024724007,10.8256496191025,80.5400009155273 107.825022578239,10.8256583213806,80.5299987792969 107.825022220612,10.8256665468216,80.5199966430664 107.825020551682,10.8256763219833,80.5100021362305 107.825020670891,10.8256863355637,80.5100021362305 107.825020909309,10.8256961107254,80.5 107.825022339821,10.8257064819336,80.4899978637695 107.8250207901,10.8257175683975,80.4800033569336 107.825019717216,10.8257279396057,80.4899978637695 107.825020432472,10.8257353305817,80.5 107.825021624565,10.8257442712784,80.5299987792969 107.825020432472,10.8257536888123,80.5400009155273 107.825021147728,10.8257619142532,80.5500030517578 107.825021386147,10.8257714509964,80.5599975585938 107.825022578239,10.8257811069489,80.5999984741211 107.825022220612,10.8257887363434,80.620002746582 107.825021386147,10.8257982730865,80.6100006103516 107.825021624565,10.8258081674576,80.6100006103516 107.825020551682,10.8258184194565,80.629997253418 107.825020551682,10.8258291482925,80.7200012207031 107.825021624565,10.8258395195007,80.75 107.825020194054,10.8258498907089,80.7200012207031 107.825021028519,10.8258582353592,80.75 107.825021028519,10.8258692026138,80.7799987792969 107.825021862984,10.8258800506592,80.8000030517578 107.825025320053,10.8258908987045,80.8099975585938 107.825026988983,10.8259017467499,80.8099975585938 107.825026154518,10.8259115219116,80.8099975585938 107.825025320053,10.8259210586548,80.8499984741211 107.825025677681,10.8259317874908,80.879997253418 107.825025439262,10.8259420394897,80.8899993896484 107.825026154518,10.8259513378143,80.9000015258789 107.8250259161,10.8259618282318,80.9100036621094 107.8250259161,10.8259712457657,80.9100036621094 107.825026750565,10.8259825706482,80.9700012207031 107.8250259161,10.825993180275,81.0100021362305 107.825026392937,10.8260027170181,81.0500030517578 107.825026750565,10.8260123729706,81.0800018310547 107.8250259161,10.8260219097137,81.0899963378906 107.8250259161,10.8260322809219,81.0699996948242 107.82502412796,10.8260437250137,81.0599975585938 107.825023293495,10.8260546922684,81.0 107.825024962425,10.826064825058,80.9800033569336 107.825026392937,10.8260765075684,80.9700012207031 107.825024962425,10.8260868787766,80.9599990844727 107.825024843216,10.8260970115662,80.9499969482422 107.825026154518,10.8261083364487,80.9800033569336 107.825026154518,10.8261193037033,81.0100021362305 107.825024604797,10.8261295557022,81.0400009155273 107.825024604797,10.8261388540268,81.0599975585938 107.825023770332,10.8261477947235,81.0599975585938 107.82502412796,10.826157450676,81.0599975585938 107.825023651123,10.8261690139771,81.0699996948242 107.825022816658,10.8261793851852,81.129997253418 107.825021624565,10.8261890411377,81.0999984741211 107.825021028519,10.8261984586716,81.0800018310547 107.825022578239,10.8262058496475,81.0199966430664 107.825024247169,10.8262152671814,80.9899978637695 107.82502579689,10.8262280225754,80.9800033569336 107.825024247169,10.8262382745743,80.9599990844727 107.825023174286,10.8262493610382,80.9499969482422 107.825023174286,10.8262606859207,80.9499969482422 107.825021862984,10.8262720108032,80.9599990844727 107.825020194054,10.8262829780579,80.9499969482422 107.825019717216,10.8262927532196,80.9599990844727 107.825020909309,10.826303601265,80.9499969482422 107.825021028519,10.8263130187988,80.9599990844727 107.825020074844,10.8263201713562,80.9800033569336 107.825019478798,10.8263276815414,81.0 107.825020194054,10.8263348340988,81.0199966430664 107.82501912117,10.8263432979584,81.0299987792969 107.825018644333,10.8263536691666,81.0299987792969 107.82501912117,10.8263635635376,81.0800018310547 107.825021028519,10.8263746500015,81.0999984741211 107.825020194054,10.8263875246048,81.0699996948242 107.8250207901,10.8263974189758,81.0299987792969 107.825022697449,10.8264074325562,80.9800033569336 107.82502412796,10.8264173269272,80.9300003051758 107.825026154518,10.8264265060425,80.9000015258789 107.825026631355,10.8264367580414,80.8300018310547 107.82502579689,10.8264486789703,80.7900009155273 107.825025200844,10.8264607191086,80.8099975585938 107.825025320053,10.8264701366425,80.7600021362305 107.825028777122,10.826481461525,80.7399978637695 107.825028419495,10.8264929056168,80.7300033569336 107.825026988983,10.8265061378479,80.7200012207031 107.82502579689,10.8265160322189,80.7200012207031 107.825024724007,10.8265272378922,80.6699981689453 107.825024485588,10.8265389204025,80.6399993896484 107.825023174286,10.8265509605408,80.6800003051758 107.825024724007,10.8265602588654,80.5999984741211 107.825026988983,10.8265725374222,80.5599975585938 107.825028657913,10.8265838623047,80.5999984741211 107.825029492378,10.8265942335129,80.6399993896484 107.825030088425,10.8266043663025,80.6900024414062 107.825029015541,10.8266143798828,80.6800003051758 107.825026750565,10.8266249895096,80.6800003051758 107.825023889542,10.8266347646713,80.6800003051758 107.825023889542,10.826643705368,80.7200012207031 107.825024962425,10.8266546726227,80.7600021362305 107.82502412796,10.8266670703888,80.7799987792969 107.825022339821,10.8266770839691,80.7200012207031 107.825021624565,10.8266872167587,80.6999969482422 107.825020670891,10.8267005681992,80.6800003051758 107.825019955635,10.8267111778259,80.6399993896484 107.825021505356,10.8267216682434,80.6100006103516 107.82502412796,10.8267341852188,80.5999984741211 107.825024247169,10.8267463445663,80.5999984741211 107.825023889542,10.8267575502396,80.5899963378906 107.825023293495,10.8267664909363,80.5800018310547 107.825021624565,10.8267760276794,80.5699996948242 107.825020670891,10.8267885446548,80.5800018310547 107.825020074844,10.8267997503281,80.5699996948242 107.8250207901,10.8268097639084,80.5699996948242 107.825023055077,10.8268193006516,80.5699996948242 107.82502412796,10.8268296718597,80.5699996948242 107.825022220612,10.8268405199051,80.5599975585938 107.825021624565,10.8268498182297,80.5599975585938 107.82502245903,10.8268607854843,80.5599975585938 107.825021624565,10.826872587204,80.5599975585938 107.825021743774,10.8268810510635,80.5100021362305 107.825021624565,10.8268903493881,80.4499969482422 107.825023055077,10.8269022703171,80.4499969482422 107.825022816658,10.826913356781,80.5500030517578 107.825023770332,10.8269249200821,80.5500030517578 107.825025320053,10.8269356489182,80.5400009155273 107.825024247169,10.8269474506378,80.5500030517578 107.825025200844,10.8269593715668,80.5500030517578 107.825026392937,10.8269699811935,80.5500030517578 107.82503080368,10.8269810676575,80.5500030517578 107.825033783913,10.8269938230515,80.4700012207031 107.825033903122,10.8270050287247,80.4300003051758 107.825034141541,10.8270149230957,80.4100036621094 107.825034856796,10.8270254135132,80.3399963378906 107.825035452843,10.8270372152328,80.3099975585938 107.825036644936,10.8270506858826,80.2900009155273 107.825038194656,10.8270611763,80.3600006103516 107.825043082237,10.8270697593689,80.3899993896484 107.825051784515,10.8270771503448,80.4100036621094 107.825061678886,10.8270845413208,80.3300018310547 107.825069665909,10.8270883560181,80.2900009155273 107.825078964233,10.8270890712738,80.25 107.825090527534,10.8270916938782,80.2200012207031 107.825101852417,10.8270916938782,80.1999969482422 107.825111150742,10.8270878791809,80.1999969482422 107.825121164322,10.8270833492279,80.1999969482422 107.825132250786,10.8270787000656,80.2099990844727 107.825142741203,10.8270756006241,80.2300033569336 107.825152754784,10.8270734548569,80.2900009155273 107.825163125992,10.8270702362061,80.3099975585938 107.825176358223,10.8270678520203,80.370002746582 107.82518851757,10.8270673751831,80.4100036621094 107.825197935104,10.8270663022995,80.4400024414062 107.825209975243,10.8270629644394,80.4700012207031 107.825219511986,10.8270609378815,80.4800033569336 107.825229525566,10.8270601034164,80.4899978637695 107.825240135193,10.8270593881607,80.4899978637695 107.825252056122,10.8270590305328,80.5 107.825262665749,10.8270593881607,80.5599975585938 107.825273394585,10.8270591497421,80.5999984741211 107.825284719467,10.8270578384399,80.629997253418 107.825298070908,10.8270580768585,80.6500015258789 107.825307607651,10.8270580768585,80.6900024414062 107.825314640999,10.8270578384399,80.7099990844727 107.825325608253,10.8270547389984,80.7399978637695 107.825335502625,10.8270533084869,80.8399963378906 107.825345396996,10.8270527124405,80.8899993896484 107.825353622437,10.8270522356033,80.9199981689453 107.825363755226,10.8270527124405,80.9300003051758 107.825372934341,10.8270542621613,80.9499969482422 107.825381755829,10.8270543813705,80.9899978637695 107.825393199921,10.8270555734634,81.0199966430664 107.825402498245,10.8270584344864,81.0500030517578 107.825413584709,10.8270610570908,81.0800018310547 107.825425624847,10.8270621299744,81.0999984741211 107.825435042381,10.8270633220673,81.120002746582 107.825444817543,10.8270626068115,81.2200012207031 107.825456261635,10.8270606994629,81.2699966430664 107.825465679169,10.8270592689514,81.3199996948242 107.825474500656,10.8270593881607,81.3499984741211 107.825483560562,10.8270605802536,81.3899993896484 107.825494170189,10.8270617723465,81.4100036621094 107.825502991676,10.8270608186722,81.4400024414062 107.825514912605,10.8270596265793,81.4599990844727 107.825528144836,10.8270559310913,81.5500030517578 107.82553768158,10.8270529508591,81.5999984741211 107.825546264648,10.8270530700684,81.7099990844727 107.825559258461,10.8270514011383,81.8000030517578 107.825570821762,10.8270499706268,81.9100036621094 107.825580954552,10.8270479440689,82.0500030517578 107.825591087341,10.8270429372787,82.2799987792969 107.825600147247,10.8270394802094,82.4000015258789 107.825609207153,10.8270366191864,82.4700012207031 107.825620412827,10.8270336389542,82.5299987792969 107.825629591942,10.8270295858383,82.5699996948242 107.82563829422,10.8270227909088,82.7300033569336 107.825649023056,10.8270151615143,82.8499984741211 107.825658559799,10.8270089626312,82.9300003051758 107.825665950775,10.827003121376,82.9599990844727 107.825672745705,10.8269951343536,82.9899978637695 107.825679659843,10.8269864320755,83.0899963378906 107.82568693161,10.8269793987274,83.1699981689453 107.825692653656,10.826971411705,83.2200012207031 107.825697302818,10.8269604444504,83.2399978637695 107.825703501701,10.8269517421722,83.2699966430664 107.825710296631,10.8269454240799,83.3199996948242 107.82571709156,10.8269389867783,83.3600006103516 107.825725197792,10.8269321918488,83.3899993896484 107.825735092163,10.8269259929657,83.4000015258789 107.825743079185,10.8269212245941,83.4100036621094 107.825749993324,10.8269149065018,83.4000015258789 107.825758099556,10.8269071578979,83.3899993896484 107.825767278671,10.826900601387,83.379997253418 107.825772404671,10.8268958330154,83.370002746582 107.825780272484,10.826887845993,83.3399963378906 107.825788140297,10.8268810510635,83.3099975585938 107.825796723366,10.8268752098083,83.3000030517578 107.825803995132,10.826868057251,83.3399963378906 107.825813055038,10.826858997345,83.4100036621094 107.825821876526,10.8268514871597,83.4899978637695 107.825829148293,10.8268461227417,83.5199966430664 107.825836777687,10.8268404006958,83.5400009155273 107.825844287872,10.8268339633942,83.5599975585938 107.8258497715,10.8268275260925,83.5599975585938 107.825855970383,10.826819896698,83.5599975585938 107.825863838196,10.8268123865128,83.5699996948242 107.825871706009,10.826806306839,83.5599975585938 107.825879096985,10.8267997503281,83.5599975585938 107.825886130333,10.8267923593521,83.5599975585938 107.825893759727,10.8267859220505,83.5699996948242 107.825900793076,10.8267800807953,83.5800018310547 107.825907349586,10.8267718553543,83.5899963378906 107.825914263725,10.8267641067505,83.5999984741211 107.825919747353,10.8267585039139,83.6100006103516 107.825924992561,10.8267518281937,83.620002746582 107.825932621956,10.8267436027527,83.6600036621094 107.825939774513,10.8267370462418,83.6800003051758 107.825945734978,10.826730132103,83.6999969482422 107.825952887535,10.8267209529877,83.6600036621094 107.825959801674,10.8267143964767,83.6500015258789 107.825966000557,10.8267079591751,83.6399993896484 107.825973749161,10.8267005681992,83.6399993896484 107.825981497765,10.8266937732697,83.629997253418 107.825988292694,10.8266879320145,83.620002746582 107.825995922089,10.8266818523407,83.6100006103516 107.826004743576,10.8266767263412,83.5999984741211 107.826013207436,10.8266727924347,83.5899963378906 107.826022624969,10.8266685009003,83.5500030517578 107.826033353806,10.8266639709473,83.5199966430664 107.826042532921,10.8266600370407,83.4599990844727 107.82604932785,10.826655626297,83.4199981689453 107.826059222221,10.8266503810883,83.3600006103516 107.826070189476,10.826647400856,83.3399963378906 107.826079845428,10.8266468048096,83.2900009155273 107.826086759567,10.8266472816467,83.2699966430664 107.826097011566,10.8266481161118,83.2600021362305 107.826107740402,10.8266499042511,83.3099975585938 107.826117157936,10.8266518115997,83.3300018310547 107.826126456261,10.8266524076462,83.379997253418 107.826135993004,10.8266534805298,83.4100036621094 107.826144695282,10.8266540765762,83.4300003051758 107.826154351234,10.8266545534134,83.4400024414062 107.826164007187,10.826655626297,83.4800033569336 107.826174378395,10.8266550302505,83.4599990844727 107.826184749603,10.826651930809,83.5 107.826194643974,10.8266507387161,83.4400024414062 107.826203584671,10.8266509771347,83.4899978637695 107.826214432716,10.8266495466232,83.5400009155273 107.82622718811,10.8266477584839,83.5699996948242 107.826237559319,10.8266462087631,83.5599975585938 107.826247572899,10.8266431093216,83.6100006103516 107.826258659363,10.8266404867172,83.5800018310547 107.826267361641,10.8266390562058,83.5599975585938 107.826277256012,10.8266373872757,83.5500030517578 107.826288461685,10.8266354799271,83.5400009155273 107.826298236847,10.826634645462,83.5299987792969 107.826308012009,10.8266332149506,83.5800018310547 107.826320409775,10.8266315460205,83.5999984741211 107.826332211494,10.8266322612762,83.6100006103516 107.826340317726,10.8266344070435,83.620002746582 107.826349973679,10.8266369104385,83.629997253418 107.826361060143,10.8266403675079,83.620002746582 107.826371431351,10.8266440629959,83.620002746582 107.826380491257,10.8266481161118,83.6100006103516 107.826389551163,10.8266518115997,83.5800018310547 107.82640004158,10.8266562223434,83.5699996948242 107.826408028603,10.8266611099243,83.5500030517578 107.826413273811,10.8266656398773,83.5 107.826420903206,10.8266708850861,83.4700012207031 107.826429009438,10.8266767263412,83.4300003051758 107.826437950134,10.8266810178757,83.4300003051758 107.826449275017,10.8266860246658,83.4499969482422 107.826459169388,10.8266930580139,83.4599990844727 107.826467514038,10.8266994953156,83.5500030517578 107.826478362083,10.8267052173615,83.5999984741211 107.826489567757,10.8267112970352,83.6100006103516 107.826499938965,10.8267179727554,83.620002746582 107.826509833336,10.826722741127,83.6399993896484 107.826521396637,10.8267254829407,83.6399993896484 107.826533079147,10.8267287015915,83.6399993896484 107.826543450356,10.8267338275909,83.629997253418 107.826551318169,10.8267384767532,83.629997253418 107.826561689377,10.8267420530319,83.620002746582 107.826573371887,10.8267463445663,83.629997253418 107.826585888863,10.8267524242401,83.5699996948242 107.82659637928,10.8267592191696,83.5500030517578 107.826606154442,10.8267654180527,83.5299987792969 107.826615452766,10.8267699480057,83.5400009155273 107.826625227928,10.8267740011215,83.5500030517578 107.826636075974,10.8267784118652,83.5500030517578 107.82664835453,10.8267832994461,83.5599975585938 107.826658964157,10.8267900943756,83.5699996948242 107.826665639877,10.826796412468,83.5699996948242 107.82667350769,10.8268022537231,83.5599975585938 107.826683282852,10.8268088102341,83.5500030517578 107.826692938805,10.8268172740936,83.5100021362305 107.82670211792,10.8268269300461,83.4599990844727 107.826709508896,10.8268362283707,83.4300003051758 107.826717972755,10.8268440961838,83.3899993896484 107.826728105545,10.8268502950668,83.3600006103516 107.826738834381,10.826855301857,83.3300018310547 107.826749801636,10.8268622159958,83.2399978637695 107.826758861542,10.8268700838089,83.1900024414062 107.826764941216,10.8268780708313,83.1600036621094 107.826771855354,10.8268845081329,83.120002746582 107.82677936554,10.826890707016,83.0899963378906 107.826787114143,10.8268973827362,83.0599975585938 107.826796174049,10.8269066810608,83.0400009155273 107.826802611351,10.8269169330597,82.9800033569336 107.82680773735,10.8269245624542,82.9400024414062 107.826814174652,10.8269315958023,82.9100036621094 107.826821565628,10.8269389867783,82.8899993896484 107.826827764511,10.8269481658936,82.870002746582 107.826833367348,10.8269579410553,82.8099975585938 107.826839208603,10.8269658088684,82.7900009155273 107.826844453812,10.8269740343094,82.7699966430664 107.826849222183,10.826983332634,82.7600021362305 107.826855421066,10.8269954919815,82.8899993896484 107.826861739159,10.827007651329,82.9499969482422 107.826867580414,10.8270174264908,82.9899978637695 107.826874017715,10.8270251750946,83.0100021362305 107.826879382133,10.8270366191864,82.9599990844727 107.826883196831,10.8270460367203,82.8899993896484 107.826889276505,10.8270547389984,82.8399963378906 107.826896309853,10.8270643949509,82.7699966430664 107.826902270317,10.8270752429962,82.7300033569336 107.826906204224,10.8270856142044,82.7099990844727 107.826911687851,10.8270937204361,82.6999969482422 107.826920509338,10.8271024227142,82.7200012207031 107.826929450035,10.8271118402481,82.7300033569336 107.826935768127,10.8271207809448,82.6999969482422 107.826941728592,10.8271270990372,82.6699981689453 107.826949834824,10.8271335363388,82.6600036621094 107.826959013939,10.8271403312683,82.6500015258789 107.826968073845,10.8271461725235,82.5999984741211 107.826977849007,10.8271496295929,82.5599975585938 107.826988697052,10.8271459341049,82.5100021362305 107.827000141144,10.8271437883377,82.4800033569336 107.827008724213,10.8271461725235,82.4400024414062 107.827016592026,10.8271484375,82.4000015258789 107.827025413513,10.8271502256393,82.3499984741211 107.827033519745,10.8271502256393,82.3199996948242 107.827044248581,10.8271459341049,82.2699966430664 107.827055931091,10.8271435499191,82.25 107.827065229416,10.827143907547,82.1699981689453 107.82707285881,10.8271452188492,82.1900024414062 107.82708132267,10.827147603035,82.1399993896484 107.827092170715,10.8271474838257,82.0999984741211 107.827102780342,10.8271481990814,82.0 107.827110886574,10.8271508216858,81.9300003051758 107.827121496201,10.8271539211273,81.8899993896484 107.827131390572,10.827155828476,81.8300018310547 107.827142000198,10.8271576166153,81.7600021362305 107.827154397964,10.8271552324295,81.6399993896484 107.827166676521,10.8271539211273,81.5199966430664 107.827178239822,10.8271542787552,81.370002746582 107.827188372612,10.827153801918,81.2799987792969 107.827201485634,10.827152967453,81.1999969482422 107.827214717865,10.827152967453,81.129997253418 107.827225804329,10.827152967453,81.0400009155273 107.8272356987,10.8271516561508,80.9899978637695 107.827248454094,10.8271502256393,80.9700012207031 107.827259421349,10.8271490335464,80.9300003051758 107.827269554138,10.8271478414536,80.8300018310547 107.827281117439,10.8271479606628,80.7600021362305 107.827291965485,10.827149271965,80.7099990844727 107.827300429344,10.8271491527557,80.5800018310547 107.827311873436,10.8271480798721,80.4899978637695 107.827323555946,10.8271466493607,80.4300003051758 107.82733464241,10.8271474838257,80.370002746582 107.827345490456,10.8271478414536,80.2900009155273 107.827355384827,10.8271465301514,80.1999969482422 107.827366709709,10.8271452188492,80.1399993896484 107.827379465103,10.8271452188492,80.0899963378906 107.827393770218,10.8271465301514,80.0500030517578 107.827407240868,10.8271479606628,80.0199966430664 107.827417492867,10.827149271965,80.0 107.827426671982,10.8271511793137,79.9599990844727 107.827436447144,10.8271516561508,79.9400024414062 107.827446341515,10.8271518945694,79.9199981689453 107.827457308769,10.8271512985229,79.879997253418 107.827469110489,10.8271517753601,79.8499984741211 107.827479243279,10.8271526098251,79.8300018310547 107.827489852905,10.8271533250809,79.7799987792969 107.827499270439,10.8271527290344,79.7399978637695 107.827509641647,10.8271523714066,79.6100006103516 107.827520608902,10.8271522521973,79.5400009155273 107.827533364296,10.8271522521973,79.5 107.827548027039,10.8271514177322,79.4700012207031 107.827562093735,10.8271510601044,79.4599990844727 107.827574491501,10.8271514177322,79.4400024414062 107.827584981918,10.8271505832672,79.4000015258789 107.827596545219,10.8271485567093,79.3199996948242 107.827608704567,10.8271481990814,79.1800003051758 107.827620029449,10.8271496295929,79.0999984741211 107.827631354332,10.8271502256393,79.0599975585938 107.82764172554,10.8271490335464,79.0400009155273 107.827653050423,10.8271484375,79.0299987792969 107.827663779259,10.8271478414536,79.0299987792969 107.827674150467,10.827144742012,79.0400009155273 107.827683091164,10.8271434307098,79.0400009155273 107.827689886093,10.8271455764771,79.0500030517578 107.827696681023,10.8271490335464,78.9800033569336 107.827706336975,10.8271498680115,78.8099975585938 107.827716708183,10.8271490335464,78.7200012207031 107.827728748322,10.8271474838257,78.5500030517578 107.827739834785,10.8271464109421,78.4599990844727 107.827747821808,10.8271454572678,78.2900009155273 107.827758431435,10.8271436691284,78.1699981689453 107.827768445015,10.8271390199661,78.1100006103516 107.827775835991,10.8271359205246,78.0500030517578 107.827785730362,10.8271344900131,77.9700012207031 107.827797293663,10.8271327018738,77.9199981689453 107.827808618546,10.827131986618,77.7799987792969 107.827818751335,10.8271321058273,77.6800003051758 107.827827572823,10.8271327018738,77.5400009155273 107.827836990356,10.8271341323853,77.4700012207031 107.827848672867,10.8271335363388,77.379997253418 107.827861428261,10.8271341323853,77.2900009155273 107.827871441841,10.8271371126175,77.1500015258789 107.827880740166,10.827138543129,77.0299987792969 107.827889919281,10.8271394968033,76.9499969482422 107.827900648117,10.8271406888962,76.9000015258789 107.82791364193,10.8271409273148,76.8600006103516 107.827926754951,10.8271403312683,76.8199996948242 107.827939510345,10.8271412849426,76.6900024414062 107.827949643135,10.8271423578262,76.5500030517578 107.827959895134,10.8271420001984,76.4100036621094 107.827972054482,10.8271386623383,76.2900009155273 107.827984213829,10.8271377086639,76.2300033569336 107.827994942665,10.8271403312683,76.1399993896484 107.828005313873,10.8271418809891,76.0899963378906 107.828016638756,10.8271420001984,76.0400009155273 107.828029155731,10.8271406888962,75.9300003051758 107.828041315079,10.8271397352219,75.8600006103516 107.82805454731,10.8271397352219,75.8300018310547 107.828068256378,10.8271386623383,75.8000030517578 107.828080892563,10.8271368741989,75.7900009155273 107.828092694283,10.8271368741989,75.7799987792969 107.828102827072,10.8271362781525,75.7699966430664 107.828114032745,10.8271355628967,75.75 107.828125,10.8271358013153,75.7099990844727 107.828137397766,10.8271362781525,75.6900024414062 107.828149318695,10.8271373510361,75.6800003051758 107.828160762787,10.8271394968033,75.6600036621094 107.828170776367,10.8271414041519,75.6500015258789 107.828181385994,10.8271422386169,75.5599975585938 107.828193306923,10.8271415233612,75.5100021362305 107.82820725441,10.8271415233612,75.4599990844727 107.828219890594,10.8271429538727,75.4300003051758 107.828230500221,10.8271445035934,75.370002746582 107.828239917755,10.8271456956863,75.3399963378906 107.828249335289,10.8271459341049,75.3199996948242 107.828260183334,10.8271461725235,75.2799987792969 107.828270673752,10.8271472454071,75.25 107.828279495239,10.8271490335464,75.2200012207031 107.828286886215,10.827149271965,75.1999969482422 107.828295350075,10.8271487951279,75.1900024414062 107.828306078911,10.8271498680115,75.0899963378906 107.828318476677,10.8271504640579,75.0 107.828329086304,10.8271501064301,74.9400024414062 107.828337907791,10.8271484375,74.9199981689453 107.828348755836,10.8271472454071,74.9000015258789 107.828358769417,10.8271472454071,74.8600006103516 107.828365445137,10.8271490335464,74.8499984741211 107.828373789787,10.8271505832672,74.8000030517578 107.828384757042,10.827152132988,74.7799987792969 107.828393340111,10.8271526098251,74.7200012207031 107.828403115273,10.827152967453,74.6699981689453 107.828412532806,10.827153801918,74.6399993896484 107.828420996666,10.827152967453,74.6600036621094 107.828431129456,10.827155828476,74.6600036621094 107.828441143036,10.8271543979645,74.6900024414062 107.828454494476,10.8271548748016,74.6500015258789 107.828465938568,10.827155828476,74.6500015258789 107.82847571373,10.8271570205688,74.6500015258789 107.828485012054,10.827157497406,74.620002746582 107.828495740891,10.8271563053131,74.5100021362305 107.828509449959,10.8271560668945,74.4599990844727 107.828520655632,10.8271578550339,74.4199981689453 107.828528881073,10.8271609544754,74.4100036621094 107.828536987305,10.827162861824,74.4000015258789 107.828547716141,10.8271641731262,74.379997253418 107.82855963707,10.8271640539169,74.3399963378906 107.828572392464,10.827164888382,74.3199996948242 107.828582644463,10.8271658420563,74.2699966430664 107.828592181206,10.8271663188934,74.2399978637695 107.828602552414,10.8271653652191,74.1999969482422 107.828613519669,10.8271625041962,74.1800003051758 107.828624844551,10.8271621465683,74.1699981689453 107.828634142876,10.827162861824,74.1399993896484 107.828641891479,10.8271629810333,74.1500015258789 107.828651666641,10.8271626234055,74.1100006103516 107.828662395477,10.8271617889404,74.0800018310547 107.828674674034,10.8271616697311,74.0699996948242 107.828688263893,10.8271631002426,74.0400009155273 107.828700065613,10.8271642923355,73.9899978637695 107.82870900631,10.8271647691727,73.9499969482422 107.828717827797,10.8271642923355,73.9300003051758 107.828727602959,10.8271627426147,73.9199981689453 107.828740358353,10.827161192894,73.9000015258789 107.828752756119,10.8271598815918,73.879997253418 107.828764557838,10.8271615505219,73.879997253418 107.828775286674,10.8271636962891,73.879997253418 107.828785538673,10.827164888382,73.870002746582 107.828796505928,10.8271645307541,73.8199996948242 107.828809142113,10.8271635770798,73.7900009155273 107.828822135925,10.8271633386612,73.7799987792969 107.828835129738,10.8271640539169,73.75 107.828847646713,10.827164888382,73.75 107.828856945038,10.827165722847,73.75 107.828865647316,10.8271658420563,73.6600036621094 107.828876614571,10.8271646499634,73.5999984741211 107.828888893127,10.8271626234055,73.5500030517578 107.828900098801,10.8271605968475,73.4800033569336 107.828912496567,10.8271609544754,73.4000015258789 107.828925013542,10.8271626234055,73.3499984741211 107.828936219215,10.8271641731262,73.3300018310547 107.828946232796,10.8271656036377,73.3099975585938 107.828957080841,10.8271671533585,73.2900009155273 107.828969717026,10.8271677494049,73.2799987792969 107.828985095024,10.8271688222885,73.2799987792969 107.828998923302,10.827171087265,73.3000030517578 107.82901096344,10.8271746635437,73.3099975585938 107.82902276516,10.827176451683,73.2799987792969 107.829033493996,10.8271770477295,73.2600021362305 107.829045414925,10.8271766901016,73.2900009155273 107.829056859016,10.8271752595901,73.1800003051758 107.829069018364,10.8271744251251,73.1100006103516 107.829081892967,10.8271741867065,73.0400009155273 107.829095125198,10.8271758556366,73.0199966430664 107.829107403755,10.8271775245667,73.0 107.829118251801,10.8271797895432,73.0299987792969 107.829128503799,10.8271812200546,73.0400009155273 107.829139232635,10.8271828889847,73.0899963378906 107.829149961472,10.827184677124,73.120002746582 107.829161047935,10.8271844387054,73.1399993896484 107.829171061516,10.8271824121475,73.1399993896484 107.829182505608,10.8271806240082,73.1500015258789 107.829195380211,10.827180147171,73.129997253418 107.829207062721,10.8271814584732,73.1100006103516 107.829217433929,10.8271826505661,73.0100021362305 107.829227805138,10.8271822929382,72.9599990844727 107.829237341881,10.8271820545197,72.9000015258789 107.829247951508,10.8271812200546,72.8499984741211 107.829259514809,10.8271787166595,72.7699966430664 107.8292709589,10.8271750211716,72.7200012207031 107.829283356667,10.8271728754044,72.6800003051758 107.829295158386,10.8271722793579,72.629997253418 107.829306364059,10.8271729946136,72.5899963378906 107.829315662384,10.8271738290787,72.5500030517578 107.829325795174,10.8271752595901,72.5199966430664 107.829334139824,10.8271766901016,72.5100021362305 107.82934486866,10.8271775245667,72.4400024414062 107.829357504845,10.8271776437759,72.3600006103516 107.829370737076,10.827179312706,72.3000030517578 107.82938182354,10.8271812200546,72.2699966430664 107.829391598701,10.8271826505661,72.25 107.829401493073,10.8271844387054,72.2300033569336 107.829412579536,10.8271842002869,72.2200012207031 107.829421281815,10.8271825313568,72.2200012207031 107.829429745674,10.8271827697754,72.2099990844727 107.829440712929,10.8271824121475,72.2099990844727 107.82945227623,10.8271827697754,72.2099990844727 107.829464673996,10.8271834850311,72.2099990844727 107.829477190971,10.8271850347519,72.1999969482422 107.829487204552,10.8271857500076,72.1999969482422 107.829496145248,10.8271850347519,72.1500015258789 107.829504847527,10.8271845579147,72.120002746582 107.829514980316,10.8271828889847,72.1100006103516 107.82952606678,10.8271806240082,72.0999984741211 107.829538226128,10.8271806240082,72.0999984741211 107.829550981522,10.827183842659,72.0699996948242 107.829560875893,10.8271863460541,72.0500030517578 107.82956969738,10.8271880149841,72.0 107.829579472542,10.8271894454956,71.9499969482422 107.829591274261,10.8271911144257,71.9300003051758 107.829603075981,10.8271919488907,71.9199981689453 107.829612731934,10.8271914720535,71.9000015258789 107.829621911049,10.8271899223328,71.9100036621094 107.829633116722,10.8271871805191,71.8899993896484 107.829645395279,10.8271834850311,71.8899993896484 107.829657435417,10.8271812200546,71.8899993896484 107.829667568207,10.8271780014038,71.8600006103516 107.829676270485,10.8271718025208,71.8099975585938 107.829683899879,10.8271641731262,71.75 107.829688668251,10.8271536827087,71.7099990844727 107.829692721367,10.8271425962448,71.6900024414062 107.82969558239,10.8271305561066,71.6699981689453 107.829695343971,10.8271185159683,71.5899963378906 107.829695463181,10.8271094560623,71.5400009155273 107.829694271088,10.8271027803421,71.5199966430664 107.829694151878,10.8270968198776,71.4700012207031 107.829698801041,10.8270928859711,71.4400024414062 107.829706192017,10.8270910978317,71.5100021362305 107.829717755318,10.8270860910416,71.4499969482422 107.829726099968,10.8270834684372,71.5100021362305 107.829731822014,10.8270839452744,71.6100006103516 107.82973074913,10.8270837068558,71.6500015258789 107.829732060432,10.8270848989487,71.6800003051758 107.829733848572,10.8270852565765,71.7200012207031 107.829684495926,10.8271721601486,72.3899993896484
</coordinates></LinearRing></outerBoundaryIs></Polygon>
</Placemark>
<Placemark>
<name>2026-01-16 Lo 5-5ha14 Tính khu</name>
<description><![CDATA[Polygon tạo từ track Garmin GPSMAP 67; diện tích xấp xỉ 5.1270 ha; độ hở ban đầu 11.4 m.]]></description>
<Polygon><outerBoundaryIs><LinearRing><coordinates>
107.828783988953,10.8229464292526,65.9899978637695 107.828784346581,10.8229471445084,65.9899978637695 107.828798174858,10.8229883909225,66.6800003051758 107.828799843788,10.8229949474335,67.6100006103516 107.828800678253,10.8230037689209,68.0999984741211 107.828801870346,10.8230119943619,68.370002746582 107.828802466393,10.82301902771,68.7099990844727 107.828803062439,10.8230258226395,68.9499969482422 107.828804969788,10.8230335712433,69.1399993896484 107.828805804253,10.8230427503586,69.2399978637695 107.828808069229,10.8230521678925,69.2900009155273 107.828809499741,10.8230619430542,69.3199996948242 107.828811049461,10.8230718374252,69.0500030517578 107.828812837601,10.8230811357498,68.7600021362305 107.828817009926,10.823089838028,68.5400009155273 107.828818798065,10.8230987787247,68.3899993896484 107.828818678856,10.8231081962585,68.3000030517578 107.828822612762,10.8231163024902,68.2200012207031 107.828826189041,10.8231248855591,68.1699981689453 107.828828930855,10.8231329917908,68.1699981689453 107.828832864761,10.823139667511,68.1699981689453 107.828836679459,10.8231471776962,68.1699981689453 107.828840017319,10.8231533765793,68.1699981689453 107.828840970993,10.823161482811,68.1699981689453 107.828841686249,10.8231694698334,68.1699981689453 107.828842401505,10.8231794834137,68.1699981689453 107.828843593597,10.8231884241104,68.1699981689453 107.828848958015,10.8231971263885,68.1699981689453 107.828853487968,10.8232064247131,68.1699981689453 107.828858733177,10.8232140541077,68.1699981689453 107.828864693642,10.8232182264328,68.1699981689453 107.82887160778,10.8232209682465,68.0699996948242 107.828879833221,10.8232239484787,68.0199966430664 107.828889727592,10.8232263326645,67.9899978637695 107.828898787498,10.8232296705246,67.9800033569336 107.82890868187,10.823232293129,68.5500030517578 107.828920602798,10.8232345581055,68.8399963378906 107.828931450844,10.8232371807098,69.0 107.828940749168,10.8232386112213,69.0699996948242 107.828951239586,10.823237657547,68.9899978637695 107.828963875771,10.8232367038727,68.870002746582 107.828974723816,10.8232357501984,68.7900009155273 107.828987121582,10.8232352733612,68.6800003051758 107.828997373581,10.8232375383377,68.5999984741211 107.829006314278,10.8232386112213,68.5500030517578 107.829017043114,10.8232363462448,68.5 107.829029560089,10.8232340812683,68.4300003051758 107.82904291153,10.8232342004776,68.379997253418 107.829057097435,10.8232340812683,68.2699966430664 107.829070329666,10.8232319355011,68.1699981689453 107.829082727432,10.8232301473618,68.0299987792969 107.829093694687,10.8232320547104,67.879997253418 107.829103469849,10.8232337236404,67.7799987792969 107.829113006592,10.8232334852219,67.7300033569336 107.829123616219,10.8232313394547,67.5699996948242 107.829135537148,10.8232272863388,67.4800033569336 107.829148054123,10.8232251405716,67.4400024414062 107.829161286354,10.8232231140137,67.3899993896484 107.829174160957,10.8232198953629,67.3300018310547 107.829188346863,10.8232145309448,67.2900009155273 107.82920384407,10.8232114315033,67.2600021362305 107.829217910767,10.8232132196426,67.2399978637695 107.82922744751,10.8232145309448,67.2300033569336 107.829236030579,10.823214173317,67.2200012207031 107.829247117043,10.8232125043869,67.2099990844727 107.829259991646,10.8232117891312,67.1699981689453 107.829274058342,10.8232115507126,67.129997253418 107.829286336899,10.8232101202011,67.120002746582 107.829298257828,10.8232086896896,67.0999984741211 107.82931137085,10.8232077360153,67.0599975585938 107.829323649406,10.8232074975967,67.0500030517578 107.82933306694,10.8232078552246,66.9700012207031 107.82934319973,10.823206782341,66.9300003051758 107.829355359077,10.8232052326202,66.9100036621094 107.829368591309,10.8232057094574,66.9100036621094 107.829380512238,10.8232053518295,66.9100036621094 107.829392910004,10.823203086853,66.8899993896484 107.829407334328,10.8232017755508,66.870002746582 107.829421162605,10.8232028484344,66.8600006103516 107.829431414604,10.823205947876,66.8499984741211 107.829438567162,10.8232091665268,66.8399963378906 107.829447507858,10.8232091665268,66.8199996948242 107.829459428787,10.8232103586197,66.8199996948242 107.82947075367,10.8232122659683,66.7900009155273 107.829480528831,10.823212146759,66.7799987792969 107.829491257668,10.8232077360153,66.7699966430664 107.829503417015,10.823207616806,66.7699966430664 107.829511880875,10.8232101202011,66.7699966430664 107.829522609711,10.8232103586197,66.7399978637695 107.82953441143,10.8232086896896,66.7200012207031 107.829545259476,10.8232035636902,66.629997253418 107.829552054405,10.823194026947,66.5899963378906 107.829553604126,10.823183298111,66.5 107.829554080963,10.823169708252,66.4599990844727 107.82955622673,10.8231554031372,66.3300018310547 107.829557657242,10.8231443166733,66.25 107.829558968544,10.8231362104416,66.1999969482422 107.829559326172,10.8231289386749,66.1500015258789 107.829559206963,10.8231183290482,66.0699996948242 107.829558491707,10.8231067657471,66.0 107.829559326172,10.8230946063995,65.9499969482422 107.829560160637,10.8230831623077,65.9199981689453 107.829560518265,10.8230718374252,65.8300018310547 107.829562664032,10.8230608701706,65.7799987792969 107.829566597939,10.8230518102646,65.6699981689453 107.829569935799,10.8230444192886,65.5899963378906 107.82956969738,10.823034286499,65.5100021362305 107.829568982124,10.82302069664,65.4599990844727 107.829568982124,10.8230073451996,65.4400024414062 107.829570412636,10.8229945898056,65.379997253418 107.829568386078,10.8229818344116,65.3099975585938 107.829563736916,10.8229682445526,65.2699966430664 107.829562783241,10.8229538202286,65.25 107.829564452171,10.8229424953461,65.2399978637695 107.829566597939,10.8229340314865,65.2099990844727 107.829566955566,10.8229259252548,65.1900024414062 107.82956469059,10.8229169845581,65.1399993896484 107.82956302166,10.8229060173035,65.1399993896484 107.829563260078,10.8228942155838,65.120002746582 107.829563736916,10.8228812217712,65.0999984741211 107.829563140869,10.8228687047958,65.0800018310547 107.829562544823,10.822856426239,65.0699996948242 107.829561591148,10.8228434324265,65.0699996948242 107.829562425613,10.8228298425674,65.0599975585938 107.829564213753,10.8228191137314,65.0500030517578 107.829564929008,10.8228101730347,65.0199966430664 107.829563498497,10.8228011131287,65.0 107.82956135273,10.8227900266647,64.9899978637695 107.82956302166,10.8227821588516,64.9800033569336 107.829571485519,10.8227772712708,64.9800033569336 107.829583764076,10.8227717876434,64.9499969482422 107.829601764679,10.822767496109,64.9300003051758 107.829623103142,10.8227641582489,64.9899978637695 107.829644680023,10.8227611780167,65.0299987792969 107.829658985138,10.8227591514587,65.0400009155273 107.829669237137,10.8227553367615,64.9700012207031 107.829681515694,10.8227500915527,64.870002746582 107.829694151878,10.8227469921112,64.8199996948242 107.829703330994,10.8227421045303,64.7900009155273 107.8297123909,10.8227355480194,64.7799987792969 107.829721927643,10.8227308988571,64.7699966430664 107.829729437828,10.8227289915085,64.7600021362305 107.829742431641,10.822728395462,64.7600021362305 107.829756855965,10.8227277994156,64.7099990844727 107.829773187637,10.8227260112762,64.6600036621094 107.829787731171,10.8227250576019,64.5999984741211 107.829800128937,10.8227239847183,64.5599975585938 107.829813241959,10.8227227926254,64.5400009155273 107.829827308655,10.822721362114,64.5199966430664 107.829838752747,10.8227187395096,64.5199966430664 107.829849362373,10.8227177858353,64.5199966430664 107.829858422279,10.8227195739746,64.5400009155273 107.829866290092,10.8227211236954,64.5500030517578 107.829877614975,10.8227194547653,64.5599975585938 107.829888939857,10.8227161169052,64.5599975585938 107.829901337624,10.8227146863937,64.5899963378906 107.829914927483,10.8227128982544,64.5800018310547 107.829928398132,10.8227119445801,64.5500030517578 107.829943060875,10.8227108716965,64.5 107.829955816269,10.8227078914642,64.4899978637695 107.829965949059,10.8227051496506,64.4599990844727 107.829975485802,10.8227037191391,64.3899993896484 107.829984664917,10.8227043151855,64.3099975585938 107.829994916916,10.8227078914642,64.25 107.830005049706,10.8227125406265,64.1399993896484 107.830014228821,10.8227144479752,64.0899963378906 107.830023050308,10.8227127790451,64.0400009155273 107.830032944679,10.8227112293243,64.0199966430664 107.830040335655,10.8227112293243,63.9099998474121 107.830047011375,10.82271027565,63.8199996948242 107.830051422119,10.8227068185806,63.75 107.830058217049,10.8227052688599,63.7099990844727 107.830064415932,10.8227066993713,63.6699981689453 107.83007478714,10.8227114677429,63.6199989318848 107.830084681511,10.8227114677429,63.5900001525879 107.83009159565,10.8227101564407,63.5800018310547 107.830099225044,10.8227107524872,63.5699996948242 107.83010828495,10.8227112293243,63.5699996948242 107.830114126205,10.8227113485336,63.5699996948242 107.830124258995,10.8227081298828,63.5999984741211 107.830136418343,10.8227055072784,63.6199989318848 107.830143809319,10.8227052688599,63.6300010681152 107.830151319504,10.8227010965347,63.5999984741211 107.830159902573,10.8226990699768,63.4900016784668 107.830165863037,10.8226984739304,63.4199981689453 107.830170631409,10.822697520256,63.3300018310547 107.830176711082,10.822695851326,63.2900009155273 107.830184817314,10.822695016861,63.310001373291 107.830191850662,10.8226943016052,63.2799987792969 107.83020222187,10.8226959705353,63.2700004577637 107.830211043358,10.8226984739304,63.2599983215332 107.830218434334,10.8227010965347,63.2200012207031 107.83022916317,10.8226988315582,63.2000007629395 107.830237388611,10.8226997852325,63.189998626709 107.830250024796,10.8226985931396,63.1800003051758 107.830258607864,10.8227006196976,63.1800003051758 107.830265879631,10.822702050209,63.1699981689453 107.830274105072,10.8227034807205,63.0999984741211 107.830283641815,10.8227021694183,63.1399993896484 107.830290913582,10.822702050209,63.1500015258789 107.830300331116,10.8226981163025,63.1199989318848 107.830311536789,10.8226963281631,63.0699996948242 107.830322861671,10.8226947784424,63.0499992370605 107.830332636833,10.8226951360703,63.0499992370605 107.83034157753,10.8226968050003,63.0400009155273 107.830352425575,10.8226971626282,63.0400009155273 107.830361604691,10.8226951360703,63.0400009155273 107.830369710922,10.822696685791,63.0400009155273 107.830374240875,10.8226989507675,63.0400009155273 107.830386042595,10.8226959705353,63.0400009155273 107.830394864082,10.8226972818375,63.060001373291 107.830403804779,10.8226968050003,63.0699996948242 107.830412387848,10.8227002620697,63.0699996948242 107.830421566963,10.8227030038834,63.0299987792969 107.83043050766,10.8227021694183,63.0 107.830440878868,10.8227005004883,62.9700012207031 107.830451607704,10.8227000236511,62.9500007629395 107.83046233654,10.8227008581161,62.939998626709 107.83047413826,10.8227006196976,62.9300003051758 107.830485105515,10.8227007389069,62.9199981689453 107.830496430397,10.822699546814,62.9199981689453 107.830507159233,10.8226977586746,62.9099998474121 107.830516695976,10.8226948976517,62.9199981689453 107.830524921417,10.8226946592331,62.9300003051758 107.830533385277,10.8226963281631,62.9199981689453 107.830543756485,10.8226990699768,62.9300003051758 107.830555796623,10.8227021694183,62.9300003051758 107.830567359924,10.8227061033249,62.939998626709 107.83057975769,10.8227077722549,62.939998626709 107.830592155457,10.8227070569992,62.939998626709 107.830604195595,10.8227072954178,62.9300003051758 107.830611467361,10.8227075338364,62.9300003051758 107.830622911453,10.8227089643478,62.8800010681152 107.830635786057,10.8227066993713,62.7999992370605 107.830648303032,10.8227033615112,62.7400016784668 107.830659866333,10.8226971626282,62.7099990844727 107.830670952797,10.8226959705353,62.6800003051758 107.830679416656,10.8226974010468,62.6500015258789 107.830689787865,10.8226974010468,62.5999984741211 107.830702543259,10.8226970434189,62.5900001525879 107.830714583397,10.8226972818375,62.5699996948242 107.830726981163,10.8226971626282,62.560001373291 107.830741286278,10.8226937055588,62.5299987792969 107.830754637718,10.8226927518845,62.5200004577637 107.830762147903,10.8226943016052,62.5099983215332 107.830772399902,10.8226948976517,62.5 107.830782413483,10.8226934671402,62.4900016784668 107.830793976784,10.8226923942566,62.4900016784668 107.830801725388,10.822691321373,62.5299987792969 107.830810308456,10.8226897716522,62.5499992370605 107.830817222595,10.8226919174194,62.5099983215332 107.830822944641,10.8226896524429,62.4799995422363 107.83082985878,10.8226892948151,62.4700012207031 107.830837368965,10.8226896524429,62.4599990844727 107.830844521523,10.8226883411407,62.4500007629395 107.83085501194,10.8226854801178,62.4500007629395 107.830866336823,10.8226844072342,62.4500007629395 107.83087348938,10.8226838111877,62.4500007629395 107.830887675285,10.8226823806763,62.439998626709 107.830897927284,10.8226816654205,62.4199981689453 107.830907702446,10.8226816654205,62.4000015258789 107.830917596817,10.8226791620255,62.4000015258789 107.830925822258,10.822678565979,62.4099998474121 107.830933690071,10.822678565979,62.3600006103516 107.830945014954,10.8226773738861,62.3300018310547 107.830954432487,10.8226790428162,62.310001373291 107.830965399742,10.8226810693741,62.310001373291 107.830973744392,10.8226827383041,62.310001373291 107.830984115601,10.8226810693741,62.310001373291 107.830995440483,10.8226807117462,62.2799987792969 107.831006288528,10.8226804733276,62.2599983215332 107.831017971039,10.8226819038391,62.25 107.831026554108,10.8226847648621,62.25 107.831035852432,10.8226864337921,62.2400016784668 107.831046700478,10.8226847648621,62.2400016784668 107.831060051918,10.8226815462112,62.2400016784668 107.831074953079,10.8226790428162,62.2400016784668 107.83108651638,10.822677731514,62.2099990844727 107.831097960472,10.8226758241653,62.1699981689453 107.831112504005,10.8226765394211,62.1500015258789 107.831128120422,10.822677731514,62.1199989318848 107.831142902374,10.8226783275604,62.0999984741211 107.831154346466,10.8226772546768,62.0900001525879 107.831163048744,10.8226767778397,62.0800018310547 107.831172466278,10.8226752281189,62.0499992370605 107.831182003021,10.8226721286774,62.0400009155273 107.831192135811,10.8226720094681,62.0299987792969 107.8312022686,10.8226741552353,62.0299987792969 107.831212520599,10.8226766586304,62.0099983215332 107.831223130226,10.8226773738861,61.9700012207031 107.831233024597,10.8226776123047,61.9300003051758 107.831240653992,10.8226773738861,61.8899993896484 107.831250548363,10.8226760625839,61.8400001525879 107.831255555153,10.8226765394211,61.7999992370605 107.831264138222,10.8226776123047,61.7799987792969 107.83126950264,10.8226796388626,61.7700004577637 107.831275463104,10.8226792812347,61.7599983215332 107.831279754639,10.8226819038391,61.75 107.831284761429,10.8226835727692,61.7799987792969 107.831291079521,10.8226861953735,61.7900009155273 107.831298828125,10.8226838111877,61.7999992370605 107.831305503845,10.8226802349091,61.7299995422363 107.831313371658,10.8226789236069,61.689998626709 107.831320047379,10.8226808309555,61.6599998474121 107.831328511238,10.8226819038391,61.6500015258789 107.831334590912,10.822683095932,61.6399993896484 107.831341147423,10.8226819038391,61.6399993896484 107.831346154213,10.8226858377457,61.6399993896484 107.831352591515,10.8226878643036,61.6300010681152 107.831363797188,10.8226919174194,61.6300010681152 107.831374645233,10.8226946592331,61.6300010681152 107.831384897232,10.8226937055588,61.5800018310547 107.831393718719,10.8226889371872,61.5400009155273 107.831400513649,10.8226838111877,61.4799995422363 107.831403613091,10.8226745128632,61.4700012207031 107.831406235695,10.822665810585,61.4799995422363 107.831413149834,10.8226561546326,61.4700012207031 107.831421136856,10.8226472139359,61.4599990844727 107.831426978111,10.8226387500763,61.3899993896484 107.831430077553,10.8226284980774,61.3499984741211 107.831435084343,10.8226186037064,61.3300018310547 107.831441283226,10.8226107358932,61.3300018310547 107.831445932388,10.8226059675217,61.310001373291 107.831449389458,10.8226009607315,61.2900009155273 107.831453561783,10.8225989341736,61.2599983215332 107.831456542015,10.8225944042206,61.25 107.831464290619,10.8225892782211,61.2200012207031 107.831471085548,10.8225823640823,61.1800003051758 107.831478238106,10.8225761651993,61.1399993896484 107.831482887268,10.8225696086884,61.060001373291 107.831485748291,10.8225619792938,61.0299987792969 107.831490755081,10.8225558996201,60.9799995422363 107.831494808197,10.8225507736206,60.9900016784668 107.831497907639,10.8225425481796,60.9799995422363 107.83150100708,10.8225362300873,60.9799995422363 107.831505894661,10.8225300312042,61.0 107.831515431404,10.8225224018097,61.0200004577637 107.831518054008,10.8225167989731,61.0200004577637 107.831523656845,10.8225088119507,61.0200004577637 107.831531643867,10.822497844696,61.0 107.831536769867,10.8224875926971,60.9799995422363 107.831545591354,10.8224763870239,60.9500007629395 107.831553459167,10.8224679231644,60.9000015258789 107.831560015678,10.8224595785141,60.8499984741211 107.831566333771,10.8224518299103,60.75 107.831569314003,10.8224452733994,60.6500015258789 107.831571578979,10.8224383592606,60.5699996948242 107.831572175026,10.8224302530289,60.5299987792969 107.831572294235,10.8224246501923,60.5099983215332 107.831573009491,10.8224174976349,60.4900016784668 107.831574440002,10.8224092721939,60.4599990844727 107.831577539444,10.8224009275436,60.4199981689453 107.831582307816,10.8223959207535,60.4099998474121 107.831585645676,10.8223901987076,60.3800010681152 107.831586241722,10.822380900383,60.3600006103516 107.831585168839,10.8223693370819,60.3199996948242 107.831584811211,10.822359085083,60.2900009155273 107.831587076187,10.8223487138748,60.2599983215332 107.831592440605,10.8223377466202,60.189998626709 107.831597447395,10.8223285675049,60.1199989318848 107.831599831581,10.8223186731339,60.0699996948242 107.831602334976,10.8223086595535,60.0299987792969 107.831604838371,10.8222979307175,59.9799995422363 107.831604480743,10.8222877979279,59.9500007629395 107.83160340786,10.8222810029984,59.939998626709 107.831604003906,10.8222762346268,59.9199981689453 107.831606864929,10.8222681283951,59.8899993896484 107.831607580185,10.8222597837448,59.8600006103516 107.831608295441,10.8222492933273,59.810001373291 107.831610321999,10.8222396373749,59.7700004577637 107.831613183022,10.8222303390503,59.7200012207031 107.831614494324,10.8222191333771,59.689998626709 107.831613063812,10.8222086429596,59.6599998474121 107.831613898277,10.822197675705,59.6399993896484 107.831616997719,10.8221871852875,59.6100006103516 107.831621050835,10.8221793174744,59.5800018310547 107.831621527672,10.8221706151962,59.560001373291 107.831617951393,10.8221595287323,59.4799995422363 107.831614375114,10.8221498727798,59.439998626709 107.831612944603,10.8221422433853,59.4099998474121 107.831615567207,10.8221333026886,59.3800010681152 107.831616997719,10.8221236467361,59.3800010681152 107.83161854744,10.8221131563187,59.3800010681152 107.831620693207,10.8221054077148,59.3800010681152 107.83162176609,10.8221007585526,59.3300018310547 107.831620693207,10.8220938444138,59.2999992370605 107.831621527672,10.8220875263214,59.2799987792969 107.8316218853,10.8220794200897,59.2700004577637 107.831622719765,10.8220700025558,59.2400016784668 107.831623792648,10.822062253952,59.1800003051758 107.831625819206,10.8220562934876,59.1500015258789 107.831626772881,10.8220458030701,59.1300010681152 107.831628322601,10.822037935257,59.1199989318848 107.831632614136,10.8220291137695,59.1100006103516 107.831632494926,10.8220220804214,59.1100006103516 107.831634283066,10.822017788887,59.0999984741211 107.831634163857,10.822011590004,59.0999984741211 107.831632852554,10.8220028877258,59.0900001525879 107.831629753113,10.8219931125641,59.0800018310547 107.831631541252,10.8219841718674,59.0499992370605 107.831639051437,10.8219703435898,59.0400009155273 107.831647515297,10.821958899498,59.0200004577637 107.83165538311,10.8219492435455,58.9199981689453 107.831664204597,10.8219393491745,58.8699989318848 107.831671953201,10.821929693222,58.8300018310547 107.83167386055,10.8219209909439,58.7900009155273 107.831673264503,10.8219110965729,58.7099990844727 107.831672072411,10.8218992948532,58.6800003051758 107.831670641899,10.8218873739243,58.6500015258789 107.831670165062,10.8218778371811,58.6399993896484 107.831669092178,10.8218680620193,58.6100006103516 107.831665873528,10.8218593597412,58.5999984741211 107.831660985947,10.8218508958817,58.560001373291 107.831657767296,10.8218443393707,58.5 107.83165371418,10.8218327760696,58.4500007629395 107.831647992134,10.8218252658844,58.4199981689453 107.831642746925,10.8218221664429,58.4099998474121 107.831634879112,10.8218202590942,58.4000015258789 107.83162856102,10.8218173980713,58.4000015258789 107.831617832184,10.8218142986298,58.4000015258789 107.831604957581,10.821809887886,58.4300003051758 107.831597566605,10.8218050003052,58.439998626709 107.831596851349,10.8218015432358,58.4500007629395 107.831591010094,10.8217980861664,58.4599990844727 107.831584572792,10.8217960596085,58.439998626709 107.831575393677,10.8217945098877,58.439998626709 107.831568837166,10.8217899799347,58.439998626709 107.83156812191,10.821781873703,58.439998626709 107.831562876701,10.8217754364014,58.439998626709 107.831555843353,10.8217685222626,58.4300003051758 107.831549167633,10.8217598199844,58.4300003051758 107.831540226936,10.8217526674271,58.4000015258789 107.831531643867,10.8217475414276,58.3199996948242 107.831524133682,10.8217405080795,58.2700004577637 107.831514835358,10.8217339515686,58.2599983215332 107.831504940987,10.821729183197,58.25 107.831494212151,10.8217272758484,58.2400016784668 107.831483244896,10.8217276334763,58.2400016784668 107.831471920013,10.821728348732,58.2400016784668 107.83146250248,10.8217282295227,58.2299995422363 107.831453084946,10.8217301368713,58.1800003051758 107.831444501877,10.821732878685,58.1500015258789 107.831435084343,10.8217352628708,58.1300010681152 107.831427335739,10.8217340707779,58.1300010681152 107.831422328949,10.8217319250107,58.1399993896484 107.83141207695,10.8217333555222,58.1500015258789 107.831402301788,10.8217346668243,58.1599998474121 107.831392645836,10.8217334747314,58.1699981689453 107.83138525486,10.8217321634293,58.1699981689453 107.831374526024,10.8217350244522,58.1699981689453 107.83136510849,10.8217364549637,58.1699981689453 107.831357002258,10.8217357397079,58.1699981689453 107.831347465515,10.8217359781265,58.1699981689453 107.831333875656,10.8217369318008,58.1699981689453 107.831320881844,10.821736574173,58.1699981689453 107.831308722496,10.8217358589172,58.1699981689453 107.831297397614,10.82173371315,58.189998626709 107.831284999847,10.8217315673828,58.2000007629395 107.831274271011,10.8217308521271,58.2299995422363 107.831264615059,10.8217288255692,58.2400016784668 107.831256985664,10.8217278718948,58.25 107.831245183945,10.8217289447784,58.25 107.831235289574,10.8217297792435,58.2599983215332 107.831226229668,10.8217298984528,58.2599983215332 107.83121752739,10.8217295408249,58.2700004577637 107.831208944321,10.8217282295227,58.2799987792969 107.831202864647,10.821727514267,58.2799987792969 107.831193685532,10.8217270374298,58.2900009155273 107.831184744835,10.8217259645462,58.310001373291 107.831173658371,10.8217250108719,58.3300018310547 107.831166625023,10.8217239379883,58.3600006103516 107.831160545349,10.8217239379883,58.3800010681152 107.831150054932,10.8217276334763,58.3899993896484 107.831141233444,10.8217306137085,58.4000015258789 107.831130862236,10.8217324018478,58.4000015258789 107.831119060516,10.8217325210571,58.4099998474121 107.83110666275,10.8217313289642,58.4000015258789 107.831099510193,10.8217307329178,58.4099998474121 107.831092119217,10.8217325210571,58.439998626709 107.831085443497,10.8217356204987,58.4500007629395 107.831078290939,10.8217400312424,58.4799995422363 107.831071019173,10.821741104126,58.5 107.83106648922,10.8217442035675,58.5400009155273 107.831061720848,10.8217442035675,58.5499992370605 107.831054210663,10.8217444419861,58.5699996948242 107.831054449081,10.8217451572418,58.5800018310547 107.831052660942,10.8217443227768,58.5999984741211 107.831047296524,10.8217455148697,58.6399993896484 107.831039190292,10.8217451572418,58.6699981689453 107.831028103828,10.821744799614,58.689998626709 107.831020474434,10.8217442035675,58.7099990844727 107.831012845039,10.8217442035675,58.7099990844727 107.831003785133,10.8217446804047,58.75 107.830997943878,10.8217428922653,58.7700004577637 107.830989122391,10.8217426538467,58.7999992370605 107.830982327461,10.8217418193817,58.810001373291 107.830973625183,10.8217406272888,58.8300018310547 107.8309674263,10.8217407464981,58.9000015258789 107.83095729351,10.8217420578003,58.939998626709 107.830945730209,10.8217402696609,58.9599990844727 107.830934882164,10.8217370510101,58.9599990844727 107.830925345421,10.8217339515686,58.9700012207031 107.830914378166,10.8217332363129,58.9700012207031 107.830902099609,10.8217347860336,58.9500007629395 107.830891251564,10.8217359781265,58.939998626709 107.830882072449,10.8217355012894,58.939998626709 107.830871701241,10.8217345476151,58.9300003051758 107.830860614777,10.8217351436615,58.9199981689453 107.830848455429,10.8217357397079,58.9199981689453 107.830835103989,10.8217356204987,58.9099998474121 107.830822229385,10.8217346668243,58.9099998474121 107.830812096596,10.8217325210571,58.8699989318848 107.830803513527,10.8217314481735,58.8600006103516 107.8307929039,10.8217313289642,58.8499984741211 107.830781698227,10.8217301368713,58.8699989318848 107.830771446228,10.8217308521271,58.8800010681152 107.830761790276,10.8217329978943,58.9000015258789 107.830753207207,10.8217339515686,58.9599990844727 107.830745100975,10.82173204422,58.9900016784668 107.830736398697,10.8217312097549,59.0299987792969 107.830727934837,10.8217312097549,59.0800018310547 107.830718040466,10.8217322826385,59.0900001525879 107.830706596375,10.8217324018478,59.1100006103516 107.830695748329,10.8217324018478,59.1300010681152 107.830683946609,10.8217332363129,59.2200012207031 107.830671787262,10.8217329978943,59.2599983215332 107.83066534996,10.8217303752899,59.310001373291 107.830656528473,10.8217287063599,59.3400001525879 107.830647587776,10.8217303752899,59.3699989318848 107.830635070801,10.8217312097549,59.3800010681152 107.83062171936,10.8217313289642,59.3800010681152 107.830609798431,10.8217296600342,59.3899993896484 107.830598115921,10.8217288255692,59.3899993896484 107.830587267876,10.821729183197,59.3899993896484 107.830575823784,10.8217316865921,59.4099998474121 107.830565929413,10.8217340707779,59.4199981689453 107.830557107925,10.8217332363129,59.4700012207031 107.830547809601,10.8217324018478,59.5099983215332 107.83053791523,10.8217340707779,59.5400009155273 107.830527663231,10.8217350244522,59.5699996948242 107.830516576767,10.8217360973358,59.5900001525879 107.830505132675,10.8217353820801,59.5999984741211 107.830493092537,10.8217329978943,59.5999984741211 107.830481648445,10.8217298984528,59.5999984741211 107.830471873283,10.8217282295227,59.6399993896484 107.830463528633,10.8217293024063,59.6599998474121 107.830452442169,10.8217312097549,59.6699981689453 107.830440998077,10.821728348732,59.6800003051758 107.830432653427,10.8217210769653,59.7200012207031 107.830426692963,10.8217138051987,59.7799987792969 107.830423593521,10.8217067718506,59.7999992370605 107.830421686172,10.8216979503632,59.8199996948242 107.830421566963,10.8216882944107,59.8300018310547 107.830424189568,10.8216789960861,59.8400001525879 107.830425262451,10.8216696977615,59.8499984741211 107.83042383194,10.8216569423676,59.8499984741211 107.830422878265,10.8216434717178,59.9000015258789 107.830423116684,10.8216316699982,59.9199981689453 107.83042383194,10.8216230869293,59.9300003051758 107.830423593521,10.8216150999069,59.9000015258789 107.830421328545,10.8216068744659,59.8600006103516 107.830419659615,10.8215956687927,59.8499984741211 107.83041882515,10.8215870857239,59.8400001525879 107.830417394638,10.8215757608414,59.8400001525879 107.830419421196,10.8215655088425,59.8300018310547 107.830421328545,10.8215547800064,59.8400001525879 107.830425620079,10.8215448856354,59.8400001525879 107.830430388451,10.8215320110321,59.8400001525879 107.830433368683,10.8215208053589,59.8300018310547 107.83043551445,10.8215095996857,59.810001373291 107.830438137054,10.8214992284775,59.7599983215332 107.830439448357,10.8214893341064,59.7200012207031 107.830440282822,10.8214790821075,59.689998626709 107.830440282822,10.8214693069458,59.6800003051758 107.830438494682,10.8214596509933,59.6399993896484 107.830431342125,10.8214499950409,59.5900001525879 107.830424189568,10.8214381933212,59.560001373291 107.830420255661,10.8214246034622,59.5099983215332 107.830419421196,10.8214122056961,59.3800010681152 107.830416679382,10.8214012384415,59.3199996948242 107.83041369915,10.8213875293732,59.25 107.830414891243,10.8213732242584,59.2299995422363 107.830417156219,10.8213620185852,59.2099990844727 107.830417990685,10.8213531970978,59.2000007629395 107.830414175987,10.8213433027267,59.2000007629395 107.830411434174,10.8213325738907,59.189998626709 107.830408453941,10.8213226795197,59.1800003051758 107.830406427383,10.8213124275208,59.1500015258789 107.830403327942,10.8213001489639,59.1300010681152 107.830402135849,10.8212894201279,59.0999984741211 107.830395936966,10.8212821483612,59.0900001525879 107.830389142036,10.8212766647339,59.0900001525879 107.830382943153,10.8212696313858,59.0900001525879 107.830380439758,10.8212603330612,59.0999984741211 107.830378890038,10.8212525844574,59.0999984741211 107.830374836922,10.8212449550629,59.0999984741211 107.830371618271,10.8212388753891,59.2099990844727 107.830369353294,10.8212314844131,59.2799987792969 107.830366611481,10.8212262392044,59.3300018310547 107.830367684364,10.821222782135,59.3800010681152 107.830367326736,10.8212169408798,59.4700012207031 107.830365777016,10.8212102651596,59.5200004577637 107.830365300179,10.8212064504623,59.6399993896484 107.830361962318,10.821205496788,59.689998626709 107.830357193947,10.8212043046951,59.7200012207031 107.830348491669,10.821208357811,59.8199996948242 107.830341696739,10.8212106227875,59.8699989318848 107.83033490181,10.821210026741,59.9300003051758 107.830328464508,10.8212110996246,59.9500007629395 107.830320239067,10.8212097883224,60.0 107.830313801765,10.8212085962296,60.0200004577637 107.830304741859,10.8212085962296,60.0099983215332 107.83029794693,10.8212066888809,60.0 107.83028948307,10.8212069272995,60.0099983215332 107.830282568932,10.8212062120438,60.0099983215332 107.830271244049,10.8212076425552,60.0299987792969 107.830261230469,10.8212072849274,60.0200004577637 107.830252528191,10.8212065696716,60.0299987792969 107.83024597168,10.8212069272995,60.0299987792969 107.830237030983,10.821204662323,60.0299987792969 107.830227255821,10.8212023973465,60.0499992370605 107.830217838287,10.8211983442307,60.060001373291 107.830208063126,10.8211966753006,60.0699996948242 107.830201745033,10.8211946487427,60.0800018310547 107.830193996429,10.8211916685104,60.1300010681152 107.830185651779,10.8211915493011,60.189998626709 107.830176234245,10.821191072464,60.2200012207031 107.830165982246,10.8211908340454,60.25 107.830154657364,10.8211911916733,60.3400001525879 107.830146670341,10.8211889266968,60.3800010681152 107.830137372017,10.8211884498596,60.4099998474121 107.830126047134,10.8211895227432,60.4300003051758 107.830116391182,10.8211905956268,60.439998626709 107.830108165741,10.821192741394,60.4599990844727 107.83009827137,10.8211951255798,60.4700012207031 107.830087304115,10.8211982250214,60.4599990844727 107.830080509186,10.8212007284164,60.4700012207031 107.830075144768,10.8212075233459,60.4799995422363 107.83006811142,10.8212141990662,60.4799995422363 107.830061197281,10.8212194442749,60.5 107.83005297184,10.821225643158,60.5200004577637 107.830042243004,10.8212314844131,60.5400009155273 107.830031871796,10.8212324380875,60.5499992370605 107.830021977425,10.8212311267853,60.5800018310547 107.830013036728,10.8212306499481,60.5699996948242 107.830002188683,10.8212298154831,60.5699996948242 107.829989314079,10.8212311267853,60.560001373291 107.82997739315,10.8212324380875,60.5200004577637 107.829967617989,10.8212327957153,60.5 107.82996070385,10.8212336301804,60.4900016784668 107.829954385757,10.8212360143661,60.4900016784668 107.829944133759,10.8212388753891,60.4799995422363 107.829936027527,10.8212403059006,60.4900016784668 107.829928874969,10.8212403059006,60.5900001525879 107.829921603203,10.8212406635284,60.6500015258789 107.829910993576,10.8212404251099,60.689998626709 107.829899787903,10.8212403059006,60.7200012207031 107.829888224602,10.8212397098541,60.7299995422363 107.829874992371,10.8212426900864,60.7099990844727 107.829863190651,10.8212462663651,60.6699981689453 107.829851269722,10.8212484121323,60.6599998474121 107.829843401909,10.8212515115738,60.6500015258789 107.82983648777,10.8212541341782,60.6500015258789 107.829827070236,10.8212561607361,60.6399993896484 107.829815745354,10.8212578296661,60.6500015258789 107.829803824425,10.8212599754333,60.6599998474121 107.829793453217,10.8212614059448,60.6699981689453 107.829782128334,10.8212643861771,60.6800003051758 107.829768776894,10.8212682008743,60.6800003051758 107.829755187035,10.8212697505951,60.6800003051758 107.829744815826,10.821270942688,60.7099990844727 107.829737663269,10.8212715387344,60.7000007629395 107.829729199409,10.8212720155716,60.7200012207031 107.82971906662,10.8212736845016,60.7299995422363 107.829710006714,10.8212751150131,60.75 107.829700708389,10.8212776184082,60.7700004577637 107.829691767693,10.8212815523148,60.7799987792969 107.829684257507,10.8212831020355,60.7799987792969 107.82967376709,10.8212851285934,60.7799987792969 107.829662680626,10.8212869167328,60.8199996948242 107.829651355743,10.8212879896164,60.8400001525879 107.829638838768,10.8212890625,60.8499984741211 107.829627633095,10.8212916851044,60.8600006103516 107.829616189003,10.8212951421738,60.8499984741211 107.829604387283,10.8213002681732,60.8499984741211 107.829592466354,10.8213049173355,60.8499984741211 107.82958316803,10.821307182312,60.8300018310547 107.829575061798,10.8213088512421,60.8300018310547 107.829565882683,10.8213123083115,60.7900009155273 107.829555869102,10.821317076683,60.7799987792969 107.829545974731,10.8213230371475,60.7900009155273 107.829535961151,10.8213273286819,60.8199996948242 107.829524517059,10.8213305473328,60.8400001525879 107.829512834549,10.8213319778442,60.8499984741211 107.829502463341,10.8213311433792,60.8800010681152 107.829494357109,10.8213294744492,60.9000015258789 107.829485416412,10.8213297128677,60.9099998474121 107.829474687576,10.8213288784027,60.9000015258789 107.829464793205,10.8213258981705,60.8699989318848 107.829454779625,10.8213242292404,60.8600006103516 107.829443573952,10.8213269710541,60.8600006103516 107.829432845116,10.8213294744492,60.8699989318848 107.829422354698,10.8213278055191,60.8800010681152 107.829414486885,10.821328163147,60.8899993896484 107.829403877258,10.8213297128677,60.8899993896484 107.829392194748,10.8213303089142,60.8899993896484 107.82938182354,10.8213299512863,60.9099998474121 107.829372286797,10.8213311433792,60.9199981689453 107.829359531403,10.8213350772858,60.9300003051758 107.829346656799,10.8213378190994,60.9300003051758 107.829337239265,10.821336388588,60.9599990844727 107.829328894615,10.8213346004486,61.0099983215332 107.829317927361,10.8213346004486,61.0400009155273 107.829305648804,10.8213355541229,61.0200004577637 107.829295039177,10.82133436203,61.0099983215332 107.829286932945,10.8213324546814,61.0099983215332 107.829275846481,10.8213318586349,61.0400009155273 107.829263687134,10.8213303089142,61.0499992370605 107.829251050949,10.8213279247284,61.0499992370605 107.829239487648,10.8213257789612,61.0800018310547 107.82922744751,10.8213251829147,61.1699981689453 107.829216122627,10.8213257789612,61.2099990844727 107.829208135605,10.821325302124,61.2599983215332 107.82920050621,10.8213266134262,61.2999992370605 107.829193353653,10.8213276863098,61.2999992370605 107.829185366631,10.8213329315186,61.3300018310547 107.829174995422,10.8213373422623,61.3499984741211 107.829164743423,10.8213407993317,61.3899993896484 107.829152822495,10.8213413953781,61.4199981689453 107.829142451286,10.8213403224945,61.4500007629395 107.829133629799,10.8213378190994,61.4900016784668 107.829125523567,10.8213359117508,61.5200004577637 107.829114437103,10.8213365077972,61.5499992370605 107.829103112221,10.8213354349136,61.5999984741211 107.829090952873,10.8213359117508,61.6300010681152 107.82907807827,10.8213368654251,61.6500015258789 107.829064846039,10.8213382959366,61.6800003051758 107.829052686691,10.8213418722153,61.75 107.829041004181,10.8213459253311,61.7700004577637 107.829029679298,10.8213467597961,61.8400001525879 107.829021811485,10.8213459253311,61.8800010681152 107.829011440277,10.8213484287262,61.9000015258789 107.829000473022,10.8213500976562,61.9300003051758 107.828988552094,10.8213512897491,62.0299987792969 107.828974962234,10.8213526010513,62.1100006103516 107.828963756561,10.8213548660278,62.2099990844727 107.828954219818,10.8213593959808,62.2599983215332 107.828944444656,10.8213636875153,62.310001373291 107.828933238983,10.8213651180267,62.3400001525879 107.828925013542,10.821365237236,62.3699989318848 107.828916430473,10.8213667869568,62.3899993896484 107.828907966614,10.8213677406311,62.4300003051758 107.828897953033,10.8213677406311,62.4500007629395 107.828891038895,10.821368098259,62.4700012207031 107.828880667686,10.8213686943054,62.5299987792969 107.828869581223,10.8213665485382,62.5900001525879 107.82885658741,10.821365237236,62.6199989318848 107.828840374947,10.8213682174683,62.7299995422363 107.82882642746,10.8213695287704,62.7900009155273 107.8288179636,10.8213683366776,62.8199996948242 107.828807592392,10.8213667869568,62.8300018310547 107.828796505928,10.8213667869568,62.8400001525879 107.828785657883,10.8213649988174,62.8400001525879 107.828775525093,10.8213624954224,62.8400001525879 107.828769087791,10.8213584423065,62.8400001525879 107.828760623932,10.8213543891907,62.8300018310547 107.828751444817,10.8213529586792,62.8400001525879 107.828739762306,10.8213517665863,62.8499984741211 107.828732132912,10.8213510513306,62.9000015258789 107.828725218773,10.8213523626328,62.9199981689453 107.828718781471,10.8213521242142,62.939998626709 107.828712105751,10.8213535547256,62.9599990844727 107.828702449799,10.8213533163071,62.9599990844727 107.828693985939,10.8213546276093,62.9599990844727 107.828685879707,10.8213562965393,62.9599990844727 107.828678250313,10.8213584423065,63.0099983215332 107.828673124313,10.8213614225388,63.0400009155273 107.828665494919,10.8213655948639,63.060001373291 107.828657627106,10.8213698863983,63.0699996948242 107.828649878502,10.8213744163513,63.0800018310547 107.8286434412,10.8213784694672,63.0999984741211 107.828637003899,10.821382522583,63.1199989318848 107.828629612923,10.821387887001,63.2099990844727 107.82862174511,10.8213955163956,63.2999992370605 107.828614473343,10.8214039802551,63.3699989318848 107.828606724739,10.8214117288589,63.4099998474121 107.828599691391,10.8214168548584,63.4300003051758 107.828593254089,10.8214195966721,63.5299987792969 107.828587770462,10.8214249610901,63.5900001525879 107.82858300209,10.8214317560196,63.6199989318848 107.828577756882,10.8214387893677,63.6500015258789 107.828572392464,10.8214458227158,63.689998626709 107.828566551208,10.8214526176453,63.7200012207031 107.828560829163,10.8214576244354,63.7400016784668 107.82855451107,10.8214634656906,63.810001373291 107.828547358513,10.8214707374573,63.8499984741211 107.828539848328,10.8214790821075,63.8699989318848 107.828533887863,10.8214865922928,63.9000015258789 107.82852768898,10.8214938640594,63.9099998474121 107.828521251678,10.8215017318726,63.939998626709 107.828514456749,10.8215095996857,64.0199966430664 107.828508257866,10.8215157985687,64.0599975585938 107.82850253582,10.8215211629868,64.0899963378906 107.828495264053,10.8215283155441,64.120002746582 107.82848906517,10.8215358257294,64.1399993896484 107.828482985497,10.8215441703796,64.1800003051758 107.828478813171,10.8215531110764,64.2300033569336 107.828474640846,10.8215597867966,64.25 107.828469395638,10.8215662240982,64.2600021362305 107.828463315964,10.8215748071671,64.2900009155273 107.828457117081,10.8215832710266,64.3399963378906 107.82845044136,10.8215918540955,64.4100036621094 107.828444123268,10.8216013908386,64.4599990844727 107.828436970711,10.8216100931168,64.5400009155273 107.828431725502,10.8216164112091,64.5699996948242 107.82842707634,10.8216223716736,64.6800003051758 107.828420639038,10.8216325044632,64.75 107.828413724899,10.8216422796249,64.8000030517578 107.828408241272,10.8216512203217,64.8199996948242 107.828402638435,10.8216600418091,64.8399963378906 107.828397274017,10.8216687440872,64.9100036621094 107.828393340111,10.8216758966446,64.9499969482422 107.828389406204,10.8216849565506,64.9800033569336 107.828385233879,10.8216949701309,65.0100021362305 107.828381180763,10.8217055797577,65.0199966430664 107.828375458717,10.8217153549194,65.0299987792969 107.828368902206,10.821722984314,65.1100006103516 107.828362941742,10.8217282295227,65.1500015258789 107.828357696533,10.8217353820801,65.1800003051758 107.828352332115,10.821744799614,65.1999969482422 107.828346848488,10.8217539787292,65.2099990844727 107.828338503838,10.8217632770538,65.2099990844727 107.828330039978,10.8217706680298,65.2099990844727 107.828322768211,10.8217729330063,65.2099990844727 107.828315973282,10.8217778205872,65.2399978637695 107.828309774399,10.8217862844467,65.2600021362305 107.828306794167,10.8217965364456,65.2699966430664 107.828304886818,10.8218054771423,65.3399963378906 107.828301548958,10.8218142986298,65.370002746582 107.828297376633,10.8218233585358,65.379997253418 107.828293800354,10.8218325376511,65.4199981689453 107.828292489052,10.8218402862549,65.5 107.828289747238,10.8218480348587,65.6399993896484 107.828291416168,10.8218557834625,65.7099990844727 107.828291654587,10.8218643665314,65.7799987792969 107.82829105854,10.8218721151352,65.870002746582 107.828292489052,10.8218789100647,65.9899978637695 107.828298926353,10.8218854665756,66.0599975585938 107.828305482864,10.8218913078308,66.0899963378906 107.828315496445,10.8218984603882,66.1500015258789 107.828322768211,10.8219054937363,66.2099990844727 107.828328609467,10.8219116926193,66.25 107.828335881233,10.8219194412231,66.3099975585938 107.828342080116,10.8219285011292,66.3499984741211 107.82834649086,10.8219387531281,66.3600006103516 107.828348755836,10.8219478130341,66.379997253418 107.828349947929,10.8219587802887,66.379997253418 107.828352928162,10.8219681978226,66.379997253418 107.828356027603,10.8219777345657,66.4000015258789 107.828359127045,10.8219877481461,66.4100036621094 107.828360557556,10.8219949007034,66.4599990844727 107.828364491463,10.8220024108887,66.4899978637695 107.828369736671,10.8220107555389,66.5400009155273 107.828373789787,10.8220187425613,66.5699996948242 107.828381299973,10.8220282793045,66.6100006103516 107.8283867836,10.8220390081406,66.629997253418 107.828390359879,10.8220474720001,66.6399993896484 107.828395009041,10.822054028511,66.6500015258789 107.828399658203,10.8220628499985,66.6600036621094 107.828405737877,10.8220714330673,66.6699981689453 107.828414440155,10.8220804929733,66.7099990844727 107.828422307968,10.8220882415771,66.7300033569336 107.828427433968,10.8220961093903,66.7699966430664 107.828431367874,10.8221048116684,66.7900009155273 107.828436374664,10.8221139907837,66.8099975585938 107.828441619873,10.8221207857132,66.8600006103516 107.828446507454,10.8221269845963,66.8899993896484 107.828453063965,10.8221331834793,66.9100036621094 107.828457713127,10.8221414089203,66.9300003051758 107.828461408615,10.8221504688263,66.9899978637695 107.828468441963,10.8221592903137,67.0199966430664 107.828475952148,10.8221669197083,67.0500030517578 107.828480005264,10.8221740722656,67.0699996948242 107.828487038612,10.8221850395203,67.1699981689453 107.828492999077,10.8221937417984,67.1999969482422 107.828499555588,10.8222016096115,67.3000030517578 107.828504920006,10.822209239006,67.3399963378906 107.828507304192,10.8222155570984,67.370002746582 107.828511953354,10.8222249746323,67.3899993896484 107.828515529633,10.8222323656082,67.3899993896484 107.828522920609,10.8222397565842,67.4000015258789 107.828528523445,10.8222459554672,67.4100036621094 107.828538179398,10.822258234024,67.4499969482422 107.828543663025,10.8222689628601,67.4700012207031 107.828548312187,10.8222793340683,67.4700012207031 107.828555464745,10.8222892284393,67.4899978637695 107.828559279442,10.8222975730896,67.5199966430664 107.828565597534,10.8223088979721,67.5400009155273 107.828572154045,10.8223165273666,67.5500030517578 107.828578352928,10.8223239183426,67.5599975585938 107.828582644463,10.8223310709,67.5800018310547 107.828587174416,10.8223379850388,67.5899963378906 107.828590869904,10.8223457336426,67.6100006103516 107.828592777252,10.8223540782928,67.629997253418 107.828594565392,10.8223592042923,67.6500015258789 107.828596353531,10.8223639726639,67.6800003051758 107.828597545624,10.8223701715469,67.6999969482422 107.82860159874,10.8223779201508,67.7200012207031 107.828602790833,10.8223856687546,67.7300033569336 107.828605294228,10.8223940134048,67.7399978637695 107.828605175018,10.8223986625671,67.7399978637695 107.828605651855,10.8224074840546,67.7600021362305 107.828608036041,10.8224157094955,67.7799987792969 107.828609347343,10.8224238157272,67.7900009155273 107.828611373901,10.8224310874939,67.8099975585938 107.828615427017,10.8224396705627,67.8099975585938 107.82862007618,10.8224476575851,67.8199996948242 107.82862341404,10.8224568367004,67.8199996948242 107.82862496376,10.8224642276764,67.8499984741211 107.8286267519,10.8224730491638,67.870002746582 107.828629732132,10.8224835395813,67.879997253418 107.828633069992,10.8224930763245,67.8899993896484 107.828635692596,10.822502374649,67.8899993896484 107.828638672829,10.8225104808807,67.9000015258789 107.82864177227,10.8225162029266,67.9100036621094 107.82864511013,10.8225265741348,67.9100036621094 107.828647851944,10.8225364685059,67.9400024414062 107.828651189804,10.8225456476212,67.9700012207031 107.828655123711,10.8225539922714,67.9800033569336 107.82865858078,10.8225605487823,68.0400009155273 107.828662633896,10.8225656747818,68.0699996948242 107.8286652565,10.8225736618042,68.0899963378906 107.828668832779,10.8225811719894,68.120002746582 107.828671455383,10.8225898742676,68.1399993896484 107.828673005104,10.8225964307785,68.1500015258789 107.828675508499,10.8226025104523,68.1500015258789 107.828680992126,10.8226108551025,68.1500015258789 107.828684926033,10.8226177692413,68.1699981689453 107.828690290451,10.8226274251938,68.2300033569336 107.828691840172,10.8226366043091,68.2699966430664 107.828692317009,10.8226442337036,68.2900009155273 107.828696489334,10.8226526975632,68.3000030517578 107.828699111938,10.8226615190506,68.3099975585938 107.828703641891,10.8226705789566,68.3099975585938 107.82870900631,10.8226802349091,68.3300018310547 107.828711748123,10.8226892948151,68.3399963378906 107.828713536263,10.8226990699768,68.3600006103516 107.828717112541,10.8227100372314,68.370002746582 107.828721642494,10.8227196931839,68.3899993896484 107.828725934029,10.8227299451828,68.4100036621094 107.828728079796,10.8227384090424,68.4100036621094 107.828731775284,10.8227477073669,68.4300003051758 107.828734397888,10.8227572441101,68.4599990844727 107.828740596771,10.8227663040161,68.5 107.828745603561,10.8227760791779,68.5599975585938 107.828749060631,10.8227850198746,68.5800018310547 107.828751921654,10.8227953910828,68.5999984741211 107.82875585556,10.8228061199188,68.6399993896484 107.828759908676,10.8228168487549,68.6699981689453 107.828763484955,10.8228288888931,68.6900024414062 107.828765630722,10.822838306427,68.7099990844727 107.828765392303,10.8228460550308,68.7200012207031 107.828768372536,10.8228566646576,68.7200012207031 107.828771352768,10.8228672742844,68.7200012207031 107.828773617744,10.8228756189346,68.7200012207031 107.828776717186,10.8228847980499,68.7200012207031 107.828778147697,10.8228943347931,68.7600021362305 107.82877779007,10.8229024410248,68.8099975585938 107.828780412674,10.8229106664658,68.8499984741211 107.828783035278,10.8229188919067,68.870002746582 107.828786015511,10.8229274749756,68.9000015258789 107.828790545464,10.8229383230209,68.9300003051758 107.828794002533,10.8229486942291,68.9499969482422 107.828795552254,10.8229583501816,68.9700012207031 107.828797459602,10.8229659795761,68.9899978637695 107.828801393509,10.8229761123657,68.9899978637695 107.828804254532,10.8229857683182,69.0 107.828807234764,10.8229944705963,68.9800033569336 107.828811049461,10.8230050802231,68.9800033569336 107.828814268112,10.8230160474777,68.9199981689453 107.828815698624,10.8230261802673,68.8899993896484 107.828816890717,10.8230327367783,68.9300003051758 107.828819274902,10.8230392932892,68.9599990844727 107.82882130146,10.8230422735214,68.9100036621094 107.828783988953,10.8229464292526,65.9899978637695
</coordinates></LinearRing></outerBoundaryIs></Polygon>
</Placemark>
<Placemark>
<name>2026-01-16 Lo5 -1ha538 Tính kh</name>
<description><![CDATA[Polygon tạo từ track Garmin GPSMAP 67; diện tích xấp xỉ 1.5343 ha; độ hở ban đầu 1.8 m.]]></description>
<Polygon><outerBoundaryIs><LinearRing><coordinates>
107.828909277916,10.8232630491257,68.4499969482422 107.828908324242,10.823263168335,68.4499969482422 107.828935146332,10.823252081871,68.3000030517578 107.828953504562,10.8232502937317,68.3199996948242 107.828979969025,10.8232500553131,68.3300018310547 107.829008102417,10.8232496976852,68.3099975585938 107.829033970833,10.8232493400574,68.3099975585938 107.829061388969,10.8232488632202,68.2699966430664 107.829092264175,10.8232471942902,68.1999969482422 107.829125642776,10.8232443332672,68.1500015258789 107.829160571098,10.8232414722443,68.0999984741211 107.829199075699,10.8232363462448,68.0599975585938 107.829240918159,10.8232309818268,68.0400009155273 107.829283833504,10.8232284784317,68.0299987792969 107.829328536987,10.8232258558273,68.0 107.829372525215,10.823223233223,67.9400024414062 107.829411387444,10.8232215642929,67.9000015258789 107.82944393158,10.8232218027115,67.8600006103516 107.829472661018,10.8232238292694,67.8199996948242 107.829500198364,10.8232263326645,67.7600021362305 107.829525947571,10.8232336044312,67.7099990844727 107.829548478127,10.8232487440109,67.6699981689453 107.829562425613,10.8232694864273,67.5999984741211 107.829568147659,10.8232963085175,67.4400024414062 107.829572796822,10.8233309984207,67.3499984741211 107.829578518867,10.8233644962311,67.3099975585938 107.829584717751,10.8233950138092,67.2699966430664 107.829589247704,10.8234244585037,67.1999969482422 107.829589009285,10.8234535455704,67.1699981689453 107.829590916634,10.8234874010086,67.1500015258789 107.829596281052,10.8235286474228,67.1399993896484 107.829601287842,10.823570728302,67.1399993896484 107.829607009888,10.8236060142517,67.1900024414062 107.82960999012,10.8236371278763,67.1999969482422 107.829609751701,10.823671579361,67.2200012207031 107.829609155655,10.8237090110779,67.2699966430664 107.829610705376,10.8237457275391,67.3300018310547 107.829614162445,10.8237810134888,67.3600006103516 107.829616904259,10.8238183259964,67.4300003051758 107.829618096352,10.8238583803177,67.4700012207031 107.829620957375,10.8238973617554,67.5400009155273 107.82962179184,10.8239380121231,67.6399993896484 107.829620599747,10.8239806890488,67.7799987792969 107.829621195793,10.824024438858,67.9499969482422 107.829623818398,10.8240690231323,68.0500030517578 107.829627633095,10.8241144418716,68.1699981689453 107.829632520676,10.8241604566574,68.25 107.829637646675,10.8242044448853,68.379997253418 107.82964193821,10.8242449760437,68.4700012207031 107.829645872116,10.8242827653885,68.5400009155273 107.829648017883,10.8243151903152,68.6600036621094 107.829650163651,10.8243436813355,68.7300033569336 107.829653382301,10.8243669271469,68.7900009155273 107.829657435417,10.8243833780289,68.9700012207031 107.829657912254,10.8243995904922,69.0999984741211 107.829657316208,10.8244211673737,69.2699966430664 107.829657316208,10.8244482278824,69.3600006103516 107.829658508301,10.824481844902,69.4800033569336 107.829658865929,10.8245203495026,69.5500030517578 107.829658746719,10.824561715126,69.629997253418 107.829659819603,10.8246052265167,69.7099990844727 107.829662442207,10.8246487379074,69.7600021362305 107.829666852951,10.8246918916702,69.8300018310547 107.829671740532,10.8247358798981,69.9700012207031 107.829675793648,10.8247814178467,70.0699996948242 107.829679369926,10.8248277902603,70.129997253418 107.829683065414,10.8248760700226,70.1800003051758 107.829686164856,10.824925661087,70.2200012207031 107.829688549042,10.8249748945236,70.4000015258789 107.829689502716,10.8250195980072,70.5 107.829691529274,10.8250606060028,70.7099990844727 107.829692602158,10.8251014947891,70.8399963378906 107.829693675041,10.8251440525055,70.9599990844727 107.829694032669,10.8251881599426,71.0599975585938 107.829694032669,10.8252328634262,71.1399993896484 107.829694747925,10.8252729177475,71.2099990844727 107.829694032669,10.8253087997437,71.2799987792969 107.829690337181,10.8253458738327,71.4199981689453 107.829683065414,10.8253841400146,71.5100021362305 107.829673409462,10.8254207372665,71.5999984741211 107.8296636343,10.8254523277283,71.6699981689453 107.829654216766,10.8254806995392,71.8099975585938 107.829645514488,10.8255069255829,71.9400024414062 107.829635620117,10.8255300521851,72.0299987792969 107.829624891281,10.8255475759506,72.0899963378906 107.829614162445,10.825558423996,72.1800003051758 107.829600572586,10.8255661725998,72.2300033569336 107.829585313797,10.8255696296692,72.3499984741211 107.829567670822,10.8255681991577,72.4300003051758 107.829544305801,10.8255671262741,72.4899978637695 107.829520463943,10.8255665302277,72.5999984741211 107.829496741295,10.8255642652512,72.7399978637695 107.829469561577,10.8255578279495,72.8399963378906 107.829440832138,10.8255468606949,72.9400024414062 107.829408764839,10.8255360126495,73.0599975585938 107.829375624657,10.8255239725113,73.1900024414062 107.829346418381,10.82550740242,73.2699966430664 107.82932138443,10.8254872560501,73.3199996948242 107.8292979002,10.82546210289,73.4300003051758 107.829275608063,10.8254261016846,73.5599975585938 107.829254984856,10.8253828287125,73.6500015258789 107.829239368439,10.8253365755081,73.7399978637695 107.829229354858,10.8252849578857,73.7900009155273 107.829220294952,10.825225353241,73.8199996948242 107.829210162163,10.8251582384109,73.8399963378906 107.829200863838,10.825083732605,73.7900009155273 107.829192519188,10.8250031471252,73.75 107.829181671143,10.8249188661575,73.7200012207031 107.82917034626,10.8248361349106,73.6900024414062 107.829160928726,10.8247576951981,73.6699981689453 107.829152941704,10.8246810436249,73.5999984741211 107.829145312309,10.8246037960052,73.5599975585938 107.829137325287,10.8245301246643,73.5199966430664 107.829128503799,10.8244626522064,73.2300033569336 107.829119443893,10.8244012594223,73.0500030517578 107.829111099243,10.8243424892426,72.9300003051758 107.829102516174,10.8242819309235,72.870002746582 107.829092741013,10.824224114418,72.6800003051758 107.829083323479,10.8241720199585,72.4000015258789 107.829074978828,10.8241240978241,72.2300033569336 107.829064846039,10.8240780830383,72.0299987792969 107.829052329063,10.8240307569504,71.879997253418 107.829038858414,10.823979973793,71.7399978637695 107.829026222229,10.823926448822,71.6399993896484 107.829013586044,10.8238738775253,71.4800033569336 107.82900083065,10.8238261938095,71.370002746582 107.828989505768,10.8237811326981,71.2300033569336 107.828979372978,10.8237396478653,71.1500015258789 107.828969955444,10.8237005472183,71.1100006103516 107.828961014748,10.8236619234085,70.8899993896484 107.828951239586,10.8236203193665,70.7600021362305 107.828941583633,10.8235771656036,70.6900024414062 107.828932404518,10.823534488678,70.6399993896484 107.828921079636,10.8234935998917,70.620002746582 107.828908801079,10.8234558105469,70.5999984741211 107.828900098801,10.8234215974808,70.5100021362305 107.828893065453,10.8233895301819,70.4499969482422 107.82888841629,10.8233562707901,70.370002746582 107.828884601593,10.8233226537704,70.25 107.828882932663,10.8232976198196,70.129997253418 107.828886389732,10.8232822418213,70.0199966430664 107.828898191452,10.8232717514038,69.9499969482422 107.828916192055,10.8232643604279,69.8899993896484 107.828925848007,10.8232618570328,69.8600006103516 107.82892537117,10.8232623338699,69.8000030517578 107.828909277916,10.8232630491257,68.4499969482422
</coordinates></LinearRing></outerBoundaryIs></Polygon>
</Placemark>
<Placemark>
<name>Tân - Lô 19 2026-01-15</name>
<description><![CDATA[Polygon tạo từ track Garmin GPSMAP 67; diện tích xấp xỉ 12.0356 ha; độ hở ban đầu 46.6 m.]]></description>
<Polygon><outerBoundaryIs><LinearRing><coordinates>
107.816277384758,10.8079613447189,53.0 107.816279888153,10.8079611063004,53.0 107.816280961037,10.8079639673233,53.0 107.816283583641,10.8079656362534,53.0 107.816284179688,10.807966709137,53.0 107.816285014153,10.8079670667648,53.0 107.81628549099,10.807968378067,53.0 107.816285610199,10.8079738616943,53.0 107.816286683083,10.8079813718796,53.0 107.816288590431,10.8079891204834,53.0 107.816290020943,10.8080013990402,53.0 107.816290855408,10.8080085515976,53.0 107.816291451454,10.8080171346664,53.0 107.816292405128,10.8080251216888,53.0 107.816293716431,10.8080337047577,53.0 107.816294312477,10.8080443143845,53.0 107.816295981407,10.8080551624298,53.0 107.816299080849,10.8080680370331,53.0 107.816301584244,10.8080786466599,53.0 107.816303372383,10.8080884218216,53.0 107.816305279732,10.8080979585648,53.0 107.816307425499,10.8081090450287,53.0 107.816308736801,10.8081200122833,53.0 107.81631052494,10.8081315755844,53.0 107.816310763359,10.8081424236298,52.5999984741211 107.816310167313,10.8081533908844,52.2000007629395 107.816309809685,10.808163523674,52.0 107.816310167313,10.808173418045,52.0 107.816310763359,10.8081822395325,52.0 107.81631231308,10.8081923723221,52.0 107.81631398201,10.8082041740417,52.0 107.816315531731,10.8082156181335,52.0 107.816316843033,10.8082267045975,52.0 107.816317200661,10.8082377910614,52.0 107.816317439079,10.8082494735718,52.0 107.816316723824,10.8082594871521,52.0 107.816317081451,10.8082691431046,52.0 107.816319346428,10.8082786798477,52.0 107.816321611404,10.8082894086838,52.0 107.816323757172,10.8083002567291,52.2000007629395 107.816321611404,10.8083097934723,52.2000007629395 107.816318869591,10.8083219528198,52.2000007629395 107.816319823265,10.8083366155624,52.5999984741211 107.816320180893,10.80834877491,52.7999992370605 107.816321134567,10.8083580732346,52.7999992370605 107.816319584846,10.8083661794662,53.0 107.816313505173,10.8083735704422,53.0 107.816305756569,10.8083806037903,53.0 107.8162971735,10.8083873987198,53.0 107.816287755966,10.8083943128586,53.0 107.816280245781,10.8084005117416,53.0 107.81627368927,10.8084074258804,53.0 107.816266775131,10.8084148168564,53.0 107.8162586689,10.8084224462509,53.0 107.816250801086,10.8084299564362,52.7999992370605 107.816242456436,10.8084362745285,52.7999992370605 107.816235542297,10.8084396123886,52.7999992370605 107.816228628159,10.8084424734116,52.7999992370605 107.816221117973,10.8084454536438,52.7999992370605 107.816212892532,10.8084515333176,52.7999992370605 107.816205382347,10.8084588050842,52.7999992370605 107.816198945045,10.8084645271301,52.7999992370605 107.81618976593,10.8084703683853,53.0 107.816180706024,10.8084754943848,53.0 107.816175341606,10.8084807395935,53.0 107.81617307663,10.8084887266159,53.0 107.816171169281,10.8084955215454,53.0 107.816170573235,10.8085035085678,53.0 107.816172719002,10.8085122108459,53.0 107.816174268723,10.808521270752,53.0 107.81617462635,10.8085291385651,52.7999992370605 107.81617462635,10.8085372447968,52.7999992370605 107.816172122955,10.8085452318192,52.7999992370605 107.816172599792,10.8085530996323,52.7999992370605 107.816172719002,10.8085600137711,52.7999992370605 107.816171884537,10.8085660934448,52.5999984741211 107.816172122955,10.8085690736771,52.5999984741211 107.816172361374,10.8085703849792,52.5999984741211 107.816174268723,10.8085712194443,52.5999984741211 107.816175341606,10.8085745573044,52.5999984741211 107.816179633141,10.8085806369782,52.5999984741211 107.816180229187,10.8085889816284,52.4000015258789 107.816181302071,10.8085969686508,52.4000015258789 107.81618309021,10.8086050748825,52.4000015258789 107.816181540489,10.8086124658585,52.4000015258789 107.81617975235,10.8086216449738,52.4000015258789 107.816178202629,10.8086302280426,52.4000015258789 107.816175818443,10.8086376190186,52.4000015258789 107.81617295742,10.8086444139481,52.4000015258789 107.816171169281,10.8086510896683,52.4000015258789 107.816169500351,10.8086587190628,52.4000015258789 107.816165566444,10.8086676597595,52.2000007629395 107.816162228584,10.8086745738983,52.2000007629395 107.816158771515,10.8086822032928,52.4000015258789 107.816155314445,10.8086894750595,52.4000015258789 107.816150546074,10.8086951971054,52.4000015258789 107.816148161888,10.8087012767792,52.4000015258789 107.816145181656,10.8087074756622,52.4000015258789 107.816141366959,10.8087140321732,52.4000015258789 107.816136956215,10.808721780777,52.4000015258789 107.816133618355,10.8087301254272,52.4000015258789 107.816129922867,10.8087354898453,52.4000015258789 107.816126465797,10.8087400197983,52.4000015258789 107.816120386124,10.8087455034256,52.4000015258789 107.816111922264,10.808754324913,52.4000015258789 107.8161059618,10.808761715889,52.4000015258789 107.81610262394,10.8087667226791,52.4000015258789 107.816099524498,10.808770775795,52.4000015258789 107.816096425056,10.8087757825851,52.5999984741211 107.816092729568,10.8087812662125,52.4000015258789 107.816086411476,10.808789730072,52.4000015258789 107.816080927849,10.8087967634201,52.4000015258789 107.816075205803,10.8087991476059,52.4000015258789 107.816068410873,10.8088055849075,52.4000015258789 107.816062688828,10.8088103532791,52.4000015258789 107.816059708595,10.8088147640228,52.4000015258789 107.816056847572,10.8088188171387,52.4000015258789 107.816051959991,10.8088239431381,52.4000015258789 107.816048622131,10.8088313341141,52.4000015258789 107.816043496132,10.8088382482529,52.4000015258789 107.816045045853,10.8088436126709,52.4000015258789 107.816046595573,10.8088471889496,52.4000015258789 107.816049456596,10.8088530302048,52.4000015258789 107.816047787666,10.8088575601578,52.4000015258789 107.81604552269,10.8088614940643,52.4000015258789 107.816044092178,10.8088638782501,52.4000015258789 107.816041827202,10.8088654279709,52.4000015258789 107.816040754318,10.8088662624359,52.2000007629395 107.816039562225,10.8088660240173,52.2000007629395 107.816038250923,10.8088670969009,52.2000007629395 107.816034793854,10.8088681697845,52.2000007629395 107.816029071808,10.8088730573654,52.2000007629395 107.816020846367,10.8088752031326,52.2000007629395 107.816014051437,10.8088760375977,52.2000007629395 107.816009879112,10.808876991272,52.2000007629395 107.816007494926,10.8088780641556,52.2000007629395 107.816004633904,10.8088787794113,52.2000007629395 107.816000699997,10.8088796138763,52.4000015258789 107.815994024277,10.8088784217834,52.4000015258789 107.815989136696,10.8088773488998,52.4000015258789 107.815986275673,10.8088765144348,52.4000015258789 107.815985202789,10.8088761568069,52.4000015258789 107.81598341465,10.8088762760162,52.4000015258789 107.815978884697,10.8088785409927,52.4000015258789 107.815974116325,10.808876991272,52.4000015258789 107.81597006321,10.8088780641556,52.4000015258789 107.815967917442,10.8088779449463,52.4000015258789 107.815963387489,10.8088762760162,52.4000015258789 107.815958738327,10.8088768720627,52.5999984741211 107.815953850746,10.8088765144348,52.5999984741211 107.81594979763,10.808877825737,52.5999984741211 107.815947532654,10.8088791370392,52.5999984741211 107.815942764282,10.8088802099228,52.5999984741211 107.815937519073,10.8088800907135,52.7999992370605 107.81593132019,10.8088785409927,52.7999992370605 107.815927505493,10.8088757991791,52.7999992370605 107.815924167633,10.808873295784,52.7999992370605 107.815920591354,10.8088717460632,53.0 107.815917491913,10.8088713884354,53.0 107.815911650658,10.8088725805283,53.0 107.815907001495,10.8088718652725,53.0 107.815903544426,10.8088706731796,53.0 107.815897345543,10.8088701963425,53.0 107.815888524055,10.8088706731796,53.0 107.815880537033,10.8088726997375,53.2000007629395 107.815870881081,10.8088744878769,53.2000007629395 107.815864920616,10.8088744878769,53.2000007629395 107.815860629082,10.8088701963425,53.2000007629395 107.815860629082,10.8088718652725,53.2000007629395 107.815860033035,10.8088705539703,53.2000007629395 107.815855264664,10.8088700771332,53.4000015258789 107.815848708153,10.808869600296,53.4000015258789 107.81584239006,10.8088707923889,53.4000015258789 107.815840244293,10.8088701963425,53.5999984741211 107.815837740898,10.8088697195053,53.5999984741211 107.815836429596,10.8088685274124,53.7999992370605 107.815834283829,10.8088701963425,54.0 107.815831542015,10.8088707923889,54.0 107.81583070755,10.8088716268539,54.2000007629395 107.815828442574,10.8088701963425,54.2000007629395 107.815824747086,10.8088694810867,54.4000015258789 107.8158223629,10.808865904808,54.4000015258789 107.815818548203,10.8088636398315,54.4000015258789 107.815811753273,10.8088608980179,54.4000015258789 107.815806746483,10.8088557720184,54.4000015258789 107.815802812576,10.8088505268097,54.4000015258789 107.815798997879,10.8088468313217,54.4000015258789 107.815791726112,10.8088445663452,54.4000015258789 107.815785527229,10.8088406324387,54.4000015258789 107.815781593323,10.8088376522064,54.4000015258789 107.815777897835,10.8088357448578,54.4000015258789 107.815770030022,10.8088347911835,54.4000015258789 107.815763235092,10.8088332414627,54.4000015258789 107.815757989883,10.8088287115097,54.4000015258789 107.815753817558,10.8088239431381,54.4000015258789 107.815750479698,10.8088195323944,54.4000015258789 107.815750479698,10.8088167905807,54.4000015258789 107.815748929977,10.8088126182556,54.4000015258789 107.815744876862,10.8088086843491,54.4000015258789 107.815742373467,10.8088021278381,54.4000015258789 107.815742015839,10.808797955513,54.4000015258789 107.815742254257,10.8087947368622,54.4000015258789 107.815743088722,10.808792591095,54.4000015258789 107.815742135048,10.8087916374207,54.4000015258789 107.815741181374,10.8087899684906,54.4000015258789 107.815741419792,10.8087873458862,54.4000015258789 107.815739989281,10.8087804317474,54.4000015258789 107.815739035606,10.8087726831436,54.4000015258789 107.815740227699,10.8087671995163,54.4000015258789 107.815738916397,10.8087601661682,54.4000015258789 107.815737009048,10.8087521791458,54.4000015258789 107.81573677063,10.8087432384491,54.5999984741211 107.815735697746,10.8087344169617,54.5999984741211 107.81573176384,10.8087242841721,54.5999984741211 107.815728545189,10.8087165355682,54.5999984741211 107.815724849701,10.8087095022202,54.5999984741211 107.815720915794,10.8087031841278,54.5999984741211 107.815713763237,10.8086941242218,54.5999984741211 107.815708875656,10.8086858987808,54.5999984741211 107.815706968307,10.8086775541306,54.5999984741211 107.815706729889,10.8086698055267,54.7999992370605 107.815705060959,10.8086621761322,54.7999992370605 107.815698862076,10.8086558580399,54.7999992370605 107.815692186356,10.8086538314819,54.7999992370605 107.81568312645,10.8086515665054,54.7999992370605 107.815675139427,10.8086494207382,54.7999992370605 107.815667629242,10.8086478710175,54.7999992370605 107.815660953522,10.8086475133896,54.7999992370605 107.815653443336,10.8086500167847,54.7999992370605 107.815644264221,10.8086525201797,54.7999992370605 107.815636515617,10.8086498975754,54.7999992370605 107.815628290176,10.8086502552032,54.7999992370605 107.815619468689,10.8086510896683,54.7999992370605 107.815608024597,10.8086524009705,54.7999992370605 107.815598011017,10.8086534738541,54.7999992370605 107.815589785576,10.8086527585983,54.5999984741211 107.815583586693,10.8086512088776,54.5999984741211 107.815577149391,10.8086524009705,54.5999984741211 107.815569519997,10.8086556196213,54.7999992370605 107.815559625626,10.8086603879929,54.7999992370605 107.81555211544,10.8086638450623,54.7999992370605 107.815544128418,10.8086643218994,54.7999992370605 107.815538167953,10.808664560318,55.0 107.815533638,10.808665394783,55.0 107.815527200699,10.8086669445038,55.0 107.815520524979,10.8086663484573,55.0 107.81551361084,10.8086656332016,55.0 107.815512537956,10.8086618185043,55.2000007629395 107.81550848484,10.8086589574814,55.2000007629395 107.815502405167,10.8086587190628,55.2000007629395 107.815497398376,10.8086572885513,55.2000007629395 107.815493583679,10.8086558580399,55.2000007629395 107.815488100052,10.8086532354355,55.2000007629395 107.815478801727,10.8086504936218,55.2000007629395 107.81547164917,10.8086484670639,55.2000007629395 107.815466284752,10.808647274971,55.2000007629395 107.815462231636,10.8086452484131,55.2000007629395 107.815457344055,10.8086413145065,55.2000007629395 107.81545317173,10.8086354732513,55.2000007629395 107.81544983387,10.808629989624,55.2000007629395 107.815446257591,10.8086230754852,55.2000007629395 107.815443873405,10.8086128234863,55.2000007629395 107.815441727638,10.8086054325104,55.2000007629395 107.815440535545,10.8086004257202,55.2000007629395 107.815438389778,10.8085957765579,55.2000007629395 107.815438985825,10.8085926771164,55.2000007629395 107.815437674522,10.8085889816284,55.4000015258789 107.815437316895,10.8085875511169,55.4000015258789 107.815436840057,10.8085864782333,55.4000015258789 107.815436244011,10.8085857629776,55.5999984741211 107.815436005592,10.8085849285126,55.5999984741211 107.815436005592,10.8085844516754,55.5999984741211 107.815434336662,10.8085830211639,55.7999992370605 107.81543636322,10.8085832595825,55.7999992370605 107.815434336662,10.8085817098618,55.7999992370605 107.815431118011,10.8085794448853,55.7999992370605 107.815427184105,10.808576464653,56.0 107.815424442291,10.8085732460022,56.0 107.815419435501,10.8085687160492,56.0 107.815415978432,10.8085646629333,56.0 107.815412163734,10.8085614442825,56.0 107.815407514572,10.8085561990738,56.0 107.815405249596,10.8085520267487,56.2000007629395 107.815403223038,10.8085465431213,56.2000007629395 107.815402626991,10.8085395097733,56.4000015258789 107.81540286541,10.8085321187973,56.4000015258789 107.815401792526,10.8085243701935,56.4000015258789 107.815401911736,10.8085159063339,56.4000015258789 107.815398812294,10.8085086345673,56.4000015258789 107.815392374992,10.8085033893585,56.4000015258789 107.815381526947,10.8084989786148,56.2000007629395 107.815371274948,10.8084973096848,56.0 107.815362811089,10.8084977865219,55.7999992370605 107.815354704857,10.8084964752197,55.7999992370605 107.815346002579,10.8084946870804,55.5999984741211 107.81533741951,10.8084944486618,55.5999984741211 107.815326690674,10.8084948062897,55.5999984741211 107.815316796303,10.8084944486618,55.5999984741211 107.815308451653,10.8084932565689,55.5999984741211 107.815300226212,10.8084915876389,55.4000015258789 107.815291285515,10.8084915876389,55.4000015258789 107.815282821655,10.8084909915924,55.4000015258789 107.815273404121,10.8084884881973,55.4000015258789 107.81526696682,10.80848133564,55.4000015258789 107.815264582634,10.8084725141525,55.4000015258789 107.815264463425,10.8084672689438,55.2000007629395 107.815263986588,10.8084626197815,55.2000007629395 107.815263986588,10.8084590435028,55.2000007629395 107.815263152122,10.8084527254105,55.2000007629395 107.815262079239,10.8084479570389,55.2000007629395 107.815262556076,10.8084435462952,55.2000007629395 107.815262079239,10.8084412813187,55.2000007629395 107.815259218216,10.8084391355515,55.2000007629395 107.815257668495,10.8084329366684,55.2000007629395 107.815255880356,10.8084261417389,55.2000007629395 107.815250515938,10.8084236383438,55.2000007629395 107.815245747566,10.808420419693,55.4000015258789 107.815242767334,10.8084170818329,55.4000015258789 107.81524181366,10.8084129095078,55.4000015258789 107.815242052078,10.8084080219269,55.4000015258789 107.815243124962,10.8083982467651,55.4000015258789 107.815242886543,10.8083906173706,55.4000015258789 107.815240859985,10.8083837032318,55.5999984741211 107.815239787102,10.8083738088608,55.5999984741211 107.81524169445,10.8083657026291,55.7999992370605 107.815246939659,10.8083599805832,55.7999992370605 107.815253853798,10.808357000351,55.7999992370605 107.815258622169,10.8083555698395,55.7999992370605 107.815265893936,10.8083512783051,55.7999992370605 107.815271615982,10.8083484172821,55.7999992370605 107.815280079842,10.8083485364914,55.7999992370605 107.815288305283,10.8083484172821,55.7999992370605 107.815298438072,10.8083465099335,55.7999992370605 107.815303564072,10.808345913887,55.7999992370605 107.815309524536,10.8083465099335,55.7999992370605 107.815319895744,10.8083456754684,55.7999992370605 107.815331220627,10.8083466291428,56.0 107.815338253975,10.8083478212357,56.0 107.815341353416,10.8083490133286,56.0 107.815344572067,10.8083499670029,56.0 107.815346360207,10.8083500862122,56.0 107.815346717834,10.8083515167236,55.7999992370605 107.815351128578,10.8083542585373,55.7999992370605 107.815359950066,10.8083573579788,55.5999984741211 107.815368175507,10.8083605766296,55.4000015258789 107.81537604332,10.8083628416061,55.4000015258789 107.815384268761,10.8083622455597,55.4000015258789 107.815393805504,10.8083580732346,55.4000015258789 107.815403223038,10.8083561658859,55.4000015258789 107.815411567688,10.8083573579788,55.4000015258789 107.81542134285,10.8083572387695,55.4000015258789 107.815426945686,10.8083556890488,55.4000015258789 107.815428376198,10.8083528280258,55.5999984741211 107.815434813499,10.8083480596542,55.5999984741211 107.815440535545,10.8083440065384,55.7999992370605 107.815445661545,10.8083378076553,55.7999992370605 107.815448403358,10.808332324028,55.7999992370605 107.815454959869,10.808322429657,55.7999992370605 107.815459132195,10.8083143234253,55.7999992370605 107.815462231636,10.8083076477051,55.7999992370605 107.815464615822,10.8082985877991,55.5999984741211 107.815467000008,10.8082916736603,55.5999984741211 107.815467596054,10.8082858324051,55.5999984741211 107.81546652317,10.8082782030106,55.5999984741211 107.81546318531,10.8082702159882,55.5999984741211 107.81545984745,10.8082624673843,55.5999984741211 107.815458059311,10.8082585334778,55.7999992370605 107.815452933311,10.8082534074783,55.7999992370605 107.815447568893,10.8082485198975,55.7999992370605 107.815446972847,10.8082427978516,56.0 107.815447211266,10.8082361221313,56.0 107.815448999405,10.8082324266434,56.0 107.815448999405,10.8082288503647,56.0 107.815448403358,10.808228969574,56.0 107.815448999405,10.8082295656204,56.0 107.81544983387,10.8082294464111,56.0 107.815451979637,10.8082318305969,56.0 107.815452933311,10.8082305192947,56.0 107.815452933311,10.8082284927368,56.0 107.815454721451,10.8082273006439,56.0 107.815455794334,10.8082232475281,56.0 107.815462470055,10.8082163333893,56.0 107.815469264984,10.8082103729248,56.0 107.815477371216,10.8082058429718,56.2000007629395 107.815484881401,10.8082004785538,56.2000007629395 107.815489292145,10.808198094368,56.2000007629395 107.815488219261,10.8081945180893,56.2000007629395 107.815489292145,10.8081936836243,56.2000007629395 107.815488219261,10.8081947565079,56.4000015258789 107.81548833847,10.8081959486008,56.5999984741211 107.815487980843,10.8081973791122,56.5999984741211 107.815490245819,10.8081945180893,56.7999992370605 107.815494894981,10.8081926107407,56.7999992370605 107.815498709679,10.8081889152527,56.7999992370605 107.815504550934,10.8081825971603,56.7999992370605 107.815511584282,10.8081730604172,56.5999984741211 107.815513730049,10.8081667423248,56.5999984741211 107.815509915352,10.8081604242325,56.4000015258789 107.815505981445,10.8081496953964,56.2000007629395 107.815503716469,10.8081388473511,56.2000007629395 107.815503239632,10.8081308603287,56.2000007629395 107.815504670143,10.8081220388412,56.2000007629395 107.815507411957,10.8081129789352,56.2000007629395 107.815508961678,10.8081065416336,56.2000007629395 107.815512180328,10.8080950975418,56.2000007629395 107.815518736839,10.8080813884735,56.2000007629395 107.815525174141,10.8080688714981,56.2000007629395 107.81552863121,10.8080636262894,56.2000007629395 107.815535306931,10.8080557584763,56.2000007629395 107.815539360046,10.8080495595932,56.4000015258789 107.815541863441,10.8080413341522,56.4000015258789 107.815544366837,10.8080341815948,56.4000015258789 107.815544366837,10.8080286979675,56.4000015258789 107.815548300743,10.8080215454102,56.2000007629395 107.815547227859,10.8080170154572,56.2000007629395 107.815551638603,10.8080102205276,56.2000007629395 107.81555056572,10.8080041408539,56.2000007629395 107.815547704697,10.8079987764359,56.2000007629395 107.815546274185,10.8079892396927,56.2000007629395 107.815542221069,10.8079781532288,56.2000007629395 107.81554043293,10.8079687356949,56.4000015258789 107.815537929535,10.8079612255096,56.4000015258789 107.815531849861,10.8079537153244,56.4000015258789 107.815525531769,10.8079462051392,56.4000015258789 107.815520405769,10.8079377412796,56.5999984741211 107.81551527977,10.807928442955,56.5999984741211 107.815510869026,10.8079179525375,56.5999984741211 107.81550681591,10.8079100847244,56.7999992370605 107.815503358841,10.8079025745392,56.7999992370605 107.815501213074,10.8078937530518,57.0 107.815497398376,10.8078851699829,57.0 107.815495848656,10.8078780174255,57.0 107.815495610237,10.8078691959381,57.0 107.815494656563,10.8078600168228,56.7999992370605 107.815493583679,10.8078503608704,56.7999992370605 107.815489530563,10.8078371286392,56.7999992370605 107.815487265587,10.8078258037567,56.7999992370605 107.815489053726,10.8078159093857,56.7999992370605 107.815490841866,10.8078055381775,57.0 107.815489888191,10.8077948093414,57.0 107.81548345089,10.8077849149704,57.2000007629395 107.815477490425,10.8077771663666,57.2000007629395 107.815474152565,10.8077710866928,57.4000015258789 107.815467596054,10.8077642917633,57.4000015258789 107.815456628799,10.8077583312988,57.4000015258789 107.815449476242,10.8077532052994,57.4000015258789 107.815448403358,10.8077490329742,57.4000015258789 107.81544148922,10.8077419996262,57.4000015258789 107.815432667732,10.8077372312546,57.4000015258789 107.815425753593,10.8077327013016,57.4000015258789 107.815419912338,10.80772960186,57.4000015258789 107.815413355827,10.80772793293,57.4000015258789 107.815405845642,10.807727098465,57.4000015258789 107.815397262573,10.8077275753021,57.4000015258789 107.815388798714,10.807727098465,57.5999984741211 107.815382480621,10.8077275753021,57.5999984741211 107.81537425518,10.8077249526978,57.5999984741211 107.815368533134,10.8077251911163,57.5999984741211 107.81536257267,10.8077259063721,57.7999992370605 107.815354704857,10.8077259063721,57.7999992370605 107.815348505974,10.8077254295349,58.0 107.815339446068,10.8077238798141,58.0 107.815329551697,10.8077247142792,58.0 107.815317988396,10.8077268600464,58.2000007629395 107.815307378769,10.8077273368835,58.2000007629395 107.815295934677,10.8077301979065,58.0 107.815284371376,10.8077335357666,58.0 107.815269351006,10.8077363967896,58.0 107.815258145332,10.8077377080917,58.0 107.815249681473,10.8077380657196,57.7999992370605 107.815244317055,10.8077371120453,57.7999992370605 107.815239310265,10.8077363967896,57.7999992370605 107.815232157707,10.8077360391617,57.7999992370605 107.81522667408,10.8077358007431,57.7999992370605 107.815221428871,10.8077349662781,57.7999992370605 107.815215945244,10.8077344894409,57.7999992370605 107.815209150314,10.8077327013016,57.5999984741211 107.815202474594,10.8077327013016,57.5999984741211 107.815193414688,10.8077335357666,57.5999984741211 107.815181493759,10.807734131813,57.5999984741211 107.815170764923,10.8077356815338,57.7999992370605 107.815161585808,10.8077373504639,58.0 107.815152168274,10.8077380657196,58.2000007629395 107.815141439438,10.8077380657196,58.2000007629395 107.815129995346,10.8077385425568,58.2000007629395 107.815118312836,10.8077394962311,58.2000007629395 107.815108418465,10.8077392578125,58.2000007629395 107.815099596977,10.8077372312546,58.2000007629395 107.815088033676,10.8077372312546,58.2000007629395 107.815075516701,10.8077393770218,58.2000007629395 107.815065026283,10.8077411651611,58.2000007629395 107.815057992935,10.8077447414398,58.2000007629395 107.815048575401,10.80774974823,58.0 107.815038084984,10.8077546358109,58.0 107.815028190613,10.8077613115311,58.0 107.815022110939,10.8077679872513,58.0 107.81501686573,10.8077729940414,58.0 107.815010309219,10.8077778816223,58.0 107.815002560616,10.8077828884125,58.0 107.81499350071,10.8077870607376,58.0 107.814984083176,10.8077911138535,58.0 107.814981222153,10.8077936172485,58.0 107.814980864525,10.8077956438065,58.0 107.81497824192,10.8078014850616,58.0 107.81497490406,10.8078072071075,58.0 107.814967632294,10.8078076839447,58.0 107.814955472946,10.8078103065491,58.0 107.81494641304,10.8078128099442,58.0 107.814940452576,10.8078161478043,58.0 107.81493139267,10.8078185319901,58.0 107.814923167229,10.8078212738037,58.0 107.814914822578,10.8078241348267,58.0 107.8149061203,10.8078285455704,58.0 107.814900398254,10.8078329563141,58.0 107.81489777565,10.8078383207321,58.0 107.814895033836,10.8078435659409,58.0 107.814890623093,10.8078526258469,58.0 107.814886689186,10.8078625202179,58.0 107.814885258675,10.8078736066818,58.0 107.81488096714,10.80788230896,58.0 107.81487762928,10.807887673378,58.0 107.814876675606,10.807888507843,58.0 107.814874172211,10.8078911304474,57.7999992370605 107.814870595932,10.807893872261,57.7999992370605 107.814868211746,10.8078963756561,57.7999992370605 107.814862251282,10.807900428772,57.7999992370605 107.814856410027,10.8079031705856,58.0 107.814851999283,10.8079074621201,58.0 107.814847946167,10.8079118728638,58.0 107.814845323563,10.8079175949097,58.0 107.81484246254,10.8079205751419,58.0 107.814841151237,10.8079242706299,58.0 107.814839720726,10.8079280853271,58.0 107.814836025238,10.8079326152802,58.0 107.814833641052,10.8079353570938,58.2000007629395 107.814829230309,10.8079372644424,58.2000007629395 107.814831137657,10.8079423904419,58.2000007629395 107.814833641052,10.8079466819763,58.0 107.814836263657,10.8079520463943,58.0 107.814836978912,10.8079568147659,58.0 107.814839720726,10.8079637289047,57.7999992370605 107.81483912468,10.807968378067,57.7999992370605 107.814837098122,10.8079713582993,57.7999992370605 107.814838171005,10.8079760074615,57.7999992370605 107.814838290215,10.8079798221588,57.7999992370605 107.814837694168,10.8079817295074,57.7999992370605 107.814836740494,10.807984828949,58.0 107.814835190773,10.8079870939255,58.0 107.814834475517,10.8079881668091,58.0 107.814833760262,10.8079873323441,58.0 107.814832925797,10.8079869747162,58.0 107.814829468727,10.8079874515533,57.7999992370605 107.814825892448,10.8079870939255,57.7999992370605 107.814821839333,10.8079870939255,57.7999992370605 107.814816951752,10.8079897165298,57.5999984741211 107.814811825752,10.8079895973206,57.5999984741211 107.814806342125,10.807990193367,57.5999984741211 107.814798951149,10.8079917430878,57.5999984741211 107.814793944359,10.8079950809479,57.4000015258789 107.814789414406,10.8079978227615,57.4000015258789 107.81478536129,10.8080015182495,57.4000015258789 107.814778208733,10.8080009222031,57.4000015258789 107.814772963524,10.8080052137375,57.4000015258789 107.814767837524,10.8080096244812,57.4000015258789 107.814764738083,10.8080149888992,57.4000015258789 107.814762711525,10.8080198764801,57.4000015258789 107.814761519432,10.808025598526,57.4000015258789 107.814760923386,10.8080328702927,57.4000015258789 107.814757823944,10.8080399036407,57.4000015258789 107.814754247665,10.8080469369888,57.4000015258789 107.814752221107,10.8080542087555,57.4000015258789 107.814749360085,10.8080605268478,57.4000015258789 107.814745306969,10.8080686330795,57.2000007629395 107.814745783806,10.8080751895905,57.2000007629395 107.814745545387,10.808079957962,57.2000007629395 107.814744353294,10.8080859184265,57.2000007629395 107.814746260643,10.8080968856812,57.2000007629395 107.814746618271,10.8081055879593,57.2000007629395 107.814746022224,10.8081109523773,57.0 107.814745783806,10.8081177473068,57.0 107.814747691154,10.8081287145615,57.0 107.814751029015,10.8081368207932,57.0 107.814751625061,10.808140873909,57.0 107.81475186348,10.8081471920013,57.0 107.814754843712,10.8081548213959,56.7999992370605 107.814759373665,10.808158993721,56.7999992370605 107.814761042595,10.8081634044647,56.5999984741211 107.814759373665,10.8081686496735,56.5999984741211 107.814752817154,10.8081763982773,56.5999984741211 107.814744472504,10.808181643486,56.5999984741211 107.814737558365,10.8081837892532,56.4000015258789 107.814730525017,10.8081883192062,56.4000015258789 107.814723491669,10.8081909418106,56.4000015258789 107.814717411995,10.8081920146942,56.4000015258789 107.814711332321,10.8081936836243,56.4000015258789 107.81470489502,10.8081963062286,56.2000007629395 107.814694523811,10.8081983327866,56.2000007629395 107.814684033394,10.8081985712051,56.2000007629395 107.814676165581,10.8081963062286,56.2000007629395 107.814670205116,10.8081909418106,56.2000007629395 107.814666748047,10.808184504509,56.2000007629395 107.814661860466,10.8081796169281,56.0 107.814658403397,10.8081748485565,56.0 107.814655065536,10.8081661462784,56.0 107.814647674561,10.8081578016281,56.0 107.814641356468,10.8081511259079,56.0 107.814635753632,10.8081471920013,56.0 107.814631104469,10.8081418275833,56.0 107.814629435539,10.8081361055374,56.0 107.8146225214,10.8081299066544,56.0 107.814613938332,10.808122754097,56.0 107.814606189728,10.8081191778183,56.0 107.814601421356,10.808114528656,56.0 107.81459903717,10.8081111907959,56.0 107.814596056938,10.8081104755402,56.0 107.814595222473,10.8081078529358,56.0 107.814594268799,10.8081022500992,56.0 107.814593553543,10.8080962896347,56.0 107.814591765404,10.8080906867981,56.0 107.814592242241,10.8080847263336,56.0 107.814590334892,10.8080810308456,56.0 107.814590096474,10.8080770969391,56.0 107.81458902359,10.8080770969391,56.0 107.814592123032,10.8080720901489,56.0 107.814590096474,10.8080661296844,56.0 107.81459236145,10.8080593347549,56.0 107.814593315125,10.8080550432205,56.0 107.814596295357,10.8080502748489,56.2000007629395 107.814598321915,10.8080450296402,56.2000007629395 107.814602017403,10.8080418109894,56.2000007629395 107.814604640007,10.808039188385,56.2000007629395 107.814599990845,10.808039188385,56.4000015258789 107.814599275589,10.8080364465714,56.4000015258789 107.814596295357,10.8080345392227,56.4000015258789 107.814595580101,10.8080333471298,56.5999984741211 107.814596891403,10.808032989502,56.5999984741211 107.814595460892,10.8080335855484,56.7999992370605 107.814595222473,10.808030962944,56.7999992370605 107.814594268799,10.8080322742462,57.0 107.814590930939,10.8080304861069,57.0 107.814587116241,10.8080272674561,57.0 107.814584374428,10.8080239295959,57.0 107.814583897591,10.8080199956894,57.0 107.814582467079,10.8080167770386,57.0 107.814579844475,10.8080163002014,57.0 107.814579129219,10.8080154657364,57.2000007629395 107.814576983452,10.8080151081085,57.2000007629395 107.814577579498,10.8080127239227,57.4000015258789 107.814576148987,10.8080108165741,57.4000015258789 107.814571976662,10.8080081939697,57.4000015258789 107.814563989639,10.8080019950867,57.4000015258789 107.814558506012,10.8079974651337,57.4000015258789 107.814552783966,10.8079922199249,57.4000015258789 107.81455051899,10.8079866170883,57.4000015258789 107.814549326897,10.8079791069031,57.4000015258789 107.814550161362,10.8079741001129,57.4000015258789 107.814549207687,10.807972073555,57.4000015258789 107.814542412758,10.8079682588577,57.2000007629395 107.814539194107,10.8079658746719,57.2000007629395 107.814535498619,10.8079627752304,57.2000007629395 107.814532518387,10.8079599142075,57.2000007629395 107.814529538155,10.8079574108124,57.4000015258789 107.814527392387,10.8079555034637,57.4000015258789 107.814523220062,10.8079541921616,57.4000015258789 107.814522862434,10.8079512119293,57.4000015258789 107.814513683319,10.8079471588135,57.4000015258789 107.814509749413,10.8079472780228,57.5999984741211 107.814510583878,10.807941198349,57.5999984741211 107.814509630203,10.8079326152802,57.4000015258789 107.814504027367,10.8079235553741,57.4000015258789 107.814498782158,10.8079164028168,57.2000007629395 107.814495444298,10.8079088926315,57.2000007629395 107.814491510391,10.8079031705856,57.2000007629395 107.814485311508,10.8078998327255,57.2000007629395 107.814474701881,10.8078941106796,57.2000007629395 107.814465284348,10.807887673378,57.4000015258789 107.814456939697,10.8078842163086,57.4000015258789 107.814449071884,10.8078857660294,57.4000015258789 107.814439177513,10.8078866004944,57.4000015258789 107.81442797184,10.8078881502151,57.5999984741211 107.81441628933,10.8078910112381,57.5999984741211 107.814407229424,10.8078912496567,57.5999984741211 107.81440114975,10.8078879117966,57.4000015258789 107.814393639565,10.8078835010529,57.4000015258789 107.814386487007,10.80788230896,57.4000015258789 107.814377784729,10.8078815937042,57.4000015258789 107.814369320869,10.8078761100769,57.4000015258789 107.814360380173,10.8078689575195,57.4000015258789 107.814351201057,10.8078632354736,57.4000015258789 107.814342260361,10.8078595399857,57.2000007629395 107.814334273338,10.8078547716141,57.2000007629395 107.814327597618,10.8078479766846,57.2000007629395 107.814323067665,10.8078417778015,57.2000007629395 107.814317584038,10.8078377246857,57.2000007629395 107.814311146736,10.8078321218491,57.2000007629395 107.814304590225,10.8078244924545,57.2000007629395 107.81430208683,10.8078153133392,57.2000007629395 107.814298033714,10.8078060150146,57.2000007629395 107.814295887947,10.8078026771545,57.4000015258789 107.814289093018,10.807799577713,57.4000015258789 107.814275145531,10.8077936172485,57.4000015258789 107.814263701439,10.8077887296677,57.4000015258789 107.814253926277,10.8077850341797,57.4000015258789 107.814245462418,10.8077797889709,57.4000015258789 107.81423830986,10.8077746629715,57.4000015258789 107.814235210419,10.8077728748322,57.2000007629395 107.814225792885,10.8077725172043,57.2000007629395 107.81421661377,10.8077691793442,57.2000007629395 107.814210414886,10.8077651262283,57.2000007629395 107.814205288887,10.8077611923218,57.2000007629395 107.814210414886,10.8077654838562,57.2000007629395 107.814209938049,10.8077617883682,57.4000015258789 107.81421148777,10.8077571392059,57.4000015258789 107.814204335213,10.80775141716,57.4000015258789 107.814197301865,10.8077447414398,57.4000015258789 107.814192056656,10.8077367544174,57.4000015258789 107.814190268517,10.8077139854431,57.4000015258789 107.814186930656,10.8077032566071,57.4000015258789 107.814185380936,10.8076955080032,57.4000015258789 107.814180731773,10.8076894283295,57.4000015258789 107.81417787075,10.8076835870743,57.4000015258789 107.814178943634,10.8076783418655,57.4000015258789 107.814178705215,10.8076764345169,57.4000015258789 107.81417787075,10.8076745271683,57.4000015258789 107.814178586006,10.8076704740524,57.4000015258789 107.814177632332,10.8076657056808,57.4000015258789 107.814179301262,10.8076626062393,57.4000015258789 107.81417787075,10.8076608181,57.4000015258789 107.814178824425,10.8076602220535,57.4000015258789 107.814178109169,10.8076597452164,57.4000015258789 107.814178228378,10.8076590299606,57.4000015258789 107.814178705215,10.8076581954956,57.4000015258789 107.814179301262,10.8076573610306,57.4000015258789 107.814180135727,10.8076564073563,57.4000015258789 107.814180850983,10.8076555728912,57.4000015258789 107.81418132782,10.8076549768448,57.4000015258789 107.814182043076,10.8076541423798,57.4000015258789 107.814182519913,10.8076533079147,57.4000015258789 107.81418299675,10.8076524734497,57.4000015258789 107.814183354378,10.8076514005661,57.4000015258789 107.81418299675,10.8076503276825,57.4000015258789 107.814183592796,10.8076502084732,58.5999984741211 107.81418299675,10.8076498508453,58.5999984741211 107.814183354378,10.8076487779617,58.7999992370605 107.814181566238,10.8076502084732,59.0 107.814184904099,10.8076487779617,59.0 107.814184308052,10.8076478242874,58.7999992370605 107.81418466568,10.8076477050781,58.7999992370605 107.814185023308,10.8076471090317,58.7999992370605 107.814184427261,10.8076461553574,58.7999992370605 107.814183831215,10.8076454401016,58.7999992370605 107.814183473587,10.807645201683,58.7999992370605 107.81418299675,10.8076442480087,58.5999984741211 107.814184427261,10.8076441287994,58.5999984741211 107.814184784889,10.8076440095901,58.5999984741211 107.814178705215,10.8076429367065,58.5999984741211 107.81417620182,10.8076409101486,58.5999984741211 107.814173936844,10.8076378107071,58.5999984741211 107.814169883728,10.8076337575912,58.5999984741211 107.814160704613,10.8076287508011,58.5999984741211 107.814154863358,10.8076242208481,58.5999984741211 107.814150214195,10.8076219558716,58.4000015258789 107.814144611359,10.8076195716858,58.4000015258789 107.814139246941,10.8076181411743,58.2000007629395 107.814127087593,10.8076165914536,58.2000007629395 107.814118623734,10.8076169490814,58.0 107.81411075592,10.8076157569885,58.0 107.814101219177,10.8076130151749,58.0 107.814092278481,10.8076138496399,58.0 107.814086437225,10.8076161146164,57.7999992370605 107.814076185226,10.8076156377792,57.7999992370605 107.814067721367,10.8076145648956,57.7999992370605 107.814058899879,10.8076092004776,57.7999992370605 107.814048171043,10.8076056241989,57.7999992370605 107.814038515091,10.8076084852219,57.7999992370605 107.814030170441,10.8076093196869,57.5999984741211 107.81402027607,10.8076077699661,57.5999984741211 107.814011096954,10.8076066970825,57.5999984741211 107.814002871513,10.8076050281525,57.4000015258789 107.813997149467,10.8076038360596,57.4000015258789 107.813991904259,10.8075993061066,57.4000015258789 107.813984036446,10.8075904846191,57.4000015258789 107.813978672028,10.8075844049454,57.4000015258789 107.813974261284,10.8075815439224,57.2000007629395 107.813969016075,10.8075784444809,57.2000007629395 107.813963413239,10.8075762987137,57.2000007629395 107.81395816803,10.8075748682022,57.2000007629395 107.813952684402,10.8075714111328,57.2000007629395 107.813945055008,10.8075659275055,57.2000007629395 107.813941955566,10.8075637817383,57.2000007629395 107.813936471939,10.8075622320175,57.2000007629395 107.813935875893,10.8075572252274,57.2000007629395 107.813933134079,10.8075524568558,57.2000007629395 107.813927769661,10.8075503110886,57.2000007629395 107.813920736313,10.8075474500656,57.5999984741211 107.813913941383,10.8075438737869,57.7999992370605 107.813909053802,10.8075400590897,57.7999992370605 107.813904047012,10.8075358867645,57.7999992370605 107.813897967339,10.8075325489044,57.7999992370605 107.813890218735,10.8075302839279,57.7999992370605 107.813881635666,10.8075289726257,57.7999992370605 107.813871264458,10.8075251579285,57.7999992370605 107.813865303993,10.8075213432312,57.7999992370605 107.813864350319,10.8075201511383,57.7999992370605 107.8138641119,10.8075212240219,57.7999992370605 107.813863396645,10.8075217008591,57.5999984741211 107.813863158226,10.8075214624405,57.5999984741211 107.81386244297,10.8075218200684,57.5999984741211 107.813861846924,10.8075206279755,57.5999984741211 107.813861846924,10.807515501976,57.5999984741211 107.8138641119,10.8075082302094,57.4000015258789 107.813864946365,10.8075008392334,57.4000015258789 107.813861727715,10.8074948787689,57.4000015258789 107.813855051994,10.8074901103973,57.2000007629395 107.813848137856,10.8074828386307,57.2000007629395 107.813841938972,10.8074774742126,57.0 107.813836932182,10.8074742555618,57.0 107.813830256462,10.8074706792831,57.0 107.813821911812,10.807466506958,57.0 107.813815116882,10.8074605464935,57.0 107.813808321953,10.8074535131454,57.0 107.813800930977,10.807449221611,57.2000007629395 107.813792109489,10.8074425458908,57.2000007629395 107.81378364563,10.807435631752,57.2000007629395 107.813778400421,10.8074330091476,57.2000007629395 107.813773751259,10.8074288368225,57.4000015258789 107.813769698143,10.8074229955673,57.4000015258789 107.813766598701,10.8074157238007,57.4000015258789 107.813764691353,10.8074077367783,57.4000015258789 107.813761711121,10.8074005842209,57.4000015258789 107.813759326935,10.8073953390121,57.5999984741211 107.813758134842,10.8073918819427,57.5999984741211 107.813755393028,10.807389497757,57.7999992370605 107.813754916191,10.8073844909668,57.7999992370605 107.813752412796,10.807377576828,57.7999992370605 107.813749432564,10.8073720932007,57.7999992370605 107.81374502182,10.8073660135269,57.7999992370605 107.813743233681,10.8073590993881,57.7999992370605 107.813741445541,10.8073500394821,57.7999992370605 107.813739418983,10.8073410987854,57.7999992370605 107.813739418983,10.8073291778564,57.7999992370605 107.813737988472,10.8073202371597,57.7999992370605 107.813735723495,10.8073134422302,57.7999992370605 107.813736081123,10.8073049783707,57.7999992370605 107.81373488903,10.807296037674,57.7999992370605 107.813734173775,10.8072922229767,57.7999992370605 107.813733458519,10.8072869777679,57.7999992370605 107.813732862473,10.8072814941406,57.7999992370605 107.813734292984,10.8072741031647,57.7999992370605 107.813735127449,10.807265996933,57.7999992370605 107.813737392426,10.8072605133057,57.7999992370605 107.813740611076,10.8072556257248,57.7999992370605 107.81374168396,10.807248711586,57.7999992370605 107.813741922379,10.8072407245636,57.7999992370605 107.813740491867,10.8072326183319,57.7999992370605 107.813739657402,10.8072253465652,57.7999992370605 107.813742637634,10.8072202205658,57.7999992370605 107.813747167587,10.8072142601013,57.5999984741211 107.813749909401,10.8072094917297,57.5999984741211 107.813753962517,10.8072043657303,57.5999984741211 107.813754558563,10.8071985244751,57.5999984741211 107.81375670433,10.8071916103363,57.5999984741211 107.813759207726,10.8071876764297,57.5999984741211 107.813757181168,10.8071829080582,57.7999992370605 107.813754320145,10.807178735733,57.7999992370605 107.813749909401,10.8071684837341,57.7999992370605 107.813742518425,10.8071632385254,57.7999992370605 107.813737750053,10.807159781456,57.7999992370605 107.813729047775,10.807149887085,58.0 107.813723087311,10.8071397542953,58.0 107.813720703125,10.8071281909943,58.2000007629395 107.813720703125,10.8071197271347,58.2000007629395 107.813721179962,10.8071110248566,58.2000007629395 107.813722848892,10.807103395462,58.2000007629395 107.813722729683,10.8070974349976,58.2000007629395 107.813724279404,10.8070917129517,58.2000007629395 107.813724517822,10.80708527565,58.2000007629395 107.813723802567,10.8070774078369,58.4000015258789 107.813722372055,10.8070710897446,58.4000015258789 107.813722252846,10.8070650100708,58.2000007629395 107.81371986866,10.8070592880249,58.2000007629395 107.813717842102,10.8070549964905,58.2000007629395 107.813717126846,10.8070510625839,58.2000007629395 107.813717126846,10.8070479631424,58.2000007629395 107.813717722893,10.8070456981659,58.2000007629395 107.813717126846,10.8070437908173,58.2000007629395 107.813717603683,10.8070394992828,58.2000007629395 107.813717365265,10.8070333003998,58.2000007629395 107.813715219498,10.8070256710052,58.2000007629395 107.813715577126,10.8070205450058,58.2000007629395 107.813719630241,10.8070169687271,58.2000007629395 107.813718676567,10.8070120811462,58.4000015258789 107.813723325729,10.8070021867752,58.4000015258789 107.813729763031,10.8069927692413,58.4000015258789 107.813732743263,10.806990146637,58.4000015258789 107.813731908798,10.8069875240326,58.5999984741211 107.813731789589,10.8069870471954,58.5999984741211 107.813733100891,10.8069877624512,58.7999992370605 107.813732743263,10.8069866895676,58.5999984741211 107.813740730286,10.8069798946381,58.4000015258789 107.813740611076,10.8069729804993,58.4000015258789 107.813737511635,10.806968331337,58.4000015258789 107.813739061356,10.8069676160812,58.4000015258789 107.813737392426,10.8069624900818,58.5999984741211 107.813737392426,10.8069602251053,59.0 107.813738107681,10.8069585561752,59.2000007629395 107.813738584518,10.8069558143616,59.2000007629395 107.813739657402,10.806954741478,59.2000007629395 107.813741087914,10.8069536685944,59.2000007629395 107.813740253448,10.8069504499435,59.4000015258789 107.81374001503,10.8069486618042,59.4000015258789 107.813740849495,10.8069478273392,59.4000015258789 107.813740491867,10.806947350502,59.4000015258789 107.813736081123,10.8069446086884,59.4000015258789 107.813734292984,10.806941986084,59.4000015258789 107.813736200333,10.8069381713867,59.4000015258789 107.813736915588,10.8069344758987,59.4000015258789 107.813739061356,10.8069328069687,59.2000007629395 107.813738942146,10.8069297075272,59.2000007629395 107.81374001503,10.8069274425507,59.0 107.813738584518,10.8069275617599,59.0 107.813737988472,10.8069281578064,58.7999992370605 107.81373488903,10.8069251775742,58.7999992370605 107.813729286194,10.8069214820862,58.7999992370605 107.813723325729,10.8069196939468,58.7999992370605 107.813721179962,10.8069175481796,58.7999992370605 107.813718318939,10.8069167137146,58.7999992370605 107.813708424568,10.8069097995758,58.7999992370605 107.813702344894,10.806908249855,58.7999992370605 107.813695430756,10.8069083690643,58.7999992370605 107.813690900803,10.8069103956223,59.2000007629395 107.813686013222,10.8069069385529,59.2000007629395 107.813675880432,10.8069031238556,59.2000007629395 107.813671708107,10.8068974018097,59.2000007629395 107.813671469688,10.8068920373917,59.2000007629395 107.813667058945,10.806892991066,59.0 107.813663005829,10.8068912029266,58.7999992370605 107.813655018806,10.8068871498108,58.5999984741211 107.813647389412,10.8068823814392,58.4000015258789 107.813642024994,10.8068751096725,58.4000015258789 107.813636898994,10.8068675994873,58.4000015258789 107.813631176949,10.8068609237671,58.5999984741211 107.813627362251,10.8068531751633,58.5999984741211 107.813622832298,10.8068438768387,58.7999992370605 107.813620328903,10.8068360090256,58.7999992370605 107.813621520996,10.8068318367004,58.7999992370605 107.813623309135,10.8068296909332,58.7999992370605 107.81362247467,10.8068321943283,58.7999992370605 107.813621759415,10.8068311214447,58.5999984741211 107.81362247467,10.806830406189,58.5999984741211 107.813621878624,10.8068313598633,58.5999984741211 107.813622951508,10.806831240654,58.5999984741211 107.813623428345,10.8068302869797,58.5999984741211 107.813623905182,10.806830406189,58.5999984741211 107.8136241436,10.8068306446075,58.5999984741211 107.813625335693,10.8068299293518,58.5999984741211 107.813626527786,10.8068256378174,58.5999984741211 107.813629508018,10.8068209886551,58.7999992370605 107.813630580902,10.8068174123764,58.7999992370605 107.813631415367,10.8068164587021,58.7999992370605 107.813630700111,10.8068153858185,58.7999992370605 107.813631057739,10.8068141937256,58.7999992370605 107.813630580902,10.8068150281906,58.7999992370605 107.813631534576,10.8068145513535,58.7999992370605 107.813632130623,10.8068135976791,58.7999992370605 107.813631176949,10.8068059682846,58.7999992370605 107.813631772995,10.8068008422852,58.7999992370605 107.813631772995,10.8067976236343,59.0 107.813634991646,10.8067928552628,59.0 107.813637018204,10.8067893981934,59.0 107.813644051552,10.8067891597748,59.0 107.813652992249,10.8067890405655,59.2000007629395 107.813660025597,10.8067858219147,59.2000007629395 107.813662290573,10.8067827224731,59.2000007629395 107.813661575317,10.8067787885666,59.2000007629395 107.813661575317,10.8067741394043,59.4000015258789 107.81366121769,10.8067705631256,59.5999984741211 107.813662290573,10.8067603111267,59.5999984741211 107.813662409782,10.80675137043,59.7999992370605 107.813662648201,10.8067454099655,60.0 107.813664197922,10.8067418336868,59.7999992370605 107.813666582108,10.806739449501,59.7999992370605 107.813657283783,10.8067345619202,60.0 107.813649058342,10.8067307472229,60.2000007629395 107.813637495041,10.806734919548,60.4000015258789 107.813630580902,10.8067351579666,60.4000015258789 107.813628554344,10.806732416153,60.2000007629395 107.81361579895,10.8067290782928,60.2000007629395 107.813606023788,10.8067253828049,60.2000007629395 107.813603639603,10.8067232370377,60.0 107.813594341278,10.806716799736,60.0 107.813591003418,10.806715130806,59.7999992370605 107.813586473465,10.8067102432251,59.7999992370605 107.813586354256,10.8067084550858,59.5999984741211 107.813585162163,10.8067071437836,59.5999984741211 107.813579201698,10.8067041635513,59.4000015258789 107.813570141792,10.8066996335983,59.4000015258789 107.813564419746,10.8066914081573,59.4000015258789 107.813562870026,10.8066798448563,59.4000015258789 107.813561677933,10.8066726922989,59.2000007629395 107.813561201096,10.8066700696945,59.2000007629395 107.813559293747,10.8066630363464,59.2000007629395 107.813557267189,10.8066562414169,59.2000007629395 107.813554048538,10.8066504001617,59.2000007629395 107.813551783562,10.8066456317902,59.2000007629395 107.813546538353,10.8066425323486,59.4000015258789 107.813541054726,10.806639790535,59.4000015258789 107.813536882401,10.8066358566284,59.4000015258789 107.813534379005,10.8066288232803,59.5999984741211 107.813531279564,10.8066248893738,59.5999984741211 107.813529491425,10.8066217899323,59.5999984741211 107.813527703285,10.8066188097,59.5999984741211 107.813526749611,10.8066164255142,59.5999984741211 107.813525676727,10.8066154718399,59.4000015258789 107.813523411751,10.8066132068634,59.4000015258789 107.813523411751,10.8066074848175,59.4000015258789 107.813523292542,10.8066051006317,59.4000015258789 107.813521385193,10.8066034317017,59.4000015258789 107.813520550728,10.8066037893295,59.4000015258789 107.813518285751,10.8065993785858,59.2000007629395 107.813514232635,10.8065934181213,59.2000007629395 107.813510417938,10.8065863847733,59.2000007629395 107.813505172729,10.8065795898438,59.2000007629395 107.813503146172,10.8065770864487,59.2000007629395 107.813501596451,10.8065762519836,59.0 107.813498616219,10.8065725564957,59.0 107.813488960266,10.8065680265427,59.0 107.813480615616,10.8065620660782,59.0 107.813475966454,10.8065527677536,59.0 107.813471794128,10.8065422773361,59.0 107.813472151756,10.8065340518951,59.0 107.813472628593,10.806524515152,59.0 107.813472747803,10.8065148591995,59.2000007629395 107.813473105431,10.8065059185028,59.2000007629395 107.813473939896,10.8064982891083,59.2000007629395 107.813469529152,10.8064895868301,59.2000007629395 107.813467383385,10.8064815998077,59.2000007629395 107.813470244408,10.8064770698547,59.2000007629395 107.81346809864,10.8064700365067,59.2000007629395 107.813462495804,10.8064562082291,59.2000007629395 107.813459396362,10.806445479393,59.2000007629395 107.813458800316,10.80644094944,59.2000007629395 107.813457846642,10.8064345121384,59.2000007629395 107.813460707664,10.8064291477203,59.2000007629395 107.813462018967,10.8064231872559,59.2000007629395 107.813462972641,10.8064188957214,59.0 107.813462972641,10.8064148426056,59.0 107.81346142292,10.8064132928848,59.0 107.813462138176,10.8064106702805,59.0 107.813461780548,10.8064087629318,59.0 107.813463449478,10.806405544281,59.2000007629395 107.813466906548,10.8064019680023,59.2000007629395 107.813467621803,10.8063970804214,59.2000007629395 107.813469171524,10.8063914775848,59.2000007629395 107.813469171524,10.8063873052597,59.2000007629395 107.813466310501,10.8063784837723,59.2000007629395 107.813465356827,10.8063722848892,59.2000007629395 107.813460230827,10.8063670396805,59.2000007629395 107.813455343246,10.8063592910767,59.4000015258789 107.813452243805,10.8063504695892,59.4000015258789 107.813445925713,10.8063371181488,59.4000015258789 107.813445210457,10.8063286542892,59.4000015258789 107.813445329666,10.8063192367554,59.4000015258789 107.813443541527,10.8063095808029,59.5999984741211 107.813439488411,10.8063020706177,59.5999984741211 107.81343793869,10.8062986135483,59.5999984741211 107.813436985016,10.8062962293625,59.7999992370605 107.813433766365,10.8062901496887,59.7999992370605 107.813432812691,10.8062834739685,59.7999992370605 107.813426733017,10.8062733411789,59.7999992370605 107.813418507576,10.8062618970871,59.7999992370605 107.813412547112,10.8062512874603,59.7999992370605 107.813410997391,10.8062423467636,59.7999992370605 107.813407421112,10.806233048439,59.7999992370605 107.813403725624,10.8062218427658,59.7999992370605 107.813397169113,10.8062117099762,59.7999992370605 107.813391208649,10.8062065839767,59.7999992370605 107.813383340836,10.8061958551407,59.7999992370605 107.813377380371,10.8061820268631,59.7999992370605 107.813375353813,10.8061714172363,59.7999992370605 107.813376188278,10.8061698675156,59.7999992370605 107.813376307487,10.8061678409576,59.7999992370605 107.813375711441,10.8061665296555,59.7999992370605 107.813375473022,10.8061630725861,60.0 107.81337594986,10.8061592578888,60.0 107.813379645348,10.8061615228653,60.0 107.813378572464,10.8061598539352,60.0 107.813376426697,10.8061580657959,60.0 107.813374876976,10.8061563968658,60.0 107.813376307487,10.8061538934708,60.0 107.813378334045,10.8061505556107,60.0 107.813379645348,10.8061516284943,60.2000007629395 107.81337916851,10.8061500787735,60.2000007629395 107.813379049301,10.8061426877975,60.2000007629395 107.813379406929,10.8061341047287,60.2000007629395 107.813380002975,10.8061256408691,60.0 107.813381433487,10.8061225414276,60.0 107.813384175301,10.8061227798462,60.0 107.813387870789,10.8061219453812,60.0 107.813391804695,10.8061196804047,60.0 107.813394427299,10.8061180114746,60.0 107.813394069672,10.8061172962189,60.0 107.813394427299,10.8061137199402,59.7999992370605 107.813399672508,10.8061121702194,59.7999992370605 107.813401579857,10.8061095476151,59.7999992370605 107.81340277195,10.8061065673828,59.7999992370605 107.813404321671,10.8061035871506,59.7999992370605 107.813406467438,10.8061013221741,59.7999992370605 107.81341278553,10.8061002492905,59.7999992370605 107.813415765762,10.8060956001282,59.7999992370605 107.813418745995,10.806091427803,59.7999992370605 107.813418388367,10.806089758873,59.7999992370605 107.813422560692,10.806086063385,59.7999992370605 107.813429474831,10.8060812950134,59.7999992370605 107.813434481621,10.8060773611069,59.7999992370605 107.813438534737,10.8060730695724,59.7999992370605 107.813441991806,10.8060674667358,59.7999992370605 107.813445210457,10.8060629367828,59.7999992370605 107.813447952271,10.8060593605042,59.7999992370605 107.813450932503,10.8060586452484,59.7999992370605 107.813456654549,10.8060572147369,59.7999992370605 107.813460111618,10.8060545921326,59.7999992370605 107.813462018967,10.8060526847839,60.0 107.813459038734,10.8060520887375,60.0 107.813460230827,10.8060525655746,60.2000007629395 107.813464999199,10.8060541152954,60.2000007629395 107.813471674919,10.8060619831085,60.2000007629395 107.813479304314,10.8060657978058,60.2000007629395 107.813487648964,10.8060669898987,60.2000007629395 107.81349503994,10.8060666322708,60.2000007629395 107.813502311707,10.8060649633408,60.2000007629395 107.813508749008,10.806060552597,60.2000007629395 107.813512682915,10.8060584068298,60.0 107.813521742821,10.8060507774353,59.7999992370605 107.813520312309,10.8060398101807,59.5999984741211 107.813518881798,10.8060284852982,59.5999984741211 107.813521981239,10.8060202598572,59.5999984741211 107.813531637192,10.8059993982315,59.5999984741211 107.813536643982,10.8059900999069,59.7999992370605 107.813543200493,10.8059836626053,59.7999992370605 107.813545703888,10.8059756755829,60.0 107.813552618027,10.8059697151184,60.2000007629395 107.813556194305,10.8059669733047,60.2000007629395 107.813558578491,10.8059631586075,60.2000007629395 107.813559293747,10.8059620857239,60.5999984741211 107.813560724258,10.805956363678,60.5999984741211 107.813563466072,10.8059490919113,61.0 107.813568115234,10.8059469461441,61.0 107.813571691513,10.8059383630753,61.2000007629395 107.81357562542,10.8059321641922,61.2000007629395 107.813579440117,10.8059206008911,61.2000007629395 107.813583493233,10.8059163093567,61.2000007629395 107.813585877419,10.8059159517288,61.2000007629395 107.813584089279,10.8059087991714,61.2000007629395 107.813582062721,10.8059002161026,61.2000007629395 107.813581109047,10.8058904409409,61.2000007629395 107.813584446907,10.8058813810349,61.2000007629395 107.813591718674,10.8058723211288,61.2000007629395 107.813596487045,10.8058655261993,61.2000007629395 107.813602566719,10.8058663606644,61.2000007629395 107.813601613045,10.8058564662933,61.2000007629395 107.81360077858,10.8058478832245,61.2000007629395 107.813602209091,10.8058435916901,61.2000007629395 107.813604712486,10.8058390617371,61.2000007629395 107.813607811928,10.8058314323425,61.2000007629395 107.813611865044,10.8058260679245,61.2000007629395 107.813618421555,10.8058167695999,61.4000015258789 107.813621759415,10.805810213089,61.4000015258789 107.813627123833,10.8058041334152,61.4000015258789 107.813630342484,10.8057956695557,61.4000015258789 107.813628435135,10.8057879209518,61.7999992370605 107.813626527786,10.8057850599289,62.0 107.813624858856,10.8057762384415,62.0 107.813626646996,10.8057713508606,62.2000007629395 107.813626527786,10.8057625293732,62.2000007629395 107.813628792763,10.805752158165,62.2000007629395 107.813628435135,10.8057438135147,62.2000007629395 107.813628196716,10.8057397603989,62.4000015258789 107.813629031181,10.8057371377945,62.4000015258789 107.813629627228,10.8057290315628,62.4000015258789 107.813624620438,10.805718421936,62.4000015258789 107.813623428345,10.8057105541229,62.4000015258789 107.813623070717,10.8057004213333,62.4000015258789 107.813622832298,10.8056926727295,62.4000015258789 107.813627839088,10.8056879043579,62.4000015258789 107.81363260746,10.8056837320328,62.4000015258789 107.813636660576,10.8056761026382,62.2000007629395 107.813642382622,10.8056695461273,62.2000007629395 107.813645005226,10.8056612014771,62.2000007629395 107.813650012016,10.8056523799896,62.4000015258789 107.813655853271,10.8056397438049,62.4000015258789 107.813661575317,10.8056316375732,62.4000015258789 107.813663005829,10.8056324720383,62.4000015258789 107.813661336899,10.8056284189224,62.4000015258789 107.813660621643,10.8056222200394,62.5999984741211 107.813660383224,10.8056170940399,62.5999984741211 107.813659787178,10.8056114912033,62.5999984741211 107.813660621643,10.8056098222733,62.5999984741211 107.813661456108,10.805605173111,62.5999984741211 107.81366121769,10.8056002855301,62.7999992370605 107.813662648201,10.8055967092514,62.7999992370605 107.813663482666,10.8055913448334,62.7999992370605 107.813665151596,10.8055863380432,62.7999992370605 107.813667178154,10.8055807352066,63.0 107.813667654991,10.8055694103241,63.0 107.813669681549,10.8055617809296,63.0 107.813673019409,10.8055565357208,63.0 107.813673973083,10.8055466413498,63.0 107.813675045967,10.8055362701416,63.0 107.813676834106,10.8055305480957,63.0 107.813671350479,10.8055206537247,63.0 107.813669919968,10.8055114746094,63.2000007629395 107.813673377037,10.8055073022842,63.2000007629395 107.813676118851,10.8055025339127,63.2000007629395 107.813670039177,10.8054890632629,63.2000007629395 107.81366455555,10.8054770231247,63.4000015258789 107.813660860062,10.8054670095444,63.4000015258789 107.81366121769,10.805459022522,63.4000015258789 107.813659548759,10.8054509162903,63.4000015258789 107.813662052155,10.8054423332214,63.2000007629395 107.81366288662,10.8054341077805,63.2000007629395 107.813665151596,10.8054274320602,63.2000007629395 107.813667416573,10.8054202795029,63.2000007629395 107.813670277596,10.8054084777832,63.2000007629395 107.813672780991,10.805400967598,63.2000007629395 107.813673138618,10.8053938150406,63.2000007629395 107.813676357269,10.8053834438324,63.4000015258789 107.813680291176,10.8053756952286,63.5999984741211 107.813682675362,10.8053678274155,63.5999984741211 107.813685894012,10.8053587675095,63.7999992370605 107.813689827919,10.8053510189056,63.7999992370605 107.813691139221,10.8053436279297,64.0 107.813692212105,10.8053374290466,64.1999969482422 107.813695430756,10.8053284883499,64.1999969482422 107.813698887825,10.8053212165833,64.4000015258789 107.813704133034,10.8053158521652,64.4000015258789 107.81371152401,10.8053090572357,64.5999984741211 107.813716173172,10.8053016662598,64.8000030517578 107.813722848892,10.8052932024002,64.8000030517578 107.813727736473,10.805287361145,65.0 107.813732862473,10.8052808046341,65.0 107.813739299774,10.805273771286,65.0 107.813748836517,10.8052667379379,65.0 107.813752651215,10.8052628040314,64.8000030517578 107.813756942749,10.805255651474,64.8000030517578 107.813760280609,10.8052462339401,64.8000030517578 107.813763737679,10.8052384853363,64.8000030517578 107.813765764236,10.8052320480347,64.8000030517578 107.813764214516,10.8052244186401,64.8000030517578 107.813765406609,10.80521941185,64.8000030517578 107.813770413399,10.8052133321762,64.8000030517578 107.813775420189,10.8052068948746,64.8000030517578 107.813780665398,10.8052002191544,64.8000030517578 107.813782930374,10.8051931858063,64.8000030517578 107.813785910606,10.805184841156,64.8000030517578 107.813786864281,10.8051786422729,64.8000030517578 107.813789486885,10.8051722049713,65.0 107.813792943954,10.8051636219025,65.0 107.813792824745,10.8051571846008,65.0 107.813793897629,10.805149435997,65.0 107.813798666,10.8051408529282,65.0 107.81380212307,10.8051275014877,65.0 107.813801527023,10.805107831955,64.8000030517578 107.813799381256,10.8050949573517,64.8000030517578 107.81380045414,10.8050947189331,64.8000030517578 107.813799738884,10.8050911426544,64.8000030517578 107.813799500465,10.8050847053528,64.8000030517578 107.813805103302,10.8050798177719,64.8000030517578 107.813809752464,10.8050736188889,65.0 107.813816547394,10.8050680160522,65.0 107.813827037811,10.8050620555878,65.0 107.813838243484,10.805055141449,65.0 107.813847780228,10.8050489425659,65.0 107.813852310181,10.8050442934036,65.0 107.813853144646,10.8050392866135,65.0 107.81385743618,10.8050358295441,65.1999969482422 107.813867092133,10.805037021637,65.1999969482422 107.813873291016,10.8050352334976,65.1999969482422 107.813876867294,10.8050329685211,65.1999969482422 107.813883781433,10.8050291538239,65.1999969482422 107.813889503479,10.8050253391266,65.1999969482422 107.813897609711,10.8050235509872,65.0 107.813908934593,10.8050227165222,65.0 107.813919305801,10.8050227165222,65.0 107.813927173615,10.8050230741501,65.1999969482422 107.813933730125,10.8050224781036,65.1999969482422 107.813944101334,10.8050240278244,65.1999969482422 107.813956618309,10.8050249814987,65.4000015258789 107.813964724541,10.8050233125687,65.4000015258789 107.813971757889,10.8050209283829,65.4000015258789 107.813978791237,10.805018901825,65.4000015258789 107.813974618912,10.8050192594528,65.4000015258789 107.813982248306,10.8050140142441,65.4000015258789 107.813995838165,10.8050098419189,65.4000015258789 107.814010500908,10.8050073385239,65.4000015258789 107.814023017883,10.805006980896,65.5999984741211 107.814029216766,10.8050060272217,66.1999969482422 107.814033746719,10.8050059080124,66.4000015258789 107.814042448997,10.805004119873,66.5999984741211 107.814055562019,10.8050019741058,66.5999984741211 107.814066886902,10.80499792099,66.5999984741211 107.814076781273,10.8049954175949,66.4000015258789 107.814083099365,10.8049945831299,66.4000015258789 107.814091682434,10.8049951791763,66.4000015258789 107.814102768898,10.8049954175949,66.1999969482422 107.814113140106,10.8049952983856,66.1999969482422 107.814126491547,10.8049945831299,66.0 107.814140558243,10.804994225502,66.0 107.814151644707,10.804993391037,66.0 107.814160346985,10.8049920797348,66.0 107.814165472984,10.8049906492233,65.8000030517578 107.814172029495,10.8049882650375,65.8000030517578 107.814183235168,10.8049869537354,65.8000030517578 107.814192771912,10.8049856424332,65.8000030517578 107.814201593399,10.8049855232239,65.8000030517578 107.814207911491,10.8049861192703,65.8000030517578 107.814212083817,10.8049865961075,65.8000030517578 107.814214468002,10.8049875497818,65.8000030517578 107.814217090607,10.8049875497818,65.8000030517578 107.814223885536,10.804988026619,65.5999984741211 107.814232587814,10.8049894571304,65.5999984741211 107.814237594604,10.8049904108047,65.5999984741211 107.814242601395,10.8049908876419,65.5999984741211 107.814251422882,10.8049917221069,65.5999984741211 107.814260005951,10.8049911260605,65.4000015258789 107.814269781113,10.8049931526184,65.4000015258789 107.814276218414,10.8049937486649,65.4000015258789 107.814283013344,10.8049930334091,65.4000015258789 107.814288854599,10.8049914836884,65.4000015258789 107.81429874897,10.8049912452698,65.4000015258789 107.814310312271,10.8049899339676,65.4000015258789 107.814320683479,10.804989695549,65.5999984741211 107.81433224678,10.8049881458282,65.5999984741211 107.814344406128,10.8049871921539,65.5999984741211 107.814356327057,10.8049850463867,65.5999984741211 107.814367175102,10.8049855232239,65.5999984741211 107.814374446869,10.804986000061,65.5999984741211 107.814378976822,10.8049844503403,65.5999984741211 107.814386844635,10.8049826622009,65.5999984741211 107.814396381378,10.8049832582474,65.5999984741211 107.814406991005,10.8049844503403,65.5999984741211 107.814416408539,10.8049840927124,65.5999984741211 107.814428567886,10.8049818277359,65.5999984741211 107.814441800117,10.8049802780151,65.8000030517578 107.814454674721,10.8049795627594,65.8000030517578 107.814461231232,10.8049772977829,65.8000030517578 107.814468383789,10.8049740791321,65.8000030517578 107.814476490021,10.8049703836441,65.8000030517578 107.81448507309,10.8049677610397,65.8000030517578 107.814494729042,10.8049649000168,66.0 107.814506173134,10.8049597740173,66.0 107.814519047737,10.8049525022507,66.0 107.814530134201,10.8049442768097,66.0 107.814537286758,10.8049365282059,66.0 107.814545035362,10.8049265146255,66.0 107.81455218792,10.8049173355103,66.0 107.814558148384,10.8049111366272,66.0 107.814566612244,10.804904460907,66.0 107.814574241638,10.8048956394196,66.0 107.814579963684,10.8048868179321,66.0 107.814583063126,10.8048782348633,66.0 107.814584136009,10.8048694133759,66.1999969482422 107.814584970474,10.8048590421677,66.1999969482422 107.814585328102,10.8048453330994,66.1999969482422 107.814586400986,10.8048342466354,66.1999969482422 107.81458902359,10.804824590683,66.1999969482422 107.814589381218,10.8048143386841,66.1999969482422 107.814587831497,10.8048067092896,66.1999969482422 107.814588665962,10.8047977685928,66.1999969482422 107.814588427544,10.8047856092453,66.1999969482422 107.814588546753,10.8047761917114,66.1999969482422 107.814588427544,10.804767370224,66.1999969482422 107.814588308334,10.8047587871552,66.4000015258789 107.814589500427,10.8047515153885,66.4000015258789 107.814592242241,10.8047435283661,66.5999984741211 107.814591646194,10.8047337532043,66.5999984741211 107.814591050148,10.8047232627869,66.5999984741211 107.814588904381,10.8047152757645,66.5999984741211 107.814587593079,10.8047088384628,66.8000030517578 107.814587116241,10.8047012090683,66.8000030517578 107.814584851265,10.8046919107437,67.0 107.814583063126,10.8046789169312,67.0 107.814581274986,10.8046655654907,67.1999969482422 107.814581632614,10.8046541213989,67.1999969482422 107.814581871033,10.8046457767487,67.4000015258789 107.814580917358,10.804637670517,67.4000015258789 107.814577937126,10.804629445076,67.5999984741211 107.814575433731,10.8046184778214,67.5999984741211 107.814573407173,10.8046044111252,67.8000030517578 107.814573168755,10.8045929670334,67.8000030517578 107.81457233429,10.804584145546,67.8000030517578 107.814570307732,10.8045758008957,67.8000030517578 107.814570069313,10.804568529129,68.0 107.814570903778,10.8045608997345,68.0 107.814574599266,10.8045502901077,68.0 107.814575433731,10.8045390844345,68.0 107.814576864243,10.8045276403427,68.0 107.814576506615,10.8045191764832,68.0 107.81457400322,10.8045116662979,68.0 107.814573287964,10.8045034408569,68.1999969482422 107.814572811127,10.8044943809509,68.1999969482422 107.814572811127,10.8044842481613,68.1999969482422 107.814569830894,10.8044730424881,68.1999969482422 107.814565300941,10.8044618368149,68.1999969482422 107.814561009407,10.8044525384903,68.1999969482422 107.814556717873,10.8044415712357,68.1999969482422 107.814553976059,10.8044317960739,68.1999969482422 107.814551830292,10.8044253587723,68.1999969482422 107.814549684525,10.8044190406799,68.1999969482422 107.814548134804,10.8044093847275,68.1999969482422 107.814544320107,10.8043982982635,68.4000015258789 107.814541935921,10.8043867349625,68.4000015258789 107.814541816711,10.8043751716614,68.4000015258789 107.814541578293,10.8043631315231,68.5999984741211 107.814539670944,10.8043509721756,68.5999984741211 107.81453704834,10.8043409585953,68.8000030517578 107.814534068108,10.8043302297592,68.8000030517578 107.814530968666,10.8043183088303,68.8000030517578 107.814528226852,10.804306268692,68.8000030517578 107.814525365829,10.8042936325073,68.8000030517578 107.814522147179,10.804283618927,68.8000030517578 107.814520359039,10.8042743206024,69.0 107.8145185709,10.8042659759521,69.0 107.814517021179,10.8042542934418,69.0 107.814516186714,10.8042395114899,69.0 107.814514994621,10.8042267560959,69.0 107.814512968063,10.8042178153992,69.0 107.814512729645,10.8042101860046,69.0 107.814514875412,10.8041990995407,69.1999969482422 107.814514398575,10.8041882514954,69.1999969482422 107.814512491226,10.804178237915,69.1999969482422 107.814509391785,10.8041690587997,69.1999969482422 107.814507126808,10.8041609525681,69.1999969482422 107.814504623413,10.804149389267,69.4000015258789 107.814500927925,10.8041361570358,69.4000015258789 107.814497232437,10.8041210174561,69.4000015258789 107.814495325089,10.8041096925735,69.5999984741211 107.814495325089,10.8041030168533,69.5999984741211 107.814495205879,10.8040959835052,69.5999984741211 107.814498662949,10.8040870428085,69.5999984741211 107.814503550529,10.8040800094604,69.5999984741211 107.814509153366,10.8040744066238,69.8000030517578 107.814515590668,10.8040684461594,69.8000030517578 107.814522147179,10.8040634393692,70.0 107.814529418945,10.8040614128113,70.0 107.814537405968,10.8040616512299,70.0 107.814550042152,10.8040646314621,70.1999969482422 107.814559340477,10.8040667772293,70.1999969482422 107.814566731453,10.8040672540665,70.1999969482422 107.81457734108,10.8040676116943,70.4000015258789 107.814587473869,10.8040676116943,70.4000015258789 107.814598321915,10.8040657043457,70.4000015258789 107.814610362053,10.8040639162064,70.4000015258789 107.814621567726,10.8040616512299,70.4000015258789 107.814632534981,10.8040589094162,70.1999969482422 107.814638853073,10.8040568828583,70.1999969482422 107.814644098282,10.804053902626,70.1999969482422 107.814647555351,10.8040498495102,70.1999969482422 107.814652562141,10.80404484272,70.1999969482422 107.814655780792,10.8040330410004,70.1999969482422 107.814655661583,10.8040238618851,70.1999969482422 107.814656734467,10.8040165901184,70.1999969482422 107.81466293335,10.804013133049,70.1999969482422 107.814673781395,10.8040121793747,70.1999969482422 107.814679980278,10.8040121793747,70.1999969482422 107.814692854881,10.804012298584,70.1999969482422 107.814705610275,10.8040137290955,70.1999969482422 107.814717888832,10.8040138483047,70.1999969482422 107.814729213715,10.8040125370026,70.1999969482422 107.814742565155,10.8040132522583,70.1999969482422 107.81475353241,10.8040153980255,70.1999969482422 107.814759373665,10.8040146827698,70.1999969482422 107.814766287804,10.804012298584,70.1999969482422 107.814773440361,10.804012298584,70.1999969482422 107.814785242081,10.804013967514,70.1999969482422 107.814799785614,10.804013967514,70.1999969482422 107.814811110497,10.8040143251419,70.1999969482422 107.814821481705,10.8040158748627,70.1999969482422 107.814829945564,10.8040162324905,70.1999969482422 107.814836382866,10.8040165901184,70.4000015258789 107.81484746933,10.804016828537,70.4000015258789 107.814858317375,10.8040179014206,70.4000015258789 107.814871907234,10.8040179014206,70.4000015258789 107.814885139465,10.8040174245834,70.5999984741211 107.814893603325,10.8040145635605,70.5999984741211 107.814898610115,10.8040118217468,70.5999984741211 107.814906835556,10.8040097951889,70.5999984741211 107.814918875694,10.8040081262589,70.5999984741211 107.814928650856,10.8040090799332,70.5999984741211 107.814937949181,10.804012298584,70.5999984741211 107.814947485924,10.8040153980255,70.5999984741211 107.814955711365,10.804016828537,70.5999984741211 107.814969062805,10.8040153980255,70.8000030517578 107.814982771873,10.8040148019791,70.8000030517578 107.814996361732,10.8040174245834,70.8000030517578 107.815007090569,10.804017663002,70.8000030517578 107.815018415451,10.8040162324905,70.8000030517578 107.815029144287,10.8040175437927,70.8000030517578 107.815039157867,10.8040196895599,70.8000030517578 107.815051913261,10.8040211200714,70.8000030517578 107.815064430237,10.8040214776993,70.8000030517578 107.81507396698,10.8040211200714,70.8000030517578 107.815083026886,10.8040201663971,71.0 107.815093159676,10.8040196895599,71.0 107.815104603767,10.8040190935135,71.0 107.815119862556,10.8040182590485,71.0 107.815137147903,10.8040177822113,71.0 107.815152406693,10.8040179014206,71.0 107.815161824226,10.804016828537,70.8000030517578 107.815166592598,10.8040158748627,70.8000030517578 107.815174221993,10.8040157556534,70.8000030517578 107.815181851387,10.8040137290955,70.8000030517578 107.815194487572,10.8040108680725,70.8000030517578 107.815207362175,10.804009437561,70.8000030517578 107.815219163895,10.8040091991425,70.8000030517578 107.815229058266,10.8040091991425,70.8000030517578 107.815237402916,10.804007768631,70.8000030517578 107.815244436264,10.8040051460266,70.8000030517578 107.815255284309,10.8040063381195,70.8000030517578 107.81527197361,10.8040058612823,70.8000030517578 107.815288305283,10.8040066957474,70.8000030517578 107.815300703049,10.8040087223053,70.8000030517578 107.815309524536,10.8040106296539,70.8000030517578 107.815315723419,10.8040106296539,70.8000030517578 107.815320849419,10.8040111064911,70.8000030517578 107.815331816673,10.8040106296539,70.8000030517578 107.815344214439,10.8040100336075,70.8000030517578 107.815357446671,10.8040088415146,70.8000030517578 107.81537103653,10.8040084838867,70.8000030517578 107.815382957458,10.8040097951889,70.8000030517578 107.815391302109,10.8040100336075,70.8000030517578 107.81539952755,10.8040090799332,70.8000030517578 107.815404176712,10.8040076494217,70.8000030517578 107.815411090851,10.8040064573288,70.8000030517578 107.815422058105,10.8040060997009,70.8000030517578 107.815439343452,10.8040066957474,70.8000030517578 107.815459370613,10.8040071725845,70.8000030517578 107.815478444099,10.804006934166,70.8000030517578 107.815490722656,10.8040066957474,70.8000030517578 107.815499186516,10.8040060997009,70.8000030517578 107.81550848484,10.8040071725845,70.8000030517578 107.815520644188,10.8040071725845,70.8000030517578 107.815533518791,10.8040066957474,70.8000030517578 107.815548062325,10.8040053844452,70.5999984741211 107.815565347672,10.8040038347244,70.5999984741211 107.815583109856,10.8040025234222,70.5999984741211 107.815598607063,10.8040025234222,70.5999984741211 107.815611720085,10.8040030002594,70.5999984741211 107.815623164177,10.8040038347244,70.5999984741211 107.815633416176,10.8040035963058,70.5999984741211 107.815642237663,10.804002404213,70.5999984741211 107.815649986267,10.804003238678,70.5999984741211 107.815660715103,10.8040050268173,70.4000015258789 107.815674781799,10.8040058612823,70.4000015258789 107.815692067146,10.8040052652359,70.4000015258789 107.815710425377,10.8040028810501,70.4000015258789 107.815725207329,10.8039990663528,70.4000015258789 107.815741181374,10.8039982318878,70.4000015258789 107.81575858593,10.8039988279343,70.4000015258789 107.815774321556,10.8039994239807,70.4000015258789 107.815789341927,10.804000377655,70.4000015258789 107.815805315971,10.8040004968643,70.4000015258789 107.815819382668,10.8040014505386,70.4000015258789 107.815832614899,10.8040033578873,70.4000015258789 107.815848469734,10.8040038347244,70.1999969482422 107.81586420536,10.8040035963058,70.1999969482422 107.815881490707,10.8040046691895,70.1999969482422 107.815894722939,10.8040060997009,70.1999969482422 107.815906643868,10.804006934166,70.1999969482422 107.815919041634,10.804007768631,70.0 107.815931797028,10.8040080070496,70.0 107.815945625305,10.8040070533752,70.0 107.815958619118,10.8040047883987,70.0 107.815969109535,10.8040022850037,70.0 107.815977573395,10.8040015697479,69.8000030517578 107.815986990929,10.8040007352829,69.8000030517578 107.815995812416,10.8039994239807,69.8000030517578 107.816005945206,10.8039984703064,69.8000030517578 107.816017866135,10.8039972782135,69.8000030517578 107.816028118134,10.8039964437485,69.8000030517578 107.816036462784,10.8039962053299,69.8000030517578 107.816047787666,10.8039966821671,69.8000030517578 107.816057085991,10.8039973974228,69.8000030517578 107.816068530083,10.80399787426,69.8000030517578 107.816081166267,10.8039983510971,69.8000030517578 107.816092371941,10.80399787426,69.5999984741211 107.816104054451,10.8039942979813,69.5999984741211 107.816117763519,10.8039919137955,69.4000015258789 107.816128611565,10.803989648819,69.4000015258789 107.816136837006,10.803987622261,69.0 107.816146850586,10.8039869070053,68.8000030517578 107.816162586212,10.8039864301682,68.8000030517578 107.816178798676,10.8039861917496,68.8000030517578 107.81619143486,10.803986787796,69.0 107.816201090813,10.8039879798889,68.8000030517578 107.816207051277,10.8039857149124,68.8000030517578 107.816210508347,10.8039835691452,68.8000030517578 107.816205978394,10.8039848804474,68.8000030517578 107.816208124161,10.8039878606796,68.8000030517578 107.816209673882,10.8039920330048,68.8000030517578 107.816212177277,10.8039973974228,68.5999984741211 107.816214084625,10.804000377655,68.4000015258789 107.816212773323,10.8040050268173,68.1999969482422 107.816213965416,10.8040063381195,68.0 107.816218972206,10.8040071725845,68.0 107.816226840019,10.8040106296539,68.0 107.816234827042,10.8040163516998,68.0 107.81624174118,10.8040226697922,68.1999969482422 107.816246271133,10.8040307760239,68.4000015258789 107.816252231598,10.8040411472321,68.5999984741211 107.816259622574,10.8040474653244,68.5999984741211 107.816265463829,10.8040536642075,68.8000030517578 107.816268444061,10.8040592670441,69.0 107.816269397736,10.8040591478348,69.0 107.816274762154,10.8040671348572,69.0 107.816280961037,10.8040732145309,69.0 107.816283583641,10.8040764331818,68.8000030517578 107.816284775734,10.804078578949,68.8000030517578 107.816285848618,10.8040806055069,68.8000030517578 107.816289782524,10.8040851354599,68.8000030517578 107.816298246384,10.8040909767151,68.8000030517578 107.816303014755,10.8040925264359,68.8000030517578 107.816305160522,10.8040912151337,68.8000030517578 107.816307544708,10.8040933609009,68.8000030517578 107.816311001778,10.8040978908539,68.8000030517578 107.816316008568,10.804102897644,68.8000030517578 107.816320538521,10.804107427597,68.5999984741211 107.816323041916,10.8041106462479,68.5999984741211 107.816324949265,10.8041179180145,68.5999984741211 107.816326737404,10.8041251897812,68.5999984741211 107.816327929497,10.8041256666183,68.5999984741211 107.81632900238,10.8041285276413,68.5999984741211 107.81633067131,10.8041310310364,68.4000015258789 107.816330194473,10.8041344881058,68.1999969482422 107.816330432892,10.8041377067566,68.1999969482422 107.816332221031,10.8041402101517,68.1999969482422 107.816334724426,10.8041412830353,68.1999969482422 107.816336035728,10.8041408061981,68.1999969482422 107.816336393356,10.8041404485703,68.1999969482422 107.816335320473,10.8041396141052,68.0 107.816338419914,10.804140329361,68.0 107.816338896751,10.8041417598724,68.0 107.816340088844,10.8041439056396,67.8000030517578 107.816352128983,10.8041433095932,67.8000030517578 107.816364407539,10.8041437864304,67.8000030517578 107.816366910934,10.8041496276855,67.5999984741211 107.816366314888,10.8041596412659,67.4000015258789 107.816365122795,10.8041725158691,67.0 107.816364645958,10.804184794426,66.5999984741211 107.816364765167,10.8041975498199,66.1999969482422 107.816362738609,10.8042086362839,66.0 107.816359400749,10.8042184114456,66.0 107.816356658936,10.8042286634445,65.8000030517578 107.816355109215,10.8042390346527,65.8000030517578 107.816355466843,10.8042498826981,65.8000030517578 107.816355347633,10.8042613267899,65.8000030517578 107.816354751587,10.8042734861374,65.8000030517578 107.816354393959,10.8042854070663,65.8000030517578 107.81635415554,10.8042974472046,65.5999984741211 107.816353678703,10.8043110370636,65.5999984741211 107.816349387169,10.8043249845505,65.5999984741211 107.816345691681,10.8043372631073,65.5999984741211 107.816344618797,10.8043477535248,65.5999984741211 107.816343426704,10.8043571710587,65.5999984741211 107.816343307495,10.804367184639,65.4000015258789 107.816343665123,10.8043800592422,65.4000015258789 107.816343545914,10.8043923377991,65.4000015258789 107.816344618797,10.8044027090073,65.4000015258789 107.816343426704,10.8044147491455,65.4000015258789 107.816342234612,10.8044246435165,65.4000015258789 107.816342353821,10.8044335842133,65.4000015258789 107.816342949867,10.8044428825378,65.4000015258789 107.816340208054,10.8044489622116,65.4000015258789 107.816336631775,10.8044499158859,65.4000015258789 107.81633412838,10.8044520616531,65.4000015258789 107.816334962845,10.8044511079788,65.4000015258789 107.816335320473,10.8044503927231,65.5999984741211 107.81633579731,10.8044494390488,65.5999984741211 107.816336393356,10.8044482469559,65.8000030517578 107.816336631775,10.8044477701187,65.8000030517578 107.816337108612,10.8044474124908,66.0 107.816337585449,10.8044468164444,65.8000030517578 107.816337823868,10.8044493198395,65.8000030517578 107.816339969635,10.804455280304,65.8000030517578 107.816341519356,10.804462313652,65.8000030517578 107.816341996193,10.8044703006744,65.8000030517578 107.816343903542,10.8044786453247,65.8000030517578 107.816345572472,10.8044921159744,65.8000030517578 107.816346287727,10.8045045137405,65.8000030517578 107.816345930099,10.8045130968094,65.8000030517578 107.816345930099,10.8045151233673,65.8000030517578 107.816344976425,10.8045153617859,65.8000030517578 107.816347122192,10.8045160770416,65.8000030517578 107.816347241402,10.8045214414597,65.8000030517578 107.816346168518,10.804530620575,65.4000015258789 107.816346049309,10.8045443296432,65.1999969482422 107.816345095634,10.8045608997345,65.0 107.816342234612,10.8045817613602,64.8000030517578 107.816340923309,10.8045996427536,64.8000030517578 107.816342353821,10.8046160936356,64.5999984741211 107.816342115402,10.8046342134476,64.5999984741211 107.816340923309,10.8046452999115,64.8000030517578 107.816339731216,10.8046478033066,64.8000030517578 107.816341876984,10.8046476840973,64.8000030517578 107.816343426704,10.8046503067017,65.1999969482422 107.816343426704,10.8046573400497,65.4000015258789 107.8163408041,10.8046712875366,65.5999984741211 107.816337823868,10.8046897649765,65.5999984741211 107.81633412838,10.8047080039978,65.5999984741211 107.816331982613,10.8047215938568,65.4000015258789 107.816332936287,10.8047333955765,65.1999969482422 107.816334724426,10.8047436475754,65.1999969482422 107.816335558891,10.8047536611557,65.0 107.816335320473,10.8047627210617,64.8000030517578 107.816335439682,10.8047724962234,64.8000030517578 107.816335678101,10.8047832250595,64.5999984741211 107.816335320473,10.8047947883606,64.4000015258789 107.816334962845,10.804807305336,64.4000015258789 107.81633412838,10.8048197031021,64.4000015258789 107.81633245945,10.8048348426819,64.1999969482422 107.816331505775,10.8048534393311,64.1999969482422 107.816331505775,10.8048691749573,64.1999969482422 107.816331505775,10.8048833608627,64.1999969482422 107.81633067131,10.8048963546753,64.1999969482422 107.81632900238,10.804905295372,64.1999969482422 107.816328406334,10.8049108982086,64.0 107.816331505775,10.8049120903015,64.0 107.816331624985,10.8049155473709,64.0 107.81632745266,10.8049210309982,63.7999992370605 107.816326856613,10.804931640625,63.7999992370605 107.81632566452,10.8049426078796,63.7999992370605 107.816328048706,10.804958820343,63.7999992370605 107.81632900238,10.8049774169922,63.7999992370605 107.816327571869,10.8049937486649,63.5999984741211 107.816324472427,10.8050065040588,63.5999984741211 107.816323637962,10.8050162792206,63.5999984741211 107.816326498985,10.8050239086151,63.4000015258789 107.816328406334,10.8050316572189,63.4000015258789 107.816329956055,10.8050411939621,63.4000015258789 107.816331148148,10.8050523996353,63.4000015258789 107.816331744194,10.8050637245178,63.4000015258789 107.816331028938,10.8050746917725,63.4000015258789 107.816329836845,10.8050866127014,63.4000015258789 107.816326379776,10.8050984144211,63.4000015258789 107.816325068474,10.8051089048386,63.4000015258789 107.816322803497,10.8051202297211,63.4000015258789 107.816320300102,10.8051323890686,63.2000007629395 107.816315412521,10.8051425218582,63.2000007629395 107.816312074661,10.8051530122757,63.2000007629395 107.81631064415,10.8051642179489,63.2000007629395 107.816312074661,10.8051763772964,63.2000007629395 107.816312432289,10.8051880598068,63.2000007629395 107.816312432289,10.8051968812943,63.2000007629395 107.816313028336,10.8052052259445,63.2000007629395 107.81631064415,10.8052130937576,63.4000015258789 107.81631064415,10.8052229881287,63.4000015258789 107.816309332848,10.8052306175232,63.4000015258789 107.816307663918,10.8052365779877,63.2000007629395 107.81630551815,10.8052434921265,63.0 107.816304087639,10.8052539825439,63.0 107.816301226616,10.8052649497986,63.0 107.816300034523,10.8052772283554,63.0 107.816299080849,10.8052912950516,63.0 107.816300034523,10.8053035736084,63.0 107.816299915314,10.8053139448166,63.0 107.816299438477,10.8053238391876,63.0 107.816303133965,10.8053333759308,63.0 107.816304206848,10.8053416013718,63.0 107.816306471825,10.8053503036499,63.0 107.816305041313,10.805361032486,63.0 107.816303610802,10.8053724765778,62.7999992370605 107.816300153732,10.8053854703903,62.7999992370605 107.816296815872,10.8053965568542,62.7999992370605 107.816298007965,10.8054053783417,62.7999992370605 107.816301584244,10.8054124116898,63.0 107.816302537918,10.8054211139679,63.0 107.816302895546,10.8054317235947,63.0 107.81630218029,10.8054438829422,63.0 107.816301941872,10.8054569959641,63.0 107.816303372383,10.8054691553116,63.0 107.816303372383,10.8054804801941,63.0 107.816303730011,10.8054913282394,63.0 107.816303133965,10.8055031299591,63.0 107.816302418709,10.8055149316788,63.0 107.816301584244,10.8055244684219,63.0 107.816299915314,10.8055347204208,63.0 107.816298127174,10.8055465221405,63.0 107.816297531128,10.805557847023,62.7999992370605 107.816296935081,10.8055694103241,62.7999992370605 107.816295266151,10.8055808544159,62.7999992370605 107.81629216671,10.8055933713913,62.7999992370605 107.816288948059,10.8056038618088,62.5999984741211 107.816286921501,10.8056151866913,62.5999984741211 107.816286206245,10.805627822876,62.5999984741211 107.816285967827,10.8056397438049,62.4000015258789 107.816286087036,10.8056517839432,62.4000015258789 107.816286563873,10.805663228035,62.4000015258789 107.816286087036,10.8056737184525,62.4000015258789 107.816285848618,10.8056845664978,62.2000007629395 107.81628549099,10.8056952953339,62.2000007629395 107.816284418106,10.8057045936584,62.2000007629395 107.816283226013,10.8057128190994,62.2000007629395 107.816281795502,10.8057233095169,62.0 107.816282749176,10.805736541748,62.0 107.816285014153,10.8057490587234,62.0 107.816285133362,10.8057601451874,62.0 107.816284418106,10.8057700395584,62.0 107.816285610199,10.8057811260223,62.0 107.816288113594,10.8057900667191,62.0 107.816290020943,10.8057932853699,61.7999992370605 107.816294193268,10.8058021068573,61.7999992370605 107.8162971735,10.8058130741119,61.7999992370605 107.816298604012,10.8058212995529,61.7999992370605 107.816299438477,10.8058300018311,61.7999992370605 107.81630051136,10.8058413267136,61.7999992370605 107.816301107407,10.8058522939682,61.7999992370605 107.816302657127,10.8058614730835,61.5999984741211 107.816304564476,10.8058695793152,61.5999984741211 107.81630563736,10.8058774471283,61.4000015258789 107.816306710243,10.8058878183365,61.4000015258789 107.816306710243,10.805899977684,61.5999984741211 107.816306710243,10.8059120178223,61.5999984741211 107.816307067871,10.8059253692627,61.5999984741211 107.816306948662,10.8059386014938,61.7999992370605 107.816305279732,10.8059500455856,61.7999992370605 107.816303610802,10.8059595823288,61.7999992370605 107.816302061081,10.8059682846069,61.7999992370605 107.816302061081,10.8059779405594,61.7999992370605 107.81630384922,10.805988073349,61.7999992370605 107.81630551815,10.8059993982315,61.7999992370605 107.81630563736,10.806009888649,61.7999992370605 107.816304206848,10.8060216903687,61.7999992370605 107.816304087639,10.8060326576233,61.7999992370605 107.816304206848,10.806040763855,61.7999992370605 107.81630218029,10.806049823761,61.5999984741211 107.816300392151,10.806058883667,61.5999984741211 107.816299080849,10.8060686588287,61.5999984741211 107.816297292709,10.8060790300369,61.5999984741211 107.816293716431,10.8060885667801,61.5999984741211 107.816289305687,10.8060970306396,61.4000015258789 107.816285848618,10.8061053752899,61.4000015258789 107.816283583641,10.8061164617538,61.4000015258789 107.816281795502,10.806129693985,61.4000015258789 107.816280961037,10.8061437606812,61.4000015258789 107.816279888153,10.8061569929123,61.4000015258789 107.816277384758,10.806165099144,61.4000015258789 107.816274762154,10.8061773777008,61.4000015258789 107.816272735596,10.8061884641647,61.2000007629395 107.816272139549,10.80619597435,61.2000007629395 107.816268801689,10.8062063455582,61.2000007629395 107.816266775131,10.8062133789062,61.0 107.816266417503,10.8062242269516,61.0 107.816266894341,10.8062356710434,61.0 107.81626868248,10.806246638298,60.7999992370605 107.816271066666,10.8062570095062,60.7999992370605 107.816274046898,10.8062651157379,60.7999992370605 107.816269040108,10.8062750101089,60.5999984741211 107.816267728806,10.8062833547592,60.5999984741211 107.816267728806,10.8062915802002,60.5999984741211 107.81626701355,10.8063025474548,60.5999984741211 107.816266059875,10.806312918663,60.5999984741211 107.816266536713,10.8063198328018,60.5999984741211 107.81626701355,10.8063297271729,60.5999984741211 107.816267371178,10.8063424825668,60.5999984741211 107.816268920898,10.806356549263,60.5999984741211 107.816270112991,10.8063715696335,60.5999984741211 107.816270589828,10.8063856363297,60.5999984741211 107.816271424294,10.8063955307007,60.5999984741211 107.816272616386,10.8064060211182,60.5999984741211 107.81627202034,10.8064168691635,60.5999984741211 107.816271662712,10.8064268827438,60.5999984741211 107.816271662712,10.8064360618591,60.5999984741211 107.816271305084,10.806446313858,60.5999984741211 107.816270589828,10.8064571619034,60.5999984741211 107.816270828247,10.8064687252045,60.5999984741211 107.816271662712,10.8064811229706,60.5999984741211 107.81627202034,10.8064918518066,60.5999984741211 107.81627202034,10.8065023422241,60.4000015258789 107.816271305084,10.8065130710602,60.4000015258789 107.816271066666,10.8065230846405,60.4000015258789 107.816270589828,10.8065338134766,60.2000007629395 107.816269755363,10.8065447807312,60.2000007629395 107.816268324852,10.8065556287766,60.2000007629395 107.816267132759,10.8065675497055,60.2000007629395 107.816267132759,10.8065795898438,60.0 107.816268086433,10.8065911531448,60.0 107.816268920898,10.8066023588181,60.0 107.816269397736,10.8066121339798,60.0 107.816269993782,10.8066214323044,60.0 107.816272497177,10.8066318035126,60.2000007629395 107.816276550293,10.8066405057907,60.2000007629395 107.816278934479,10.8066484928131,60.2000007629395 107.8162804842,10.8066576719284,60.0 107.816279292107,10.8066662549973,60.0 107.816279172897,10.8066778182983,60.0 107.816279888153,10.8066914081573,60.0 107.816279649734,10.8067010641098,59.7999992370605 107.816278219223,10.8067135810852,59.7999992370605 107.81627702713,10.8067280054092,59.7999992370605 107.816277265549,10.8067390918732,59.7999992370605 107.816277146339,10.8067481517792,59.5999984741211 107.816276788712,10.8067555427551,59.5999984741211 107.816277623177,10.8067654371262,59.5999984741211 107.816278219223,10.80677485466,59.5999984741211 107.816278457642,10.8067842721939,59.5999984741211 107.816278100014,10.8067942857742,59.5999984741211 107.816277265549,10.806804895401,59.5999984741211 107.816275715828,10.8068169355392,59.5999984741211 107.816274404526,10.8068296909332,59.5999984741211 107.816273927689,10.8068426847458,59.5999984741211 107.816274404526,10.8068577051163,59.4000015258789 107.816276311874,10.8068727254868,59.4000015258789 107.816277384758,10.8068851232529,59.4000015258789 107.816277265549,10.8068960905075,59.4000015258789 107.816278338432,10.80690574646,59.4000015258789 107.81627702713,10.806915640831,59.4000015258789 107.816274762154,10.8069239854813,59.4000015258789 107.816275000572,10.8069323301315,59.4000015258789 107.816273927689,10.8069417476654,59.4000015258789 107.816272377968,10.8069500923157,59.4000015258789 107.81627202034,10.8069591522217,59.4000015258789 107.816272139549,10.806969165802,59.4000015258789 107.816272735596,10.8069784641266,59.4000015258789 107.816273093224,10.8069885969162,59.2000007629395 107.81627368927,10.8069994449615,59.2000007629395 107.816274523735,10.807009935379,59.2000007629395 107.816275596619,10.8070194721222,59.2000007629395 107.816276311874,10.8070286512375,59.2000007629395 107.816276550293,10.8070390224457,59.2000007629395 107.816278219223,10.8070503473282,59.2000007629395 107.816279888153,10.8070628643036,59.2000007629395 107.816281199455,10.8070756196976,59.2000007629395 107.816280961037,10.8070899248123,59.2000007629395 107.816278576851,10.8071048259735,59.2000007629395 107.816275954247,10.8071168661118,59.2000007629395 107.816275596619,10.8071267604828,59.2000007629395 107.816273450851,10.8071390390396,59.2000007629395 107.81627368927,10.807149887085,59.2000007629395 107.816275119781,10.8071595430374,59.2000007629395 107.816276550293,10.8071701526642,59.2000007629395 107.816277623177,10.8071798086166,59.2000007629395 107.816277742386,10.8071905374527,59.2000007629395 107.816277861595,10.8072026968002,59.2000007629395 107.816277742386,10.8072154521942,59.2000007629395 107.816278934479,10.8072282075882,59.2000007629395 107.816280722618,10.80723965168,59.2000007629395 107.816282868385,10.8072501420975,59.2000007629395 107.816283226013,10.8072597980499,59.2000007629395 107.816284418106,10.8072701692581,59.2000007629395 107.816284775734,10.8072825670242,59.0 107.81628382206,10.8072963953018,59.0 107.816283464432,10.807309627533,59.0 107.816282749176,10.807321190834,59.0 107.816282391548,10.8073314428329,59.0 107.816280722618,10.8073416948318,59.0 107.816280722618,10.8073536157608,58.7999992370605 107.8162804842,10.8073657751083,58.7999992370605 107.816280722618,10.8073781728745,58.7999992370605 107.816280961037,10.8073883056641,58.7999992370605 107.816281199455,10.8073984384537,58.7999992370605 107.81628203392,10.8074095249176,58.7999992370605 107.816281318665,10.8074206113815,59.0 107.816279292107,10.8074284791946,59.0 107.816279768944,10.8074358701706,59.0 107.816278457642,10.8074494600296,59.0 107.81627702713,10.8074624538422,59.0 107.8162753582,10.8074741363525,59.0 107.816273093224,10.8074859380722,59.0 107.816268920898,10.8074998855591,59.0 107.81626534462,10.8075133562088,59.2000007629395 107.81626534462,10.8075248003006,59.2000007629395 107.816266059875,10.8075367212296,59.2000007629395 107.816266298294,10.807547211647,59.2000007629395 107.816267371178,10.8075581789017,59.2000007629395 107.816267728806,10.8075726032257,59.2000007629395 107.816267490387,10.8075915575027,59.2000007629395 107.816266894341,10.8076133728027,59.2000007629395 107.816266894341,10.8076378107071,59.2000007629395 107.816267728806,10.8076620101929,59.2000007629395 107.816264390945,10.8076829910278,59.2000007629395 107.816259860992,10.8077027797699,59.2000007629395 107.816259860992,10.8077239990234,59.2000007629395 107.816259741783,10.8077453374863,59.0 107.816255569458,10.807763338089,59.0 107.816248655319,10.8077789545059,59.0 107.816244363785,10.8077912330627,59.0 107.816242933273,10.8078006505966,59.0 107.816242933273,10.8078083992004,59.0 107.816241621971,10.8078204393387,59.0 107.816238999367,10.8078362941742,59.0 107.816237330437,10.8078511953354,59.2000007629395 107.816239237785,10.8078639507294,59.2000007629395 107.816241502762,10.807874917984,59.2000007629395 107.816242575645,10.8078843355179,59.2000007629395 107.816242098808,10.807893037796,59.2000007629395 107.816239714622,10.8079031705856,59.2000007629395 107.816234946251,10.8079155683517,59.2000007629395 107.816231489182,10.807926774025,59.4000015258789 107.816233158112,10.8079361915588,59.4000015258789 107.816235542297,10.8079444169998,59.4000015258789 107.816237211227,10.8079501390457,59.2000007629395 107.816237092018,10.8079574108124,59.2000007629395 107.816239833832,10.807969212532,59.2000007629395 107.816241264343,10.8079792261124,59.0 107.816241979599,10.8079854249954,59.0 107.816243171692,10.8079924583435,59.0 107.816243171692,10.8079946041107,59.0 107.816245675087,10.8079942464828,59.0 107.816246271133,10.807995557785,59.0 107.816247105598,10.8079948425293,59.0 107.816246628761,10.8079957962036,59.0 107.816248059273,10.8079954385757,59.0 107.81624853611,10.807995557785,59.0 107.816249847412,10.8079957962036,58.4000015258789 107.816250801086,10.8079960346222,58.2000007629395 107.816250920296,10.8079973459244,58.5999984741211 107.81625187397,10.8079968690872,58.5999984741211 107.816253304482,10.8079969882965,58.5999984741211 107.8162535429,10.8079972267151,58.5999984741211 107.816254258156,10.8079977035522,58.5999984741211 107.816254854202,10.8079987764359,58.5999984741211 107.816255450249,10.8079997301102,58.5999984741211 107.816256165504,10.8079999685287,58.5999984741211 107.816255569458,10.8080005645752,58.5999984741211 107.816255331039,10.8080003261566,58.5999984741211 107.816255569458,10.8080009222031,58.5999984741211 107.816255331039,10.8080011606216,58.5999984741211 107.816255331039,10.8080015182495,58.5999984741211 107.816255569458,10.8080018758774,58.5999984741211 107.816255331039,10.808002114296,58.5999984741211 107.816255331039,10.8080025911331,58.5999984741211 107.816256403923,10.8080031871796,58.5999984741211 107.816254496574,10.8080062866211,58.5999984741211 107.816254854202,10.8080149888992,58.5999984741211 107.816256284714,10.8080248832703,58.5999984741211 107.816257834435,10.8080357313156,58.5999984741211 107.816258907318,10.808046579361,58.5999984741211 107.816260099411,10.8080571889877,58.5999984741211 107.816261529922,10.8080683946609,59.4000015258789 107.816262960434,10.8080801963806,59.7999992370605 107.816264390945,10.808092713356,60.0 107.816265583038,10.8081053495407,60.2000007629395 107.816266894341,10.8081169128418,60.0 107.816268801689,10.8081279993057,59.7999992370605 107.816269993782,10.8081390857697,59.5999984741211 107.816271305084,10.8081502914429,59.4000015258789 107.816271066666,10.8081624507904,59.2000007629395 107.816270947456,10.8081743717194,59.2000007629395 107.816271662712,10.8081854581833,59.0 107.816271662712,10.8081958293915,59.0 107.81627202034,10.8082056045532,58.7999992370605 107.816272616386,10.8082150220871,58.7999992370605 107.81627368927,10.8082246780396,58.5999984741211 107.816275000572,10.8082340955734,58.5999984741211 107.816277265549,10.808243393898,58.5999984741211 107.8162804842,10.8082530498505,58.5999984741211 107.816282391548,10.8082627058029,58.5999984741211 107.816282868385,10.8082722425461,58.5999984741211 107.816282391548,10.8082810640335,58.5999984741211 107.816282391548,10.8082906007767,58.5999984741211 107.816282987595,10.8082994222641,58.5999984741211 107.816284775734,10.8083086013794,58.5999984741211 107.816287755966,10.8083188533783,58.5999984741211 107.816290140152,10.8083295822144,58.5999984741211 107.816291928291,10.8083416223526,58.5999984741211 107.816292047501,10.8083536624908,58.5999984741211 107.816289544106,10.8083634376526,58.5999984741211 107.816285014153,10.8083689212799,58.5999984741211 107.816281914711,10.8083736896515,59.2000007629395 107.816279053688,10.8083779811859,59.4000015258789 107.816276669502,10.8083791732788,59.5999984741211 107.816276192665,10.8083803653717,59.5999984741211 107.816276550293,10.8083803653717,59.5999984741211 107.816277742386,10.8083801269531,59.5999984741211 107.816278815269,10.8083806037903,59.5999984741211 107.816279053688,10.808380484581,59.5999984741211 107.816278815269,10.8083806037903,59.5999984741211 107.816277384758,10.8079613447189,53.0
</coordinates></LinearRing></outerBoundaryIs></Polygon>
</Placemark>
<Placemark>
<name>2025-12-18 Lo 20 Tan Tính khu</name>
<description><![CDATA[Polygon tạo từ track Garmin GPSMAP 67; diện tích xấp xỉ 13.8093 ha; độ hở ban đầu 9.1 m.]]></description>
<Polygon><outerBoundaryIs><LinearRing><coordinates>
107.816372036934,10.8087551593781,60.0299987792969 107.816403865814,10.8087561130524,58.6300010681152 107.816410899162,10.8087567090988,58.6199989318848 107.816417336464,10.8087574243546,58.6300010681152 107.81642472744,10.8087567090988,58.5900001525879 107.816431999207,10.8087555170059,58.5699996948242 107.816439151764,10.8087542057037,58.439998626709 107.816444396973,10.8087499141693,58.3899993896484 107.816449284554,10.8087464570999,58.3600006103516 107.816456913948,10.8087455034256,58.2999992370605 107.816465139389,10.8087488412857,58.2700004577637 107.816474080086,10.8087499141693,58.2999992370605 107.816480517387,10.8087530136108,58.3199996948242 107.816485881805,10.8087521791458,58.3600006103516 107.816491603851,10.8087513446808,58.3800010681152 107.816499590874,10.8087513446808,58.3800010681152 107.816508173943,10.8087520599365,58.3800010681152 107.816515922546,10.8087520599365,58.3800010681152 107.816522717476,10.8087524175644,58.3600006103516 107.816531538963,10.8087527751923,58.3499984741211 107.816539406776,10.8087530136108,58.3400001525879 107.816546082497,10.8087524175644,58.3400001525879 107.816552639008,10.8087513446808,58.3899993896484 107.816560387611,10.8087509870529,58.4700012207031 107.816570162773,10.8087509870529,58.5299987792969 107.816579341888,10.8087502717972,58.6699981689453 107.816587805748,10.8087486028671,58.75 107.81659579277,10.8087472915649,58.7900009155273 107.816602826118,10.8087472915649,58.810001373291 107.816612124443,10.8087484836578,58.8199996948242 107.816621541977,10.8087488412857,58.7400016784668 107.816630959511,10.8087468147278,58.7000007629395 107.816640138626,10.8087462186813,58.689998626709 107.81664955616,10.8087463378906,58.6800003051758 107.81665968895,10.8087475299835,58.7000007629395 107.816669106483,10.8087471723557,58.7400016784668 107.816678524017,10.8087453842163,58.7700004577637 107.816686987877,10.8087431192398,58.7799987792969 107.816695690155,10.8087418079376,58.8899993896484 107.816705346107,10.8087420463562,58.8499984741211 107.816714167595,10.8087432384491,58.9000015258789 107.816722631454,10.8087431192398,58.8600006103516 107.816731333733,10.8087418079376,58.8400001525879 107.81674015522,10.8087421655655,58.8300018310547 107.81675028801,10.8087426424026,58.8300018310547 107.816758990288,10.8087427616119,58.8300018310547 107.816767454147,10.8087420463562,58.8899993896484 107.816776156425,10.8087410926819,58.8600006103516 107.816784381866,10.8087416887283,58.9099998474121 107.816792607307,10.8087426424026,58.9300003051758 107.816801428795,10.8087414503098,58.939998626709 107.81680893898,10.8087406158447,58.9500007629395 107.816816329956,10.8087406158447,58.9599990844727 107.81682407856,10.8087401390076,58.9599990844727 107.816829919815,10.8087404966354,58.9900016784668 107.816836476326,10.8087410926819,59.0 107.816843867302,10.8087408542633,59.1100006103516 107.816851019859,10.8087410926819,59.189998626709 107.816860079765,10.8087420463562,59.3199996948242 107.816869139671,10.8087431192398,59.3899993896484 107.816877126694,10.8087426424026,59.4199981689453 107.816885471344,10.8087421655655,59.4000015258789 107.816894173622,10.8087422847748,59.3400001525879 107.816903352737,10.8087432384491,59.2999992370605 107.81691133976,10.8087440729141,59.2900009155273 107.816920042038,10.8087427616119,59.2799987792969 107.816929340363,10.808740735054,59.2700004577637 107.816936612129,10.8087404966354,59.2700004577637 107.8169465065,10.8087409734726,59.3800010681152 107.816957116127,10.8087414503098,59.439998626709 107.816966533661,10.8087406158447,59.4700012207031 107.816975235939,10.8087395429611,59.4799995422363 107.816984891891,10.8087400197983,59.4900016784668 107.8169952631,10.8087396621704,59.5099983215332 107.817004323006,10.8087385892868,59.5200004577637 107.817013144493,10.8087375164032,59.4300003051758 107.817021489143,10.808737039566,59.4799995422363 107.817029476166,10.8087379932404,59.5 107.8170388937,10.8087396621704,59.4700012207031 107.817047834396,10.8087401390076,59.5 107.817056655884,10.8087387084961,59.4700012207031 107.817065596581,10.8087369203568,59.4500007629395 107.817074298859,10.8087360858917,59.4900016784668 107.817083239555,10.8087359666824,59.4799995422363 107.817093849182,10.8087359666824,59.4799995422363 107.817103505135,10.8087358474731,59.5 107.817111968994,10.8087363243103,59.4900016784668 107.817119956017,10.808735370636,59.4900016784668 107.81712782383,10.8087328672409,59.4799995422363 107.817137002945,10.8087329864502,59.4199981689453 107.8171479702,10.8087338209152,59.3800010681152 107.817159295082,10.8087335824966,59.3800010681152 107.81716811657,10.8087332248688,59.3800010681152 107.817174911499,10.8087323904037,59.3800010681152 107.817185997963,10.8087332248688,59.4199981689453 107.817195177078,10.8087335824966,59.5200004577637 107.817203640938,10.8087317943573,59.560001373291 107.817213535309,10.8087291717529,59.6399993896484 107.817222952843,10.8087291717529,59.6699981689453 107.817230820656,10.8087294101715,59.6599998474121 107.817240715027,10.8087294101715,59.689998626709 107.817251086235,10.8087296485901,59.6699981689453 107.81726026535,10.8087286949158,59.6699981689453 107.817269563675,10.8087260723114,59.6599998474121 107.817278504372,10.8087244033813,59.6599998474121 107.817287921906,10.8087249994278,59.6599998474121 107.817298769951,10.8087266683578,59.7000007629395 107.817309498787,10.8087270259857,59.7200012207031 107.817319154739,10.8087257146835,59.7299995422363 107.817329764366,10.8087245225906,59.7400016784668 107.817340612411,10.8087228536606,59.7900009155273 107.817349433899,10.8087230920792,59.7900009155273 107.817359805107,10.8087228536606,59.7900009155273 107.817370533943,10.808721780777,59.7999992370605 107.817378997803,10.8087210655212,59.7999992370605 107.817387461662,10.8087208271027,59.7900009155273 107.817397117615,10.8087208271027,59.7999992370605 107.817406892776,10.8087213039398,59.7999992370605 107.817416667938,10.8087224960327,59.7999992370605 107.817425966263,10.8087229728699,59.7999992370605 107.817434668541,10.8087222576141,59.7900009155273 107.817443013191,10.808720946312,59.75 107.817451000214,10.8087195158005,59.7200012207031 107.817459225655,10.8087191581726,59.6599998474121 107.817469358444,10.8087198734283,59.6199989318848 107.817479252815,10.8087205886841,59.6599998474121 107.817487716675,10.8087192773819,59.7200012207031 107.817496299744,10.808718085289,59.7599983215332 107.81750535965,10.8087177276611,59.810001373291 107.817515730858,10.8087179660797,59.939998626709 107.817527294159,10.8087174892426,60.060001373291 107.817536830902,10.8087162971497,60.1100006103516 107.81754565239,10.8087130784988,60.1399993896484 107.817555546761,10.8087100982666,60.1199989318848 107.817564249039,10.808708190918,60.1100006103516 107.817572712898,10.8087086677551,60.0900001525879 107.817581176758,10.8087099790573,60.0999984741211 107.817588925362,10.8087093830109,60.0999984741211 107.817598104477,10.8087096214294,60.0999984741211 107.817607998848,10.8087100982666,60.1500015258789 107.81761598587,10.8087097406387,60.25 107.817624092102,10.8087091445923,60.310001373291 107.817631721497,10.808709025383,60.3800010681152 107.817642688751,10.8087095022202,60.3699989318848 107.817653417587,10.8087079524994,60.3600006103516 107.817662119865,10.8087050914764,60.3300018310547 107.817667126656,10.8087042570114,60.2799987792969 107.817673683167,10.8087054491043,60.2599983215332 107.817681074142,10.808705329895,60.2700004577637 107.817688465118,10.8087055683136,60.25 107.817697525024,10.8087046146393,60.2700004577637 107.817707061768,10.80870449543,60.2799987792969 107.817714929581,10.808703660965,60.3499984741211 107.817722916603,10.8087035417557,60.3800010681152 107.817732095718,10.8087035417557,60.4000015258789 107.817742109299,10.8087037801743,60.4099998474121 107.817752480507,10.8087037801743,60.4099998474121 107.817762732506,10.8087022304535,60.4500007629395 107.817773461342,10.8087005615234,60.4799995422363 107.817784547806,10.808699131012,60.5 107.817794799805,10.8086987733841,60.5699996948242 107.817805171013,10.8086993694305,60.5400009155273 107.817815184593,10.8086996078491,60.5999984741211 107.817824244499,10.8086982965469,60.6300010681152 107.817832827568,10.8086975812912,60.6399993896484 107.817842245102,10.8086972236633,60.6399993896484 107.817853808403,10.8086975812912,60.6399993896484 107.817863702774,10.8086977005005,60.6399993896484 107.817871689796,10.8086956739426,60.689998626709 107.817880153656,10.8086943626404,60.7200012207031 107.817888855934,10.808692574501,60.7299995422363 107.817898511887,10.8086920976639,60.7400016784668 107.817907571793,10.8086931705475,60.7400016784668 107.817915201187,10.8086934089661,60.75 107.817923307419,10.808692574501,60.8600006103516 107.817932724953,10.8086915016174,60.810001373291 107.817943096161,10.8086903095245,60.7799987792969 107.817952513695,10.8086889982224,60.7599983215332 107.817960739136,10.8086881637573,60.7299995422363 107.817970395088,10.808688044548,60.7200012207031 107.817980647087,10.8086881637573,60.7099990844727 107.81799030304,10.8086881637573,60.7099990844727 107.817999362946,10.808687210083,60.7700004577637 107.81800866127,10.808685541153,60.7900009155273 107.818017721176,10.8086848258972,60.9199981689453 107.818027019501,10.8086848258972,60.9900016784668 107.818038344383,10.8086853027344,60.9700012207031 107.818048834801,10.8086858987808,61.0200004577637 107.818058013916,10.8086848258972,61.0400009155273 107.818067908287,10.80868268013,61.0 107.818076491356,10.8086801767349,61.0299987792969 107.81808257103,10.8086788654327,61.0699996948242 107.818088412285,10.8086758852005,61.0900001525879 107.818094730377,10.8086706399918,61.0999984741211 107.818100690842,10.8086676597595,61.0900001525879 107.818108677864,10.8086670637131,61.0499992370605 107.818117380142,10.8086651563644,61.060001373291 107.818125247955,10.8086640834808,61.060001373291 107.818134784698,10.8086632490158,61.0699996948242 107.81814455986,10.8086619377136,61.0400009155273 107.818153262138,10.8086607456207,61.0999984741211 107.818161487579,10.8086585998535,61.1300010681152 107.818171143532,10.8086568117142,61.1500015258789 107.818179726601,10.8086558580399,61.1599998474121 107.818189144135,10.8086576461792,61.1300010681152 107.818198800087,10.8086587190628,61.1199989318848 107.818207621574,10.8086578845978,61.1300010681152 107.818215489388,10.8086572885513,61.1399993896484 107.818222880363,10.8086578845978,61.1599998474121 107.818229794502,10.8086578845978,61.189998626709 107.818233728409,10.8086583614349,61.2099990844727 107.818239569664,10.8086593151093,61.2299995422363 107.818247556686,10.8086624145508,61.2400016784668 107.818256378174,10.8086643218994,61.2299995422363 107.818265914917,10.8086659908295,61.2000007629395 107.81827545166,10.8086671829224,61.0999984741211 107.818284749985,10.8086677789688,61.0499992370605 107.818294405937,10.8086664676666,60.9199981689453 107.81830239296,10.8086631298065,60.9300003051758 107.818309664726,10.8086587190628,60.9599990844727 107.81831741333,10.8086553812027,60.9599990844727 107.818325400352,10.8086537122726,60.9099998474121 107.818334579468,10.8086516857147,60.9199981689453 107.818342089653,10.8086512088776,60.9300003051758 107.818349957466,10.8086531162262,60.9500007629395 107.818357467651,10.8086525201797,61.0999984741211 107.818364739418,10.8086520433426,61.0999984741211 107.818372488022,10.8086519241333,61.25 107.818380236626,10.8086508512497,61.3300018310547 107.818389415741,10.8086491823196,61.3699989318848 107.818397283554,10.8086495399475,61.3300018310547 107.818404793739,10.8086503744125,61.2999992370605 107.81841301918,10.8086508512497,61.2799987792969 107.818421721458,10.8086493015289,61.2700004577637 107.818429470062,10.8086494207382,61.2400016784668 107.818438410759,10.8086490631104,61.2299995422363 107.818447709084,10.8086488246918,61.2200012207031 107.818455338478,10.8086497783661,61.2200012207031 107.81846344471,10.8086503744125,61.2599983215332 107.818470954895,10.8086506128311,61.310001373291 107.818479657173,10.8086512088776,61.3300018310547 107.818488955498,10.8086506128311,61.3400001525879 107.818498373032,10.8086494207382,61.310001373291 107.818507552147,10.8086488246918,61.2900009155273 107.818516373634,10.8086484670639,61.2799987792969 107.818525075912,10.8086473941803,61.2799987792969 107.818534016609,10.808648109436,61.2599983215332 107.81854224205,10.8086485862732,61.2599983215332 107.818551301956,10.8086473941803,61.2700004577637 107.818560481071,10.8086465597153,61.25 107.818569660187,10.8086457252502,61.25 107.818580150604,10.8086459636688,61.2099990844727 107.818591237068,10.8086457252502,61.1699981689453 107.818598747253,10.8086460828781,61.1500015258789 107.818603634834,10.8086469173431,61.1300010681152 107.818609118462,10.8086465597153,61.1300010681152 107.818615198135,10.8086454868317,61.1199989318848 107.818621516228,10.8086458444595,61.1199989318848 107.818629741669,10.8086447715759,61.1199989318848 107.818636059761,10.8086445331573,61.1399993896484 107.818644404411,10.8086426258087,61.189998626709 107.818651199341,10.8086423873901,61.2200012207031 107.818659186363,10.8086423873901,61.2200012207031 107.818666338921,10.8086416721344,61.2299995422363 107.818674445152,10.8086400032043,61.2299995422363 107.818682670593,10.8086401224136,61.0900001525879 107.818692922592,10.8086397647858,61.0 107.818702578545,10.8086396455765,60.9500007629395 107.818711638451,10.8086391687393,60.9300003051758 107.818720459938,10.8086364269257,60.9199981689453 107.818728327751,10.8086340427399,60.9300003051758 107.818735718727,10.8086333274841,60.9199981689453 107.818744540215,10.8086322546005,60.9199981689453 107.818756222725,10.8086307048798,60.9199981689453 107.818765282631,10.8086310625076,60.9199981689453 107.818771481514,10.8086327314377,60.9000015258789 107.818775653839,10.8086341619492,60.8800010681152 107.818780303001,10.8086374998093,60.7900009155273 107.818784832954,10.8086388111115,60.75 107.818791627884,10.8086355924606,60.7299995422363 107.818796753883,10.8086320161819,60.7000007629395 107.818803071976,10.8086289167404,60.6399993896484 107.818810224533,10.808628320694,60.6100006103516 107.818818926811,10.8086287975311,60.5900001525879 107.818827271461,10.808629155159,60.5800018310547 107.818836092949,10.8086280822754,60.5699996948242 107.818844199181,10.8086268901825,60.6199989318848 107.818853020668,10.8086258172989,60.6399993896484 107.818862557411,10.8086248636246,60.7000007629395 107.818871974945,10.8086236715317,60.7400016784668 107.818882226944,10.8086242675781,60.7200012207031 107.818891167641,10.8086239099503,60.7200012207031 107.818898200989,10.8086234331131,60.7099990844727 107.818904519081,10.8086245059967,60.7000007629395 107.818912267685,10.8086240291595,60.7000007629395 107.818916678429,10.8086230754852,60.689998626709 107.818921208382,10.8086221218109,60.7000007629395 107.81892812252,10.8086218833923,60.7000007629395 107.818935394287,10.8086191415787,60.8600006103516 107.818942189217,10.8086181879044,60.939998626709 107.818946242332,10.80861723423,60.9799995422363 107.818951606751,10.8086168766022,60.9500007629395 107.818958997726,10.8086168766022,60.8300018310547 107.818967342377,10.8086169958115,60.7700004577637 107.818975329399,10.808616399765,60.7400016784668 107.818982720375,10.808614730835,60.7200012207031 107.818989515305,10.8086148500443,60.75 107.818996787071,10.8086148500443,60.7700004577637 107.819002509117,10.8086121082306,60.7799987792969 107.819004893303,10.8086121082306,60.8300018310547 107.819004178047,10.8086122274399,60.8600006103516 107.819004893303,10.8086124658585,60.8199996948242 107.819021701813,10.808608174324,60.4900016784668 107.819025397301,10.8086075782776,60.5200004577637 107.819026350975,10.808607339859,60.5499992370605 107.819025397301,10.808607339859,60.560001373291 107.81904053688,10.8086050748825,60.5499992370605 107.81904733181,10.8086075782776,60.6300010681152 107.819052100182,10.8086133003235,60.560001373291 107.819053769112,10.8086093664169,60.5200004577637 107.819054245949,10.8086067438126,60.5200004577637 107.819066643715,10.8086085319519,59.8400001525879 107.819072723389,10.8086090087891,59.7999992370605 107.819078087807,10.8086091279984,59.7400016784668 107.819086194038,10.8086107969284,59.7599983215332 107.819093227386,10.8086084127426,59.7700004577637 107.819100141525,10.8086085319519,59.7700004577637 107.819108963013,10.8086092472076,59.7700004577637 107.81911611557,10.8086094856262,59.7700004577637 107.819124698639,10.8086084127426,59.7799987792969 107.81913292408,10.8086079359055,59.7900009155273 107.819139361382,10.8086075782776,59.7999992370605 107.819146513939,10.8086090087891,59.7999992370605 107.81915140152,10.8086093664169,59.8300018310547 107.819156765938,10.8086098432541,59.8400001525879 107.819164037704,10.8086099624634,59.8499984741211 107.819170832634,10.8086093664169,59.939998626709 107.819178581238,10.8086079359055,60.0 107.819184064865,10.8086096048355,60.0200004577637 107.81918990612,10.8086076974869,60.0400009155273 107.819195508957,10.8086090087891,60.0499992370605 107.819200992584,10.8086087703705,60.0499992370605 107.819207668304,10.8086080551147,59.939998626709 107.819213628769,10.8086072206497,59.7700004577637 107.819218277931,10.8086014986038,59.689998626709 107.819227337837,10.8085992336273,59.6599998474121 107.819233059883,10.8086005449295,59.6399993896484 107.819239735603,10.8086009025574,59.5999984741211 107.819247841835,10.8086022138596,59.6100006103516 107.819257616997,10.8086029291153,59.6699981689453 107.819265127182,10.8086066246033,59.7000007629395 107.819270133972,10.8086055517197,59.7200012207031 107.819274902344,10.8086034059525,59.6300010681152 107.819280028343,10.808602809906,59.4900016784668 107.819283127785,10.8086022138596,59.4099998474121 107.819284200668,10.8086034059525,59.3699989318848 107.819286227226,10.8086041212082,59.3499984741211 107.819293379784,10.8086075782776,59.939998626709 107.819299340248,10.808607339859,59.939998626709 107.819302082062,10.8086072206497,59.8899993896484 107.819303154945,10.8086059093475,59.8600006103516 107.81930398941,10.8086071014404,59.8400001525879 107.819361329079,10.8085987567902,59.3499984741211 107.819365859032,10.8086000680923,59.3400001525879 107.819370031357,10.8086014986038,59.3300018310547 107.819374680519,10.8086022138596,59.3300018310547 107.819379687309,10.8086009025574,59.1100006103516 107.819387435913,10.808601140976,59.0 107.81939458847,10.8086005449295,58.9500007629395 107.819400668144,10.8085999488831,59.0099983215332 107.819407343864,10.808599114418,59.0499992370605 107.819414138794,10.8085963726044,59.0699996948242 107.819419741631,10.8085964918137,59.0800018310547 107.819426774979,10.8085947036743,59.0999984741211 107.81943166256,10.808594584465,59.1800003051758 107.819436311722,10.8085943460464,59.2200012207031 107.819438934326,10.8085952997208,59.2400016784668 107.819450974464,10.8085955381393,59.3300018310547 107.819457888603,10.8085947036743,59.3600006103516 107.819469451904,10.8085941076279,59.310001373291 107.819477438927,10.8085935115814,59.3300018310547 107.8194835186,10.8085924386978,59.2599983215332 107.819493055344,10.8085920810699,59.310001373291 107.819499611855,10.8085924386978,59.3300018310547 107.819508314133,10.8085926771164,59.2599983215332 107.819515824318,10.8085932731628,59.310001373291 107.819525241852,10.8085923194885,59.3600006103516 107.819533467293,10.8085898160934,59.4199981689453 107.81954228878,10.8085873126984,59.4500007629395 107.819550156593,10.8085858821869,59.4300003051758 107.819559931755,10.8085879087448,59.4199981689453 107.819570302963,10.8085875511169,59.4199981689453 107.819578051567,10.8085865974426,59.3899993896484 107.819586753845,10.8085888624191,59.3800010681152 107.819595575333,10.8085914850235,59.3699989318848 107.819602847099,10.8085912466049,59.3699989318848 107.819610357285,10.8085916042328,59.3600006103516 107.81961452961,10.8085916042328,59.3600006103516 107.819621562958,10.8085919618607,59.3600006103516 107.819627285004,10.8085916042328,59.4500007629395 107.819636940956,10.8085914850235,59.5 107.819645404816,10.808590054512,59.5200004577637 107.819652438164,10.8085913658142,59.5200004577637 107.819660186768,10.8085895776749,59.5299987792969 107.819666981697,10.8085893392563,59.5 107.819675326347,10.8085887432098,59.4799995422363 107.819681882858,10.8085879087448,59.4700012207031 107.819691896439,10.8085871934891,59.439998626709 107.819699048996,10.8085867166519,59.4300003051758 107.819706916809,10.8085865974426,59.439998626709 107.819715619087,10.8085837364197,59.4500007629395 107.819723129272,10.8085825443268,59.4799995422363 107.819730043411,10.808581829071,59.4900016784668 107.819738388062,10.8085811138153,59.5 107.819745779037,10.8085796833038,59.5499992370605 107.819754362106,10.808577299118,59.5900001525879 107.819760799408,10.8085765838623,59.6100006103516 107.819768548012,10.808575630188,59.5999984741211 107.81977558136,10.808574795723,59.4900016784668 107.819784641266,10.8085752725601,59.4300003051758 107.819791078568,10.8085751533508,59.4000015258789 107.819795370102,10.8085739612579,59.3600006103516 107.819798946381,10.8085737228394,59.3400001525879 107.819802284241,10.8085726499557,59.439998626709 107.819808840752,10.8085725307465,59.5 107.819816231728,10.8085720539093,59.5200004577637 107.819823980331,10.8085755109787,59.5800018310547 107.819831728935,10.8085744380951,59.6599998474121 107.819839835167,10.8085725307465,59.689998626709 107.819849848747,10.808572769165,59.6599998474121 107.819858670235,10.8085715770721,59.6599998474121 107.819865942001,10.8085708618164,59.6500015258789 107.819870114326,10.8085703849792,59.6399993896484 107.819875121117,10.8085700273514,59.6199989318848 107.819881916046,10.8085706233978,59.5800018310547 107.819887042046,10.8085696697235,59.5800018310547 107.819891214371,10.8085662126541,59.560001373291 107.819894909859,10.8085652589798,59.5800018310547 107.819895267487,10.8085635900497,59.5800018310547 107.819895744324,10.8085627555847,59.560001373291 107.819892644882,10.808553814888,59.6199989318848 107.819891929626,10.8085457086563,59.6399993896484 107.819892644882,10.8085371255875,59.6399993896484 107.819890379906,10.8085268735886,59.5699996948242 107.819889545441,10.8085173368454,59.4500007629395 107.81988966465,10.8085079193115,59.3800010681152 107.819888591766,10.8084969520569,59.3300018310547 107.819885611534,10.8084868192673,59.2999992370605 107.819880247116,10.8084789514542,59.1599998474121 107.819874048233,10.808470249176,59.2099990844727 107.819869995117,10.8084633350372,59.2400016784668 107.819866418839,10.8084579706192,59.2799987792969 107.819860816002,10.8084537982941,59.2999992370605 107.819858312607,10.8084483146667,59.3199996948242 107.819855093956,10.8084411621094,59.3699989318848 107.819849133492,10.8084325790405,59.4300003051758 107.819845795631,10.8084231615067,59.4599990844727 107.819844126701,10.8084136247635,59.439998626709 107.819842100143,10.8084057569504,59.4199981689453 107.819838762283,10.8083976507187,59.3800010681152 107.819836497307,10.8083899021149,59.3899993896484 107.819837927818,10.8083825111389,59.4000015258789 107.819838523865,10.8083795309067,59.3300018310547 107.819838881493,10.8083786964417,59.2900009155273 107.819839000702,10.8083795309067,59.1800003051758 107.819837927818,10.8083630800247,59.1399993896484 107.819835662842,10.8083561658859,59.2200012207031 107.819831132889,10.8083492517471,59.2599983215332 107.819828510284,10.8083435297012,59.2900009155273 107.819826960564,10.8083372116089,59.310001373291 107.819824695587,10.808330655098,59.3199996948242 107.819822311401,10.8083235025406,59.3499984741211 107.819821357727,10.8083165884018,59.3600006103516 107.819818854332,10.8083086013794,59.3600006103516 107.81981575489,10.8083009719849,59.4099998474121 107.819810986519,10.8082941770554,59.4300003051758 107.819804787636,10.8082859516144,59.4500007629395 107.819800972939,10.8082778453827,59.4500007629395 107.819798111916,10.8082700967789,59.3800010681152 107.819796085358,10.8082605600357,59.3300018310547 107.819795250893,10.8082518577576,59.310001373291 107.819792985916,10.8082427978516,59.2400016784668 107.819791316986,10.8082330226898,59.2099990844727 107.819790482521,10.8082242012024,59.2400016784668 107.819791197777,10.8082139492035,59.2599983215332 107.819792985916,10.808202624321,59.2799987792969 107.81979393959,10.8081930875778,59.2299995422363 107.81979393959,10.8081833124161,59.1800003051758 107.819792747498,10.8081719875336,59.1599998474121 107.81979238987,10.8081631660461,59.060001373291 107.8197940588,10.8081555366516,59.0 107.819795131683,10.8081488609314,58.9300003051758 107.819794178009,10.8081465959549,58.8899993896484 107.819794416428,10.8081463575363,58.7900009155273 107.819792985916,10.8081330060959,58.7999992370605 107.819791555405,10.8081288337708,58.8499984741211 107.819790244102,10.8081225156784,58.8899993896484 107.819786548615,10.8081138134003,59.0400009155273 107.819780826569,10.8081040382385,59.1100006103516 107.819774627686,10.8080977201462,59.2200012207031 107.819769620895,10.8080937862396,59.3499984741211 107.819764852524,10.8080856800079,59.5800018310547 107.819758176804,10.8080787658691,59.560001373291 107.819752812386,10.8080725669861,59.5499992370605 107.819747209549,10.808065533638,59.5200004577637 107.819743156433,10.808058142662,59.5200004577637 107.819742560387,10.8080478906631,59.5099983215332 107.819741725922,10.8080389499664,59.5099983215332 107.819739341736,10.8080304861069,59.4000015258789 107.819735527039,10.8080226182938,59.3499984741211 107.819732069969,10.8080158233643,59.3800010681152 107.8197286129,10.8080067634583,59.4099998474121 107.819725871086,10.8079968690872,59.4099998474121 107.81972360611,10.8079880475998,59.4099998474121 107.819722414017,10.807981133461,59.3899993896484 107.81972193718,10.8079770803452,59.4000015258789 107.819718718529,10.8079724311829,59.4099998474121 107.819715738297,10.807966709137,59.3800010681152 107.819711446762,10.8079595565796,59.2400016784668 107.819705486298,10.8079489469528,59.2400016784668 107.819699048996,10.8079391717911,59.2400016784668 107.819694757462,10.8079319000244,59.3800010681152 107.819688558578,10.8079243898392,59.310001373291 107.819681048393,10.8079155683517,59.2799987792969 107.819676995277,10.8079091310501,59.2999992370605 107.819674968719,10.8079038858414,59.4199981689453 107.819671750069,10.8078984022141,59.4900016784668 107.819667577744,10.8078901767731,59.5200004577637 107.819662809372,10.8078843355179,59.4900016784668 107.819660902023,10.8078795671463,59.4799995422363 107.819658875465,10.807874917984,59.4900016784668 107.819655418396,10.8078730106354,59.4900016784668 107.819652318954,10.8078705072403,59.4900016784668 107.819647669792,10.8078707456589,59.4900016784668 107.819640278816,10.8078684806824,59.5 107.819636464119,10.8078672885895,59.5099983215332 107.819632291794,10.8078649044037,59.5099983215332 107.819627285004,10.8078625202179,59.5200004577637 107.819623351097,10.8078610897064,59.6100006103516 107.819622755051,10.8078590631485,59.6599998474121 107.819622397423,10.8078578710556,59.6699981689453 107.819623470306,10.8078575134277,59.6800003051758 107.819609999657,10.8078199625015,59.6800003051758 107.819607019424,10.8078165054321,59.5800018310547 107.819603323936,10.8078136444092,59.5200004577637 107.819600224495,10.8078093528748,59.5 107.819596409798,10.8078070878983,59.4500007629395 107.819591999054,10.8078047037125,59.2799987792969 107.81958758831,10.8078035116196,59.189998626709 107.819584608078,10.807798743248,59.3300018310547 107.819584488869,10.8077974319458,59.4599990844727 107.819586157799,10.8077967166901,59.5400009155273 107.819585084915,10.8077964782715,59.8699989318848 107.819567680359,10.8077944517136,59.9700012207031 107.819558143616,10.8077967166901,60.0499992370605 107.819552779198,10.8077956438065,60.0800018310547 107.819548249245,10.8077967166901,60.0999984741211 107.81954741478,10.8077973127365,60.0800018310547 107.819547891617,10.8077968358994,60.0299987792969 107.819543480873,10.8078007698059,59.9300003051758 107.819538474083,10.8078006505966,59.8400001525879 107.819535255432,10.8078055381775,59.7999992370605 107.819530129433,10.807807803154,59.7599983215332 107.819527626038,10.8078088760376,59.6800003051758 107.819525957108,10.807807803154,59.6500015258789 107.819524884224,10.8078072071075,59.6699981689453 107.819523096085,10.8078072071075,59.7799987792969 107.819518685341,10.8078063726425,59.8800010681152 107.81951713562,10.8078047037125,59.9199981689453 107.819516897202,10.8078035116196,60.0099983215332 107.819515109062,10.807802438736,60.060001373291 107.819498419762,10.807794213295,59.9900016784668 107.819494009018,10.807791352272,59.7900009155273 107.819484710693,10.8077858686447,59.6800003051758 107.819479942322,10.8077834844589,59.6300010681152 107.819475650787,10.8077797889709,59.7999992370605 107.819470643997,10.8077783584595,59.8800010681152 107.819466114044,10.8077772855759,59.9099998474121 107.819463253021,10.8077756166458,59.9199981689453 107.819454908371,10.8077739477158,59.939998626709 107.819448828697,10.8077719211578,59.939998626709 107.819446802139,10.8077710866928,59.939998626709 107.81944167614,10.80777156353,59.9000015258789 107.819438934326,10.8077713251114,59.8800010681152 107.819406270981,10.8077552318573,59.7799987792969 107.819402575493,10.8077538013458,59.7900009155273 107.819397926331,10.8077507019043,59.7999992370605 107.819395422935,10.8077477216721,59.7999992370605 107.819395184517,10.8077437877655,59.7700004577637 107.81939291954,10.8077389001846,59.7299995422363 107.81938970089,10.8077368736267,59.6500015258789 107.819386124611,10.8077348470688,59.5999984741211 107.819380879402,10.807734131813,59.5400009155273 107.819375753403,10.8077322244644,59.5 107.819365620613,10.80772793293,59.4799995422363 107.819362401962,10.8077267408371,59.4099998474121 107.819356560707,10.8077275753021,59.3800010681152 107.819353580475,10.8077278137207,59.3699989318848 107.819351673126,10.8077278137207,59.3600006103516 107.819350123405,10.8077265024185,59.3600006103516 107.819348335266,10.8077254295349,59.3499984741211 107.819339871407,10.8077201843262,59.3400001525879 107.819335579872,10.807718038559,59.4099998474121 107.819331884384,10.807716012001,59.4500007629395 107.819328308105,10.8077129125595,59.5400009155273 107.819324493408,10.8077101707458,59.5999984741211 107.81932079792,10.8077087402344,59.6399993896484 107.819319009781,10.8077076673508,59.6500015258789 107.819317221642,10.8077057600021,59.6599998474121 107.81931579113,10.8077067136765,59.689998626709 107.819289445877,10.8076974153519,59.9799995422363 107.81928396225,10.8076940774918,59.939998626709 107.819281220436,10.8076883554459,59.9500007629395 107.819278359413,10.8076847791672,60.0200004577637 107.819274306297,10.8076802492142,60.0499992370605 107.819271564484,10.8076772689819,59.9599990844727 107.819270253181,10.8076741695404,59.8800010681152 107.819267630577,10.8076716661453,59.8800010681152 107.819265961647,10.807669043541,59.7999992370605 107.819259405136,10.807669878006,59.7599983215332 107.819258332253,10.8076679706573,59.7400016784668 107.819256186485,10.8076674938202,59.7299995422363 107.819254636765,10.8076647520065,59.7200012207031 107.819252371788,10.8076620101929,59.7200012207031 107.819250941277,10.8076580762863,59.8899993896484 107.819246768951,10.8076545000076,60.1300010681152 107.819241881371,10.8076522350311,60.25 107.819241762161,10.8076512813568,60.3199996948242 107.819240808487,10.8076496124268,60.3600006103516 107.81924021244,10.8076478242874,60.3699989318848 107.819222927094,10.8076183795929,60.1500015258789 107.819220423698,10.8076146841049,60.0800018310547 107.81921505928,10.8076114654541,60.0400009155273 107.819208741188,10.807608127594,60.0200004577637 107.819208621979,10.8076065778732,60.0099983215332 107.819206357002,10.807602763176,60.0 107.819201827049,10.8075988292694,59.9599990844727 107.819197535515,10.8075932264328,59.9599990844727 107.819194197655,10.8075895309448,59.9700012207031 107.819190502167,10.8075842857361,59.939998626709 107.819187641144,10.8075771331787,59.9000015258789 107.81918489933,10.8075700998306,59.810001373291 107.819183468819,10.8075625896454,59.7799987792969 107.819181084633,10.8075544834137,59.7799987792969 107.819184541702,10.8075474500656,59.6399993896484 107.819185733795,10.8075380325317,59.5299987792969 107.819183588028,10.8075321912766,59.5099983215332 107.819182276726,10.8075278997421,59.6199989318848 107.819181084633,10.8075251579285,59.6699981689453 107.819181084633,10.8075243234634,59.5499992370605 107.819181442261,10.8075251579285,58.7400016784668 107.819182276726,10.807519197464,58.2799987792969 107.819178938866,10.8075124025345,58.2700004577637 107.819175004959,10.8075037002563,59.5200004577637 107.819170713425,10.8074933290482,60.2200012207031 107.819170594215,10.8074836730957,60.5800018310547 107.819169163704,10.8074748516083,60.7700004577637 107.819165706635,10.8074676990509,60.7900009155273 107.819159984589,10.8074607849121,60.7599983215332 107.819153785706,10.8074517250061,60.5800018310547 107.819148898125,10.8074426651001,60.4799995422363 107.819143414497,10.8074344396591,60.3499984741211 107.819136738777,10.8074280023575,60.2700004577637 107.819130539894,10.8074237108231,60.1300010681152 107.819125294685,10.8074201345444,60.060001373291 107.819122672081,10.8074178695679,59.9900016784668 107.819120883942,10.8074160814285,59.9500007629395 107.819119930267,10.8074156045914,59.9199981689453 107.819103002548,10.8073890209198,60.5499992370605 107.819095611572,10.8073879480362,60.7900009155273 107.819089412689,10.8073844909668,60.9199981689453 107.819084525108,10.807381272316,60.9799995422363 107.819079756737,10.8073776960373,60.9900016784668 107.819076418877,10.8073737621307,60.9900016784668 107.819070935249,10.8073716163635,60.9799995422363 107.819065093994,10.8073669672012,60.9700012207031 107.819059848785,10.8073618412018,60.939998626709 107.81905579567,10.8073569536209,60.9300003051758 107.819051742554,10.8073508739471,60.8199996948242 107.819048762321,10.807345032692,60.7000007629395 107.819044828415,10.8073393106461,60.5900001525879 107.81904232502,10.8073332309723,60.5200004577637 107.819041371346,10.8073272705078,60.4900016784668 107.819039583206,10.8073219060898,60.4700012207031 107.819038629532,10.8073159456253,60.4599990844727 107.819036722183,10.8073108196259,60.4500007629395 107.819034337997,10.8073041439056,60.4199981689453 107.819033503532,10.8072953224182,60.3899993896484 107.81903219223,10.8072865009308,60.3800010681152 107.819029808044,10.8072788715363,60.3699989318848 107.819026827812,10.8072724342346,60.3600006103516 107.819022297859,10.8072664737701,60.3600006103516 107.819018959999,10.8072608709335,60.3600006103516 107.819018006325,10.8072566986084,60.3699989318848 107.819015741348,10.8072528839111,60.3699989318848 107.819011807442,10.8072469234467,60.3300018310547 107.819006443024,10.8072410821915,60.2099990844727 107.819001197815,10.8072363138199,60.1500015258789 107.81899702549,10.8072307109833,60.1199989318848 107.818995594978,10.807223200798,60.0999984741211 107.818994045258,10.8072177171707,60.0900001525879 107.818994045258,10.8072166442871,60.1100006103516 107.81899368763,10.8072175979614,60.2000007629395 107.818985819817,10.8072149753571,60.1699981689453 107.818981647491,10.8072129487991,60.1500015258789 107.818979978561,10.8072109222412,60.1500015258789 107.818978428841,10.8072091341019,60.0800018310547 107.818976402283,10.8072038888931,60.0400009155273 107.818973779678,10.8072001934052,59.9599990844727 107.818972349167,10.8071975708008,59.8600006103516 107.818972229958,10.8071945905685,59.7999992370605 107.81897008419,10.8071902990341,59.689998626709 107.818969726563,10.8071846961975,59.6300010681152 107.818971157074,10.8071784973145,59.5 107.818972349167,10.8071748018265,59.4199981689453 107.818974375725,10.8071593046188,59.9700012207031 107.818974852562,10.8071521520615,59.9799995422363 107.81897342205,10.8071467876434,59.9700012207031 107.818971276283,10.8071411848068,59.9199981689453 107.818969130516,10.8071367740631,59.8600006103516 107.818968653679,10.8071337938309,59.810001373291 107.818969011307,10.8071296215057,59.7900009155273 107.818969488144,10.8071236610413,59.7200012207031 107.818965196609,10.8071181774139,59.689998626709 107.818963289261,10.8071135282516,59.6599998474121 107.818962335587,10.8071104288101,59.6399993896484 107.818963289261,10.8071057796478,59.5699996948242 107.818963527679,10.8071041107178,59.5299987792969 107.818948030472,10.8070644140244,59.1100006103516 107.818944454193,10.8070586919785,59.0699996948242 107.818939685822,10.8070520162582,58.939998626709 107.818937778473,10.8070440292358,58.8600006103516 107.818935871124,10.8070384263992,58.8199996948242 107.818932771683,10.8070316314697,58.7999992370605 107.818929314613,10.8070242404938,58.7999992370605 107.818925380707,10.8070169687271,58.8300018310547 107.818920731544,10.8070111274719,58.8400001525879 107.818916559219,10.8070064783096,58.8499984741211 107.818914413452,10.8070031404495,58.8600006103516 107.818911075592,10.8069986104965,59.0200004577637 107.818909049034,10.8069912195206,58.9500007629395 107.818904519081,10.8069862127304,58.9099998474121 107.818902850151,10.8069815635681,58.8899993896484 107.818900823593,10.8069757223129,59.1699981689453 107.818898320198,10.806969165802,59.3199996948242 107.818894505501,10.8069640398026,59.3899993896484 107.818892359734,10.8069591522217,59.4099998474121 107.818889856339,10.8069550991058,59.4199981689453 107.818889856339,10.8069489002228,59.4000015258789 107.81889128685,10.8069410324097,59.3699989318848 107.818894147873,10.8069365024567,59.3499984741211 107.818895697594,10.8069349527359,59.3199996948242 107.818892478943,10.8069316148758,59.2400016784668 107.818890333176,10.8069260120392,59.0999984741211 107.81888794899,10.8069199323654,59.0900001525879 107.818885684013,10.8069145679474,59.0699996948242 107.818884253502,10.8069080114365,59.0099983215332 107.818884134293,10.8069014549255,58.8899993896484 107.818885207176,10.8068950176239,58.9199981689453 107.818886995316,10.8068889379501,58.9900016784668 107.818887233734,10.8068830966949,59.0400009155273 107.818889021873,10.8068768978119,59.0699996948242 107.818890333176,10.806872844696,59.0800018310547 107.818889498711,10.8068717718124,59.0900001525879 107.818891048431,10.8068689107895,59.0999984741211 107.818890690804,10.8068653345108,59.0999984741211 107.818890452385,10.8068588972092,59.0699996948242 107.818888425827,10.8068526983261,59.0400009155273 107.818888664246,10.8068480491638,59.0 107.818888425827,10.8068430423737,58.9799995422363 107.818888187408,10.8068370819092,58.9599990844727 107.818889141083,10.806831240654,58.9500007629395 107.818888902664,10.8068259954453,58.9500007629395 107.818889021873,10.80681848526,59.0400009155273 107.818889856339,10.8068114519119,59.0900001525879 107.818892121315,10.8068042993546,59.1100006103516 107.818893790245,10.8067986965179,59.0800018310547 107.818894863129,10.806791305542,59.060001373291 107.81889629364,10.8067826032639,59.0499992370605 107.818897247314,10.8067741394043,59.0499992370605 107.818897724152,10.8067662715912,59.0400009155273 107.818899869919,10.8067584037781,59.0400009155273 107.81889975071,10.8067498207092,59.0400009155273 107.818904042244,10.8067419528961,59.0800018310547 107.818906903267,10.8067343235016,59.0999984741211 107.818910717964,10.8067275285721,59.0999984741211 107.818912863731,10.8067183494568,59.1500015258789 107.818914651871,10.8067103624344,59.1800003051758 107.81891477108,10.8067021369934,59.189998626709 107.81891977787,10.8066916465759,59.2000007629395 107.81892311573,10.8066833019257,59.2099990844727 107.818926215172,10.8066773414612,59.2099990844727 107.818927407265,10.8066713809967,59.5200004577637 107.818929553032,10.8066635131836,59.6800003051758 107.818931341171,10.8066560029984,59.7700004577637 107.818933367729,10.8066474199295,59.810001373291 107.818934798241,10.8066396713257,59.7700004577637 107.818935275078,10.8066319227219,59.6800003051758 107.818938970566,10.8066239356995,59.5999984741211 107.818941354752,10.8066152334213,59.5200004577637 107.818943738937,10.8066082000732,59.4700012207031 107.818945765495,10.8066024780273,59.4500007629395 107.818947076797,10.8065935373306,59.439998626709 107.818947792053,10.8065801858902,59.4199981689453 107.818948507309,10.8065685033798,59.4099998474121 107.818947792053,10.8065598011017,59.4099998474121 107.818946480751,10.8065515756607,59.4099998474121 107.818945765495,10.8065440654755,59.4099998474121 107.818944573402,10.8065370321274,59.4000015258789 107.818942427635,10.8065289258957,59.4099998474121 107.818940520287,10.806520819664,59.4099998474121 107.818938136101,10.8065124750137,59.4000015258789 107.818936347961,10.8065059185028,59.4000015258789 107.818934082985,10.8064974546432,59.4000015258789 107.818929433823,10.806488275528,59.4000015258789 107.81892478466,10.8064799308777,59.4099998474121 107.818920731544,10.8064695596695,59.4099998474121 107.818917751312,10.8064600229263,59.4099998474121 107.818913817406,10.8064526319504,59.4099998474121 107.818908691406,10.8064452409744,59.4000015258789 107.818903207779,10.8064373731613,59.3699989318848 107.818897604942,10.8064302206039,59.3600006103516 107.818892121315,10.8064241409302,59.3499984741211 107.818888545036,10.8064161539078,59.2700004577637 107.818884134293,10.806409239769,59.2400016784668 107.818879365921,10.8063998222351,59.2200012207031 107.818870306015,10.8063876628876,59.1699981689453 107.818863391876,10.8063751459122,59.1500015258789 107.818862438202,10.8063687086105,59.0999984741211 107.818863987923,10.8063697814941,59.060001373291 107.818856835365,10.8063604831696,59.0999984741211 107.818849444389,10.8063464164734,59.1100006103516 107.818843841553,10.8063348531723,59.2200012207031 107.818842172623,10.8063304424286,59.3199996948242 107.8188393116,10.8063303232193,59.3800010681152 107.818834424019,10.806324839592,59.4500007629395 107.818826198578,10.806315779686,59.4900016784668 107.818819284439,10.8063068389893,59.5200004577637 107.818815231323,10.8062996864319,59.5699996948242 107.818812847137,10.8062932491302,59.6100006103516 107.818810105324,10.8062862157822,59.6399993896484 107.818806529045,10.8062794208527,59.689998626709 107.818802237511,10.8062741756439,59.7299995422363 107.818797826767,10.8062679767609,59.7900009155273 107.818791389465,10.8062609434128,59.8600006103516 107.818786263466,10.8062543869019,59.9099998474121 107.818782806396,10.8062467575073,59.9300003051758 107.81877887249,10.8062397241592,59.939998626709 107.818774938583,10.8062312602997,59.939998626709 107.818772792816,10.8062244653702,59.939998626709 107.81877374649,10.8062154054642,59.4700012207031 107.818771719933,10.8062092065811,59.2400016784668 107.818771719933,10.8062016963959,59.1100006103516 107.818772673607,10.8061932325363,59.0499992370605 107.818774104118,10.8061830997467,59.2299995422363 107.818775296211,10.8061729669571,59.4000015258789 107.818773031235,10.8061646223068,59.5200004577637 107.81877040863,10.8061563968658,59.939998626709 107.818770170212,10.8061479330063,60.2099990844727 107.818771362305,10.8061397075653,60.3499984741211 107.818773508072,10.8061314821243,60.4300003051758 107.818775296211,10.8061231374741,60.5699996948242 107.818777084351,10.8061137199402,60.6599998474121 107.818780183792,10.8061038255692,60.8699989318848 107.818782567978,10.806094288826,61.0499992370605 107.818784117699,10.806084394455,61.2400016784668 107.818785190582,10.8060734272003,61.3300018310547 107.818785667419,10.8060636520386,61.3899993896484 107.818786263466,10.8060550689697,61.4199981689453 107.818787455559,10.8060457706451,61.3499984741211 107.818788409233,10.8060371875763,61.3199996948242 107.818790435791,10.8060287237167,61.2999992370605 107.818791985512,10.8060208559036,61.2999992370605 107.818794727325,10.8060125112534,61.3300018310547 107.818796873093,10.8060028553009,61.3499984741211 107.818795084953,10.8059911727905,61.3800010681152 107.818794369698,10.8059813976288,61.4700012207031 107.818795084953,10.8059734106064,61.4500007629395 107.818794727325,10.8059644699097,61.4099998474121 107.818794369698,10.8059585094452,61.4000015258789 107.818791985512,10.8059575557709,61.4099998474121 107.81878721714,10.8059546947479,61.5299987792969 107.818779468536,10.8059511184692,61.5999984741211 107.818772912025,10.8059458732605,61.5299987792969 107.818768262863,10.805944442749,61.5999984741211 107.818766593933,10.8059437274933,61.6300010681152 107.818766593933,10.8059434890747,61.6599998474121 107.818766474724,10.8059432506561,61.6599998474121 107.818748116493,10.8059364557266,61.6100006103516 107.818742394447,10.8059341907501,61.7599983215332 107.81873524189,10.8059320449829,61.9000015258789 107.818728923798,10.8059315681458,61.9700012207031 107.818720936775,10.8059319257736,61.9500007629395 107.818714737892,10.8059306144714,61.939998626709 107.818704605103,10.805926322937,61.9199981689453 107.818696260452,10.805921792984,61.9099998474121 107.818688869476,10.805916428566,61.9099998474121 107.818682670593,10.8059117794037,61.8600006103516 107.818674921989,10.8059072494507,61.8300018310547 107.818667769432,10.805902838707,61.810001373291 107.818660616875,10.8058993816376,61.810001373291 107.818653225899,10.8058958053589,61.7999992370605 107.818646430969,10.8058898448944,61.8499984741211 107.818640232086,10.8058809041977,61.8300018310547 107.818634271622,10.8058723211288,61.810001373291 107.818628668785,10.8058646917343,61.8600006103516 107.818624258041,10.8058594465256,61.8699989318848 107.818620800972,10.8058532476425,61.8300018310547 107.818618059158,10.8058462142944,61.8600006103516 107.818614244461,10.8058397769928,61.8699989318848 107.818608045578,10.8058334589005,61.939998626709 107.818601846695,10.8058263063431,61.9799995422363 107.818595528603,10.8058190345764,61.9900016784668 107.818590283394,10.8058135509491,62.0099983215332 107.818588018417,10.8058122396469,62.1399993896484 107.818587303162,10.8058117628098,62.0800018310547 107.818587422371,10.8058114051819,62.0400009155273 107.818580389023,10.805809378624,62.7999992370605 107.818575620651,10.8058052062988,62.9300003051758 107.818574666977,10.8058000802994,63.0 107.818573594093,10.8057917356491,62.6399993896484 107.818571329117,10.8057844638824,62.4000015258789 107.818570494652,10.8057773113251,62.2900009155273 107.818569779396,10.8057678937912,62.1699981689453 107.818569421768,10.8057599067688,62.0999984741211 107.818569779396,10.8057518005371,62.0200004577637 107.818571448326,10.8057479858398,62.0400009155273 107.818578839302,10.8057445287704,62.0999984741211 107.818583607674,10.8057433366776,62.1699981689453 107.818584918976,10.8057429790497,62.2000007629395 107.818583250046,10.8057434558868,62.2200012207031 107.818580627441,10.805739402771,62.2700004577637 107.818576693535,10.8057342767715,62.4099998474121 107.818573594093,10.8057291507721,62.5299987792969 107.818572998047,10.805722117424,62.6199989318848 107.818572878838,10.805718421936,62.6699981689453 107.818574666977,10.8057165145874,62.689998626709 107.81857919693,10.8057181835175,62.7099990844727 107.818586468697,10.8057171106339,62.7000007629395 107.818592071533,10.8057168722153,62.6199989318848 107.818599462509,10.8057193756104,62.5800018310547 107.818605542183,10.8057206869125,62.5400009155273 107.818610072136,10.805721282959,62.5299987792969 107.818616509438,10.8057227134705,62.5299987792969 107.818623661995,10.8057206869125,62.5400009155273 107.818631768227,10.8057215213776,62.6199989318848 107.818638205528,10.805722117424,62.6699981689453 107.818646550179,10.8057264089584,62.75 107.818653464317,10.8057264089584,62.7999992370605 107.818659901619,10.8057267665863,62.8199996948242 107.818669199944,10.8057265281677,62.8300018310547 107.818675756454,10.8057262897491,62.810001373291 107.81868314743,10.805726647377,62.7999992370605 107.818690538406,10.8057241439819,62.7900009155273 107.818697214127,10.8057215213776,62.7900009155273 107.818702101707,10.805716753006,62.7700004577637 107.818705201149,10.8057136535645,62.810001373291 107.818706393242,10.805711388588,62.8800010681152 107.818706035614,10.8057076931,62.9900016784668 107.818705558777,10.8057010173798,63.0400009155273 107.818704843521,10.8056923151016,63.0699996948242 107.818704128265,10.805685043335,63.0800018310547 107.818700432777,10.8056777715683,63.0900001525879 107.818697333336,10.8056720495224,63.0999984741211 107.818696856499,10.8056657314301,63.0299987792969 107.818697929382,10.8056597709656,62.9700012207031 107.81869828701,10.8056529760361,62.939998626709 107.818696379662,10.8056472539902,62.9199981689453 107.818693041801,10.8056420087814,62.9000015258789 107.818688631058,10.8056383132935,62.8800010681152 107.818687319756,10.8056344985962,62.8899993896484 107.818685770035,10.8056305646896,62.939998626709 107.818685650826,10.8056285381317,63.0099983215332 107.818686485291,10.8056284189224,63.0400009155273 107.818687438965,10.8056268692017,63.1199989318848 107.818676710129,10.8056180477142,63.2200012207031 107.818672418594,10.8056133985519,63.189998626709 107.818665504456,10.8056070804596,63.0800018310547 107.818659305573,10.8056005239487,62.9799995422363 107.81865644455,10.8055937290192,62.9199981689453 107.818654060364,10.8055856227875,62.8499984741211 107.818650960922,10.8055770397186,62.810001373291 107.818649888039,10.8055703639984,62.7299995422363 107.818647861481,10.8055626153946,62.7999992370605 107.818644404411,10.8055527210236,62.8600006103516 107.818639755249,10.8055461645126,62.8800010681152 107.818634867668,10.8055423498154,62.7799987792969 107.818633198738,10.8055382966995,62.8699989318848 107.818626642227,10.8055329322815,62.9199981689453 107.818618774414,10.8055310249329,62.9599990844727 107.818611621857,10.8055295944214,63.060001373291 107.818604588509,10.8055275678635,63.1100006103516 107.818597793579,10.8055287599564,63.1399993896484 107.818590641022,10.8055301904678,63.1500015258789 107.818583726883,10.8055289983749,63.0400009155273 107.818576216698,10.805525302887,62.9000015258789 107.818568706512,10.805523276329,62.7599983215332 107.818560838699,10.805523276329,62.689998626709 107.818554759026,10.8055218458176,62.6500015258789 107.818549513817,10.8055182695389,62.5900001525879 107.818546533585,10.8055182695389,62.5699996948242 107.818546175957,10.8055182695389,62.5900001525879 107.818545818329,10.8055185079575,62.6399993896484 107.818549156189,10.805504322052,62.9000015258789 107.818548679352,10.8055005073547,62.8699989318848 107.818546414375,10.8054980039597,62.8899993896484 107.818542361259,10.8054966926575,62.9199981689453 107.818536281586,10.8054931163788,62.939998626709 107.818528413773,10.8054881095886,62.9500007629395 107.818520069122,10.8054844141006,62.8899993896484 107.818510651588,10.8054827451706,62.9000015258789 107.818502187729,10.8054827451706,63.0099983215332 107.818497419357,10.8054829835892,63.0999984741211 107.818497657776,10.8054828643799,63.1500015258789 107.818496704102,10.8054859638214,63.2200012207031 107.818482398987,10.8054927587509,63.5699996948242 107.818477511406,10.8054946660996,63.4500007629395 107.818470835686,10.8054943084717,63.4000015258789 107.818464636803,10.8054933547974,63.3300018310547 107.81845843792,10.8054922819138,63.189998626709 107.818452239037,10.8054900169373,63.1199989318848 107.818449735641,10.8054896593094,63.0800018310547 107.818449020386,10.80548787117,63.0999984741211 107.818448543549,10.8054873943329,63.1100006103516 107.818442583084,10.8054753541946,63.0 107.81843829155,10.8054696321487,62.9700012207031 107.818435788155,10.8054629564285,62.939998626709 107.818433523178,10.8054594993591,62.9199981689453 107.818432092667,10.8054550886154,62.7999992370605 107.818430781364,10.805450797081,62.5900001525879 107.818423748016,10.8054457902908,62.4700012207031 107.818416953087,10.8054418563843,62.4300003051758 107.818410277367,10.8054414987564,62.4000015258789 107.818405747414,10.80544090271,62.3800010681152 107.818399429321,10.8054383993149,62.3699989318848 107.818394303322,10.805436372757,62.4199981689453 107.818393468857,10.8054330348969,62.4799995422363 107.818385839462,10.8054268360138,62.5400009155273 107.818381071091,10.8054195642471,62.5699996948242 107.818377614021,10.8054134845734,62.5900001525879 107.818373441696,10.805410027504,62.6399993896484 107.818372130394,10.8054035902023,62.6199989318848 107.818368315697,10.80539894104,62.6699981689453 107.81836438179,10.805394411087,62.7999992370605 107.818359255791,10.8053902387619,62.7999992370605 107.818357110024,10.8053829669952,62.8300018310547 107.818352937698,10.8053756952286,62.8400001525879 107.818350076675,10.8053704500198,62.8499984741211 107.818348169327,10.805362701416,62.9300003051758 107.818346619606,10.8053555488586,62.9799995422363 107.81834590435,10.8053478002548,62.9599990844727 107.818346381187,10.8053416013718,62.9500007629395 107.818346619606,10.8053369522095,62.9099998474121 107.818347215652,10.8053290843964,62.9000015258789 107.818349957466,10.8053232431412,62.8899993896484 107.818351149559,10.8053184747696,62.7799987792969 107.818353891373,10.8053140640259,62.7299995422363 107.818354249001,10.8053104877472,62.7000007629395 107.818351387978,10.8053073883057,62.6800003051758 107.818345546722,10.8053073883057,62.6699981689453 107.818342685699,10.8053069114685,62.7200012207031 107.818341851234,10.805304646492,62.7400016784668 107.818341851234,10.8053040504456,62.8300018310547 107.81834256649,10.805304646492,62.8699989318848 107.818301796913,10.8052772283554,63.0400009155273 107.818297028542,10.8052726984024,63.0400009155273 107.818289518356,10.8052698373795,63.0400009155273 107.818283081055,10.8052678108215,63.0800018310547 107.818275928497,10.8052663803101,63.1100006103516 107.818272948265,10.8052653074265,63.1199989318848 107.818271398544,10.8052653074265,63.0800018310547 107.818271398544,10.8052616119385,63.0 107.818266153336,10.8052560091019,63.0099983215332 107.818262219429,10.8052504062653,63.0200004577637 107.818252205849,10.8052419424057,62.9000015258789 107.818243145943,10.8052390813828,62.9700012207031 107.818232893944,10.8052402734756,63.0400009155273 107.818222880363,10.8052421808243,63.0400009155273 107.818213939667,10.8052467107773,63.0400009155273 107.818206548691,10.8052507638931,63.0400009155273 107.818196058273,10.8052487373352,63.0800018310547 107.818186163902,10.8052498102188,63.2700004577637 107.818176627159,10.8052512407303,63.2700004577637 107.818167328835,10.8052512407303,63.2700004577637 107.818157911301,10.8052514791489,63.2700004577637 107.818148255348,10.8052504062653,63.2700004577637 107.818138837814,10.8052496910095,63.2700004577637 107.818129777908,10.8052498102188,63.2700004577637 107.818122386932,10.8052506446838,63.2700004577637 107.818113803864,10.8052512407303,63.2700004577637 107.818104743958,10.8052532672882,63.2700004577637 107.818092226982,10.8052536249161,63.2700004577637 107.818080306053,10.8052477836609,63.2700004577637 107.818072199821,10.8052370548248,63.2700004577637 107.818067193031,10.805225610733,63.3600006103516 107.818058729172,10.8052170276642,63.2099990844727 107.81804561615,10.8052147626877,63.2900009155273 107.8180321455,10.8052159547806,63.2700004577637 107.818021297455,10.8052155971527,63.2200012207031 107.818008303642,10.8052146434784,63.2400016784668 107.81799185276,10.8052113056183,63.25 107.817980647087,10.8052022457123,63.2599983215332 107.817975282669,10.8051921129227,63.2700004577637 107.817968010902,10.8051872253418,63.2700004577637 107.81795501709,10.8051860332489,63.3300018310547 107.817943453789,10.8051793575287,63.3699989318848 107.817939758301,10.8051685094833,63.3899993896484 107.817938089371,10.8051565885544,63.4000015258789 107.817934393883,10.8051446676254,63.4000015258789 107.817931294441,10.8051348924637,63.4000015258789 107.817929625511,10.8051260709763,63.3800010681152 107.817928791046,10.8051182031631,63.3499984741211 107.817927360535,10.80511033535,63.3300018310547 107.81792473793,10.8051000833511,63.2900009155273 107.817922830582,10.8050916194916,63.2200012207031 107.817918896675,10.8050827980042,63.1699981689453 107.817916631699,10.8050781488419,63.1500015258789 107.817913413048,10.805069565773,63.1500015258789 107.81791472435,10.8050612211227,63.189998626709 107.817918896675,10.8050513267517,63.2599983215332 107.817921638489,10.8050394058228,63.310001373291 107.817924380302,10.8050284385681,63.3400001525879 107.817925333977,10.8050208091736,63.3600006103516 107.817922711372,10.8050162792206,63.3899993896484 107.81791806221,10.8050130605698,63.4300003051758 107.817915201187,10.8050076961517,63.4900016784668 107.817915201187,10.8049994707108,63.5900001525879 107.817913532257,10.8049883842468,63.689998626709 107.817913413048,10.8049805164337,63.7599983215332 107.817912101746,10.8049716949463,63.7999992370605 107.817909002304,10.8049621582031,63.810001373291 107.817904472351,10.8049539327621,63.8199996948242 107.817904472351,10.8049432039261,63.8400001525879 107.81790626049,10.8049349784851,63.8800010681152 107.817905902863,10.80493080616,63.9300003051758 107.817903757095,10.8049201965332,63.9799995422363 107.817901968956,10.8049111366272,64.0500030517578 107.81789791584,10.8049041032791,64.1900024414062 107.817894816399,10.8048980236053,64.3099975585938 107.817891597748,10.8048892021179,64.3899993896484 107.817889213562,10.8048813343048,64.4300003051758 107.817887425423,10.8048734664917,64.5299987792969 107.817886710167,10.8048683404922,64.5800018310547 107.81788611412,10.80486369133,64.6500015258789 107.81788289547,10.8048553466797,64.7399978637695 107.81787955761,10.8048455715179,64.8000030517578 107.817874789238,10.8048363924026,64.8300018310547 107.817872405052,10.8048294782639,64.9700012207031 107.81787109375,10.8048225641251,65.1800003051758 107.817868351936,10.8048132658005,65.3300018310547 107.817867517471,10.8048056364059,65.5699996948242 107.81786942482,10.8047969341278,65.7600021362305 107.817875981331,10.8047887086868,65.870002746582 107.817885994911,10.8047840595245,65.9400024414062 107.817898511887,10.8047821521759,65.9899978637695 107.817915201187,10.8047760725021,66.0400009155273 107.81793320179,10.8047654628754,66.0500030517578 107.817951321602,10.8047558069229,66.0199966430664 107.817969918251,10.8047534227371,65.9899978637695 107.817986965179,10.8047524690628,65.9700012207031 107.817993879318,10.8047497272491,65.9899978637695 107.817996025085,10.8047498464584,65.9700012207031 107.817996501923,10.8047482967377,65.9499969482422 107.817998528481,10.8047335147858,65.879997253418 107.817998409271,10.804727435112,65.8399963378906 107.817997217178,10.8047271966934,65.8300018310547 107.817998051643,10.8047212362289,65.8199996948242 107.817997574806,10.8047094345093,65.8099975585938 107.817997097969,10.8047032356262,66.0800018310547 107.817997694016,10.8046953678131,66.2600021362305 107.817994236946,10.8046903610229,66.3499984741211 107.8179885149,10.804686665535,66.3899993896484 107.81798350811,10.8046841621399,66.4000015258789 107.817979335785,10.8046826124191,66.379997253418 107.81797516346,10.8046822547913,66.3499984741211 107.817969322205,10.8046822547913,66.3300018310547 107.817957043648,10.8046902418137,66.3199996948242 107.81794989109,10.8046926259995,66.3099975585938 107.817947149277,10.8046904802322,66.2300033569336 107.817942619324,10.8046889305115,66.1900024414062 107.817939281464,10.8046873807907,66.120002746582 107.817937731743,10.804686665535,66.129997253418 107.817935228348,10.8046869039536,66.0899963378906 107.817934751511,10.8046858310699,66.0699996948242 107.817906618118,10.8046857118607,65.5299987792969 107.817900061607,10.8046865463257,65.5199966430664 107.817896485329,10.8046861886978,65.5100021362305 107.817893147469,10.8046845197678,65.5199966430664 107.817890882492,10.8046845197678,65.5500030517578 107.817888975143,10.8046834468842,65.5699996948242 107.817885875702,10.8046764135361,65.6699981689453 107.817882537842,10.8046717643738,65.6699981689453 107.817877650261,10.8046679496765,65.6900024414062 107.817871570587,10.8046627044678,65.7200012207031 107.817865371704,10.804657459259,65.7399978637695 107.817858099937,10.8046505451202,65.75 107.817852258682,10.8046432733536,65.7600021362305 107.817849636078,10.8046382665634,65.7600021362305 107.817843198776,10.8046289682388,65.7900009155273 107.817838430405,10.8046214580536,65.8000030517578 107.817834854126,10.8046180009842,65.8099975585938 107.817833423615,10.8046060800552,65.9400024414062 107.817833662033,10.8045929670334,66.0299987792969 107.817835450172,10.8045840263367,66.0699996948242 107.817835330963,10.8045778274536,66.1100006103516 107.817833185196,10.8045625686646,66.1399993896484 107.817833304405,10.8045414686203,66.1800003051758 107.817831993103,10.8045219182968,66.2099990844727 107.817830204964,10.8045023679733,66.25 107.817824602127,10.8044887781143,66.2799987792969 107.817818164825,10.8044801950455,66.370002746582 107.817812681198,10.804474234581,66.4300003051758 107.817807435989,10.8044692277908,66.4599990844727 107.817809581757,10.8044619560242,66.5199966430664 107.81781411171,10.8044536113739,66.5100021362305 107.817815184593,10.804447054863,66.4899978637695 107.817812800407,10.8044353723526,66.4899978637695 107.817807912827,10.804426074028,66.4899978637695 107.817803621292,10.8044197559357,66.5999984741211 107.817801713943,10.8044121265411,66.6399993896484 107.817798852921,10.8044019937515,66.6900024414062 107.817796587944,10.8043946027756,66.7799987792969 107.817795157433,10.8043850660324,66.8300018310547 107.817795872688,10.8043745756149,66.8499984741211 107.817798018456,10.8043639659882,66.870002746582 107.817796468735,10.8043508529663,66.879997253418 107.81779384613,10.8043407201767,66.8899993896484 107.817795753479,10.804330945015,66.9400024414062 107.817799448967,10.8043220043182,66.9899978637695 107.817803144455,10.8043133020401,67.0199966430664 107.817811250687,10.8043031692505,67.0400009155273 107.817818760872,10.8042939901352,67.0500030517578 107.817824840546,10.8042858839035,67.0599975585938 107.817831993103,10.8042800426483,67.120002746582 107.817834854126,10.8042734861374,67.1500015258789 107.817835450172,10.8042656183243,67.1699981689453 107.817835092545,10.8042562007904,67.1900024414062 107.81783413887,10.8042469024658,67.1999969482422 107.817828774452,10.8042359352112,67.2099990844727 107.817820906639,10.8042266368866,67.2200012207031 107.817817211151,10.8042224645615,67.2600021362305 107.817813515663,10.8042154312134,67.2900009155273 107.817807912827,10.8042051792145,67.3099975585938 107.817801713943,10.8041913509369,67.3199996948242 107.817802786827,10.8041779994965,67.3300018310547 107.817808866501,10.8041707277298,67.3399963378906 107.817814946175,10.8041672706604,67.3600006103516 107.817818641663,10.8041630983353,67.379997253418 107.817821145058,10.8041528463364,67.379997253418 107.817823171616,10.8041453361511,67.3899993896484 107.817810773849,10.8041342496872,67.3899993896484 107.817805886269,10.8041242361069,67.3899993896484 107.817803621292,10.8041162490845,67.3899993896484 107.817802786827,10.8041152954102,67.3899993896484 107.817801594734,10.8041089773178,67.3899993896484 107.817799687386,10.8041014671326,67.3899993896484 107.817798256874,10.8040997982025,67.4300003051758 107.817793130875,10.8040939569473,67.4800033569336 107.81779384613,10.8040871620178,67.4899978637695 107.817795276642,10.8040833473206,67.5 107.817798018456,10.8040779829025,67.5199966430664 107.817803502083,10.8040646314621,67.5299987792969 107.81780564785,10.8040531873703,67.5299987792969 107.817805409431,10.8040374517441,67.5199966430664 107.81780230999,10.8040121793747,67.4100036621094 107.817795872688,10.8039848804474,67.3300018310547 107.817788004875,10.8039665222168,67.3099975585938 107.817773461342,10.8039501905441,67.3000030517578 107.817758202553,10.8039331436157,67.3000030517578 107.817752599716,10.8039243221283,67.3199996948242 107.817749977112,10.8039211034775,67.4800033569336 107.817743778229,10.8039184808731,67.6100006103516 107.817737579346,10.8039138317108,67.7099990844727 107.817730665207,10.8039056062698,67.75 107.817724943161,10.8038971424103,67.8899993896484 107.817721486092,10.8038936853409,67.9400024414062 107.817721247673,10.8038909435272,67.8899993896484 107.817717790604,10.8038822412491,67.8499984741211 107.817712426186,10.8038785457611,67.8300018310547 107.817705750465,10.8038773536682,67.8199996948242 107.817695021629,10.8038765192032,67.870002746582 107.817685484886,10.8038759231567,67.8899993896484 107.817675590515,10.8038735389709,67.9100036621094 107.8176612854,10.803871512413,67.9499969482422 107.817645072937,10.8038733005524,67.9599990844727 107.817633986473,10.8038756847382,67.9700012207031 107.817624092102,10.8038765192032,67.9599990844727 107.817615628242,10.8038746118546,67.9199981689453 107.817602038383,10.8038748502731,67.9000015258789 107.81759095192,10.8038738965988,67.879997253418 107.817583203316,10.8038733005524,67.870002746582 107.817572116852,10.8038728237152,67.870002746582 107.817559719086,10.8038692474365,67.9400024414062 107.817552924156,10.8038666248322,68.0500030517578 107.81754219532,10.8038691282272,68.1100006103516 107.817528128624,10.8038702011108,68.1399993896484 107.817508816719,10.8038704395294,68.1800003051758 107.817488074303,10.8038682937622,68.1699981689453 107.817473292351,10.8038667440414,68.1500015258789 107.81746339798,10.8038672208786,68.0899963378906 107.817452788353,10.8038697242737,68.0599975585938 107.817446231842,10.8038710355759,68.0899963378906 107.817434430122,10.8038680553436,68.1999969482422 107.817421913147,10.8038636445999,68.2699966430664 107.817408919334,10.8038629293442,68.5999984741211 107.817396044731,10.803863286972,68.9700012207031 107.817388653755,10.8038651943207,69.1600036621094 107.817382454872,10.8038692474365,69.3199996948242 107.817380785942,10.8038741350174,69.4100036621094 107.817372560501,10.8038803339005,69.5100021362305 107.817366123199,10.8038818836212,69.5599975585938 107.817361354828,10.8038835525513,69.5899963378906 107.81735599041,10.8038845062256,69.620002746582 107.817345142365,10.8038830757141,69.629997253418 107.817334890366,10.8038836717606,69.6399993896484 107.817333936691,10.8038867712021,69.6500015258789 107.817323446274,10.8038854598999,69.6900024414062 107.81730902195,10.8038884401321,69.7099990844727 107.817291975021,10.8038915395737,69.7200012207031 107.817269682884,10.8038948774338,69.7099990844727 107.817253947258,10.8038958311081,69.7099990844727 107.817246317863,10.8038945198059,69.6999969482422 107.817237138748,10.8038948774338,69.6999969482422 107.817226052284,10.803896188736,69.6999969482422 107.817211389542,10.8038960695267,69.7399978637695 107.81719648838,10.8038945198059,69.75 107.817185521126,10.803893327713,69.7699966430664 107.817181587219,10.8038889169693,69.7699966430664 107.817176699638,10.8038843870163,69.8099975585938 107.81716966629,10.8038802146912,69.8399963378906 107.817164897919,10.8038810491562,69.870002746582 107.817158341408,10.8038873672485,69.8899993896484 107.817154049873,10.8038889169693,70.0 107.817151427269,10.8038917779922,70.0699996948242 107.817141294479,10.8038929700851,70.1100006103516 107.817132472992,10.803893327713,70.129997253418 107.81712269783,10.8038940429688,70.120002746582 107.817111849785,10.8038954734802,70.120002746582 107.817098617554,10.8038964271545,70.120002746582 107.817080378532,10.8038969039917,70.120002746582 107.81706392765,10.8038969039917,70.0899963378906 107.81704723835,10.8038982152939,70.0599975585938 107.817024707794,10.8038980960846,69.9300003051758 107.816999197006,10.803898692131,69.870002746582 107.816982626915,10.8039044141769,69.8399963378906 107.81697332859,10.8039085865021,69.8199996948242 107.816966891289,10.8039071559906,69.8399963378906 107.816957712173,10.8039057254791,70.129997253418 107.816948652267,10.8039064407349,70.4300003051758 107.81694483757,10.8039056062698,70.5899963378906 107.81693816185,10.8039041757584,70.6800003051758 107.816928386688,10.8039041757584,70.7399978637695 107.816926836967,10.8039058446884,70.7600021362305 107.816919922829,10.8039066791534,70.8199996948242 107.816917300224,10.8039053678513,70.879997253418 107.816910624504,10.8039040565491,70.9400024414062 107.8169028759,10.803902387619,70.9800033569336 107.816897630692,10.8039009571075,71.0 107.816890478134,10.8039008378983,71.0599975585938 107.81687939167,10.8039022684097,71.0899963378906 107.816869139671,10.8039027452469,71.1100006103516 107.816865563393,10.8039022684097,71.129997253418 107.816856741905,10.8039011955261,71.1600036621094 107.816847920418,10.8039002418518,71.1999969482422 107.816842913628,10.8038990497589,71.2399978637695 107.81683409214,10.8038979768753,71.2799987792969 107.816824793816,10.8038998842239,71.3000030517578 107.816819548607,10.8038984537125,71.3199996948242 107.816813230515,10.8038990497589,71.3399963378906 107.816805362701,10.8039019107819,71.3600006103516 107.816800713539,10.803902387619,71.4000015258789 107.816794633865,10.803902387619,71.4300003051758 107.816788196564,10.8039022684097,71.4499969482422 107.816781878471,10.8039028644562,71.4599990844727 107.816776156425,10.8039002418518,71.4700012207031 107.816769719124,10.8039008378983,71.4000015258789 107.816759347916,10.8038967847824,71.3099975585938 107.816757321358,10.8038957118988,71.2600021362305 107.816751599312,10.8038922548294,71.2300033569336 107.816741108894,10.8038892745972,71.2300033569336 107.816736459732,10.8038874864578,71.6500015258789 107.816727638245,10.8038880825043,71.9300003051758 107.816724061966,10.8038897514343,72.0699996948242 107.81671667099,10.8038893938065,72.1399993896484 107.81670498848,10.8038917779922,72.1800003051758 107.816699147224,10.8038911819458,72.2099990844727 107.81669652462,10.803893327713,72.2200012207031 107.816699147224,10.8039017915726,72.2399978637695 107.816698551178,10.8039056062698,72.370002746582 107.81670665741,10.8039219379425,72.4899978637695 107.81670999527,10.8039280176163,72.5100021362305 107.816710472107,10.8039339780807,72.5199966430664 107.816709041595,10.8039392232895,72.4499969482422 107.816707372665,10.8039449453354,72.4000015258789 107.816707611084,10.8039544820786,72.370002746582 107.816708564758,10.8039600849152,72.3600006103516 107.816707968712,10.8039640188217,72.3499984741211 107.816710591316,10.8039739131927,72.379997253418 107.816713213921,10.8039826154709,72.4100036621094 107.816713809967,10.8039892911911,72.4199981689453 107.816718816757,10.8039968013763,72.4300003051758 107.816720962524,10.8040031194687,72.4199981689453 107.816720366478,10.8040128946304,72.4100036621094 107.816720962524,10.8040255308151,72.4100036621094 107.816723585129,10.804040312767,72.4000015258789 107.81672334671,10.8040583133698,72.3499984741211 107.816721439362,10.8040758371353,72.2600021362305 107.81672000885,10.8040895462036,72.2200012207031 107.816722631454,10.8040961027145,72.2099990844727 107.816721200943,10.804098367691,72.1399993896484 107.81672334671,10.8041034936905,72.1100006103516 107.816724181175,10.8041100502014,72.1100006103516 107.816728830338,10.8041180372238,72.120002746582 107.816731214523,10.8041276931763,72.1600036621094 107.8167334795,10.8041373491287,72.1500015258789 107.816737890244,10.8041486740112,72.1500015258789 107.816742777824,10.8041572570801,72.1399993896484 107.81674349308,10.8041617870331,72.1399993896484 107.816742062569,10.8041614294052,72.129997253418 107.816737532616,10.8041623830795,72.129997253418 107.816715836525,10.8041703701019,72.0599975585938 107.816709637642,10.8041739463806,72.0299987792969 107.816706061363,10.8041745424271,71.9700012207031 107.816700339317,10.8041797876358,71.9199981689453 107.816697716713,10.8041815757751,71.8899993896484 107.816679000854,10.804187297821,71.8000030517578 107.816663622856,10.8041921854019,71.7900009155273 107.816649675369,10.8041945695877,71.8099975585938 107.816645503044,10.8041936159134,71.8300018310547 107.816635131836,10.8041960000992,71.879997253418 107.816628336906,10.8041952848434,71.9100036621094 107.816622972488,10.8041963577271,71.9300003051758 107.816610217094,10.804200053215,71.9899978637695 107.816601753235,10.8042006492615,72.0299987792969 107.816596627235,10.8042002916336,72.0400009155273 107.816586256027,10.8042044639587,72.0500030517578 107.816579818726,10.8042035102844,72.0699996948242 107.816574692726,10.804202914238,72.0599975585938 107.816565155983,10.804204583168,72.0599975585938 107.816549420357,10.8042055368423,72.0500030517578 107.816534519196,10.8042062520981,72.0699996948242 107.816522359848,10.8042063713074,72.0800018310547 107.816518068314,10.8042054176331,72.0699996948242 107.816514968872,10.8042054176331,72.0299987792969 107.816499471664,10.804207444191,72.0 107.816486597061,10.8042080402374,72.0 107.816477775574,10.8042072057724,71.9899978637695 107.816475510597,10.8042041063309,71.9899978637695 107.816468477249,10.8042043447495,72.0899963378906 107.816454410553,10.8042132854462,72.2600021362305 107.816448688507,10.8042141199112,72.3899993896484 107.816444993019,10.8042097091675,72.5199966430664 107.816443681717,10.8042072057724,72.5899963378906 107.816439390182,10.8042097091675,72.629997253418 107.816431999207,10.8042132854462,72.6699981689453 107.816430926323,10.804212808609,72.6900024414062 107.816425800323,10.8042145967484,72.6900024414062 107.816407561302,10.8042206764221,72.7099990844727 107.816399931908,10.8042258024216,72.7200012207031 107.816397070885,10.8042312860489,72.7799987792969 107.816394090652,10.8042330741882,72.8199996948242 107.81639277935,10.8042330741882,72.8399963378906 107.816367387772,10.8042330741882,72.8099975585938 107.816358327866,10.8042361736298,72.7099990844727 107.816357851028,10.8042449951172,72.6399993896484 107.816364049911,10.804247379303,72.379997253418 107.816367864609,10.8042500019073,72.25 107.816366910934,10.8042539358139,72.1399993896484 107.816367149353,10.8042653799057,72.0100021362305 107.816368460655,10.804279923439,71.9300003051758 107.816370248795,10.8042968511581,71.9000015258789 107.81637442112,10.80430996418,71.7900009155273 107.816378116608,10.8043210506439,71.7300033569336 107.816379785538,10.8043279647827,71.5800018310547 107.816380977631,10.8043347597122,71.5 107.81638109684,10.8043411970139,71.379997253418 107.816382646561,10.8043469190598,71.1999969482422 107.816384077072,10.8043534755707,71.0899963378906 107.816384792328,10.8043618202209,71.0199966430664 107.816386342049,10.8043694496155,70.9700012207031 107.81638777256,10.8043800592422,70.9499969482422 107.816390037537,10.8043929338455,70.9199981689453 107.816393375397,10.8044066429138,70.8899993896484 107.816392660141,10.8044143915176,70.8600006103516 107.816390633583,10.8044202327728,70.8099975585938 107.816390037537,10.8044277429581,70.7900009155273 107.816390156746,10.8044353723526,70.7699966430664 107.816390275955,10.8044389486313,70.7399978637695 107.816389679909,10.8044406175613,70.7099990844727 107.816389560699,10.8044438362122,70.6900024414062 107.816385507584,10.8044483661652,70.6800003051758 107.8163844347,10.804456114769,70.6699981689453 107.816382646561,10.804460644722,70.6500015258789 107.816380381584,10.8044675588608,70.620002746582 107.816382288933,10.8044780492783,70.5999984741211 107.816382408142,10.8044846057892,70.5999984741211 107.816383004189,10.8044890165329,70.5899963378906 107.816385507584,10.8044974803925,70.5500030517578 107.816388487816,10.8045079708099,70.5 107.816390037537,10.8045165538788,70.5100021362305 107.816391706467,10.8045237064362,70.5500030517578 107.81639277935,10.8045307397842,70.5199966430664 107.816389083862,10.8045402765274,70.5 107.816386342049,10.804550409317,70.4899978637695 107.816385030746,10.8045573234558,70.4899978637695 107.8163844347,10.8045608997345,70.4899978637695 107.816383481026,10.804570555687,70.4000015258789 107.816384315491,10.8045846223831,70.3600006103516 107.816384315491,10.8045972585678,70.3099975585938 107.816383957863,10.8046038150787,70.2799987792969 107.816383957863,10.8046078681946,70.2300033569336 107.8163844347,10.804616689682,70.1800003051758 107.816382408142,10.8046272993088,70.1100006103516 107.816376566887,10.8046307563782,70.0699996948242 107.816374659538,10.8046396970749,70.0500030517578 107.816375732422,10.8046526908875,70.0400009155273 107.816378355026,10.8046715259552,69.9899978637695 107.816378831863,10.8046835660934,69.9800033569336 107.81637430191,10.804686665535,70.0 107.81637108326,10.8046895265579,70.0199966430664 107.816373348236,10.8046977519989,70.3199996948242 107.816377282143,10.8047082424164,70.4700012207031 107.816378951073,10.8047189712524,70.5500030517578 107.816378951073,10.8047311306,70.5899963378906 107.816378474236,10.8047432899475,70.5299987792969 107.816370844841,10.8047497272491,70.4499969482422 107.816365003586,10.8047581911087,70.4100036621094 107.816368103027,10.8047763109207,70.4000015258789 107.816367864609,10.8047907352448,70.3899993896484 107.816363811493,10.8047949075699,70.4000015258789 107.816361427307,10.8047966957092,70.4000015258789 107.816360116005,10.8048067092896,70.4000015258789 107.816360592842,10.8048205375671,70.4000015258789 107.81636428833,10.804834485054,70.2799987792969 107.816364526749,10.8048410415649,70.0599975585938 107.816358566284,10.8048400878906,69.9100036621094 107.816355228424,10.8048448562622,69.8000030517578 107.81635415554,10.8048534393311,69.7300033569336 107.816358089447,10.8048700094223,69.6900024414062 107.816361069679,10.8048851490021,69.6600036621094 107.816360592842,10.8048952817917,69.6500015258789 107.816359639168,10.804905295372,69.5100021362305 107.816357851028,10.8049137592316,69.3600006103516 107.816353201866,10.8049252033234,69.2300033569336 107.816351294518,10.8049349784851,69.1399993896484 107.816350698471,10.8049405813217,68.620002746582 107.81635260582,10.8049468994141,68.2900009155273 107.816357016563,10.8049566745758,68.1100006103516 107.816362023354,10.804967045784,67.9599990844727 107.816366195679,10.8049788475037,67.8899993896484 107.816366314888,10.804988861084,67.9000015258789 107.816364049911,10.804997086525,68.0299987792969 107.816362738609,10.8050063848495,68.2399978637695 107.816362142563,10.8050167560577,68.4400024414062 107.816360473633,10.8050264120102,68.6600036621094 107.816358327866,10.8050354719162,68.7699966430664 107.816355228424,10.8050451278687,68.8399963378906 107.816352248192,10.8050523996353,68.8600006103516 107.816353321075,10.8050569295883,68.8600006103516 107.816352128983,10.8050647974014,68.8300018310547 107.816352009773,10.805074095726,68.8000030517578 107.81635248661,10.8050810098648,68.7699966430664 107.81635248661,10.8050894737244,68.7600021362305 107.816352128983,10.805098772049,68.7600021362305 107.816354393959,10.805107831955,68.7699966430664 107.816356062889,10.8051192760468,68.75 107.816356301308,10.8051311969757,68.7300033569336 107.816355586052,10.8051404953003,68.7200012207031 107.816355586052,10.8051470518112,68.6699981689453 107.816354393959,10.8051552772522,68.6399993896484 107.816352248192,10.8051650524139,68.620002746582 107.816349983215,10.8051759004593,68.6100006103516 107.816347718239,10.8051855564117,68.6100006103516 107.81634759903,10.8051940202713,68.5999984741211 107.816346645355,10.8052030801773,68.620002746582 107.816343665123,10.8052129745483,68.629997253418 107.816341400146,10.8052233457565,68.6500015258789 107.816342830658,10.8052312135696,68.6600036621094 107.816344380379,10.8052395582199,68.6600036621094 107.816344022751,10.8052488565445,68.6500015258789 107.816344022751,10.8052582740784,68.6399993896484 107.816344022751,10.8052644729614,68.629997253418 107.816347956657,10.805273771286,68.5500030517578 107.816346287727,10.8052833080292,68.4899978637695 107.816345572472,10.8052959442139,68.4599990844727 107.816346168518,10.8053114414215,68.1800003051758 107.816346049309,10.8053238391876,68.0299987792969 107.816345691681,10.8053339719772,67.9599990844727 107.816342949867,10.8053389787674,68.0199966430664 107.816340208054,10.8053447008133,68.25 107.816338419914,10.8053478002548,68.4400024414062 107.816336154938,10.8053604364395,68.5500030517578 107.816336393356,10.8053694963455,68.6100006103516 107.816334962845,10.8053734302521,68.6399993896484 107.816335320473,10.8053796291351,68.6500015258789 107.816340327263,10.8053911924362,68.6500015258789 107.81635081768,10.8054022789001,68.6500015258789 107.816354393959,10.8054156303406,68.5999984741211 107.816355824471,10.8054270744324,68.5400009155273 107.816356658936,10.8054366111755,68.5 107.816358923912,10.8054451942444,68.4700012207031 107.816360354424,10.8054540157318,68.4400024414062 107.816361427307,10.8054627180099,68.4199981689453 107.816361904144,10.8054699897766,68.4100036621094 107.816362977028,10.805476307869,68.3899993896484 107.816358923912,10.8054820299149,68.3899993896484 107.816348791122,10.8054897785187,68.3899993896484 107.816347956657,10.8055003881454,68.3899993896484 107.816348433495,10.8055109977722,68.3899993896484 107.81634747982,10.8055258989334,68.3899993896484 107.816343665123,10.8055415153503,68.3899993896484 107.816339731216,10.8055542707443,68.3899993896484 107.816337823868,10.8055646419525,68.3899993896484 107.816337347031,10.8055745363235,68.3899993896484 107.816334366798,10.8055818080902,68.3899993896484 107.816331863403,10.805589556694,68.379997253418 107.816328406334,10.8055980205536,68.3899993896484 107.816325306892,10.8056081533432,68.3899993896484 107.816324830055,10.8056170940399,68.2900009155273 107.816325426102,10.8056259155273,68.2300033569336 107.816326260567,10.8056346178055,68.1999969482422 107.816326379776,10.805643081665,68.1600036621094 107.81632566452,10.8056517839432,68.1100006103516 107.816326141357,10.8056564331055,68.0199966430664 107.816327691078,10.8056614398956,67.9499969482422 107.81632733345,10.805673122406,67.879997253418 107.81632912159,10.8056862354279,67.7799987792969 107.816331863403,10.8056976795197,67.7099990844727 107.816334366798,10.8057110309601,67.6699981689453 107.816337585449,10.8057265281677,67.6500015258789 107.816340565681,10.8057403564453,67.6100006103516 107.816343665123,10.8057528734207,67.5999984741211 107.816347122192,10.8057638406754,67.5899963378906 107.816349029541,10.8057755231857,67.5500030517578 107.816349029541,10.8057870864868,67.5299987792969 107.816351056099,10.8057978153229,67.5199966430664 107.81635081768,10.8058083057404,67.4700012207031 107.81635081768,10.8058176040649,67.4599990844727 107.816351890564,10.8058263063431,67.4599990844727 107.816351771355,10.8058354854584,67.4599990844727 107.816350579262,10.8058452606201,67.4300003051758 107.816350460052,10.8058553934097,67.3399963378906 107.816352128983,10.8058658838272,67.2799987792969 107.816354393959,10.8058767318726,67.25 107.816360473633,10.8058871030807,67.2200012207031 107.816368222237,10.805894613266,67.2099990844727 107.816375851631,10.8059009313583,67.1900024414062 107.816385030746,10.8059092760086,67.1500015258789 107.816392421722,10.8059177398682,67.0599975585938 107.816397309303,10.8059267997742,67.0199966430664 107.816401124001,10.8059365749359,67.0 107.816404223442,10.8059484958649,66.9800033569336 107.816406130791,10.8059588670731,66.9899978637695 107.816401600838,10.8059643507004,66.9899978637695 107.81639623642,10.805970788002,67.0 107.816391468048,10.8059791326523,67.0 107.816384553909,10.805988907814,67.0 107.816378831863,10.8060010671616,66.9899978637695 107.816376209259,10.8060137033463,66.9800033569336 107.816377162933,10.8060214519501,66.9599990844727 107.816377043724,10.8060282468796,66.9499969482422 107.816373467445,10.8060412406921,66.9499969482422 107.816368222237,10.8060532808304,66.9400024414062 107.816359758377,10.8060635328293,66.9300003051758 107.816351056099,10.8060722351074,66.9199981689453 107.816343188286,10.8060808181763,66.8899993896484 107.816337823868,10.806090593338,66.8600006103516 107.81633412838,10.806100487709,66.8399963378906 107.81632900238,10.8061103820801,66.8300018310547 107.81632578373,10.8061212301254,66.8199996948242 107.816326498985,10.8061324357986,66.8199996948242 107.816326498985,10.8061442375183,66.8099975585938 107.816325187683,10.806157708168,66.7600021362305 107.816326141357,10.8061716556549,66.6600036621094 107.81632578373,10.8061863183975,66.5899963378906 107.816324114799,10.8062018156052,66.5500030517578 107.816322684288,10.80621778965,66.5199966430664 107.816323041916,10.8062312602997,66.5100021362305 107.816323757172,10.8062433004379,66.5 107.816324114799,10.8062541484833,66.4899978637695 107.816324949265,10.8062626123428,66.4400024414062 107.81632399559,10.8062671422958,66.4100036621094 107.816323637962,10.8062744140625,66.3899993896484 107.816325902939,10.8062870502472,66.379997253418 107.816324353218,10.8063000440598,66.379997253418 107.816320180893,10.8063102960587,66.4100036621094 107.816316843033,10.8063215017319,66.4199981689453 107.816313743591,10.8063340187073,66.4300003051758 107.816312193871,10.8063460588455,66.3899993896484 107.816311955452,10.8063577413559,66.3499984741211 107.81631231308,10.8063675165176,66.3300018310547 107.816313505173,10.8063763380051,66.3099975585938 107.816316127777,10.8063846826553,66.2699966430664 107.816325306892,10.8063918352127,66.2300033569336 107.816338300705,10.8063963651657,66.1800003051758 107.816352725029,10.8064044713974,66.0500030517578 107.816362023354,10.8064121007919,65.9800033569336 107.816364884377,10.8064237833023,65.9400024414062 107.816366791725,10.8064371347427,65.9300003051758 107.816369175911,10.8064520359039,65.9300003051758 107.81637096405,10.8064675331116,66.0 107.816372036934,10.8064790964127,66.2099990844727 107.816373586655,10.8064887523651,66.3300018310547 107.816372871399,10.8064954280853,66.4400024414062 107.816375732422,10.8065034151077,66.4899978637695 107.816375017166,10.8065136671066,66.4800033569336 107.81637096405,10.8065255880356,66.4599990844727 107.816365003586,10.8065364360809,66.4499969482422 107.816362023354,10.8065412044525,66.4100036621094 107.816363215446,10.8065576553345,66.3499984741211 107.816361546516,10.8065718412399,66.3099975585938 107.816356301308,10.8065818548203,66.2900009155273 107.816348910332,10.8065886497498,66.2099990844727 107.816342711449,10.8065954446793,66.1399993896484 107.816338419914,10.8066017627716,66.0999984741211 107.816332697868,10.8066111803055,66.0699996948242 107.816327929497,10.8066210746765,66.0400009155273 107.816323041916,10.8066309690475,66.0199966430664 107.816316604614,10.8066468238831,66.0 107.816313505173,10.8066605329514,65.9800033569336 107.816312432289,10.8066701889038,65.9400024414062 107.81631231308,10.8066819906235,65.9000015258789 107.816313505173,10.8066952228546,65.7799987792969 107.816316604614,10.8067100048065,65.7200012207031 107.816319465637,10.8067239522934,65.6900024414062 107.816321372986,10.8067353963852,65.620002746582 107.816321611404,10.8067461252213,65.5500030517578 107.816318631172,10.8067524433136,65.4899978637695 107.816317439079,10.8067623376846,65.4599990844727 107.816316008568,10.806772351265,65.4700012207031 107.816314339638,10.806782245636,65.4499969482422 107.816311478615,10.806791305542,65.4300003051758 107.816309571266,10.8068008422852,65.4000015258789 107.816309452057,10.8068120479584,65.379997253418 107.816310286522,10.8068239688873,65.379997253418 107.816311836243,10.8068358898163,65.379997253418 107.816312432289,10.8068463802338,65.370002746582 107.816311955452,10.8068573474884,65.379997253418 107.81631231308,10.8068675994873,65.379997253418 107.816313505173,10.8068783283234,65.4000015258789 107.816314101219,10.8068873882294,65.4300003051758 107.816314101219,10.8068979978561,65.4499969482422 107.816313505173,10.8069097995758,65.4499969482422 107.816312909126,10.8069208860397,65.4400024414062 107.816312551498,10.8069332838058,65.3300018310547 107.816312193871,10.806947350502,65.25 107.816311120987,10.8069608211517,65.2099990844727 107.816311001778,10.8069739341736,65.1800003051758 107.81631064415,10.8069854974747,65.1699981689453 107.816310763359,10.8069965839386,65.1600036621094 107.816311836243,10.8070085048676,65.1500015258789 107.816312074661,10.8070206642151,65.129997253418 107.816311955452,10.8070330619812,65.0699996948242 107.816312193871,10.8070459365845,65.0299987792969 107.816312789917,10.807058095932,65.0199966430664 107.816312670708,10.8070682287216,65.0100021362305 107.816312670708,10.8070749044418,65.0199966430664 107.816311836243,10.8070803880692,65.0500030517578 107.816311240196,10.8070882558823,65.0699996948242 107.816313505173,10.8070979118347,65.0800018310547 107.816313743591,10.8071047067642,65.0699996948242 107.816313505173,10.807110786438,65.0699996948242 107.81631398201,10.8071203231812,65.0699996948242 107.816315174103,10.8071329593658,65.0299987792969 107.816316366196,10.8071477413177,65.0100021362305 107.816316843033,10.8071610927582,64.9800033569336 107.816317558289,10.8071722984314,64.9700012207031 107.816317915916,10.807181596756,64.9100036621094 107.816318869591,10.8071894645691,64.879997253418 107.816320538521,10.8071986436844,64.8600006103516 107.816322088242,10.8072097301483,64.8399963378906 107.816322565079,10.8072202205658,64.8099975585938 107.816321492195,10.8072290420532,64.7799987792969 107.816319942474,10.8072371482849,64.7099990844727 107.8163189888,10.807245016098,64.6800003051758 107.816317677498,10.8072543144226,64.6699981689453 107.816314816475,10.8072654008865,64.6500015258789 107.816311717033,10.8072763681412,64.6500015258789 107.816312432289,10.8072887659073,64.6399993896484 107.816314101219,10.8073015213013,64.6399993896484 107.816315174103,10.8073134422302,64.6399993896484 107.816316127777,10.8073252439499,64.620002746582 107.816315531731,10.8073352575302,64.5999984741211 107.816315054893,10.8073426485062,64.5899963378906 107.816312909126,10.8073478937149,64.5800018310547 107.816309928894,10.8073524236679,64.6699981689453 107.816309332848,10.8073601722717,64.7099990844727 107.816309809685,10.8073740005493,64.7900009155273 107.816310763359,10.8073908090591,64.8199996948242 107.816312074661,10.8074085712433,64.8499984741211 107.816310882568,10.8074178695679,64.870002746582 107.816309213638,10.8074225187302,64.870002746582 107.816304564476,10.8074281215668,64.870002746582 107.816301107407,10.8074367046356,64.8600006103516 107.816300630569,10.8074487447739,64.8399963378906 107.816300630569,10.8074605464935,64.8099975585938 107.816300630569,10.8074729442596,64.7699966430664 107.816302061081,10.8074848651886,64.7399978637695 107.816303133965,10.8074952363968,64.7099990844727 107.816303610802,10.8075076341629,64.6900024414062 107.816306591034,10.8075222969055,64.6900024414062 107.816306591034,10.8075357675552,64.6800003051758 107.816306352615,10.8075475692749,64.6100006103516 107.816310286522,10.8075588941574,64.5100021362305 107.816314816475,10.8075704574585,64.4000015258789 107.816317677498,10.8075779676437,64.3499984741211 107.816316843033,10.8075840473175,64.3199996948242 107.81631565094,10.8075917959213,64.3099975585938 107.816314697266,10.8076010942459,64.3099975585938 107.816313505173,10.8076108694077,64.3499984741211 107.816314220428,10.8076223134995,64.5299987792969 107.816316843033,10.8076356649399,64.6100006103516 107.816318631172,10.8076485395432,64.6600036621094 107.816316843033,10.8076611757278,64.6800003051758 107.816316008568,10.807673573494,64.6900024414062 107.816316604614,10.8076844215393,64.6399993896484 107.816318273544,10.8076922893524,64.5699996948242 107.816321134567,10.8076988458633,64.4400024414062 107.81632232666,10.8077057600021,64.370002746582 107.816321730614,10.807713508606,64.3300018310547 107.816319108009,10.807723402977,64.3099975585938 107.816316127777,10.8077335357666,64.3000030517578 107.816315293312,10.8077437877655,64.3499984741211 107.816316843033,10.8077509403229,64.4000015258789 107.816315531731,10.8077591657639,64.4199981689453 107.816311836243,10.8077706098557,64.5800018310547 107.816308736801,10.8077828884125,64.6699981689453 107.816307544708,10.8077960014343,64.7099990844727 107.816308259964,10.807808637619,64.7300033569336 107.816311120987,10.8078197240829,64.5400009155273 107.816312909126,10.8078300952911,64.4199981689453 107.816313505173,10.807839512825,64.3499984741211 107.816313266754,10.8078497648239,64.2900009155273 107.816310763359,10.8078598976135,64.2600021362305 107.816308498383,10.8078715801239,64.2300033569336 107.816304683685,10.8078830242157,64.1800003051758 107.816300988197,10.8078949451447,64.1600036621094 107.816297292709,10.8079080581665,64.1500015258789 107.816295623779,10.8079206943512,64.1399993896484 107.816295862198,10.8079323768616,64.1900024414062 107.816297650337,10.8079429864883,64.2600021362305 107.816295385361,10.807954788208,64.2900009155273 107.816293716431,10.8079674243927,64.3099975585938 107.816296219826,10.8079787492752,64.2799987792969 107.816298007965,10.8079900741577,64.2699966430664 107.816294908524,10.8080018758774,64.2600021362305 107.816291451454,10.8080117702484,64.2600021362305 107.816291451454,10.8080211877823,64.2600021362305 107.816293597221,10.8080300092697,64.129997253418 107.816296815872,10.8080389499664,64.0800018310547 107.816300272942,10.808049082756,64.0400009155273 107.816305160522,10.8080600500107,63.9599990844727 107.816312551498,10.8080725669861,63.9000015258789 107.816316366196,10.8080869913101,63.8400001525879 107.816317439079,10.8081024885178,63.8199996948242 107.816319465637,10.8081185817719,63.810001373291 107.816322088242,10.8081336021423,63.7999992370605 107.816324353218,10.808144569397,63.8600006103516 107.816324234009,10.8081502914429,63.9300003051758 107.81632065773,10.808152794838,63.9700012207031 107.816316604614,10.8081543445587,63.9799995422363 107.816304206848,10.8081759214401,63.9300003051758 107.816302537918,10.8081905841827,63.8600006103516 107.816305279732,10.808207154274,63.8199996948242 107.816309809685,10.8082284927368,63.7200012207031 107.816317677498,10.8082505464554,63.6800003051758 107.816328406334,10.8082714080811,63.6500015258789 107.816338181496,10.8082903623581,63.6300010681152 107.816343426704,10.8083035945892,63.6199989318848 107.816343903542,10.8083122968674,63.6199989318848 107.816344022751,10.8083181381226,63.6100006103516 107.816343903542,10.8083220720291,63.6100006103516 107.816341996193,10.8083230257034,63.5900001525879 107.816341876984,10.8083264827728,63.5699996948242 107.816337823868,10.808330655098,63.560001373291 107.816331505775,10.8083429336548,63.5800018310547 107.816332936287,10.8083550930023,63.5800018310547 107.816342711449,10.8083688020706,63.5900001525879 107.816354751587,10.8083839416504,63.5900001525879 107.816366314888,10.8083984851837,63.5900001525879 107.816373944283,10.8084069490433,63.5800018310547 107.816374778748,10.8084144592285,63.5699996948242 107.816375136375,10.8084181547165,63.5699996948242 107.816377043724,10.808425784111,63.5699996948242 107.816376447678,10.8084324598312,63.5699996948242 107.816375017166,10.8084381818771,63.5699996948242 107.816373944283,10.8084408044815,63.5699996948242 107.816376209259,10.8084456920624,63.560001373291 107.816376686096,10.8084552288055,63.5400009155273 107.816379308701,10.8084684610367,63.4900016784668 107.816383719444,10.8084814548492,63.4700012207031 107.816388607025,10.8084996938705,63.4500007629395 107.816393852234,10.8085213899612,63.4500007629395 107.816399931908,10.8085427284241,63.4599990844727 107.816405296326,10.8085639476776,63.4700012207031 107.816407561302,10.8085854053497,63.4700012207031 107.816407680511,10.8086043596268,63.4700012207031 107.816406488419,10.8086235523224,63.4300003051758 107.816402673721,10.8086426258087,63.3600006103516 107.816399812698,10.8086527585983,63.3199996948242 107.816394805908,10.80866086483,63.2900009155273 107.81639277935,10.8086663484573,63.2200012207031 107.816390872002,10.8086719512939,63.1500015258789 107.816387653351,10.8086769580841,63.0699996948242 107.816384077072,10.8086838722229,63.0299987792969 107.81637442112,10.808692574501,63.0 107.816369652748,10.8087033033371,62.9700012207031 107.816371202469,10.8087215423584,62.9500007629395 107.816375732422,10.8087410926819,63.4300003051758 107.816376924515,10.8087581396103,63.6500015258789 107.816378116608,10.8087697029114,63.75 107.816380739212,10.8087751865387,63.810001373291 107.816383004189,10.8087823390961,63.6500015258789 107.8163844347,10.8087867498398,63.2999992370605 107.816385030746,10.8087877035141,63.2999992370605 107.816384911537,10.8087863922119,63.2999992370605 107.816388368607,10.8087840080261,63.2999992370605 107.816393733025,10.808783531189,63.2999992370605 107.816399097443,10.8087801933289,62.9599990844727 107.816404700279,10.8087767362595,62.5900001525879 107.816411614418,10.8087748289108,62.2900009155273 107.816417813301,10.8087733983994,62.0200004577637 107.816426157951,10.8087728023529,61.8199996948242 107.816432952881,10.8087722063065,61.689998626709 107.816438794136,10.8087686300278,61.6199989318848 107.816442847252,10.8087651729584,61.5900001525879 107.816447019577,10.8087612390518,61.5499992370605 107.816450238228,10.8087602853775,61.5299987792969 107.816452980042,10.8087595701218,61.5299987792969 107.81645488739,10.8087581396103,61.5299987792969 107.816372036934,10.8087551593781,60.0299987792969
</coordinates></LinearRing></outerBoundaryIs></Polygon>
</Placemark>
</Document></kml>