<?xml version='1.0' encoding='utf-8'?>
<kml xmlns="http://www.opengis.net/kml/2.2"><Document>
<name>Ants Farm Polygon Ready - 1553 TOA DO CHUAN</name>
<Placemark>
<name>Polygon hoàn công 80</name>
<description>Entity DXF: 80; Diện tích: 2.774000164973736 ha</description>
<Style><LineStyle><width>3</width><color>ffFFBF00</color></LineStyle><PolyStyle><fill>1</fill><color>66FFBF00</color><outline>1</outline></PolyStyle></Style>
<Polygon><outerBoundaryIs><LinearRing><coordinates>
107.808668615038,10.830294470081,0 107.808676743038,10.830195174081,0 107.808657882038,10.830123084081,0 107.808648543038,10.830096067081,0 107.808647992038,10.830041985081,0 107.808647700038,10.830005961081,0 107.808573499038,10.829862329081,0 107.808571024038,10.829600677081,0 107.808560604038,10.829456468081,0 107.808578806038,10.829456329081,0 107.808596899038,10.829438132081,0 107.808577962038,10.829366132081,0 107.808586771038,10.829329947081,0 107.808622882038,10.829293554081,0 107.808594975038,10.829230562081,0 107.808603762038,10.829203497081,0 107.808557653038,10.829140734081,0 107.808557231038,10.829095681081,0 107.808665932038,10.829022526081,0 107.808701546038,10.828940989081,0 107.808683182038,10.828914132081,0 107.808628005038,10.828869496081,0 107.808627529038,10.828815415081,0 107.808690834038,10.828760665081,0 107.808718137038,10.828760366081,0 107.808754615038,10.828760088081,0 107.808772817038,10.828759858081,0 107.808918526038,10.828749536081,0 107.808945882038,10.828758355081,0 107.808973368038,10.828776114081,0 107.809019077038,10.828784704081,0 107.809128599038,10.828810865081,0 107.809183593038,10.828837443081,0 107.809256529038,10.828845735081,0 107.809302400038,10.828881411081,0 107.809375465038,10.828898822081,0 107.809521466038,10.828924523081,0 107.809576255038,10.828942073081,0 107.809576384038,10.828951101081,0 107.809576255038,10.828942073081,0 107.809576255038,10.828942073081,0 107.809594770038,10.828968929081,0 107.809585431038,10.828942003081,0 107.809603687038,10.828950802081,0 107.809649396038,10.828959483081,0 107.809740533038,10.828967635081,0 107.809831930038,10.828993845081,0 107.809886610038,10.828993337081,0 107.809932243038,10.829001927081,0 107.809977801038,10.829010607081,0 107.810050704038,10.829000841081,0 107.810123824038,10.829027280081,0 107.810178850038,10.829071825081,0 107.810187897038,10.829062727081,0 107.810225403038,10.829170613081,0 107.810218152038,10.829378252081,0 107.810238279038,10.829585502081,0 107.810258481038,10.829792843081,0 107.810214882038,10.830009700081,0 107.810088769038,10.830164253081,0 107.810070567038,10.830164392081,0 107.810025226038,10.830191916081,0 107.809853425038,10.830328760081,0 107.809635493038,10.830411870081,0 107.809425764038,10.830395774081,0 107.809234258038,10.830370421081,0 107.809042785038,10.830363214081,0 107.808896913038,10.830346451081,0 107.808796415038,10.830320311081,0 107.808659493038,10.830303568081,0 107.808668615038,10.830294470081,0
</coordinates></LinearRing></outerBoundaryIs></Polygon>
</Placemark>
<Placemark>
<name>Polygon hoàn công 132</name>
<description>Entity DXF: 132; Diện tích: 1.080386572396755 ha</description>
<Style><LineStyle><width>3</width><color>ffFFBF00</color></LineStyle><PolyStyle><fill>1</fill><color>66FFBF00</color><outline>1</outline></PolyStyle></Style>
<Polygon><outerBoundaryIs><LinearRing><coordinates>
107.808842624038,10.831375308081,0 107.808842332038,10.831339193081,0 107.808794882038,10.831141270081,0 107.808783911038,10.830942799081,0 107.808764023038,10.830762634081,0 107.808698209038,10.830537675081,0 107.808688849038,10.830519687081,0 107.808679511038,10.830492761081,0 107.808679219038,10.830456646081,0 107.808715092038,10.830393257081,0 107.808942471038,10.830355041081,0 107.809070163038,10.830362915081,0 107.809134128038,10.830380395081,0 107.809270661038,10.830370142081,0 107.809288863038,10.830370003081,0 107.809371029038,10.830387253081,0 107.809581472038,10.830484517081,0 107.809564849038,10.830647083081,0 107.809555618038,10.830638214081,0 107.809492551038,10.830719959081,0 107.809492789038,10.830746955081,0 107.809475009038,10.830792238081,0 107.809475322038,10.830819324081,0 107.809457467038,10.830864517081,0 107.809467119038,10.830918619081,0 107.809476458038,10.830945545081,0 107.809549708038,10.830980923081,0 107.809586479038,10.831016759081,0 107.809623542038,10.831088620081,0 107.809596531038,10.831124944081,0 107.809596769038,10.831152030081,0 107.809506658038,10.831252042081,0 107.809497666038,10.831270169081,0 107.809498326038,10.831342308081,0 107.809489463038,10.831369464081,0 107.809498748038,10.831387362081,0 107.809471996038,10.831441743081,0 107.809444802038,10.831460099081,0 107.809435993038,10.831496284081,0 107.809418029038,10.831523509081,0 107.809381810038,10.831541845081,0 107.809336814038,10.831614422081,0 107.809318980038,10.831650676081,0 107.809246282038,10.831669381081,0 107.809200572038,10.831660790081,0 107.809172923038,10.831615946081,0 107.809008460038,10.831572326081,0 107.808862696038,10.831573620081,0 107.808835080038,10.831546832081,0 107.808842624038,10.831375308081,0
</coordinates></LinearRing></outerBoundaryIs></Polygon>
</Placemark>
<Placemark>
<name>Polygon hoàn công 178</name>
<description>Entity DXF: 178; Diện tích: 0.7682980740308761 ha</description>
<Style><LineStyle><width>3</width><color>ffFFBF00</color></LineStyle><PolyStyle><fill>1</fill><color>66FFBF00</color><outline>1</outline></PolyStyle></Style>
<Polygon><outerBoundaryIs><LinearRing><coordinates>
107.808661170038,10.831458138081,0 107.808652966038,10.831557524081,0 107.808644892038,10.831665847081,0 107.808517146038,10.831648945081,0 107.808453072038,10.831613407081,0 107.808434741038,10.831604608081,0 107.808371068038,10.831623242081,0 107.808307308038,10.831614791081,0 107.808243343038,10.831597311081,0 107.808188716038,10.831606847081,0 107.808152313038,10.831607125081,0 107.808143212038,10.831607285081,0 107.808115726038,10.831589436081,0 107.808106809038,10.831607564081,0 107.808097924038,10.831643748081,0 107.807970308038,10.831635873081,0 107.807769808038,10.831628646081,0 107.807733330038,10.831629014081,0 107.807660264038,10.831611603081,0 107.807651109038,10.831602734081,0 107.807713809038,10.831484875081,0 107.807876219038,10.831311987081,0 107.808002279038,10.831148497081,0 107.808146358038,10.830966719081,0 107.808254324038,10.830821425081,0 107.808380384038,10.830657934081,0 107.808506628038,10.830512321081,0 107.808524408038,10.830467128081,0 107.808560335038,10.830412678081,0 107.808587454038,10.830394411081,0 107.808633293038,10.830412031081,0 107.808597290038,10.830466481081,0 107.808579618038,10.830529731081,0 107.808589984038,10.830665002081,0 107.808590589038,10.830728112081,0 107.808609104038,10.830755060081,0 107.808601268038,10.830890379081,0 107.808629760038,10.831025511081,0 107.808629889038,10.831034539081,0 107.808639595038,10.831097581081,0 107.808649777038,10.831214704081,0 107.808649961038,10.831232761081,0 107.808649961038,10.831232761081,0 107.808661170038,10.831458138081,0
</coordinates></LinearRing></outerBoundaryIs></Polygon>
</Placemark>
<Placemark>
<name>Polygon hoàn công 211</name>
<description>Entity DXF: 211; Diện tích: 0.6222754539370536 ha</description>
<Style><LineStyle><width>3</width><color>ffFFBF00</color></LineStyle><PolyStyle><fill>1</fill><color>66FFBF00</color><outline>1</outline></PolyStyle></Style>
<Polygon><outerBoundaryIs><LinearRing><coordinates>
107.824396397038,10.815780850081,0 107.824396342038,10.815771821081,0 107.824350840038,10.815772262081,0 107.824341370038,10.815736217081,0 107.824349807038,10.815664007081,0 107.824312243038,10.815547094081,0 107.824284517038,10.815502251081,0 107.824102413038,10.815512952081,0 107.824048454038,10.815594631081,0 107.824031819038,10.815766136081,0 107.824114776038,10.815864642081,0 107.824188079038,10.815909044081,0 107.824089465038,10.816081361081,0 107.824154809038,10.816252146081,0 107.824220284038,10.816431959081,0 107.824385036038,10.816511596081,0 107.824512832038,10.816537520081,0 107.824648162038,10.816392009081,0 107.824783731038,10.816273494081,0 107.824946787038,10.816172736081,0 107.825009717038,10.816081958081,0 107.824944372038,10.815911174081,0 107.824889749038,10.815920713081,0 107.824835146038,10.815921224081,0 107.824661827038,10.815904769081,0 107.824634581038,10.815914008081,0 107.824570748038,10.815905560081,0 107.824406236038,10.815853010081,0 107.824387850038,10.815835092081,0 107.824378271038,10.815780990081,0 107.824396397038,10.815780850081,0
</coordinates></LinearRing></outerBoundaryIs></Polygon>
</Placemark>
<Placemark>
<name>Polygon hoàn công 214</name>
<description>Entity DXF: 214; Diện tích: 2.008150141966343 ha</description>
<Style><LineStyle><width>3</width><color>ffFFBF00</color></LineStyle><PolyStyle><fill>1</fill><color>66FFBF00</color><outline>1</outline></PolyStyle></Style>
<Polygon><outerBoundaryIs><LinearRing><coordinates>
107.820043559038,10.813078305081,0 107.820034513038,10.813087404081,0 107.820016312038,10.813087544081,0 107.819998037038,10.813087683081,0 107.819989011038,10.813087753081,0 107.819979781038,10.813078885081,0 107.819970681038,10.813078955081,0 107.819961451038,10.813069996081,0 107.819952350038,10.813070066081,0 107.819943325038,10.813070136081,0 107.819934150038,10.813070296081,0 107.819915765038,10.813052379081,0 107.819906664038,10.813052449081,0 107.819897489038,10.813052518081,0 107.819888464038,10.813052679081,0 107.819861033038,10.813043860081,0 107.819842832038,10.813044000081,0 107.819842887038,10.813053028081,0 107.819824686038,10.813053259081,0 107.819815640038,10.813062357081,0 107.819806540038,10.813062427081,0 107.819797364038,10.813062497081,0 107.819788339038,10.813062567081,0 107.819769934038,10.813053678081,0 107.819760908038,10.813053838081,0 107.819751808038,10.813053908081,0 107.819733532038,10.813054048081,0 107.819724432038,10.813054118081,0 107.819715277038,10.813045159081,0 107.819706177038,10.813045320081,0 107.819687846038,10.813036431081,0 107.819678691038,10.813027472081,0 107.819660415038,10.813027702081,0 107.819642215038,10.813027842081,0 107.819633039038,10.813027912081,0 107.819624014038,10.813027982081,0 107.819614914038,10.813028052081,0 107.819605683038,10.813019183081,0 107.819596638038,10.813028282081,0 107.819587537038,10.813028352081,0 107.819578437038,10.813028422081,0 107.819569262038,10.813028492081,0 107.819551136038,10.813028632081,0 107.819532860038,10.813028862081,0 107.819514660038,10.813029002081,0 107.819505559038,10.813029072081,0 107.819487359038,10.813029211081,0 107.819478258038,10.813029281081,0 107.819469083038,10.813029441081,0 107.819459982038,10.813029511081,0 107.819459982038,10.813029511081,0 107.819450827038,10.813020553081,0 107.819414296038,10.813011894081,0 107.819386865038,10.813003075081,0 107.819359564038,10.813003375081,0 107.819341364038,10.813003515081,0 107.819332188038,10.813003585081,0 107.819286502038,10.812985967081,0 107.819259071038,10.812977239081,0 107.819240871038,10.812977378081,0 107.819231641038,10.812968420081,0 107.819204285038,10.812959691081,0 107.819176909038,10.812959901081,0 107.819122177038,10.812951382081,0 107.819085700038,10.812951752081,0 107.819049299038,10.812952031081,0 107.819003592038,10.812943442081,0 107.818967191038,10.812943812081,0 107.818958036038,10.812934854081,0 107.818884605038,10.812881421081,0 107.818802497038,10.812873112081,0 107.818747841038,10.812864593081,0 107.818674963038,10.812865333081,0 107.818575077038,10.812902307081,0 107.818438975038,10.812957618081,0 107.818265529038,10.812932131081,0 107.818092234038,10.812906643081,0 107.817937323038,10.812899074081,0 107.817754961038,10.812891713081,0 107.817590875038,10.812884213081,0 107.817554658038,10.812902550081,0 107.817381765038,10.812931235081,0 107.817226725038,10.812914545081,0 107.817199348038,10.812914845081,0 107.817197602038,10.812725332081,0 107.817196886038,10.812644164081,0 107.817213230038,10.812436634081,0 107.817212916038,10.812409548081,0 107.817212807038,10.812391491081,0 107.817275739038,10.812300624081,0 107.817430540038,10.812290227081,0 107.817621852038,10.812297517081,0 107.817822284038,10.812295709081,0 107.818077209038,10.812275334081,0 107.818305018038,10.812273225081,0 107.818459983038,10.812289824081,0 107.818433473038,10.812371382081,0 107.818388374038,10.812425904081,0 107.818370542038,10.812462159081,0 107.818398929038,10.812579142081,0 107.818426598038,10.812614957081,0 107.818518284038,10.812677188081,0 107.818610155038,10.812757567081,0 107.818628594038,10.812784514081,0 107.818765434038,10.812801342081,0 107.818774480038,10.812792243081,0 107.818746517038,10.812720223081,0 107.818763318038,10.812575804081,0 107.818798340038,10.812422126081,0 107.818751808038,10.812314222081,0 107.818787970038,10.812286856081,0 107.819034109038,10.812293636081,0 107.819261767038,10.812291526081,0 107.819489631038,10.812298536081,0 107.819735640038,10.812296287081,0 107.819927874038,10.812393773081,0 107.819946313038,10.812420719081,0 107.819992791038,10.812519505081,0 107.820031071038,10.812717587081,0 107.820050617038,10.812852788081,0 107.820069405038,10.812924697081,0 107.820043559038,10.813078305081,0
</coordinates></LinearRing></outerBoundaryIs></Polygon>
</Placemark>
<Placemark>
<name>Polygon hoàn công 246</name>
<description>Entity DXF: 246; Diện tích: 0.6602587655186654 ha</description>
<Style><LineStyle><width>3</width><color>ffFFBF00</color></LineStyle><PolyStyle><fill>1</fill><color>66FFBF00</color><outline>1</outline></PolyStyle></Style>
<Polygon><outerBoundaryIs><LinearRing><coordinates>
107.827313271038,10.818848171081,0 107.827267029038,10.818776562081,0 107.827239542038,10.818758715081,0 107.827193410038,10.818705074081,0 107.827147668038,10.818678429081,0 107.827110896038,10.818642685081,0 107.827083410038,10.818624928081,0 107.827019206038,10.818580366081,0 107.826963809038,10.818499708081,0 107.826945293038,10.818472853081,0 107.826853789038,10.818428501081,0 107.826807123038,10.818311658081,0 107.826843230038,10.818275263081,0 107.826932688038,10.818094077081,0 107.826977102038,10.817976352081,0 107.827031116038,10.817903702081,0 107.827213406038,10.817911057081,0 107.827359165038,10.817909663081,0 107.827523254038,10.817917249081,0 107.827569126038,10.817952832081,0 107.827587752038,10.817997836081,0 107.827597277038,10.818042909081,0 107.827608870038,10.818304312081,0 107.827574460038,10.818521192081,0 107.827539681038,10.818701867081,0 107.827495671038,10.818873673081,0 107.827486571038,10.818873743081,0 107.827368004038,10.818856779081,0 107.827313271038,10.818848261081,0 107.827313271038,10.818848171081,0
</coordinates></LinearRing></outerBoundaryIs></Polygon>
</Placemark>
<Placemark>
<name>Polygon hoàn công 247</name>
<description>Entity DXF: 247; Diện tích: 9.06056338415742 ha</description>
<Style><LineStyle><width>3</width><color>ffFFBF00</color></LineStyle><PolyStyle><fill>1</fill><color>66FFBF00</color><outline>1</outline></PolyStyle></Style>
<Polygon><outerBoundaryIs><LinearRing><coordinates>
107.822311359038,10.805155386081,0 107.822284059038,10.805155596081,0 107.822229253038,10.805147078081,0 107.822101591038,10.805130272081,0 107.822010385038,10.805122033081,0 107.821964092038,10.805041305081,0 107.821964092038,10.805041305081,0 107.821963723038,10.805005281081,0 107.821954568038,10.804996322081,0 107.821936129038,10.804969376081,0 107.821935944038,10.804951409081,0 107.821908329038,10.804924532081,0 107.821879703038,10.804780553081,0 107.821888010038,10.804699225081,0 107.821897240038,10.804708093081,0 107.821860526038,10.804681377081,0 107.821878616038,10.804663180081,0 107.821869277038,10.804636254081,0 107.821878008038,10.804600069081,0 107.821886445038,10.804527859081,0 107.821886739038,10.804563884081,0 107.821886445038,10.804527859081,0 107.821895306038,10.804500703081,0 107.821939610038,10.804365012081,0 107.821930086038,10.804320029081,0 107.821939056038,10.804310930081,0 107.821920617038,10.804283893081,0 107.821929239038,10.804229741081,0 107.821928337038,10.804130515081,0 107.821946222038,10.804103289081,0 107.821945798038,10.804058235081,0 107.821917944038,10.804004363081,0 107.821908790038,10.803995405081,0 107.821908496038,10.803959380081,0 107.821916434038,10.803841936081,0 107.821916379038,10.803832907081,0 107.821925315038,10.803805842081,0 107.821942483038,10.803697447081,0 107.821951160038,10.803652233081,0 107.822014272038,10.803579513081,0 107.822077624038,10.803533879081,0 107.822123145038,10.803524410081,0 107.822286433038,10.803450739081,0 107.822377085038,10.803404714081,0 107.822395230038,10.803395546081,0 107.822486067038,10.803367669081,0 107.822486067038,10.803367669081,0 107.822576958038,10.803348821081,0 107.822604333038,10.803348611081,0 107.822649430038,10.803294088081,0 107.822721991038,10.803266351081,0 107.822749366038,10.803266051081,0 107.822767566038,10.803265911081,0 107.822776482038,10.803247783081,0 107.822894878038,10.803237663081,0 107.822913003038,10.803237523081,0 107.822940194038,10.803219255081,0 107.822994445038,10.803173691081,0 107.823003361038,10.803155564081,0 107.823021212038,10.803110280081,0 107.823048163038,10.803064926081,0 107.823066179038,10.803046728081,0 107.823102340038,10.803019362081,0 107.823138630038,10.803000934081,0 107.823165637038,10.802964519081,0 107.823174422038,10.802937452081,0 107.823100644038,10.802838877081,0 107.823091010038,10.802775837081,0 107.823099502038,10.802712655081,0 107.823080584038,10.802631627081,0 107.823098415038,10.802595372081,0 107.823097751038,10.802523142081,0 107.823088412038,10.802496216081,0 107.823096479038,10.802387891081,0 107.823105210038,10.802351706081,0 107.823178106038,10.802342027081,0 107.823196176038,10.802332858081,0 107.823259951038,10.802332277081,0 107.823323727038,10.802331697081,0 107.823387557038,10.802340145081,0 107.823415356038,10.802384988081,0 107.823443265038,10.802447889081,0 107.823452604038,10.802474815081,0 107.823453931038,10.802619184081,0 107.823454061038,10.802628213081,0 107.823410106038,10.802809048081,0 107.823410106038,10.802809048081,0 107.823383360038,10.802863340081,0 107.823392754038,10.802899385081,0 107.823420130038,10.802899085081,0 107.823620002038,10.802843190081,0 107.823738563038,10.802860156081,0 107.823857143038,10.802868093081,0 107.823984879038,10.802884899081,0 107.824139785038,10.802892556081,0 107.824258420038,10.802909522081,0 107.824358651038,10.802917599081,0 107.824477102038,10.802916507081,0 107.824549868038,10.802897799081,0 107.824586453038,10.802915485081,0 107.824650283038,10.802923933081,0 107.824777464038,10.802886746081,0 107.824905015038,10.802885584081,0 107.824941840038,10.802930267081,0 107.824951070038,10.802939226081,0 107.824978554038,10.802957163081,0 107.825070848038,10.803082503081,0 107.825098573038,10.803127346081,0 107.825098812038,10.803154433081,0 107.825136430038,10.803280374081,0 107.825155370038,10.803352374081,0 107.825155848038,10.803406546081,0 107.825184052038,10.803505471081,0 107.825221561038,10.803613355081,0 107.825221746038,10.803631413081,0 107.825240131038,10.803649240081,0 107.825240425038,10.803685355081,0 107.825259124038,10.803730268081,0 107.825296428038,10.803829123081,0 107.825297037038,10.803892324081,0 107.825297406038,10.803928440081,0 107.825316270038,10.804000439081,0 107.825334710038,10.804027295081,0 107.825335798038,10.804144578081,0 107.825335928038,10.804153517081,0 107.825327307038,10.804207759081,0 107.825309347038,10.804234986081,0 107.825319405038,10.804343170081,0 107.825338289038,10.804406141081,0 107.825338474038,10.804424199081,0 107.825366438038,10.804496038081,0 107.825403208038,10.804531782081,0 107.825412548038,10.804558798081,0 107.825468257038,10.804666542081,0 107.825496221038,10.804738471081,0 107.825496221038,10.804738471081,0 107.825505875038,10.804792483081,0 107.825524315038,10.804819429081,0 107.825543549038,10.804927453081,0 107.825552704038,10.804936412081,0 107.825635843038,10.805052884081,0 107.825636213038,10.805088999081,0 107.825628790038,10.805278492081,0 107.825619874038,10.805296619081,0 107.825574483038,10.805315118081,0 107.825474362038,10.805325008081,0 107.825383340038,10.805334828081,0 107.825274118038,10.805344879081,0 107.825173942038,10.805345831081,0 107.825073690038,10.805346692081,0 107.825073690038,10.805346692081,0 107.824946029038,10.805329797081,0 107.824909498038,10.805321139081,0 107.824836861038,10.805348876081,0 107.824763855038,10.805340499081,0 107.824636249038,10.805332632081,0 107.824508642038,10.805324855081,0 107.824390135038,10.805316918081,0 107.824353660038,10.805317199081,0 107.824253353038,10.805309121081,0 107.824162092038,10.805291945081,0 107.824061841038,10.805292806081,0 107.823988725038,10.805266461081,0 107.823915370038,10.805213030081,0 107.823814585038,10.805150690081,0 107.823732294038,10.805124415081,0 107.823613863038,10.805116478081,0 107.823522842038,10.805126297081,0 107.823468111038,10.805117779081,0 107.823304214038,10.805128250081,0 107.823122041038,10.805138950081,0 107.822903303038,10.805122935081,0 107.822775806038,10.805133125081,0 107.822602753038,10.805134727081,0 107.822420710038,10.805154365081,0 107.822338604038,10.805146147081,0 107.822311359038,10.805155386081,0
</coordinates></LinearRing></outerBoundaryIs></Polygon>
</Placemark>
<Placemark>
<name>Polygon hoàn công 292</name>
<description>Entity DXF: 292; Diện tích: 12.87529086532593 ha</description>
<Style><LineStyle><width>3</width><color>ffFFBF00</color></LineStyle><PolyStyle><fill>1</fill><color>66FFBF00</color><outline>1</outline></PolyStyle></Style>
<Polygon><outerBoundaryIs><LinearRing><coordinates>
107.804570717038,10.797053673081,0 107.804552518038,10.797053812081,0 107.804543580038,10.797080968081,0 107.804480411038,10.797144656081,0 107.804344422038,10.797218109081,0 107.804290061038,10.797245612081,0 107.804236046038,10.797318259081,0 107.804227550038,10.797381529081,0 107.804191918038,10.797472094081,0 107.804120600038,10.797644106081,0 107.804039760038,10.797771043081,0 107.803922575038,10.797907558081,0 107.803768569038,10.797999117081,0 107.803696246038,10.798053845081,0 107.803632709038,10.798081508081,0 107.803614672038,10.798108733081,0 107.803505873038,10.798163830081,0 107.803378746038,10.798210036081,0 107.803324255038,10.798228601081,0 107.803195519038,10.798094504081,0 107.803177244038,10.798094643081,0 107.803002987038,10.797969922081,0 107.802902209038,10.797907756081,0 107.802819447038,10.797827213081,0 107.802718302038,10.797728932081,0 107.802690711038,10.797693116081,0 107.802608004038,10.797621692081,0 107.802516034038,10.797523342081,0 107.802506805038,10.797514382081,0 107.802470168038,10.797487664081,0 107.802424173038,10.797442958081,0 107.802396690038,10.797425199081,0 107.802360107038,10.797407510081,0 107.802277162038,10.797308910081,0 107.802176676038,10.797282768081,0 107.802085257038,10.797238500081,0 107.802085257038,10.797238500081,0 107.802048470038,10.797211781081,0 107.802002787038,10.797194161081,0 107.801966021038,10.797158415081,0 107.801911109038,10.797131835081,0 107.801874214038,10.797087150081,0 107.801828715038,10.797087497081,0 107.801755841038,10.797088143081,0 107.801719550038,10.797106569081,0 107.801655776038,10.797107145081,0 107.801655959038,10.797125202081,0 107.801546557038,10.797117097081,0 107.801410017038,10.797136376081,0 107.801282415038,10.797128590081,0 107.801218350038,10.797093052081,0 107.801163621038,10.797084530081,0 107.801090748038,10.797085176081,0 107.800990682038,10.797104087081,0 107.800817635038,10.797105677081,0 107.800672470038,10.797179197081,0 107.800590864038,10.797215937081,0 107.800463499038,10.797235146081,0 107.800427024038,10.797235514081,0 107.800436070038,10.797226416081,0 107.800454215038,10.797217249081,0 107.800508394038,10.797171598081,0 107.800552965038,10.797053969081,0 107.800571035038,10.797044801081,0 107.800560436038,10.796882444081,0 107.800459422038,10.796793191081,0 107.800395098038,10.796739685081,0 107.800394806038,10.796703570081,0 107.800430731038,10.796649120081,0 107.800384207038,10.796541303081,0 107.800328638038,10.796442494081,0 107.800346180038,10.796370216081,0 107.800345996038,10.796352158081,0 107.800336584038,10.796325232081,0 107.800336239038,10.796280088081,0 107.800226233038,10.796208962081,0 107.800135505038,10.796254890081,0 107.800126480038,10.796254960081,0 107.800090480038,10.796309409081,0 107.800072572038,10.796345663081,0 107.800009348038,10.796400321081,0 107.799936475038,10.796400966081,0 107.799890188038,10.796320235081,0 107.799880851038,10.796293219081,0 107.799861865038,10.796212280081,0 107.799824970038,10.796167504081,0 107.799805983038,10.796086384081,0 107.799760118038,10.796050706081,0 107.799714619038,10.796051144081,0 107.799678457038,10.796078507081,0 107.799660419038,10.796105822081,0 107.799633228038,10.796124088081,0 107.799560775038,10.796169877081,0 107.799515642038,10.796206339081,0 107.799506651038,10.796224465081,0 107.799452397038,10.796270115081,0 107.799407427038,10.796333573081,0 107.799389464038,10.796360798081,0 107.799398985038,10.796405872081,0 107.799390305038,10.796450995081,0 107.799408926038,10.796495909081,0 107.799400063038,10.796523065081,0 107.799391146038,10.796541282081,0 107.799364009038,10.796568576081,0 107.799337184038,10.796622956081,0 107.799301076038,10.796659349081,0 107.799273885038,10.796677614081,0 107.799247318038,10.796750052081,0 107.799238326038,10.796768179081,0 107.799202585038,10.796840596081,0 107.799193593038,10.796858722081,0 107.799166585038,10.796895045081,0 107.799112460038,10.796949634081,0 107.799112460038,10.796949634081,0 107.799094972038,10.797031121081,0 107.799086055038,10.797049248081,0 107.799067964038,10.797067444081,0 107.798995219038,10.797077118081,0 107.798940782038,10.797104620081,0 107.798841084038,10.797159646081,0 107.798796059038,10.797214165081,0 107.798778442038,10.797286443081,0 107.798760608038,10.797322696081,0 107.798697018038,10.797341329081,0 107.798678980038,10.797368554081,0 107.798624198038,10.797351003081,0 107.798633060038,10.797323848081,0 107.798632165038,10.797224712081,0 107.798631799038,10.797188597081,0 107.798676770038,10.797125050081,0 107.798694862038,10.797106854081,0 107.798730840038,10.797061433081,0 107.798748932038,10.797043237081,0 107.798802820038,10.796961472081,0 107.798820491038,10.796898223081,0 107.798837850038,10.796807887081,0 107.798828329038,10.796762813081,0 107.798854259038,10.796609297081,0 107.798880427038,10.796482687081,0 107.798889290038,10.796455532081,0 107.798924374038,10.796310885081,0 107.798905678038,10.796265971081,0 107.798905204038,10.796211889081,0 107.798877376038,10.796148986081,0 107.798858315038,10.796067957081,0 107.798812395038,10.796023250081,0 107.798802800038,10.795978266081,0 107.798793646038,10.795969307081,0 107.798793355038,10.795933192081,0 107.798847479038,10.795878604081,0 107.798874433038,10.795833252081,0 107.798883167038,10.795797158081,0 107.798883113038,10.795788129081,0 107.798910067038,10.795742778081,0 107.798918563038,10.795679507081,0 107.798927534038,10.795670409081,0 107.798918197038,10.795643393081,0 107.798907965038,10.795517241081,0 107.798898844038,10.795526338081,0 107.798880170038,10.795472395081,0 107.798870595038,10.795418383081,0 107.798869755038,10.795328186081,0 107.798887900038,10.795319018081,0 107.798933657038,10.795336639081,0 107.798997647038,10.795372087081,0 107.799034251038,10.795380749081,0 107.799098369038,10.795425316081,0 107.799143890038,10.795415851081,0 107.799161960038,10.795406683081,0 107.799243350038,10.795333829081,0 107.799252030038,10.795288616081,0 107.799324062038,10.795197684081,0 107.799342208038,10.795188516081,0 107.799387232038,10.795133997081,0 107.799432515038,10.795097536081,0 107.799459264038,10.795043155081,0 107.799485798038,10.794952750081,0 107.799457949038,10.794898876081,0 107.799448191038,10.794826806081,0 107.799456817038,10.794772565081,0 107.799456688038,10.794763446081,0 107.799465679038,10.794745409081,0 107.799465571038,10.794727352081,0 107.799474542038,10.794718254081,0 107.799474542038,10.794718254081,0 107.799465679038,10.794745409081,0 107.799483825038,10.794736151081,0 107.799474779038,10.794745249081,0 107.799474725038,10.794736221081,0 107.799474725038,10.794736221081,0 107.799465679038,10.794745409081,0 107.799456450038,10.794736450081,0 107.799428493038,10.794664519081,0 107.799409927038,10.794628633081,0 107.799400353038,10.794574620081,0 107.799372450038,10.794511718081,0 107.799353517038,10.794439717081,0 107.799344126038,10.794403762081,0 107.799325377038,10.794349818081,0 107.799325140038,10.794322642081,0 107.799342919038,10.794277360081,0 107.799397301038,10.794240829081,0 107.799424784038,10.794258588081,0 107.799470466038,10.794276208081,0 107.799588967038,10.794284154081,0 107.799671069038,10.794292468081,0 107.799734605038,10.794264806081,0 107.799770821038,10.794246471081,0 107.799852502038,10.794209642081,0 107.799934475038,10.794208927081,0 107.799980103038,10.794217518081,0 107.800044114038,10.794244028081,0 107.800090054038,10.794279616081,0 107.800117407038,10.794288436081,0 107.800190593038,10.794314787081,0 107.800199747038,10.794323836081,0 107.800263887038,10.794359375081,0 107.800273040038,10.794368244081,0 107.800300598038,10.794386093081,0 107.800319510038,10.794467032081,0 107.800301494038,10.794485229081,0 107.800274248038,10.794494556081,0 107.800246874038,10.794494764081,0 107.800201612038,10.794522287081,0 107.800210712038,10.794522128081,0 107.800192933038,10.794567410081,0 107.800184125038,10.794603594081,0 107.800157171038,10.794648946081,0 107.800166767038,10.794693930081,0 107.800203403038,10.794720648081,0 107.800239931038,10.794729309081,0 107.800294971038,10.794765008081,0 107.800331554038,10.794782697081,0 107.800386152038,10.794782190081,0 107.800422443038,10.794763855081,0 107.800468255038,10.794790504081,0 107.800496104038,10.794844378081,0 107.800533053038,10.794898182081,0 107.800551544038,10.794934068081,0 107.800606638038,10.794978615081,0 107.800624654038,10.794960418081,0 107.800670358038,10.794969100081,0 107.800743414038,10.794986422081,0 107.800807479038,10.795021960081,0 107.800871803038,10.795075466081,0 107.800917668038,10.795111144081,0 107.800927006038,10.795138070081,0 107.800945442038,10.795165018081,0 107.800991491038,10.795218752081,0 107.800991491038,10.795218752081,0 107.801019157038,10.795254569081,0 107.801019578038,10.795299712081,0 107.801056581038,10.795362455081,0 107.801056710038,10.795371484081,0 107.801029703038,10.795407807081,0 107.801030232038,10.795470918081,0 107.801039827038,10.795515992081,0 107.801058264038,10.795542849081,0 107.801067418038,10.795551808081,0 107.801104076038,10.795569498081,0 107.801131612038,10.795596285081,0 107.801213715038,10.795604599081,0 107.801268626038,10.795631178081,0 107.801332454038,10.795639721081,0 107.801406061038,10.795711124081,0 107.801461080038,10.795755761081,0 107.801470363038,10.795773749081,0 107.801525642038,10.795836353081,0 107.801534741038,10.795836284081,0 107.801562041038,10.795835985081,0 107.801617265038,10.795889650081,0 107.801653901038,10.795916368081,0 107.801718279038,10.795978903081,0 107.801745762038,10.795996662081,0 107.801745891038,10.796005691081,0 107.801755045038,10.796014650081,0 107.801819002038,10.796032131081,0 107.801901505038,10.796094616081,0 107.801929063038,10.796112375081,0 107.801947500038,10.796139232081,0 107.802020794038,10.796183730081,0 107.802030078038,10.796201628081,0 107.802103005038,10.796210011081,0 107.802112180038,10.796209941081,0 107.802185237038,10.796227353081,0 107.802203362038,10.796227123081,0 107.802249011038,10.796226776081,0 107.802294693038,10.796244396081,0 107.802295114038,10.796289449081,0 107.802313681038,10.796325335081,0 107.802368701038,10.796369972081,0 107.802460378038,10.796432297081,0 107.802487753038,10.796431999081,0 107.802551894038,10.796467537081,0 107.802652250038,10.796484650081,0 107.802661350038,10.796484581081,0 107.802716024038,10.796484074081,0 107.802743248038,10.796483775081,0 107.802807022038,10.796483198081,0 107.802889071038,10.796482483081,0 107.802934570038,10.796482045081,0 107.802970915038,10.796472738081,0 107.803043918038,10.796481121081,0 107.803071109038,10.796462765081,0 107.803107454038,10.796453458081,0 107.803180328038,10.796452812081,0 107.803226086038,10.796470432081,0 107.803298830038,10.796460757081,0 107.803344459038,10.796469348081,0 107.803435423038,10.796450506081,0 107.803517289038,10.796431733081,0 107.803580879038,10.796413098081,0 107.803598766038,10.796385873081,0 107.803643573038,10.796295239081,0 107.803670268038,10.796231919081,0 107.803715237038,10.796168371081,0 107.803705350038,10.796087272081,0 107.803695537038,10.796006083081,0 107.803658771038,10.795970337081,0 107.803621638038,10.795898565081,0 107.803612300038,10.795871549081,0 107.803602650038,10.795817536081,0 107.803528513038,10.795682932081,0 107.803491455038,10.795611071081,0 107.803463659038,10.795566226081,0 107.803463476038,10.795548168081,0 107.803508283038,10.795457534081,0 107.803599648038,10.795492773081,0 107.803681696038,10.795492057081,0 107.803727433038,10.795518706081,0 107.803754624038,10.795500440081,0 107.803827260038,10.795472707081,0 107.803863659038,10.795472339081,0 107.803945707038,10.795471623081,0 107.803981685038,10.795426202081,0 107.804035700038,10.795353555081,0 107.804071149038,10.795245023081,0 107.804125088038,10.795172376081,0 107.804197357038,10.795108528081,0 107.804242877038,10.795099062081,0 107.804352884038,10.795170277081,0 107.804426232038,10.795223803081,0 107.804408692038,10.795296081081,0 107.804391151038,10.795368360081,0 107.804400910038,10.795440430081,0 107.804438281038,10.795539287081,0 107.804420611038,10.795602627081,0 107.804457982038,10.795701575081,0 107.804531331038,10.795755010081,0 107.804604571038,10.795790479081,0 107.804613671038,10.795790319081,0 107.804632422038,10.795844262081,0 107.804732540038,10.795834378081,0 107.804768648038,10.795797985081,0 107.804804571038,10.795743535081,0 107.804840624038,10.795698113081,0 107.804885594038,10.795634564081,0 107.804948946038,10.795588844081,0 107.805048460038,10.795515759081,0 107.805130379038,10.795506014081,0 107.805221452038,10.795505138081,0 107.805294747038,10.795549635081,0 107.805366961038,10.795476758081,0 107.805402593038,10.795386283081,0 107.805429287038,10.795322873081,0 107.805447432038,10.795313706081,0 107.805483669038,10.795286341081,0 107.805510860038,10.795268075081,0 107.805519225038,10.795195776081,0 107.805536841038,10.795123407081,0 107.805590359038,10.795005707081,0 107.805590175038,10.794987649081,0 107.805580729038,10.794942666081,0 107.805589040038,10.794861428081,0 107.805670538038,10.794806539081,0 107.805679454038,10.794788412081,0 107.805697491038,10.794761187081,0 107.805715085038,10.794697847081,0 107.805760054038,10.794634298081,0 107.805814177038,10.794579708081,0 107.805777119038,10.794507847081,0 107.805748901038,10.794417949081,0 107.805757471038,10.794354678081,0 107.805784349038,10.794309326081,0 107.805829631038,10.794272863081,0 107.805865976038,10.794263466081,0 107.805957340038,10.794298795081,0 107.806048488038,10.794297919081,0 107.806103108038,10.794288473081,0 107.806130774038,10.794324289081,0 107.806131434038,10.794396428081,0 107.806141431038,10.794495494081,0 107.806124054038,10.794594858081,0 107.806115559038,10.794658129081,0 107.806089102038,10.794748625081,0 107.806026097038,10.794839399081,0 107.805962982038,10.794912116081,0 107.805918089038,10.794975665081,0 107.805864258038,10.795066370081,0 107.805792044038,10.795139156081,0 107.805738288038,10.795229951081,0 107.805693298038,10.795302438081,0 107.805684198038,10.795302507081,0 107.805612059038,10.795375384081,0 107.805557731038,10.795420945081,0 107.805521754038,10.795466367081,0 107.805521808038,10.795475395081,0 107.805494930038,10.795520748081,0 107.805486068038,10.795547903081,0 107.805459298038,10.795611313081,0 107.805414275038,10.795665833081,0 107.805368993038,10.795702296081,0 107.805305953038,10.795775103081,0 107.805296962038,10.795793139081,0 107.805279551038,10.795874537081,0 107.805279497038,10.795865508081,0 107.805261698038,10.795919729081,0 107.805216858038,10.795992307081,0 107.805189980038,10.796037659081,0 107.805171759038,10.796046917081,0 107.805154164038,10.796110257081,0 107.805136202038,10.796137483081,0 107.805118295038,10.796173646081,0 107.805127395038,10.796173577081,0 107.805127762038,10.796209692081,0 107.805091709038,10.796255113081,0 107.805091655038,10.796246085081,0 107.805065069038,10.796327461081,0 107.805065069038,10.796327461081,0 107.805038353038,10.796399900081,0 107.805029620038,10.796436084081,0 107.805002796038,10.796490465081,0 107.804948727038,10.796554083081,0 107.804948856038,10.796563112081,0 107.804876383038,10.796617931081,0 107.804812976038,10.796654532081,0 107.804803931038,10.796663631081,0 107.804786044038,10.796690856081,0 107.804740816038,10.796736347081,0 107.804741237038,10.796781491081,0 107.804769033038,10.796826336081,0 107.804769930038,10.796925561081,0 107.804770113038,10.796943619081,0 107.804743160038,10.796988971081,0 107.804570717038,10.797053673081,0
</coordinates></LinearRing></outerBoundaryIs></Polygon>
</Placemark>
<Placemark>
<name>Polygon hoàn công 352</name>
<description>Entity DXF: 352; Diện tích: 0.2695257083654404 ha</description>
<Style><LineStyle><width>3</width><color>ffFFBF00</color></LineStyle><PolyStyle><fill>1</fill><color>66FFBF00</color><outline>1</outline></PolyStyle></Style>
<Polygon><outerBoundaryIs><LinearRing><coordinates>
107.817913926038,10.822154631081,0 107.817913926038,10.822154631081,0 107.817913926038,10.822154631081,0 107.817923102038,10.822154561081,0 107.817923102038,10.822154561081,0 107.817932202038,10.822154491081,0 107.817959579038,10.822154192081,0 107.817968680038,10.822154122081,0 107.817968680038,10.822154122081,0 107.817977705038,10.822154052081,0 107.817995982038,10.822153912081,0 107.818005082038,10.822153752081,0 107.818023359038,10.822153612081,0 107.818032459038,10.822153542081,0 107.818041614038,10.822162501081,0 107.818050715038,10.822162431081,0 107.818059945038,10.822171300081,0 107.818069339038,10.822207345081,0 107.818069524038,10.822225312081,0 107.818060553038,10.822234411081,0 107.818060846038,10.822270526081,0 107.818051855038,10.822288653081,0 107.818051909038,10.822297681081,0 107.818034022038,10.822324907081,0 107.818024921038,10.822324977081,0 107.818015984038,10.822352133081,0 107.818007198038,10.822379199081,0 107.818007198038,10.822379199081,0 107.817998336038,10.822406355081,0 107.817980244038,10.822424552081,0 107.817980612038,10.822460667081,0 107.817971750038,10.822487823081,0 107.817971935038,10.822505791081,0 107.817954081038,10.822551164081,0 107.817936248038,10.822587419081,0 107.817927202038,10.822596517081,0 107.817918764038,10.822668727081,0 107.817918764038,10.822668727081,0 107.817901040038,10.822723039081,0 107.817901408038,10.822759064081,0 107.817892471038,10.822786219081,0 107.817875300038,10.822894614081,0 107.817848715038,10.822976082081,0 107.817767710038,10.823076027081,0 107.817722186038,10.823085495081,0 107.817603618038,10.823068526081,0 107.817566717038,10.823023752081,0 107.817602110038,10.822906099081,0 107.817637374038,10.822779508081,0 107.817681846038,10.822670904081,0 107.817708139038,10.822553412081,0 107.817743586038,10.822444787081,0 107.817788059038,10.822336184081,0 107.817832552038,10.822218461081,0 107.817868238038,10.822137013081,0 107.817868238038,10.822137013081,0 107.817868238038,10.822137013081,0 107.817913926038,10.822154631081,0
</coordinates></LinearRing></outerBoundaryIs></Polygon>
</Placemark>
<Placemark>
<name>Polygon hoàn công 392</name>
<description>Entity DXF: 392; Diện tích: 0.68394151866436 ha</description>
<Style><LineStyle><width>3</width><color>ffFFBF00</color></LineStyle><PolyStyle><fill>1</fill><color>66FFBF00</color><outline>1</outline></PolyStyle></Style>
<Polygon><outerBoundaryIs><LinearRing><coordinates>
107.821139924038,10.822215384081,0 107.821094291038,10.822206795081,0 107.821085191038,10.822206865081,0 107.820839173038,10.822209115081,0 107.820784440038,10.822200596081,0 107.820757192038,10.822209835081,0 107.820747962038,10.822200876081,0 107.820520221038,10.822202986081,0 107.820374461038,10.822204286081,0 107.820328958038,10.822204726081,0 107.820237931038,10.822214544081,0 107.820229124038,10.822250729081,0 107.820303035038,10.822358243081,0 107.820312191038,10.822367202081,0 107.820312430038,10.822394288081,0 107.820340414038,10.822457189081,0 107.820359278038,10.822529189081,0 107.820378087038,10.822592160081,0 107.820396787038,10.822637074081,0 107.820442345038,10.822645752081,0 107.820606436038,10.822653251081,0 107.820633684038,10.822643923081,0 107.820642784038,10.822643853081,0 107.820834123038,10.822642113081,0 107.821025332038,10.822631344081,0 107.821162122038,10.822639143081,0 107.821271404038,10.822638123081,0 107.821471974038,10.822645342081,0 107.821508376038,10.822644971081,0 107.821626227038,10.822580770081,0 107.821671621038,10.822562363081,0 107.821652866038,10.822508421081,0 107.821614585038,10.822310249081,0 107.821568289038,10.822229521081,0 107.821413114038,10.822203805081,0 107.821221536038,10.822178549081,0 107.821148840038,10.822197256081,0 107.821139924038,10.822215384081,0
</coordinates></LinearRing></outerBoundaryIs></Polygon>
</Placemark>
<Placemark>
<name>Polygon hoàn công 451</name>
<description>Entity DXF: 451; Diện tích: 1.934695205283165 ha</description>
<Style><LineStyle><width>3</width><color>ffFFBF00</color></LineStyle><PolyStyle><fill>1</fill><color>66FFBF00</color><outline>1</outline></PolyStyle></Style>
<Polygon><outerBoundaryIs><LinearRing><coordinates>
107.821697030038,10.821380312081,0 107.821706260038,10.821389271081,0 107.821751839038,10.821388831081,0 107.821897598038,10.821387530081,0 107.822098092038,10.821394749081,0 107.822198219038,10.821384769081,0 107.822316602038,10.821383679081,0 107.822444345038,10.821400576081,0 107.822453521038,10.821400506081,0 107.822581722038,10.821480513081,0 107.822773060038,10.821478772081,0 107.822836839038,10.821478192081,0 107.822891464038,10.821468653081,0 107.822909665038,10.821468513081,0 107.822936967038,10.821468213081,0 107.823091902038,10.821466842081,0 107.823155736038,10.821475290081,0 107.823301442038,10.821464870081,0 107.823392762038,10.821491075081,0 107.823401993038,10.821500034081,0 107.823421595038,10.821644264081,0 107.823430751038,10.821653222081,0 107.823458182038,10.821661951081,0 107.823595081038,10.821687806081,0 107.823686217038,10.821695954081,0 107.823877555038,10.821694212081,0 107.823886656038,10.821694142081,0 107.823941868038,10.821756742081,0 107.823961471038,10.821900881081,0 107.823999645038,10.822080995081,0 107.824009463038,10.822162094081,0 107.823965047038,10.822279727081,0 107.823891908038,10.822262320081,0 107.823709929038,10.822282049081,0 107.823591471038,10.822283140081,0 107.823390902038,10.822275923081,0 107.823281564038,10.822267915081,0 107.823199344038,10.822241640081,0 107.823162627038,10.822214924081,0 107.822952773038,10.822189809081,0 107.822816243038,10.822200069081,0 107.822634374038,10.822237765081,0 107.822597363038,10.822175024081,0 107.822542445038,10.822148448081,0 107.822496942038,10.822148889081,0 107.822314813038,10.822168526081,0 107.822086888038,10.822152580081,0 107.821968266038,10.822126584081,0 107.821886025038,10.822109337081,0 107.821840283038,10.822082691081,0 107.821730870038,10.822074683081,0 107.821712409038,10.822056765081,0 107.821674682038,10.821912766081,0 107.821673705038,10.821813540081,0 107.821682511038,10.821777445081,0 107.821691318038,10.821741261081,0 107.821697030038,10.821380312081,0
</coordinates></LinearRing></outerBoundaryIs></Polygon>
</Placemark>
<Placemark>
<name>Polygon hoàn công 541</name>
<description>Entity DXF: 541; Diện tích: 0.8108632843017578 ha</description>
<Style><LineStyle><width>3</width><color>ffFFBF00</color></LineStyle><PolyStyle><fill>1</fill><color>66FFBF00</color><outline>1</outline></PolyStyle></Style>
<Polygon><outerBoundaryIs><LinearRing><coordinates>
107.819890885038,10.822127546081,0 107.819890885038,10.822127546081,0 107.819890885038,10.822127546081,0 107.819890885038,10.822127546081,0 107.819909141038,10.822136435081,0 107.819927417038,10.822136205081,0 107.819936518038,10.822136135081,0 107.819945673038,10.822145094081,0 107.819945673038,10.822145094081,0 107.819963949038,10.822144954081,0 107.819982151038,10.822144724081,0 107.820009452038,10.822144514081,0 107.820018553038,10.822144444081,0 107.820027729038,10.822144374081,0 107.820036700038,10.822135275081,0 107.820045800038,10.822135205081,0 107.820054901038,10.822135045081,0 107.820064077038,10.822134975081,0 107.820073048038,10.822125877081,0 107.820082148038,10.822125807081,0 107.820091269038,10.822116708081,0 107.820100370038,10.822116638081,0 107.820109395038,10.822116568081,0 107.820127487038,10.822098371081,0 107.820127487038,10.822098371081,0 107.820136533038,10.822089272081,0 107.820136533038,10.822089272081,0 107.820136404038,10.822080243081,0 107.820127064038,10.822053137081,0 107.820108678038,10.822035310081,0 107.820099394038,10.822017322081,0 107.820090054038,10.821990396081,0 107.820080824038,10.821981437081,0 107.820080769038,10.821972409081,0 107.820062329038,10.821945553081,0 107.820053023038,10.821936594081,0 107.820043998038,10.821936664081,0 107.820034767038,10.821927705081,0 107.820007227038,10.821900919081,0 107.819997941038,10.821883021081,0 107.819970271038,10.821847116081,0 107.819942710038,10.821829359081,0 107.819924454038,10.821820560081,0 107.819869775038,10.821820980081,0 107.819833372038,10.821821350081,0 107.819787740038,10.821812761081,0 107.819705684038,10.821813481081,0 107.819705684038,10.821813481081,0 107.819550823038,10.821814940081,0 107.819377870038,10.821834506081,0 107.819296074038,10.821853283081,0 107.819277689038,10.821835456081,0 107.819149945038,10.821818558081,0 107.819122773038,10.821827796081,0 107.818976938038,10.821829185081,0 107.818931620038,10.821847592081,0 107.818849379038,10.821830344081,0 107.818703749038,10.821840672081,0 107.818658301038,10.821850141081,0 107.818612538038,10.821832523081,0 107.818457200038,10.821779809081,0 107.818438923038,10.821779949081,0 107.818284117038,10.821790437081,0 107.818256706038,10.821772589081,0 107.818083440038,10.821765158081,0 107.818074339038,10.821765228081,0 107.817966749038,10.821946641081,0 107.817895008038,10.822073512081,0 107.817895854038,10.822163800081,0 107.817950219038,10.822136294081,0 107.818141612038,10.822143494081,0 107.818287372038,10.822142196081,0 107.818524234038,10.822130989081,0 107.818551536038,10.822130779081,0 107.818624491038,10.822130130081,0 107.818706527038,10.822138349081,0 107.818824985038,10.822137260081,0 107.818979900038,10.822144920081,0 107.819098413038,10.822152860081,0 107.819225918038,10.822142672081,0 107.819380779038,10.822141212081,0 107.819508023038,10.822113057081,0 107.819526300038,10.822112827081,0 107.819681161038,10.822111458081,0 107.819799674038,10.822119397081,0 107.819836260038,10.822137085081,0 107.819900040038,10.822136505081,0 107.819890885038,10.822127546081,0
</coordinates></LinearRing></outerBoundaryIs></Polygon>
</Placemark>
<Placemark>
<name>Polygon hoàn công 616</name>
<description>Entity DXF: 616; Diện tích: 3.916881436729431 ha</description>
<Style><LineStyle><width>3</width><color>ffFFBF00</color></LineStyle><PolyStyle><fill>1</fill><color>66FFBF00</color><outline>1</outline></PolyStyle></Style>
<Polygon><outerBoundaryIs><LinearRing><coordinates>
107.812026061038,10.818987803081,0 107.812026538038,10.819041975081,0 107.812026722038,10.819060033081,0 107.812026776038,10.819069061081,0 107.811936594038,10.819169074081,0 107.811572491038,10.819208428081,0 107.811545059038,10.819199699081,0 107.811208040038,10.819202728081,0 107.811053344038,10.819231179081,0 107.810880100038,10.819214716081,0 107.810789074038,10.819224622081,0 107.810314422038,10.819129741081,0 107.810184940038,10.818923326081,0 107.810065054038,10.818762076081,0 107.809945569038,10.818654998081,0 107.809734897038,10.818530558081,0 107.809579908038,10.818522894081,0 107.809270062038,10.818516684081,0 107.809250779038,10.818399630081,0 107.809331309038,10.818245606081,0 107.809384484038,10.818082671081,0 107.809419696038,10.817947052081,0 107.809480229038,10.817594716081,0 107.809494688038,10.817197674081,0 107.809520615038,10.817044067081,0 107.809520615038,10.817044067081,0 107.809639255038,10.817061039081,0 107.809794168038,10.817068613081,0 107.809930825038,10.817067388081,0 107.810085758038,10.817066024081,0 107.810204193038,10.817073966081,0 107.810259000038,10.817082487081,0 107.810350815038,10.817153749081,0 107.810424592038,10.817252327081,0 107.810507762038,10.817386951081,0 107.810526515038,10.817440893081,0 107.810582350038,10.817557578081,0 107.810582826038,10.817611750081,0 107.810610257038,10.817620480081,0 107.810656127038,10.817656156081,0 107.810693319038,10.817737046081,0 107.810739427038,10.817799808081,0 107.810785610038,10.817862480081,0 107.810803920038,10.817880398081,0 107.810840635038,10.817907115081,0 107.810950597038,10.817969210081,0 107.810959936038,10.817996226081,0 107.811061144038,10.818103534081,0 107.811152830038,10.818165857081,0 107.811189361038,10.818174607081,0 107.811225947038,10.818192296081,0 107.811244332038,10.818210124081,0 107.811253691038,10.818228111081,0 107.811363687038,10.818308263081,0 107.811372971038,10.818326251081,0 107.811446511038,10.818397742081,0 107.811510657038,10.818433189081,0 107.811538197038,10.818459976081,0 107.811648452038,10.818558184081,0 107.811675937038,10.818576033081,0 107.811712891038,10.818629836081,0 107.811713259038,10.818665951081,0 107.811740798038,10.818692738081,0 107.811768543038,10.818728553081,0 107.811842083038,10.818800045081,0 107.811887878038,10.818835721081,0 107.811933823038,10.818871397081,0 107.812025693038,10.818951688081,0 107.812034978038,10.818969676081,0 107.812035162038,10.818987733081,0 107.812035162038,10.818987733081,0 107.812035162038,10.818987733081,0 107.812026061038,10.818987803081,0
</coordinates></LinearRing></outerBoundaryIs></Polygon>
</Placemark>
<Placemark>
<name>Polygon hoàn công 699</name>
<description>Entity DXF: 699; Diện tích: 0.7787620677709579 ha</description>
<Style><LineStyle><width>3</width><color>ffFFBF00</color></LineStyle><PolyStyle><fill>1</fill><color>66FFBF00</color><outline>1</outline></PolyStyle></Style>
<Polygon><outerBoundaryIs><LinearRing><coordinates>
107.811490726038,10.819961222081,0 107.811488327038,10.819957967081,0 107.811469887038,10.819931110081,0 107.811460603038,10.819913032081,0 107.811460474038,10.819904003081,0 107.811451319038,10.819895135081,0 107.811451081038,10.819868049081,0 107.811441851038,10.819859089081,0 107.811441796038,10.819850061081,0 107.811441742038,10.819841032081,0 107.811432512038,10.819832163081,0 107.811432457038,10.819823135081,0 107.811432403038,10.819814106081,0 107.811423044038,10.819796118081,0 107.811422860038,10.819778151081,0 107.811422676038,10.819760093081,0 107.811422621038,10.819751065081,0 107.811422438038,10.819733007081,0 107.811422329038,10.819714950081,0 107.811422199038,10.819705921081,0 107.811413044038,10.819697053081,0 107.811431137038,10.819678856081,0 107.811449338038,10.819678626081,0 107.811458363038,10.819678556081,0 107.811467485038,10.819669458081,0 107.811476585038,10.819669388081,0 107.811485556038,10.819660290081,0 107.811485556038,10.819660290081,0 107.811485556038,10.819660290081,0 107.811485502038,10.819651261081,0 107.811485502038,10.819651261081,0 107.811485372038,10.819642232081,0 107.811512565038,10.819623966081,0 107.811521666038,10.819623896081,0 107.811539812038,10.819614728081,0 107.811567189038,10.819614429081,0 107.811576160038,10.819605330081,0 107.811603299038,10.819578035081,0 107.811603115038,10.819559978081,0 107.811602931038,10.819542011081,0 107.811602692038,10.819514925081,0 107.811593279038,10.819487908081,0 107.811583994038,10.819469920081,0 107.811574785038,10.819451933081,0 107.811565501038,10.819434035081,0 107.811565317038,10.819415978081,0 107.811555903038,10.819388961081,0 107.811528309038,10.819353146081,0 107.811519079038,10.819344187081,0 107.811500456038,10.819299273081,0 107.811500217038,10.819272277081,0 107.811572913038,10.819253572081,0 107.811609390038,10.819253203081,0 107.811682269038,10.819252555081,0 107.811745864038,10.819233919081,0 107.811754965038,10.819233850081,0 107.811909585038,10.819205398081,0 107.812002116038,10.819357828081,0 107.811985897038,10.819574567081,0 107.811995290038,10.819610521081,0 107.812040575038,10.819574058081,0 107.812104170038,10.819555423081,0 107.812195543038,10.819590660081,0 107.812222920038,10.819590451081,0 107.812305690038,10.819670901081,0 107.812324075038,10.819688729081,0 107.812343011038,10.819760729081,0 107.812370681038,10.819796545081,0 107.812381286038,10.819958902081,0 107.812327377038,10.820049517081,0 107.812318883038,10.820112787081,0 107.812275069038,10.820293530081,0 107.812257215038,10.820338813081,0 107.812047861038,10.820358834081,0 107.812020430038,10.820350015081,0 107.812001200038,10.820241900081,0 107.811990649038,10.820088662081,0 107.811790103038,10.820072499081,0 107.811762726038,10.820072708081,0 107.811680746038,10.820073516081,0 107.811490726038,10.819961222081,0
</coordinates></LinearRing></outerBoundaryIs></Polygon>
</Placemark>
<Placemark>
<name>Polygon hoàn công 768</name>
<description>Entity DXF: 768; Diện tích: 0.7580936390519142 ha</description>
<Style><LineStyle><width>3</width><color>ffFFBF00</color></LineStyle><PolyStyle><fill>1</fill><color>66FFBF00</color><outline>1</outline></PolyStyle></Style>
<Polygon><outerBoundaryIs><LinearRing><coordinates>
107.809492232038,10.816927084081,0 107.809501679038,10.816972067081,0 107.809511644038,10.817053166081,0 107.809493606038,10.817080391081,0 107.809466543038,10.817107686081,0 107.809402765038,10.817108264081,0 107.809320731038,10.817100042081,0 107.809275045038,10.817082423081,0 107.809165744038,10.817092378081,0 107.809083710038,10.817084156081,0 107.809055966038,10.817048340081,0 107.809037603038,10.817021394081,0 107.809037603038,10.817021394081,0 107.809019381038,10.817030561081,0 107.808964703038,10.817031069081,0 107.808937293038,10.817013311081,0 107.808946080038,10.816986155081,0 107.808963676038,10.816922905081,0 107.808972667038,10.816904778081,0 107.808999493038,10.816850397081,0 107.808998887038,10.816787196081,0 107.809016926038,10.816759971081,0 107.809043989038,10.816732676081,0 107.809071052038,10.816705381081,0 107.809079969038,10.816687254081,0 107.809116262038,10.816668828081,0 107.809160996038,10.816578283081,0 107.809160628038,10.816542168081,0 107.809151344038,10.816524270081,0 107.809160206038,10.816497114081,0 107.809159546038,10.816424975081,0 107.809159179038,10.816388770081,0 107.809195051038,10.816325290081,0 107.809195051038,10.816325290081,0 107.809185766038,10.816307393081,0 107.809185658038,10.816289335081,0 107.809202961038,10.816189971081,0 107.809193125038,10.816117901081,0 107.809165715038,10.816100143081,0 107.809147439038,10.816100282081,0 107.809101754038,10.816082663081,0 107.809019407038,10.816047355081,0 107.808928144038,10.816030174081,0 107.808918860038,10.816012186081,0 107.808900421038,10.815985330081,0 107.808909208038,10.815958174081,0 107.808890456038,10.815904141081,0 107.808889926038,10.815841030081,0 107.808971191038,10.815759055081,0 107.808980162038,10.815749956081,0 107.808979869038,10.815713932081,0 107.808961485038,10.815696014081,0 107.808960955038,10.815632903081,0 107.808960642038,10.815605817081,0 107.809097005038,10.815568568081,0 107.809142507038,10.815568129081,0 107.809169700038,10.815549863081,0 107.809206102038,10.815549494081,0 107.809288264038,10.815566835081,0 107.809307309038,10.815656802081,0 107.809427690038,10.815863196081,0 107.809511724038,10.816078898081,0 107.809513887038,10.816313373081,0 107.809470419038,10.816539349081,0 107.809481499038,10.816755698081,0 107.809482342038,10.816845985081,0 107.809492232038,10.816927084081,0
</coordinates></LinearRing></outerBoundaryIs></Polygon>
</Placemark>
<Placemark>
<name>Polygon hoàn công 835</name>
<description>Entity DXF: 835; Diện tích: 0.5958328503012658 ha</description>
<Style><LineStyle><width>3</width><color>ffFFBF00</color></LineStyle><PolyStyle><fill>1</fill><color>66FFBF00</color><outline>1</outline></PolyStyle></Style>
<Polygon><outerBoundaryIs><LinearRing><coordinates>
107.817753321038,10.817609575081,0 107.817725890038,10.817600755081,0 107.817698329038,10.817582998081,0 107.817743593038,10.817555562081,0 107.817807262038,10.817536925081,0 107.817861388038,10.817482334081,0 107.817870488038,10.817482174081,0 107.817897735038,10.817472935081,0 107.817934212038,10.817472565081,0 107.817979919038,10.817481245081,0 107.817988945038,10.817481085081,0 107.818034392038,10.817471706081,0 107.818043493038,10.817471637081,0 107.818052614038,10.817462538081,0 107.818097932038,10.817444041081,0 107.818116079038,10.817434872081,0 107.818152426038,10.817425564081,0 107.818225250038,10.817415886081,0 107.818261652038,10.817415516081,0 107.818298129038,10.817415146081,0 107.818388970038,10.817387271081,0 107.818398071038,10.817387201081,0 107.818407171038,10.817387131081,0 107.818434363038,10.817368864081,0 107.818452694038,10.817377663081,0 107.818516343038,10.817368055081,0 107.818543460038,10.817349787081,0 107.818579828038,10.817331451081,0 107.818588799038,10.817322352081,0 107.818652577038,10.817321772081,0 107.818743711038,10.817329921081,0 107.818780264038,10.817329642081,0 107.818889599038,10.817337651081,0 107.818917030038,10.817346380081,0 107.818998955038,10.817336632081,0 107.819071650038,10.817317925081,0 107.819172014038,10.817335033081,0 107.819290286038,10.817315976081,0 107.819317609038,10.817306647081,0 107.819372266038,10.817315166081,0 107.819399219038,10.817269813081,0 107.819517676038,10.817268723081,0 107.819535877038,10.817268583081,0 107.819572224038,10.817259275081,0 107.819663433038,10.817267424081,0 107.819682720038,10.817384477081,0 107.819729438038,10.817510349081,0 107.819684652038,10.817591957081,0 107.819666506038,10.817601126081,0 107.819630213038,10.817619463081,0 107.819475171038,10.817602865081,0 107.819320387038,10.817604234081,0 107.819229178038,10.817596085081,0 107.819165692038,10.817632870081,0 107.819147416038,10.817633010081,0 107.818901662038,10.817653316081,0 107.818709958038,10.817618849081,0 107.818691832038,10.817618989081,0 107.818646070038,10.817601372081,0 107.818454919038,10.817621168081,0 107.818245383038,10.817623136081,0 107.818063038038,10.817606747081,0 107.817853502038,10.817608625081,0 107.817807979038,10.817618094081,0 107.817753321038,10.817609575081,0
</coordinates></LinearRing></outerBoundaryIs></Polygon>
</Placemark>
<Placemark>
<name>Polygon hoàn công 1122</name>
<description>Entity DXF: 1122; Diện tích: 10.46749583785534 ha</description>
<Style><LineStyle><width>3</width><color>ffFFBF00</color></LineStyle><PolyStyle><fill>1</fill><color>66FFBF00</color><outline>1</outline></PolyStyle></Style>
<Polygon><outerBoundaryIs><LinearRing><coordinates>
107.812445667038,10.819047165081,0 107.812409319038,10.819056563081,0 107.812254514038,10.819066958081,0 107.812209304038,10.819103421081,0 107.812209434038,10.819112450081,0 107.812219011038,10.819166462081,0 107.812256074038,10.819238323081,0 107.812256734038,10.819310462081,0 107.812266462038,10.819364475081,0 107.812312203038,10.819391122081,0 107.812422036038,10.819444277081,0 107.812522823038,10.819506531081,0 107.812587078038,10.819560034081,0 107.812606199038,10.819650092081,0 107.812624877038,10.819704035081,0 107.812625299038,10.819749088081,0 107.812671245038,10.819784764081,0 107.812680400038,10.819793723081,0 107.812708308038,10.819856625081,0 107.812726877038,10.819892510081,0 107.812754178038,10.819892210081,0 107.812790764038,10.819910079081,0 107.812845994038,10.819963653081,0 107.812855279038,10.819981640081,0 107.812874454038,10.820080636081,0 107.812874563038,10.820098694081,0 107.812883902038,10.820125620081,0 107.812902546038,10.820161595081,0 107.812930433038,10.820233435081,0 107.812958471038,10.820305366081,0 107.812977462038,10.820386485081,0 107.812977884038,10.820431538081,0 107.813006160038,10.820530464081,0 107.813043169038,10.820593296081,0 107.813089516038,10.820683054081,0 107.813126655038,10.820754824081,0 107.813163792038,10.820826775081,0 107.813210086038,10.820907504081,0 107.813247278038,10.820988303081,0 107.813302726038,10.821077992081,0 107.813312032038,10.821086951081,0 107.813330580038,10.821131865081,0 107.813349701038,10.821221922081,0 107.813368141038,10.821248869081,0 107.813396287038,10.821338856081,0 107.813433296038,10.821401598081,0 107.813479957038,10.821518442081,0 107.813535481038,10.821608130081,0 107.813600397038,10.821733864081,0 107.813646636038,10.821805654081,0 107.813646820038,10.821823622081,0 107.813710654038,10.821832072081,0 107.813810966038,10.821840153081,0 107.813938579038,10.821848024081,0 107.814002780038,10.821892590081,0 107.814066798038,10.821919007081,0 107.814076451038,10.821973019081,0 107.814086158038,10.822036151081,0 107.814104782038,10.822081064081,0 107.814115443038,10.822252360081,0 107.814134196038,10.822306302081,0 107.814134673038,10.822360475081,0 107.814162841038,10.822441343081,0 107.814145041038,10.822495655081,0 107.814145647038,10.822558856081,0 107.814119061038,10.822640234081,0 107.814110383038,10.822685447081,0 107.814120621038,10.822811599081,0 107.814111650038,10.822820697081,0 107.814102734038,10.822838824081,0 107.814084934038,10.822893136081,0 107.814076862038,10.823001460081,0 107.814050460038,10.823100986081,0 107.814041781038,10.823146109081,0 107.814042681038,10.823245334081,0 107.814051911038,10.823254293081,0 107.814016278038,10.823344769081,0 107.814035400038,10.823434736081,0 107.814053948038,10.823479831081,0 107.814063471038,10.823524814081,0 107.814100133038,10.823542502081,0 107.814191215038,10.823541715081,0 107.814282242038,10.823531808081,0 107.814291343038,10.823531738081,0 107.814309435038,10.823513541081,0 107.814364039038,10.823513032081,0 107.814391470038,10.823521852081,0 107.814427873038,10.823521482081,0 107.814482682038,10.823530002081,0 107.814509929038,10.823520764081,0 107.814601141038,10.823528915081,0 107.814655690038,10.823519377081,0 107.814710553038,10.823536926081,0 107.814783434038,10.823536277081,0 107.814847213038,10.823535699081,0 107.814929249038,10.823544009081,0 107.814929249038,10.823544009081,0 107.815020460038,10.823552159081,0 107.815056754038,10.823533823081,0 107.815148074038,10.823560031081,0 107.815248148038,10.823541025081,0 107.815248148038,10.823541025081,0 107.815329999038,10.823531278081,0 107.815384678038,10.823530769081,0 107.815466789038,10.823539079081,0 107.815494091038,10.823538780081,0 107.815566494038,10.823484049081,0 107.815621227038,10.823492569081,0 107.815703229038,10.823482822081,0 107.815775980038,10.823473144081,0 107.815830584038,10.823472635081,0 107.815912694038,10.823480855081,0 107.815930950038,10.823489744081,0 107.815930950038,10.823489744081,0 107.815931134038,10.823507801081,0 107.815921925038,10.823489814081,0 107.815976604038,10.823489305081,0 107.815985575038,10.823480206081,0 107.815994675038,10.823480136081,0 107.816022052038,10.823479927081,0 107.816058401038,10.823470529081,0 107.816085832038,10.823479348081,0 107.816149667038,10.823487707081,0 107.816158767038,10.823487638081,0 107.816158638038,10.823478609081,0 107.816177044038,10.823487498081,0 107.816222547038,10.823487059081,0 107.816268125038,10.823486710081,0 107.816322675038,10.823477172081,0 107.816404786038,10.823485392081,0 107.816450289038,10.823485042081,0 107.816468620038,10.823493841081,0 107.816532324038,10.823493262081,0 107.816541500038,10.823493192081,0 107.816587079038,10.823492753081,0 107.816642051038,10.823528359081,0 107.816670328038,10.823627285081,0 107.816670512038,10.823645342081,0 107.816680036038,10.823690326081,0 107.816707999038,10.823762255081,0 107.816708129038,10.823771284081,0 107.816708313038,10.823789342081,0 107.816726624038,10.823807169081,0 107.816726808038,10.823825227081,0 107.816736515038,10.823888358081,0 107.816736515038,10.823888358081,0 107.816754846038,10.823897157081,0 107.816818497038,10.823887549081,0 107.816882276038,10.823886970081,0 107.816927855038,10.823886621081,0 107.816982534038,10.823886111081,0 107.817009966038,10.823894840081,0 107.816991744038,10.823904009081,0 107.817010020038,10.823903869081,0 107.817019121038,10.823903799081,0 107.817028092038,10.823894700081,0 107.817064440038,10.823885392081,0 107.817110148038,10.823893982081,0 107.817137450038,10.823893682081,0 107.817164991038,10.823920468081,0 107.817201707038,10.823947185081,0 107.817193159038,10.824001427081,0 107.817220516038,10.824010156081,0 107.817256994038,10.824009877081,0 107.817293342038,10.824000478081,0 107.817366222038,10.823999829081,0 107.817420847038,10.823990291081,0 107.817420847038,10.823990291081,0 107.817474919038,10.823926671081,0 107.817483890038,10.823917572081,0 107.817455504038,10.823800499081,0 107.817436565038,10.823728499081,0 107.817417702038,10.823656589081,0 107.817408179038,10.823611516081,0 107.817389186038,10.823530577081,0 107.817361147038,10.823458647081,0 107.817360486038,10.823386417081,0 107.817378394038,10.823350163081,0 107.817414448038,10.823304740081,0 107.817450374038,10.823250288081,0 107.817504022038,10.823141615081,0 107.817530792038,10.823078204081,0 107.817557616038,10.823023912081,0 107.817566663038,10.823014724081,0 107.817602295038,10.822924157081,0 107.817628880038,10.822842779081,0 107.817664382038,10.822743184081,0 107.817682031038,10.822688962081,0 107.817699754038,10.822634650081,0 107.817726415038,10.822553272081,0 107.817752796038,10.822462775081,0 107.817743641038,10.822453816081,0 107.817761255038,10.822381447081,0 107.817787875038,10.822318126081,0 107.817805674038,10.822263814081,0 107.817841360038,10.822182366081,0 107.817841175038,10.822164309081,0 107.817813560038,10.822137523081,0 107.817749726038,10.822129073081,0 107.817694753038,10.822093468081,0 107.817594149038,10.822049183081,0 107.817566717038,10.822040454081,0 107.817457359038,10.822041473081,0 107.817439158038,10.822041613081,0 107.817339031038,10.822051590081,0 107.817311838038,10.822069857081,0 107.817238719038,10.822043420081,0 107.817229619038,10.822043490081,0 107.817119947038,10.822017513081,0 107.817119893038,10.822008484081,0 107.817074260038,10.821999804081,0 107.817046828038,10.821991075081,0 107.817001509038,10.822009573081,0 107.816974024038,10.821991725081,0 107.816919270038,10.821992234081,0 107.816846042038,10.821947829081,0 107.816827895038,10.821956998081,0 107.816773216038,10.821957507081,0 107.816745785038,10.821948688081,0 107.816691127038,10.821940169081,0 107.816608887038,10.821922920081,0 107.816581694038,10.821941187081,0 107.816554044038,10.821896343081,0 107.816508043038,10.821851729081,0 107.816425824038,10.821825362081,0 107.816343400038,10.821790056081,0 107.816297658038,10.821763409081,0 107.816215180038,10.821719074081,0 107.816151237038,10.821692567081,0 107.816132960038,10.821692797081,0 107.816041879038,10.821693585081,0 107.816014318038,10.821675828081,0 107.815923074038,10.821649530081,0 107.815840780038,10.821623162081,0 107.815749623038,10.821624041081,0 107.815667534038,10.821606702081,0 107.815576323038,10.821598552081,0 107.815485003038,10.821572344081,0 107.815475827038,10.821572414081,0 107.815420985038,10.821545837081,0 107.815347792038,10.821519489081,0 107.815293058038,10.821510970081,0 107.815283958038,10.821511040081,0 107.815192454038,10.821466775081,0 107.815110160038,10.821440497081,0 107.815091959038,10.821440636081,0 107.815018786038,10.821405170081,0 107.814936492038,10.821378893081,0 107.814927262038,10.821369934081,0 107.814890859038,10.821370303081,0 107.814900014038,10.821379262081,0 107.814863612038,10.821379541081,0 107.814890805038,10.821361274081,0 107.814835996038,10.821352754081,0 107.814707593038,10.821263715081,0 107.814552385038,10.821220028081,0 107.814360734038,10.821194678081,0 107.814195928038,10.821106008081,0 107.814121965038,10.820989373081,0 107.814075801038,10.820917673081,0 107.814001633038,10.820792099081,0 107.813973671038,10.820720079081,0 107.813946185038,10.820702321081,0 107.813844552038,10.820549871081,0 107.813715672038,10.820406749081,0 107.813660203038,10.820325999081,0 107.813650864038,10.820299073081,0 107.813641709038,10.820290114081,0 107.813623195038,10.820263257081,0 107.813540445038,10.820173779081,0 107.813521801038,10.820137893081,0 107.813402281038,10.820012669081,0 107.813291711038,10.819887374081,0 107.813208594038,10.819761871081,0 107.813088870038,10.819627617081,0 107.813014907038,10.819511072081,0 107.813014777038,10.819502044081,0 107.812904045038,10.819349663081,0 107.812821643038,10.819305327081,0 107.812784927038,10.819278610081,0 107.812711994038,10.819270230081,0 107.812647554038,10.819198669081,0 107.812518784038,10.819073604081,0 107.812491190038,10.819037788081,0 107.812445667038,10.819047165081,0
</coordinates></LinearRing></outerBoundaryIs></Polygon>
</Placemark>
<Placemark>
<name>Polygon hoàn công 1123</name>
<description>Entity DXF: 1123; Diện tích: 11.1053789134264 ha</description>
<Style><LineStyle><width>3</width><color>ffFFBF00</color></LineStyle><PolyStyle><fill>1</fill><color>66FFBF00</color><outline>1</outline></PolyStyle></Style>
<Polygon><outerBoundaryIs><LinearRing><coordinates>
107.821851889038,10.814648520081,0 107.821991735038,10.814864614081,0 107.822010230038,10.814900588081,0 107.822010360038,10.814909527081,0 107.822038214038,10.814963490081,0 107.822047369038,10.814972448081,0 107.822056524038,10.814981407081,0 107.822121628038,10.815125106081,0 107.822168183038,10.815223891081,0 107.822231906038,10.815214282081,0 107.822267829038,10.815159830081,0 107.822276267038,10.815087620081,0 107.822357084038,10.814969616081,0 107.822375230038,10.814960448081,0 107.822474268038,10.814833185081,0 107.822474159038,10.814815128081,0 107.822481988038,10.814679807081,0 107.822481748038,10.814652721081,0 107.822481379038,10.814616696081,0 107.822544494038,10.814543976081,0 107.822598803038,10.814507351081,0 107.822624853038,10.814362771081,0 107.822660537038,10.814281233081,0 107.822787429038,10.814207932081,0 107.822923901038,10.814188644081,0 107.822960302038,10.814188273081,0 107.823005510038,10.814151808081,0 107.822986592038,10.814070780081,0 107.822931545038,10.814035175081,0 107.822721532038,10.813982975081,0 107.822493189038,10.813921885081,0 107.822310402038,10.813869474081,0 107.822246570038,10.813861026081,0 107.822219214038,10.813852297081,0 107.822008887038,10.813773010081,0 107.821962832038,10.813719368081,0 107.821924975038,10.813566250081,0 107.821897305038,10.813530435081,0 107.821869026038,10.813431509081,0 107.821759139038,10.813369329081,0 107.821622538038,10.813379588081,0 107.821522174038,10.813362481081,0 107.821485404038,10.813326736081,0 107.821421626038,10.813327316081,0 107.821348933038,10.813346024081,0 107.821276055038,10.813346674081,0 107.821257485038,10.813310790081,0 107.821183999038,10.813248329081,0 107.821147543038,10.813239670081,0 107.820974172038,10.813214184081,0 107.820928465038,10.813205596081,0 107.820828470038,10.813224513081,0 107.820700785038,10.813216644081,0 107.820637137038,10.813226253081,0 107.820546004038,10.813218105081,0 107.820527783038,10.813227273081,0 107.820427604038,10.813228224081,0 107.820354726038,10.813228874081,0 107.820327425038,10.813229083081,0 107.820172493038,10.813230543081,0 107.820027106038,10.813267958081,0 107.819954283038,10.813277637081,0 107.819899421038,10.813260089081,0 107.819817388038,10.813251780081,0 107.819644386038,10.813262408081,0 107.819553068038,10.813236202081,0 107.819543545038,10.813191038081,0 107.819406705038,10.813174301081,0 107.819233628038,10.813184838081,0 107.819096863038,10.813168101081,0 107.819033140038,10.813177709081,0 107.818850982038,10.813179378081,0 107.818805221038,10.813161760081,0 107.818686528038,10.813135763081,0 107.818540663038,10.813119005081,0 107.818358246038,10.813102707081,0 107.818267406038,10.813130582081,0 107.818203629038,10.813131162081,0 107.818203629038,10.813131162081,0 107.818148897038,10.813122643081,0 107.818112550038,10.813131951081,0 107.818094165038,10.813114124081,0 107.817993617038,10.813078958081,0 107.817893125038,10.813052821081,0 107.817820192038,10.813044442081,0 107.817628969038,10.813064237081,0 107.817538204038,10.813092113081,0 107.817374248038,10.813093641081,0 107.817255718038,10.813094639081,0 107.817128108038,10.813086860081,0 107.816955583038,10.813151569081,0 107.816828581038,10.813206809081,0 107.816693303038,10.813361436081,0 107.816686447038,10.813595982081,0 107.816688487038,10.813821519081,0 107.816699040038,10.813974757081,0 107.816673062038,10.814119427081,0 107.816647248038,10.814291001081,0 107.816658299038,10.814489293081,0 107.816677216038,10.814570412081,0 107.816687237038,10.814660539081,0 107.816687476038,10.814687535081,0 107.816742208038,10.814696054081,0 107.816851488038,10.814695126081,0 107.816888094038,10.814703785081,0 107.817106784038,10.814710776081,0 107.817134030038,10.814701538081,0 107.817188762038,10.814710057081,0 107.817289072038,10.814718137081,0 107.817361895038,10.814708459081,0 107.817471230038,10.814716468081,0 107.817544108038,10.814715819081,0 107.817708250038,10.814732348081,0 107.817763057038,10.814740867081,0 107.817727556038,10.814840463081,0 107.817727740038,10.814858430081,0 107.817820252038,10.815020068081,0 107.817875114038,10.815037616081,0 107.817957352038,10.815054864081,0 107.818194134038,10.815043657081,0 107.818494747038,10.815040989081,0 107.818686006038,10.815039251081,0 107.818795491038,10.815047260081,0 107.819050528038,10.815044941081,0 107.819305455038,10.815024565081,0 107.819523981038,10.815004468081,0 107.819605830038,10.814994720081,0 107.819640614038,10.814813956081,0 107.819612206038,10.814706001081,0 107.819611913038,10.814669886081,0 107.819666406038,10.814651409081,0 107.819848564038,10.814649740081,0 107.819976120038,10.814648580081,0 107.820021827038,10.814657169081,0 107.820194830038,10.814646540081,0 107.820240516038,10.814664158081,0 107.820413704038,10.814671587081,0 107.820696062038,10.814660028081,0 107.820796242038,10.814659078081,0 107.820914752038,10.814667016081,0 107.820923797038,10.814657918081,0 107.821033023038,10.814647959081,0 107.821087775038,10.814647449081,0 107.821142617038,10.814674025081,0 107.821324796038,10.814663326081,0 107.821488753038,10.814661795081,0 107.821515924038,10.814652557081,0 107.821561577038,10.814652117081,0 107.821606949038,10.814642647081,0 107.821661517038,10.814624170081,0 107.821779713038,10.814605022081,0 107.821852960038,10.814640397081,0 107.821853015038,10.814649425081,0 107.821851889038,10.814648520081,0
</coordinates></LinearRing></outerBoundaryIs></Polygon>
</Placemark>
<Placemark>
<name>Polygon hoàn công 1410</name>
<description>Entity DXF: 1410; Diện tích: 12.90799897105694 ha</description>
<Style><LineStyle><width>3</width><color>ffFFBF00</color></LineStyle><PolyStyle><fill>1</fill><color>66FFBF00</color><outline>1</outline></PolyStyle></Style>
<Polygon><outerBoundaryIs><LinearRing><coordinates>
107.822716411038,10.814415973081,0 107.822716226038,10.814398005081,0 107.822752463038,10.814370549081,0 107.822843173038,10.814333643081,0 107.822861634038,10.814351561081,0 107.822916421038,10.814369108081,0 107.822998399038,10.814368297081,0 107.823080323038,10.814358548081,0 107.823116301038,10.814313124081,0 107.823170684038,10.814276589081,0 107.823206662038,10.814231165081,0 107.823361170038,10.814184650081,0 107.823424948038,10.814184069081,0 107.823479496038,10.814174530081,0 107.823515952038,10.814183278081,0 107.823579730038,10.814182608081,0 107.823689160038,10.814181677081,0 107.823707285038,10.814181446081,0 107.823734901038,10.814208322081,0 107.823825925038,10.814198413081,0 107.823926180038,10.814197552081,0 107.824044615038,10.814205489081,0 107.824099237038,10.814195950081,0 107.824126723038,10.814213707081,0 107.824263509038,10.814221504081,0 107.824336627038,10.814247849081,0 107.824455931038,10.814336955081,0 107.824574495038,10.814353921081,0 107.824592696038,10.814353780081,0 107.824629228038,10.814362439081,0 107.824775224038,10.814388223081,0 107.824793554038,10.814397021081,0 107.824848287038,10.814405539081,0 107.824948411038,10.814395649081,0 107.824957272038,10.814368493081,0 107.824956609038,10.814296353081,0 107.825065300038,10.814223192081,0 107.825146670038,10.814159270081,0 107.825246001038,10.814068211081,0 107.825318161038,10.813986301081,0 107.825372523038,10.813958704081,0 107.825408815038,10.813940366081,0 107.825436192038,10.813940156081,0 107.825572663038,10.813920866081,0 107.825600094038,10.813929595081,0 107.825618240038,10.813920426081,0 107.825636311038,10.813911257081,0 107.825654532038,10.813902088081,0 107.825663632038,10.813901927081,0 107.825772782038,10.813891967081,0 107.825854836038,10.813891246081,0 107.825863457038,10.813837003081,0 107.825790209038,10.813801629081,0 107.825753623038,10.813783943081,0 107.825771584038,10.813756716081,0 107.825799015038,10.813765444081,0 107.825808170038,10.813774403081,0 107.825908295038,10.813764422081,0 107.825999374038,10.813763631081,0 107.826035666038,10.813745203081,0 107.826044766038,10.813745133081,0 107.826081243038,10.813744852081,0 107.826135366038,10.813690259081,0 107.826180464038,10.813635736081,0 107.826171288038,10.813635806081,0 107.826143563038,10.813590963081,0 107.826170624038,10.813563576081,0 107.826197816038,10.813545218081,0 107.826197207038,10.813482107081,0 107.826187812038,10.813446152081,0 107.826205643038,10.813409897081,0 107.826205219038,10.813364844081,0 107.826222701038,10.813283445081,0 107.826222406038,10.813247420081,0 107.826231192038,10.813220264081,0 107.826230898038,10.813184239081,0 107.826267114038,10.813165811081,0 107.826312766038,10.813165370081,0 107.826349298038,10.813174118081,0 107.826449237038,10.813146170081,0 107.826458338038,10.813146010081,0 107.826513015038,10.813145499081,0 107.826540001038,10.813118111081,0 107.826658347038,10.813099052081,0 107.826786012038,10.813115857081,0 107.826968114038,10.813105244081,0 107.827077893038,10.813149366081,0 107.827115753038,10.813302393081,0 107.827125887038,10.813410487081,0 107.827154462038,10.813545528081,0 107.827155495038,10.813653873081,0 107.827146744038,10.813698996081,0 107.827147833038,10.813816279081,0 107.827149052038,10.813942501081,0 107.827141040038,10.814059945081,0 107.827123743038,10.814159311081,0 107.827124058038,10.814186308081,0 107.827142738038,10.814240249081,0 107.827124962038,10.814285533081,0 107.827088670038,10.814303871081,0 107.827079494038,10.814303941081,0 107.827024892038,10.814304453081,0 107.826924528038,10.814287348081,0 107.826897151038,10.814287648081,0 107.826842289038,10.814270102081,0 107.826842604038,10.814297098081,0 107.826851944038,10.814324114081,0 107.826852663038,10.814405282081,0 107.826853032038,10.814441307081,0 107.826844171038,10.814468554081,0 107.826835680038,10.814531735081,0 107.826845020038,10.814558751081,0 107.826818308038,10.814631101081,0 107.826827668038,10.814649088081,0 107.826782276038,10.814667587081,0 107.826727913038,10.814695094081,0 107.826664375038,10.814722761081,0 107.826637663038,10.814795111081,0 107.826610841038,10.814849494081,0 107.826611210038,10.814885519081,0 107.826630075038,10.814957609081,0 107.826630260038,10.814975666081,0 107.826676501038,10.815047365081,0 107.826667455038,10.815056464081,0 107.826668304038,10.815146661081,0 107.826650637038,10.815210002081,0 107.826596884038,10.815300621081,0 107.826578977038,10.815336876081,0 107.826552395038,10.815418435081,0 107.826543294038,10.815418505081,0 107.826498696038,10.815518082081,0 107.826489705038,10.815536209081,0 107.826462753038,10.815581563081,0 107.826453837038,10.815599691081,0 107.826445346038,10.815662872081,0 107.826454926038,10.815716884081,0 107.826409478038,10.815726354081,0 107.826409423038,10.815717325081,0 107.826427734038,10.815735152081,0 107.826419242038,10.815798514081,0 107.826392051038,10.815816781081,0 107.826282586038,10.815799746081,0 107.826264385038,10.815799886081,0 107.826173490038,10.815818736081,0 107.826155638038,10.815864019081,0 107.826101275038,10.815891617081,0 107.826092100038,10.815891687081,0 107.826055753038,10.815900996081,0 107.826037682038,10.815910255081,0 107.826037737038,10.815919194081,0 107.826019830038,10.815955449081,0 107.826001739038,10.815973646081,0 107.825965761038,10.816019071081,0 107.825966001038,10.816046157081,0 107.825948649038,10.816136494081,0 107.825958228038,10.816190506081,0 107.825985659038,10.816199325081,0 107.826013515038,10.816253197081,0 107.826004524038,10.816271324081,0 107.825904399038,10.816281305081,0 107.825895298038,10.816281375081,0 107.825804219038,10.816282166081,0 107.825749541038,10.816282677081,0 107.825658516038,10.816292588081,0 107.825594553038,10.816275111081,0 107.825521564038,10.816257705081,0 107.825503288038,10.816257935081,0 107.825494133038,10.816248977081,0 107.825502810038,10.816203673081,0 107.825484424038,10.816185846081,0 107.825411675038,10.816195525081,0 107.825411675038,10.816195525081,0 107.825338796038,10.816196177081,0 107.825357052038,10.816205065081,0 107.825348081038,10.816214164081,0 107.825320705038,10.816214374081,0 107.825302559038,10.816223543081,0 107.825302853038,10.816259748081,0 107.825321608038,10.816313690081,0 107.825358195038,10.816331377081,0 107.825395280038,10.816394208081,0 107.825359597038,10.816475656081,0 107.825351106038,10.816538928081,0 107.825379255038,10.816628824081,0 107.825379440038,10.816646882081,0 107.825406796038,10.816655610081,0 107.825479990038,10.816682045081,0 107.825543823038,10.816690493081,0 107.825643948038,10.816680512081,0 107.825716882038,10.816688980081,0 107.825762514038,10.816697568081,0 107.825844384038,10.816678699081,0 107.825899117038,10.816687307081,0 107.825926788038,10.816723122081,0 107.825900205038,10.816804500081,0 107.825873492038,10.816876940081,0 107.825864816038,10.816922064081,0 107.825847114038,10.816967348081,0 107.825820162038,10.817012702081,0 107.825802440038,10.817066925081,0 107.825821250038,10.817129986081,0 107.825821435038,10.817148043081,0 107.825812629038,10.817184228081,0 107.825812868038,10.817211224081,0 107.825822947038,10.817310380081,0 107.825832527038,10.817364392081,0 107.825842106038,10.817418404081,0 107.825879008038,10.817463177081,0 107.825933925038,10.817489752081,0 107.825943211038,10.817507649081,0 107.825961836038,10.817552653081,0 107.826080532038,10.817578647081,0 107.826153541038,10.817587025081,0 107.826171612038,10.817577855081,0 107.826208089038,10.817577485081,0 107.826253852038,10.817595101081,0 107.826317685038,10.817603549081,0 107.826399774038,10.817620885081,0 107.826445406038,10.817629473081,0 107.826527516038,10.817637690081,0 107.826564048038,10.817646438081,0 107.826636927038,10.817645696081,0 107.826618726038,10.817645927081,0 107.826618726038,10.817645927081,0 107.826619281038,10.817700009081,0 107.826674178038,10.817735613081,0 107.826674178038,10.817735613081,0 107.826692933038,10.817789555081,0 107.826693358038,10.817834608081,0 107.826657435038,10.817889061081,0 107.826657674038,10.817916148081,0 107.826648869038,10.817952242081,0 107.826630558038,10.817934416081,0 107.826639768038,10.817952313081,0 107.826658468038,10.817997316081,0 107.826658653038,10.818015374081,0 107.826640671038,10.818051629081,0 107.826613555038,10.818069897081,0 107.826586548038,10.818106222081,0 107.826577687038,10.818133378081,0 107.826523748038,10.818206029081,0 107.826514627038,10.818215128081,0 107.826487750038,10.818260482081,0 107.826396190038,10.818207191081,0 107.826377729038,10.818189364081,0 107.826340424038,10.818090419081,0 107.826294127038,10.818009692081,0 107.826256986038,10.817937832081,0 107.826247756038,10.817928874081,0 107.826210984038,10.817893129081,0 107.826165058038,10.817848427081,0 107.826155902038,10.817839558081,0 107.826137571038,10.817830670081,0 107.826082393038,10.817786127081,0 107.826054983038,10.817768280081,0 107.826000065038,10.817741795081,0 107.825908430038,10.817688504081,0 107.825835072038,10.817635074081,0 107.825807511038,10.817617226081,0 107.825734153038,10.817563705081,0 107.825688281038,10.817528031081,0 107.825633124038,10.817474460081,0 107.825568791038,10.817420958081,0 107.825513689038,10.817376325081,0 107.825467762038,10.817331623081,0 107.825422020038,10.817304977081,0 107.825330256038,10.817242748081,0 107.825275339038,10.817216172081,0 107.825183780038,10.817162882081,0 107.825128732038,10.817127277081,0 107.825073815038,10.817100702081,0 107.825019027038,10.817083155081,0 107.824954955038,10.817047621081,0 107.824890807038,10.817012177081,0 107.824872476038,10.817003289081,0 107.824780863038,10.816941059081,0 107.824735100038,10.816923442081,0 107.824652642038,10.816870081081,0 107.824652642038,10.816870081081,0 107.824615981038,10.816852304081,0 107.824542753038,10.816807902081,0 107.824515137038,10.816781116081,0 107.824496806038,10.816772227081,0 107.824478550038,10.816763429081,0 107.824414402038,10.816727895081,0 107.824396071038,10.816719096081,0 107.824332108038,10.816701620081,0 107.824286476038,10.816692941081,0 107.824240660038,10.816666295081,0 107.824222404038,10.816657407081,0 107.824131249038,10.816658288081,0 107.824048976038,10.816622894081,0 107.823984773038,10.816578421081,0 107.823902185038,10.816516031081,0 107.823819837038,10.816480727081,0 107.823764735038,10.816436094081,0 107.823764735038,10.816436094081,0 107.823664131038,10.816391992081,0 107.823591013038,10.816365556081,0 107.823499564038,10.816330322081,0 107.823408060038,10.816286060081,0 107.823307457038,10.816241777081,0 107.823261695038,10.816224159081,0 107.823197547038,10.816188715081,0 107.823133106038,10.816117156081,0 107.823096095038,10.816054325081,0 107.823013398038,10.815973968081,0 107.822885179038,10.815902989081,0 107.822747729038,10.815822961081,0 107.822609985038,10.815706999081,0 107.822563930038,10.815653267081,0 107.822471948038,10.815554922081,0 107.822444148038,10.815510079081,0 107.822306350038,10.815384997081,0 107.822305926038,10.815339854081,0 107.822395256038,10.815149640081,0 107.822494608038,10.815049554081,0 107.822494478038,10.815040525081,0 107.822521540038,10.815013229081,0 107.822530586038,10.815004130081,0 107.822629385038,10.814849781081,0 107.822674169038,10.814768263081,0 107.822719063038,10.814704712081,0 107.822728184038,10.814695613081,0 107.822728054038,10.814686584081,0 107.822727151038,10.814587358081,0 107.822716889038,10.814470145081,0 107.822698210038,10.814416203081,0 107.822716411038,10.814415973081,0
</coordinates></LinearRing></outerBoundaryIs></Polygon>
</Placemark>
<Placemark>
<name>Polygon hoàn công 1411</name>
<description>Entity DXF: 1411; Diện tích: 12.32029081798792 ha</description>
<Style><LineStyle><width>3</width><color>ffFFBF00</color></LineStyle><PolyStyle><fill>1</fill><color>66FFBF00</color><outline>1</outline></PolyStyle></Style>
<Polygon><outerBoundaryIs><LinearRing><coordinates>
107.817323639038,10.807645523081,0 107.817332664038,10.807645453081,0 107.817332664038,10.807645453081,0 107.817332664038,10.807645453081,0 107.817332664038,10.807645453081,0 107.817332664038,10.807645453081,0 107.817323639038,10.807645523081,0 107.817314518038,10.807654622081,0 107.817314757038,10.807681708081,0 107.817305657038,10.807681778081,0 107.817305787038,10.807690806081,0 107.817296741038,10.807699905081,0 107.817287566038,10.807699975081,0 107.817287750038,10.807718032081,0 107.817278779038,10.807727131081,0 107.817278834038,10.807736160081,0 107.817269734038,10.807736230081,0 107.817269864038,10.807745258081,0 107.817269918038,10.807754287081,0 107.817269918038,10.807754287081,0 107.817260948038,10.807763386081,0 107.817260948038,10.807763386081,0 107.817269973038,10.807763225081,0 107.817269973038,10.807763225081,0 107.817261002038,10.807772414081,0 107.817261002038,10.807772414081,0 107.817261002038,10.807772414081,0 107.817261002038,10.807772414081,0 107.817261002038,10.807772414081,0 107.817261002038,10.807772414081,0 107.817251827038,10.807772484081,0 107.817251827038,10.807772484081,0 107.817242856038,10.807781583081,0 107.817233940038,10.807799710081,0 107.817234179038,10.807826706081,0 107.817234364038,10.807844764081,0 107.817225318038,10.807853862081,0 107.817225318038,10.807853862081,0 107.817225372038,10.807862891081,0 107.817207356038,10.807881088081,0 107.817198365038,10.807899215081,0 107.817189374038,10.807917433081,0 107.817189558038,10.807935490081,0 107.817180697038,10.807962556081,0 107.817171727038,10.807971655081,0 107.817153690038,10.807998881081,0 107.817135674038,10.808017078081,0 107.817117658038,10.808035275081,0 107.817099696038,10.808062501081,0 107.817072450038,10.808071830081,0 107.817063350038,10.808071900081,0 107.817063350038,10.808071900081,0 107.817017773038,10.808072339081,0 107.817008673038,10.808072409081,0 107.816990343038,10.808063520081,0 107.816935797038,10.808073058081,0 107.816908551038,10.808082297081,0 107.816890275038,10.808082527081,0 107.816853874038,10.808082806081,0 107.816798905038,10.808047201081,0 107.816780022038,10.807984320081,0 107.816742959038,10.807912460081,0 107.816706429038,10.807903710081,0 107.816669899038,10.807894961081,0 107.816587976038,10.807904799081,0 107.816533246038,10.807896280081,0 107.816505761038,10.807878432081,0 107.816478147038,10.807851645081,0 107.816468569038,10.807797633081,0 107.816413470038,10.807752999081,0 107.816358630038,10.807726512081,0 107.816340300038,10.807717623081,0 107.816275309038,10.807591981081,0 107.816238670038,10.807565264081,0 107.816220231038,10.807538318081,0 107.816191825038,10.807430273081,0 107.816182118038,10.807367232081,0 107.816172411038,10.807304191081,0 107.816172172038,10.807277105081,0 107.816171879038,10.807241080081,0 107.816162649038,10.807232121081,0 107.816162594038,10.807223092081,0 107.816162465038,10.807214064081,0 107.816143657038,10.807151092081,0 107.816124795038,10.807079183081,0 107.816106281038,10.807052236081,0 107.816042396038,10.807034848081,0 107.815951981038,10.807107777081,0 107.815951981038,10.807107777081,0 107.815916112038,10.807171257081,0 107.815861804038,10.807207791081,0 107.815798451038,10.807253514081,0 107.815808451038,10.807352579081,0 107.815781921038,10.807442986081,0 107.815699706038,10.807416709081,0 107.815690497038,10.807398812081,0 107.815680898038,10.807353738081,0 107.815606938038,10.807237193081,0 107.815542370038,10.807156604081,0 107.815514831038,10.807129818081,0 107.815469146038,10.807112200081,0 107.815441716038,10.807103381081,0 107.815405240038,10.807103750081,0 107.815377755038,10.807085992081,0 107.815331648038,10.807023140081,0 107.815312950038,10.806978226081,0 107.815294749038,10.806978366081,0 107.815276419038,10.806969567081,0 107.815239358038,10.806897707081,0 107.815220919038,10.806870851081,0 107.815184443038,10.806871130081,0 107.815074668038,10.806827095081,0 107.814946584038,10.806765142081,0 107.814863946038,10.806693721081,0 107.814845562038,10.806675803081,0 107.814817947038,10.806649017081,0 107.814799379038,10.806613132081,0 107.814780517038,10.806541041081,0 107.814780517038,10.806541041081,0 107.814807341038,10.806486660081,0 107.814807027038,10.806459664081,0 107.814824696038,10.806396323081,0 107.814806127038,10.806360438081,0 107.814778533038,10.806324623081,0 107.814778533038,10.806324623081,0 107.814777927038,10.806261512081,0 107.814722644038,10.806198820081,0 107.814713251038,10.806162865081,0 107.814703653038,10.806117791081,0 107.814648023038,10.806010046081,0 107.814620061038,10.805938116081,0 107.814601179038,10.805875144081,0 107.814591840038,10.805848218081,0 107.814527403038,10.805776658081,0 107.814517825038,10.805722645081,0 107.814498651038,10.805623469081,0 107.814479735038,10.805542531081,0 107.814479073038,10.805470391081,0 107.814460191038,10.805407420081,0 107.814450798038,10.805371375081,0 107.814450668038,10.805362346081,0 107.814468705038,10.805335120081,0 107.814468467038,10.805308124081,0 107.814495269038,10.805262681081,0 107.814522461038,10.805244414081,0 107.814540681038,10.805235246081,0 107.814603851038,10.805171466081,0 107.814621682038,10.805135301081,0 107.814621314038,10.805099186081,0 107.814639167038,10.805053903081,0 107.814639113038,10.805044874081,0 107.814629644038,10.805008920081,0 107.814647422038,10.804963636081,0 107.814674374038,10.804918374081,0 107.814700829038,10.804827877081,0 107.814700482038,10.804782733081,0 107.814708607038,10.804683438081,0 107.814708368038,10.804656351081,0 107.814752785038,10.804538719081,0 107.814797590038,10.804448173081,0 107.814851768038,10.804402520081,0 107.814878113038,10.804293966081,0 107.814887084038,10.804284867081,0 107.814950675038,10.804266231081,0 107.814986912038,10.804238866081,0 107.814977335038,10.804184853081,0 107.814986121038,10.804157697081,0 107.815077088038,10.804138851081,0 107.815131948038,10.804156400081,0 107.815159378038,10.804165129081,0 107.815250931038,10.804218422081,0 107.815305606038,10.804217913081,0 107.815360412038,10.804226433081,0 107.815433103038,10.804207726081,0 107.815542195038,10.804188741081,0 107.815606100038,10.804197190081,0 107.815651416038,10.804178693081,0 107.815640993038,10.804034484081,0 107.815640809038,10.804016517081,0 107.815639432038,10.803863119081,0 107.815629063038,10.803727848081,0 107.815591026038,10.803556852081,0 107.815581742038,10.803538955081,0 107.815563119038,10.803493951081,0 107.815544127038,10.803412922081,0 107.815543943038,10.803394865081,0 107.815552566038,10.803340713081,0 107.815552089038,10.803286540081,0 107.815588380038,10.803268204081,0 107.815606450038,10.803259035081,0 107.815815922038,10.803248129081,0 107.816016294038,10.803237203081,0 107.816189291038,10.803226666081,0 107.816380617038,10.803224929081,0 107.816562768038,10.803223261081,0 107.816781470038,10.803221223081,0 107.816936246038,10.803219854081,0 107.817072842038,10.803209597081,0 107.817163863038,10.803199779081,0 107.817346274038,10.803216078081,0 107.817410267038,10.803251613081,0 107.817403099038,10.803459073081,0 107.817423121038,10.803648447081,0 107.817406852038,10.803855977081,0 107.817407146038,10.803892091081,0 107.817390454038,10.804054658081,0 107.817383100038,10.804244151081,0 107.817339770038,10.804479067081,0 107.817340009038,10.804506153081,0 107.817331387038,10.804560305081,0 107.817350249038,10.804632305081,0 107.817352125038,10.804830847081,0 107.817353927038,10.805029208081,0 107.817374004038,10.805227430081,0 107.817330598038,10.805462436081,0 107.817323136038,10.805633871081,0 107.817324698038,10.805805327081,0 107.817317714038,10.806030844081,0 107.817337899038,10.806247214081,0 107.817330915038,10.806472731081,0 107.817315014038,10.806716466081,0 107.817335309038,10.806950803081,0 107.817336285038,10.807050119081,0 107.817329225038,10.807275636081,0 107.817320916038,10.807356874081,0 107.817321394038,10.807410956081,0 107.817350257038,10.807582202081,0 107.817350257038,10.807582202081,0 107.817350257038,10.807582202081,0 107.817323639038,10.807645523081,0
</coordinates></LinearRing></outerBoundaryIs></Polygon>
</Placemark>
<Placemark>
<name>Polygon hoàn công 1461</name>
<description>Entity DXF: 1461; Diện tích: 1.134412654328346 ha</description>
<Style><LineStyle><width>3</width><color>ffFFBF00</color></LineStyle><PolyStyle><fill>1</fill><color>66FFBF00</color><outline>1</outline></PolyStyle></Style>
<Polygon><outerBoundaryIs><LinearRing><coordinates>
107.821690034038,10.820622621081,0 107.821689904038,10.820613592081,0 107.821671573038,10.820604793081,0 107.821689241038,10.820541452081,0 107.821714923038,10.820360848081,0 107.821714315038,10.820297738081,0 107.821731724038,10.820216339081,0 107.821731724038,10.820216339081,0 107.821731430038,10.820180224081,0 107.821738781038,10.819990821081,0 107.821738064038,10.819909653081,0 107.821773510038,10.819800938081,0 107.821772956038,10.819746856081,0 107.821772478038,10.819692774081,0 107.821762824038,10.819638762081,0 107.821789169038,10.819530297081,0 107.821797108038,10.819412944081,0 107.821796868038,10.819385858081,0 107.821796629038,10.819358771081,0 107.821832758038,10.819313348081,0 107.821841784038,10.819313278081,0 107.821850884038,10.819313118081,0 107.821878316038,10.819321936081,0 107.821914793038,10.819321566081,0 107.822051561038,10.819338393081,0 107.822088038038,10.819338023081,0 107.822170148038,10.819346332081,0 107.822343208038,10.819344731081,0 107.822370640038,10.819353549081,0 107.822407042038,10.819353179081,0 107.822416327038,10.819371166081,0 107.822426459038,10.819479351081,0 107.822436407038,10.819569478081,0 107.822437385038,10.819668614081,0 107.822475243038,10.819821732081,0 107.822476514038,10.819956982081,0 107.822495727038,10.820074035081,0 107.822495856038,10.820083064081,0 107.822515090038,10.820191088081,0 107.822517208038,10.820416626081,0 107.822518664038,10.820569934081,0 107.822400739038,10.820634226081,0 107.822263971038,10.820617399081,0 107.822081864038,10.820628098081,0 107.821917828038,10.820629539081,0 107.821753813038,10.820622041081,0 107.821699189038,10.820631579081,0 107.821690034038,10.820622621081,0
</coordinates></LinearRing></outerBoundaryIs></Polygon>
</Placemark>
<Placemark>
<name>Polygon hoàn công 1506</name>
<description>Entity DXF: 1506; Diện tích: 1.420331378304958 ha</description>
<Style><LineStyle><width>3</width><color>ffFFBF00</color></LineStyle><PolyStyle><fill>1</fill><color>66FFBF00</color><outline>1</outline></PolyStyle></Style>
<Polygon><outerBoundaryIs><LinearRing><coordinates>
107.821663319038,10.820695061081,0 107.821663504038,10.820713208081,0 107.821673082038,10.820767220081,0 107.821647475038,10.820947825081,0 107.821658878038,10.821191260081,0 107.821659596038,10.821272428081,0 107.821669359038,10.821344497081,0 107.821679915038,10.821497735081,0 107.821680024038,10.821515793081,0 107.821671477038,10.821569945081,0 107.821535057038,10.821598261081,0 107.821425720038,10.821590253081,0 107.821280069038,10.821609701081,0 107.821197959038,10.821601392081,0 107.821015721038,10.821603062081,0 107.820842605038,10.821595633081,0 107.820660497038,10.821606242081,0 107.820523599038,10.821580475081,0 107.820486827038,10.821544731081,0 107.820467943038,10.821481759081,0 107.820394107038,10.821374245081,0 107.820237478038,10.821195220081,0 107.820191313038,10.821123431081,0 107.820180887038,10.820979222081,0 107.820206311038,10.820780560081,0 107.820252019038,10.820789149081,0 107.820452512038,10.820796368081,0 107.820634489038,10.820776641081,0 107.820698398038,10.820785090081,0 107.820788871038,10.820721189081,0 107.820852357038,10.820684404081,0 107.820870558038,10.820684264081,0 107.820888704038,10.820675095081,0 107.820961639038,10.820683384081,0 107.820979970038,10.820692273081,0 107.820989255038,10.820710170081,0 107.821062189038,10.820718639081,0 107.821207764038,10.820699191081,0 107.821408387038,10.820715529081,0 107.821499468038,10.820714648081,0 107.821654458038,10.820722307081,0 107.821663504038,10.820713208081,0 107.821663319038,10.820695061081,0
</coordinates></LinearRing></outerBoundaryIs></Polygon>
</Placemark>
<Placemark>
<name>Polygon hoàn công 1530</name>
<description>Entity DXF: 1530; Diện tích: 0.5765265089869499 ha</description>
<Style><LineStyle><width>3</width><color>ffFFBF00</color></LineStyle><PolyStyle><fill>1</fill><color>66FFBF00</color><outline>1</outline></PolyStyle></Style>
<Polygon><outerBoundaryIs><LinearRing><coordinates>
107.812014022038,10.817688931081,0 107.812023177038,10.817697890081,0 107.812050608038,10.817706710081,0 107.812251044038,10.817704815081,0 107.812333132038,10.817722155081,0 107.812342784038,10.817776167081,0 107.812381189038,10.817983278081,0 107.812427665038,10.818082065081,0 107.812418565038,10.818082135081,0 107.812430069038,10.818343627081,0 107.812430675038,10.818406828081,0 107.812441390038,10.818587152081,0 107.812469427038,10.818659083081,0 107.812508547038,10.818947271081,0 107.812372073038,10.818966555081,0 107.812024372038,10.818807409081,0 107.812039012038,10.818428424081,0 107.812010076038,10.818257268081,0 107.812008885038,10.818121928081,0 107.812032094038,10.817679673081,0 107.812032094038,10.817679673081,0 107.812014022038,10.817688931081,0
</coordinates></LinearRing></outerBoundaryIs></Polygon>
</Placemark>
<Placemark>
<name>Polygon hoàn công 1531</name>
<description>Entity DXF: 1531; Diện tích: 13.63297570870519 ha</description>
<Style><LineStyle><width>3</width><color>ffFFBF00</color></LineStyle><PolyStyle><fill>1</fill><color>66FFBF00</color><outline>1</outline></PolyStyle></Style>
<Polygon><outerBoundaryIs><LinearRing><coordinates>
107.817409219038,10.808041707081,0 107.817454795038,10.808041267081,0 107.817609409038,10.808012813081,0 107.817645756038,10.808003414081,0 107.817755033038,10.808002485081,0 107.817855231038,10.807992507081,0 107.817882531038,10.807992297081,0 107.817928292038,10.808009915081,0 107.818064945038,10.808008686081,0 107.818183138038,10.807989539081,0 107.818319737038,10.807979281081,0 107.818465381038,10.807959925081,0 107.818529157038,10.807959345081,0 107.818665681038,10.807949087081,0 107.818811380038,10.807938669081,0 107.818838680038,10.807938459081,0 107.818966179038,10.807928271081,0 107.819002709038,10.807936930081,0 107.819111986038,10.807936000081,0 107.819139362038,10.807935700081,0 107.819321387038,10.807925002081,0 107.819476500038,10.807941690081,0 107.819549246038,10.807932012081,0 107.819722376038,10.807930412081,0 107.819858974038,10.807920153081,0 107.819868074038,10.807920083081,0 107.819913336038,10.807892557081,0 107.820159048038,10.807854192081,0 107.820350303038,10.807852452081,0 107.820459471038,10.807833375081,0 107.820477671038,10.807833235081,0 107.820650910038,10.807849692081,0 107.820723602038,10.807830984081,0 107.820760078038,10.807830704081,0 107.820887262038,10.807793429081,0 107.820877314038,10.807703302081,0 107.820849276038,10.807631462081,0 107.820840251038,10.807631533081,0 107.820830727038,10.807586549081,0 107.820829880038,10.807496352081,0 107.820801787038,10.807415303081,0 107.820801787038,10.807415303081,0 107.820774227038,10.807397546081,0 107.820773694038,10.807334435081,0 107.820764170038,10.807289361081,0 107.820755070038,10.807289522081,0 107.820708701038,10.807208703081,0 107.820671932038,10.807172958081,0 107.820644023038,10.807110148081,0 107.820644023038,10.807110148081,0 107.820598283038,10.807083502081,0 107.820534746038,10.807111078081,0 107.820480124038,10.807120616081,0 107.820434624038,10.807121057081,0 107.820389047038,10.807121497081,0 107.820370608038,10.807094551081,0 107.820360476038,10.806986456081,0 107.820360476038,10.806986456081,0 107.820305561038,10.806959790081,0 107.820287177038,10.806941963081,0 107.820241177038,10.806897259081,0 107.820213378038,10.806852415081,0 107.820212900038,10.806798333081,0 107.820175707038,10.806717445081,0 107.820175707038,10.806717445081,0 107.820093198038,10.806655054081,0 107.820065583038,10.806628268081,0 107.820056059038,10.806583284081,0 107.820000721038,10.806511564081,0 107.819991197038,10.806466491081,0 107.819999874038,10.806421367081,0 107.819981380038,10.806385483081,0 107.819971596038,10.806322441081,0 107.819953287038,10.806304524081,0 107.819962387038,10.806304454081,0 107.819962257038,10.806295425081,0 107.819952734038,10.806250442081,0 107.819943579038,10.806241483081,0 107.819933925038,10.806187471081,0 107.819915302038,10.806142557081,0 107.819905464038,10.806070397081,0 107.819913738038,10.805971102081,0 107.819931385038,10.805916789081,0 107.819939952038,10.805853608081,0 107.819939897038,10.805844580081,0 107.819948096038,10.805745284081,0 107.819901967038,10.805691642081,0 107.819901912038,10.805682613081,0 107.819827950038,10.805565980081,0 107.819772373038,10.805467264081,0 107.819781418038,10.805458165081,0 107.819816972038,10.805367598081,0 107.819825464038,10.805304417081,0 107.819824692038,10.805214130081,0 107.819824692038,10.805214130081,0 107.819733432038,10.805196952081,0 107.819642041038,10.805170746081,0 107.819632832038,10.805152759081,0 107.819622755038,10.805053603081,0 107.819704492038,10.805025797081,0 107.819749938038,10.805016418081,0 107.819758854038,10.804998291081,0 107.819712561038,10.804917562081,0 107.819693937038,10.804872649081,0 107.819684837038,10.804872719081,0 107.819693568038,10.804836534081,0 107.819702689038,10.804827435081,0 107.819702559038,10.804818406081,0 107.819720759038,10.804818267081,0 107.819711659038,10.804818337081,0 107.819684045038,10.804791550081,0 107.819656615038,10.804782731081,0 107.819583814038,10.804783472081,0 107.819556439038,10.804783682081,0 107.819510385038,10.804729859081,0 107.819510385038,10.804729859081,0 107.819473746038,10.804703143081,0 107.819455286038,10.804685315081,0 107.819409362038,10.804640612081,0 107.819362960038,10.804541826081,0 107.819299055038,10.804533377081,0 107.819253479038,10.804533817081,0 107.819235224038,10.804524928081,0 107.819226179038,10.804534027081,0 107.819217003038,10.804534187081,0 107.819162533038,10.804543635081,0 107.819143834038,10.804498722081,0 107.819116349038,10.804480964081,0 107.819088790038,10.804463207081,0 107.819033896038,10.804427602081,0 107.819006575038,10.804436840081,0 107.818960890038,10.804419223081,0 107.818960835038,10.804410194081,0 107.818959804038,10.804301940081,0 107.818931528038,10.804202924081,0 107.818921636038,10.804121915081,0 107.818921581038,10.804112887081,0 107.818957579038,10.804058435081,0 107.818984564038,10.804031138081,0 107.819039240038,10.804030629081,0 107.819030215038,10.804030699081,0 107.819039370038,10.804039657081,0 107.819039240038,10.804030629081,0 107.819030270038,10.804039727081,0 107.819030086038,10.804021670081,0 107.819048156038,10.804012501081,0 107.819075292038,10.803985205081,0 107.819029239038,10.803931473081,0 107.819019954038,10.803913575081,0 107.818937610038,10.803878090081,0 107.818900547038,10.803806320081,0 107.818863649038,10.803761547081,0 107.818844602038,10.803671580081,0 107.818844602038,10.803671580081,0 107.818880155038,10.803581012081,0 107.818889276038,10.803571914081,0 107.818925383038,10.803535519081,0 107.818943214038,10.803499264081,0 107.818906445038,10.803463519081,0 107.818860945038,10.803463959081,0 107.818842431038,10.803437013081,0 107.818886975038,10.803328319081,0 107.818895836038,10.803301253081,0 107.818868167038,10.803265347081,0 107.818776354038,10.803194088081,0 107.818675571038,10.803131836081,0 107.818648216038,10.803123108081,0 107.818529950038,10.803142164081,0 107.818511729038,10.803151423081,0 107.818384253038,10.803152583081,0 107.818256593038,10.803135685081,0 107.818183588038,10.803127305081,0 107.818092382038,10.803119156081,0 107.818092382038,10.803119156081,0 107.818065082038,10.803119366081,0 107.818028737038,10.803128765081,0 107.817946761038,10.803129484081,0 107.817892086038,10.803129994081,0 107.817828495038,10.803148631081,0 107.817792627038,10.803212021081,0 107.817783711038,10.803230149081,0 107.817766651038,10.803356600081,0 107.817766999038,10.803401654081,0 107.817722529038,10.803510438081,0 107.817722584038,10.803519467081,0 107.817558503038,10.803511877081,0 107.817440052038,10.803512966081,0 107.817421981038,10.803522135081,0 107.817431689038,10.803585176081,0 107.817423674038,10.803702529081,0 107.817415823038,10.803846878081,0 107.817416962038,10.803973280081,0 107.817417276038,10.804000276081,0 107.817400345038,10.804135757081,0 107.817401615038,10.804271007081,0 107.817393177038,10.804343217081,0 107.817385086038,10.804460660081,0 107.817385564038,10.804514742081,0 107.817377733038,10.804650153081,0 107.817370086038,10.804803621081,0 107.817370694038,10.804866732081,0 107.817362918038,10.805011081081,0 107.817400772038,10.805164109081,0 107.817419873038,10.805263195081,0 107.817410718038,10.805254237081,0 107.817419873038,10.805263195081,0 107.817419818038,10.805254167081,0 107.817410663038,10.805245208081,0 107.817428604038,10.805226920081,0 107.817410534038,10.805236179081,0 107.817419579038,10.805227080081,0 107.817410663038,10.805245208081,0 107.817428788038,10.805245068081,0 107.817401434038,10.805236249081,0 107.817357182038,10.805381058081,0 107.817368234038,10.805579350081,0 107.817333191038,10.805742056081,0 107.817315598038,10.805805397081,0 107.817315967038,10.805841422081,0 107.817335306038,10.805967503081,0 107.817345382038,10.806066660081,0 107.817337292038,10.806184103081,0 107.817310729038,10.806256452081,0 107.817358454038,10.806499517081,0 107.817332293038,10.806626129081,0 107.817323984038,10.806707368081,0 107.817353530038,10.806941634081,0 107.817355038038,10.807104061081,0 107.817346156038,10.807140156081,0 107.817356785038,10.807293394081,0 107.817338694038,10.807311591081,0 107.817358109038,10.807437673081,0 107.817377264038,10.807545878081,0 107.817378718038,10.807699186081,0 107.817425693038,10.807843025081,0 107.817434848038,10.807851984081,0 107.817425563038,10.807833997081,0 107.817409219038,10.808041707081,0
</coordinates></LinearRing></outerBoundaryIs></Polygon>
</Placemark>
<Placemark>
<name>Polygon hoàn công 1532</name>
<description>Entity DXF: 1532; Diện tích: 12.75408714083433 ha</description>
<Style><LineStyle><width>3</width><color>ffFFBF00</color></LineStyle><PolyStyle><fill>1</fill><color>66FFBF00</color><outline>1</outline></PolyStyle></Style>
<Polygon><outerBoundaryIs><LinearRing><coordinates>
107.812471559038,10.804153571081,0 107.812481504038,10.804243608081,0 107.812473487038,10.804360961081,0 107.812537262038,10.804360382081,0 107.812629129038,10.804440763081,0 107.812611698038,10.804531190081,0 107.812602966038,10.804567284081,0 107.812593920038,10.804576383081,0 107.812585059038,10.804603539081,0 107.812576197038,10.804630694081,0 107.812603811038,10.804657481081,0 107.812622726038,10.804738510081,0 107.812678008038,10.804801112081,0 107.812869335038,10.804799377081,0 107.812933166038,10.804807827081,0 107.813015141038,10.804807109081,0 107.813087649038,10.804770345081,0 107.813168985038,10.804688459081,0 107.813286700038,10.804615232081,0 107.813323046038,10.804605834081,0 107.813359944038,10.804650608081,0 107.813351137038,10.804686793081,0 107.813316590038,10.804894642081,0 107.813226229038,10.804976599081,0 107.813071507038,10.804986994081,0 107.812889886038,10.805051771081,0 107.812789689038,10.805061747081,0 107.812725859038,10.805053297081,0 107.812661974038,10.805035818081,0 107.812543468038,10.805027876081,0 107.812444961038,10.805218156081,0 107.812410434038,10.805416977081,0 107.812394618038,10.805687707081,0 107.812387629038,10.805913405081,0 107.812444969038,10.806192516081,0 107.812592574038,10.806398610081,0 107.812611088038,10.806425466081,0 107.812676424038,10.806596253081,0 107.812714350038,10.806749372081,0 107.812715726038,10.806902680081,0 107.812680831038,10.807065386081,0 107.812663455038,10.807164751081,0 107.812663877038,10.807209894081,0 107.812627954038,10.807264255081,0 107.812601184038,10.807327666081,0 107.812574122038,10.807354961081,0 107.812538437038,10.807436499081,0 107.812492806038,10.807427909081,0 107.812465560038,10.807437147081,0 107.812373877038,10.807374824081,0 107.812382685038,10.807338639081,0 107.812373216038,10.807302684081,0 107.812372480038,10.807230544081,0 107.812417157038,10.807130970081,0 107.812498419038,10.807048903081,0 107.812424698038,10.806959445081,0 107.812397084038,10.806932568081,0 107.812323492038,10.806852138081,0 107.812185811038,10.806745110081,0 107.812176582038,10.806736151081,0 107.812130475038,10.806673479081,0 107.812092862038,10.806547446081,0 107.812092678038,10.806529389081,0 107.812074055038,10.806484475081,0 107.812009986038,10.806449029081,0 107.811973272038,10.806422312081,0 107.811945788038,10.806404463081,0 107.811918174038,10.806377676081,0 107.811908835038,10.806350750081,0 107.811881297038,10.806323873081,0 107.811871699038,10.806278890081,0 107.811825408038,10.806198160081,0 107.811797686038,10.806153226081,0 107.811751157038,10.806045410081,0 107.811705050038,10.805982738081,0 107.811686407038,10.805946763081,0 107.811676830038,10.805892750081,0 107.811667362038,10.805856796081,0 107.811667124038,10.805829709081,0 107.811611971038,10.805776136081,0 107.811547719038,10.805722452081,0 107.811529260038,10.805704624081,0 107.811473576038,10.805587849081,0 107.811436440038,10.805516079081,0 107.811417396038,10.805426021081,0 107.811471227038,10.805335406081,0 107.811451814038,10.805209233081,0 107.811451392038,10.805164090081,0 107.811460070038,10.805118967081,0 107.811423670038,10.805119246081,0 107.811386772038,10.805074471081,0 107.811312997038,10.804975984081,0 107.811221077038,10.804886574081,0 107.811174971038,10.804823812081,0 107.811156566038,10.804814922081,0 107.811092995038,10.804824529081,0 107.811074665038,10.804815730081,0 107.811047235038,10.804806910081,0 107.810955185038,10.804708562081,0 107.810882071038,10.804682124081,0 107.810790281038,10.804601833081,0 107.810680562038,10.804566735081,0 107.810579834038,10.804513510081,0 107.810515214038,10.804423981081,0 107.810478208038,10.804361059081,0 107.810395388038,10.804271579081,0 107.810367298038,10.804190710081,0 107.810339869038,10.804181891081,0 107.810303101038,10.804146145081,0 107.810211235038,10.804065854081,0 107.810119207038,10.803958386081,0 107.810082548038,10.803940698081,0 107.809954282038,10.803860686081,0 107.809944869038,10.803833669081,0 107.809943786038,10.803716476081,0 107.809951403038,10.803545041081,0 107.809951036038,10.803508836081,0 107.809977730038,10.803445516081,0 107.809958393038,10.803319344081,0 107.809949055038,10.803292418081,0 107.809929697038,10.803175364081,0 107.809910654038,10.803085216081,0 107.809883115038,10.803058429081,0 107.809845687038,10.802950544081,0 107.809853338038,10.802797166081,0 107.809907298038,10.802715490081,0 107.809851412038,10.802589596081,0 107.809859062038,10.802436218081,0 107.809967017038,10.802290923081,0 107.809939370038,10.802246079081,0 107.809857081038,10.802219800081,0 107.809757015038,10.802238714081,0 107.809675591038,10.802293604081,0 107.809529765038,10.802294899081,0 107.809438636038,10.802286747081,0 107.809319396038,10.802206575081,0 107.809263823038,10.802107857081,0 107.809207719038,10.801946029081,0 107.809134000038,10.801856479081,0 107.809142678038,10.801811356081,0 107.809168658038,10.801666688081,0 107.809203922038,10.801540097081,0 107.809358112038,10.801466593081,0 107.809512302038,10.801392999081,0 107.809556611038,10.801257219081,0 107.809483130038,10.801194756081,0 107.809436786038,10.801104998081,0 107.809336612038,10.801105945081,0 107.809263737038,10.801106592081,0 107.809263607038,10.801097563081,0 107.809272707038,10.801097494081,0 107.809263737038,10.801106592081,0 107.809254616038,10.801115690081,0 107.809245645038,10.801124789081,0 107.809154203038,10.801089551081,0 107.809117490038,10.801062834081,0 107.809080484038,10.801000001081,0 107.809115932038,10.800891469081,0 107.809124739038,10.800855194081,0 107.809115326038,10.800828267081,0 107.809096834038,10.800792292081,0 107.808995393038,10.800657988081,0 107.809003466038,10.800549664081,0 107.808974771038,10.800405504081,0 107.808965433038,10.800378578081,0 107.808955857038,10.800324565081,0 107.808937105038,10.800270622081,0 107.808863441038,10.800190101081,0 107.808835774038,10.800154286081,0 107.808744332038,10.800119048081,0 107.808725601038,10.800056076081,0 107.808724207038,10.799911707081,0 107.808741270038,10.799785256081,0 107.808786369038,10.799730735081,0 107.808932356038,10.799756436081,0 107.809015120038,10.799836888081,0 107.809033850038,10.799899859081,0 107.809089315038,10.799980519081,0 107.809126504038,10.800061409081,0 107.809154593038,10.800142368081,0 107.809282197038,10.800150241081,0 107.809409433038,10.800121999081,0 107.809445724038,10.800103663081,0 107.809472970038,10.800094335081,0 107.809509131038,10.800066970081,0 107.809536268038,10.800039675081,0 107.809582081038,10.800066323081,0 107.809637103038,10.800110868081,0 107.809683229038,10.800164602081,0 107.809847525038,10.800208220081,0 107.809939757038,10.800324626081,0 107.809939995038,10.800351712081,0 107.810031622038,10.800404917081,0 107.810150894038,10.800503147081,0 107.810169353038,10.800521065081,0 107.810205883038,10.800529725081,0 107.810224396038,10.800556581081,0 107.810297563038,10.800592049081,0 107.810334092038,10.800600708081,0 107.810507564038,10.800644257081,0 107.810525839038,10.800644027081,0 107.810571101038,10.800616593081,0 107.810625537038,10.800589088081,0 107.810734097038,10.800506903081,0 107.810870195038,10.800451505081,0 107.810933970038,10.800450927081,0 107.811116194038,10.800449262081,0 107.811152669038,10.800448983081,0 107.811207637038,10.800484589081,0 107.811289741038,10.800492810081,0 107.811381108038,10.800528047081,0 107.811417399038,10.800509711081,0 107.811527226038,10.800562776081,0 107.811573700038,10.800661563081,0 107.811601422038,10.800706407081,0 107.811511008038,10.800779424081,0 107.811466039038,10.800842974081,0 107.811420940038,10.800897585081,0 107.811412392038,10.800951737081,0 107.811412576038,10.800969794081,0 107.811294549038,10.801015935081,0 107.811177181038,10.801134305081,0 107.811068805038,10.801234457081,0 107.810996169038,10.801262191081,0 107.810859042038,10.801209335081,0 107.810712557038,10.801138491081,0 107.810648782038,10.801139069081,0 107.810639757038,10.801139139081,0 107.810595632038,10.801292886081,0 107.810614363038,10.801355947081,0 107.810651499038,10.801427718081,0 107.810697550038,10.801481451081,0 107.810706834038,10.801499439081,0 107.810770977038,10.801534886081,0 107.810825815038,10.801561463081,0 107.810908103038,10.801587742081,0 107.810935533038,10.801596561081,0 107.810972062038,10.801605221081,0 107.811054568038,10.801667614081,0 107.811063927038,10.801685602081,0 107.811082658038,10.801748483081,0 107.811183146038,10.801774803081,0 107.811256498038,10.801828237081,0 107.811265728038,10.801837105081,0 107.811293634038,10.801900007081,0 107.811284772038,10.801927163081,0 107.811303156038,10.801944991081,0 107.811340292038,10.802016852081,0 107.811341007038,10.802098020081,0 107.811287598038,10.802233869081,0 107.811260591038,10.802270193081,0 107.811188560038,10.802361038081,0 107.811180672038,10.802487329081,0 107.811181019038,10.802532473081,0 107.811126712038,10.802569006081,0 107.811146308038,10.802713236081,0 107.811201330038,10.802757871081,0 107.811229182038,10.802811744081,0 107.811311764038,10.802874047081,0 107.811412545038,10.802936301081,0 107.811440322038,10.802990173081,0 107.811504758038,10.803061735081,0 107.811559985038,10.803115399081,0 107.811660766038,10.803177652081,0 107.811734248038,10.803240115081,0 107.811798738038,10.803320705081,0 107.811844845038,10.803383377081,0 107.811908859038,10.803409885081,0 107.812055162038,10.803462671081,0 107.812146291038,10.803470912081,0 107.812237919038,10.803524206081,0 107.812302301038,10.803586829081,0 107.812339253038,10.803640542081,0 107.812349143038,10.803721640081,0 107.812349273038,10.803730669081,0 107.812340520038,10.803775882081,0 107.812349988038,10.803811837081,0 107.812341896038,10.803929190081,0 107.812342448038,10.803983363081,0 107.812370409038,10.804055203081,0 107.812471559038,10.804153571081,0
</coordinates></LinearRing></outerBoundaryIs></Polygon>
</Placemark>
<Placemark>
<name>Polygon hoàn công 1533</name>
<description>Entity DXF: 1533; Diện tích: 1.556600494819879 ha</description>
<Style><LineStyle><width>3</width><color>ffFFBF00</color></LineStyle><PolyStyle><fill>1</fill><color>66FFBF00</color><outline>1</outline></PolyStyle></Style>
<Polygon><outerBoundaryIs><LinearRing><coordinates>
107.811047456038,10.805817295081,0 107.811048484038,10.805925549081,0 107.811048852038,10.805961574081,0 107.811095435038,10.806078418081,0 107.811123763038,10.806186463081,0 107.811188330038,10.806267053081,0 107.811316120038,10.806292983081,0 107.811389656038,10.806364475081,0 107.811399179038,10.806409458081,0 107.811408647038,10.806445413081,0 107.811354263038,10.806482037081,0 107.811308763038,10.806482476081,0 107.811208586038,10.806483333081,0 107.811108280038,10.806475251081,0 107.811008028038,10.806476108081,0 107.810989644038,10.806458280081,0 107.810962160038,10.806440522081,0 107.810943830038,10.806431633081,0 107.810825269038,10.806414662081,0 107.810788739038,10.806406002081,0 107.810706709038,10.806397691081,0 107.810624473038,10.806380441081,0 107.810524297038,10.806381298081,0 107.810414652038,10.806346290081,0 107.810405531038,10.806355388081,0 107.810359847038,10.806337769081,0 107.810278000038,10.806347516081,0 107.810168464038,10.806330475081,0 107.810159181038,10.806312487081,0 107.810113496038,10.806294868081,0 107.810012475038,10.806205618081,0 107.809966587038,10.806178880081,0 107.809864960038,10.806026519081,0 107.809809700038,10.805954798081,0 107.809745740038,10.805937408081,0 107.809727410038,10.805928519081,0 107.809526690038,10.805894298081,0 107.809453684038,10.805885916081,0 107.809426200038,10.805868158081,0 107.809335253038,10.805877974081,0 107.809207572038,10.805870100081,0 107.809042721038,10.805772399081,0 107.808941994038,10.805719083081,0 107.808932105038,10.805637984081,0 107.808950250038,10.805628816081,0 107.809023181038,10.805637198081,0 107.809205592038,10.805653592081,0 107.809369728038,10.805670125081,0 107.809533810038,10.805677629081,0 107.809688716038,10.805685293081,0 107.809706862038,10.805676125081,0 107.809769318038,10.805531178081,0 107.809769025038,10.805495153081,0 107.809758216038,10.805323857081,0 107.809776070038,10.805278484081,0 107.809867092038,10.805268669081,0 107.809930997038,10.805277120081,0 107.809994990038,10.805312747081,0 107.810049979038,10.805339234081,0 107.810168431038,10.805338148081,0 107.810214060038,10.805346829081,0 107.810305137038,10.805345951081,0 107.810332696038,10.805363710081,0 107.810424173038,10.805417004081,0 107.810433532038,10.805434992081,0 107.810461915038,10.805551976081,0 107.810480905038,10.805633005081,0 107.810526644038,10.805659652081,0 107.810626950038,10.805667734081,0 107.810709055038,10.805675955081,0 107.810736615038,10.805693804081,0 107.810791399038,10.805711353081,0 107.810827800038,10.805710983081,0 107.810873321038,10.805701606081,0 107.810937281038,10.805718996081,0 107.811019733038,10.805772450081,0 107.811038063038,10.805781340081,0 107.811047456038,10.805817295081,0
</coordinates></LinearRing></outerBoundaryIs></Polygon>
</Placemark>
<Placemark>
<name>Polygon hoàn công 1534</name>
<description>Entity DXF: 1534; Diện tích: 1.393850780671835 ha</description>
<Style><LineStyle><width>3</width><color>ffFFBF00</color></LineStyle><PolyStyle><fill>1</fill><color>66FFBF00</color><outline>1</outline></PolyStyle></Style>
<Polygon><outerBoundaryIs><LinearRing><coordinates>
107.802407698038,10.799599023081,0 107.802517576038,10.799661300081,0 107.802737203038,10.799776554081,0 107.802902069038,10.799865230081,0 107.803066806038,10.799944967081,0 107.803204405038,10.800051999081,0 107.803259393038,10.800078578081,0 107.803287114038,10.800123423081,0 107.803405671038,10.800140397081,0 107.803423817038,10.800131139081,0 107.803450955038,10.800103844081,0 107.803477887038,10.800067521081,0 107.803505079038,10.800049255081,0 107.803558545038,10.799922436081,0 107.803576161038,10.799850158081,0 107.803611902038,10.799777650081,0 107.803629443038,10.799705372081,0 107.803638176038,10.799669187081,0 107.803646509038,10.799578831081,0 107.803700341038,10.799488126081,0 107.803700212038,10.799479098081,0 107.803735661038,10.799370565081,0 107.803744232038,10.799307385081,0 107.803780577038,10.799297988081,0 107.803789018038,10.799225779081,0 107.803788597038,10.799180726081,0 107.803806505038,10.799144382081,0 107.803815367038,10.799117226081,0 107.803833254038,10.799090001081,0 107.803860154038,10.799035620081,0 107.803841295038,10.798963710081,0 107.803694759038,10.798883834081,0 107.803520685038,10.798777171081,0 107.803474818038,10.798741494081,0 107.803438106038,10.798714686081,0 107.803228637038,10.798725674081,0 107.803119893038,10.798789799081,0 107.803101877038,10.798807995081,0 107.803048044038,10.798898699081,0 107.802994028038,10.798971346081,0 107.802858934038,10.799143933081,0 107.802805123038,10.799225699081,0 107.802732886038,10.799307513081,0 107.802705899038,10.799334807081,0 107.802633424038,10.799389535081,0 107.802470372038,10.799490282081,0 107.802325648038,10.799599828081,0 107.802334931038,10.799617816081,0 107.802407698038,10.799599023081,0
</coordinates></LinearRing></outerBoundaryIs></Polygon>
</Placemark>
<Placemark>
<name>Polygon hoàn công 1535</name>
<description>Entity DXF: 1535; Diện tích: 13.14666709132791 ha</description>
<Style><LineStyle><width>3</width><color>ffFFBF00</color></LineStyle><PolyStyle><fill>1</fill><color>66FFBF00</color><outline>1</outline></PolyStyle></Style>
<Polygon><outerBoundaryIs><LinearRing><coordinates>
107.803333301038,10.798219503081,0 107.803314680038,10.798174588081,0 107.803314680038,10.798174588081,0 107.803268630038,10.798120854081,0 107.802819264038,10.797809155081,0 107.802763714038,10.797701499081,0 107.802452076038,10.797505861081,0 107.802185905038,10.797291727081,0 107.802112719038,10.797265377081,0 107.801728541038,10.797088442081,0 107.801327698038,10.797092038081,0 107.800944925038,10.797086467081,0 107.800681333038,10.797152042081,0 107.800427445038,10.797280568081,0 107.800336242038,10.797272413081,0 107.800245039038,10.797264169081,0 107.800190386038,10.797255647081,0 107.800190257038,10.797246618081,0 107.800163141038,10.797264974081,0 107.800181082038,10.797246778081,0 107.800198516038,10.797156352081,0 107.800261103038,10.797020526081,0 107.800323432038,10.796866552081,0 107.800358882038,10.796758020081,0 107.800385944038,10.796730726081,0 107.800393728038,10.796586377081,0 107.800256002038,10.796470226081,0 107.800164141038,10.796389932081,0 107.800036885038,10.796427108081,0 107.799974610038,10.796590111081,0 107.799854976038,10.796455853081,0 107.799854922038,10.796446825081,0 107.799826598038,10.796338869081,0 107.799789703038,10.796294093081,0 107.799662576038,10.796340298081,0 107.799544257038,10.796350409081,0 107.799535158038,10.796350479081,0 107.799480667038,10.796369043081,0 107.799417497038,10.796432729081,0 107.799318456038,10.796559984081,0 107.799255943038,10.796695810081,0 107.799238272038,10.796759150081,0 107.799175447038,10.796867890081,0 107.799148331038,10.796886246081,0 107.799121506038,10.796940536081,0 107.799149172038,10.796976352081,0 107.799022227038,10.797040795081,0 107.798832038038,10.797168744081,0 107.798760608038,10.797322696081,0 107.798751563038,10.797331794081,0 107.798733546038,10.797349990081,0 107.798705331038,10.797260092081,0 107.798704307038,10.797151837081,0 107.798758032038,10.797043167081,0 107.798855941038,10.796789601081,0 107.798889947038,10.796527671081,0 107.798923953038,10.796265832081,0 107.798867415038,10.796067797081,0 107.798866757038,10.795995657081,0 107.798875328038,10.795932478081,0 107.798902261038,10.795896154081,0 107.798973948038,10.795760259081,0 107.798944547038,10.795534930081,0 107.798879092038,10.795355112081,0 107.798941679038,10.795219287081,0 107.798977475038,10.795155718081,0 107.799031491038,10.795083072081,0 107.799076095038,10.794983500081,0 107.799165873038,10.794829318081,0 107.799247243038,10.794765402081,0 107.799292138038,10.794701854081,0 107.799345550038,10.794566098081,0 107.799326585038,10.794476040081,0 107.799371188038,10.794376467081,0 107.799361668038,10.794331393081,0 107.799461915038,10.794330540081,0 107.799516989038,10.794384115081,0 107.799571791038,10.794392638081,0 107.799589808038,10.794374441081,0 107.799616924038,10.794356176081,0 107.799635144038,10.794347008081,0 107.799644061038,10.794328881081,0 107.799780158038,10.794273397081,0 107.799789203038,10.794264299081,0 107.799807111038,10.794228136081,0 107.799825257038,10.794218878081,0 107.799989494038,10.794253473081,0 107.800062680038,10.794279914081,0 107.800245741038,10.794368543081,0 107.800273224038,10.794386302081,0 107.800282798038,10.794440314081,0 107.800201375038,10.794495201081,0 107.800183704038,10.794558451081,0 107.800185204038,10.794720787081,0 107.800275856038,10.794674949081,0 107.800366820038,10.794656018081,0 107.800467122038,10.794664193081,0 107.800530895038,10.794663617081,0 107.800640351038,10.794680660081,0 107.800714249038,10.794788269081,0 107.800715090038,10.794878466081,0 107.800852924038,10.795012494081,0 107.800963588038,10.795155850081,0 107.801010845038,10.795335806081,0 107.801019999038,10.795344766081,0 107.801056764038,10.795380513081,0 107.801084247038,10.795398362081,0 107.801121142038,10.795443047081,0 107.801158145038,10.795505880081,0 107.801240723038,10.795568276081,0 107.801396832038,10.795702255081,0 107.801415215038,10.795720084081,0 107.801525642038,10.795836353081,0 107.801635756038,10.795925536081,0 107.801819057038,10.796041159081,0 107.801837440038,10.796058988081,0 107.801938454038,10.796148330081,0 107.802020923038,10.796192759081,0 107.802066423038,10.796192321081,0 107.802084752038,10.796201121081,0 107.802267502038,10.796262662081,0 107.802276861038,10.796280560081,0 107.802313443038,10.796298339081,0 107.802368755038,10.796379000081,0 107.802405521038,10.796414747081,0 107.802579010038,10.796449181081,0 107.802588239038,10.796458141081,0 107.802752132038,10.796447681081,0 107.802988769038,10.796427456081,0 107.803152791038,10.796426025081,0 107.803216748038,10.796443415081,0 107.803244027038,10.796452235081,0 107.803307692038,10.796433601081,0 107.803480631038,10.796414043081,0 107.803644286038,10.796376407081,0 107.803716555038,10.796312650081,0 107.803714762038,10.796114289081,0 107.803649433038,10.795943410081,0 107.803630791038,10.795907524081,0 107.803584158038,10.795781651081,0 107.803528275038,10.795655846081,0 107.803453955038,10.795503094081,0 107.803508391038,10.795475591081,0 107.803626893038,10.795483536081,0 107.803672597038,10.795492127081,0 107.803708996038,10.795491849081,0 107.803827314038,10.795481736081,0 107.803881804038,10.795463171081,0 107.803936554038,10.795462664081,0 107.804035884038,10.795371612081,0 107.804080961038,10.795326121081,0 107.804116831038,10.795262642081,0 107.804161671038,10.795190065081,0 107.804206953038,10.795153512081,0 107.804243298038,10.795144115081,0 107.804334630038,10.795161387081,0 107.804398620038,10.795196925081,0 107.804372952038,10.795368589081,0 107.804355336038,10.795440867081,0 107.804365937038,10.795603134081,0 107.804385238038,10.795711250081,0 107.804394446038,10.795729238081,0 107.804431029038,10.795746927081,0 107.804440387038,10.795764824081,0 107.804458641038,10.795773714081,0 107.804476970038,10.795782604081,0 107.804578298038,10.795898942081,0 107.804596552038,10.795907741081,0 107.804742062038,10.795879362081,0 107.804796606038,10.795869826081,0 107.804823797038,10.795851560081,0 107.804859959038,10.795824195081,0 107.804941769038,10.795796393081,0 107.804941769038,10.795796393081,0 107.804941294038,10.795742311081,0 107.804913681038,10.795715524081,0 107.804913022038,10.795643294081,0 107.804930909038,10.795616159081,0 107.804994445038,10.795588406081,0 107.805039598038,10.795542914081,0 107.805157733038,10.795514743081,0 107.805294563038,10.795531577081,0 107.805330854038,10.795513151081,0 107.805393839038,10.795431406081,0 107.805420792038,10.795386144081,0 107.805501998038,10.795295141081,0 107.805637856038,10.795212749081,0 107.805673726038,10.795149269081,0 107.805709466038,10.795076761081,0 107.805762929038,10.794950032081,0 107.805744621038,10.794932114081,0 107.805662151038,10.794887777081,0 107.805652868038,10.794869789081,0 107.805670300038,10.794779453081,0 107.805705748038,10.794670830081,0 107.805778254038,10.794634068081,0 107.805814836038,10.794651847081,0 107.805869456038,10.794642311081,0 107.805950586038,10.794551398081,0 107.805996290038,10.794559989081,0 107.806014543038,10.794568878081,0 107.806097122038,10.794631182081,0 107.806017072038,10.794839469081,0 107.805900256038,10.795011919081,0 107.805756174038,10.795202725081,0 107.805702419038,10.795293340081,0 107.805666053038,10.795311766081,0 107.805648037038,10.795329962081,0 107.805611875038,10.795357327081,0 107.805494509038,10.795475604081,0 107.805449961038,10.795584297081,0 107.805351160038,10.795738550081,0 107.805198767038,10.796010503081,0 107.805037823038,10.796336789081,0 107.804903390038,10.796581607081,0 107.804714046038,10.796799757081,0 107.804589100038,10.797071592081,0 107.804272153038,10.797281866081,0 107.804048676038,10.797753006081,0 107.803940612038,10.797880333081,0 107.803686887038,10.798035947081,0 107.803451145038,10.798155308081,0 107.803433129038,10.798173505081,0 107.803387662038,10.798192000081,0 107.803342347038,10.798210405081,0 107.803333301038,10.798219503081,0
</coordinates></LinearRing></outerBoundaryIs></Polygon>
</Placemark>
<Placemark>
<name>Polygon hoàn công 1536</name>
<description>Entity DXF: 1536; Diện tích: 8.686114563816785 ha</description>
<Style><LineStyle><width>3</width><color>ffFFBF00</color></LineStyle><PolyStyle><fill>1</fill><color>66FFBF00</color><outline>1</outline></PolyStyle></Style>
<Polygon><outerBoundaryIs><LinearRing><coordinates>
107.804749937038,10.796727249081,0 107.804777107038,10.796718012081,0 107.804822151038,10.796654463081,0 107.804975130038,10.796454559081,0 107.805082317038,10.796219068081,0 107.805207629038,10.795983348081,0 107.805333199038,10.795765775081,0 107.805467923038,10.795557071081,0 107.805658693038,10.795501167081,0 107.805849484038,10.795436325081,0 107.806040016038,10.795353425081,0 107.806112652038,10.795325692081,0 107.806366536038,10.795197162081,0 107.806576186038,10.795204319081,0 107.806686356038,10.795302529081,0 107.806651222038,10.795438058081,0 107.806688172038,10.795491862081,0 107.806679548038,10.795546104081,0 107.806698407038,10.795618104081,0 107.806808360038,10.795680289081,0 107.806827641038,10.795797343081,0 107.806791642038,10.795851794081,0 107.806719741038,10.795951666081,0 107.806693394038,10.796060220081,0 107.806702677038,10.796078117081,0 107.806712090038,10.796105134081,0 107.806840038038,10.796158061081,0 107.806931663038,10.796211357081,0 107.806895923038,10.796283865081,0 107.806805380038,10.796347762081,0 107.806806461038,10.796465045081,0 107.806806569038,10.796483193081,0 107.806807780038,10.796609415081,0 107.806817138038,10.796627403081,0 107.806855095038,10.796798399081,0 107.806774624038,10.796961542081,0 107.806657202038,10.797070882081,0 107.806648027038,10.797070951081,0 107.806557083038,10.797080766081,0 107.806475585038,10.797135655081,0 107.806448448038,10.797162950081,0 107.806421462038,10.797190245081,0 107.806403663038,10.797244466081,0 107.806386123038,10.797316835081,0 107.806432832038,10.797442709081,0 107.806370085038,10.797551540081,0 107.806351993038,10.797569737081,0 107.806297632038,10.797597331081,0 107.806216188038,10.797661158081,0 107.806216426038,10.797688244081,0 107.806226077038,10.797742257081,0 107.806244698038,10.797787171081,0 107.806235965038,10.797823446081,0 107.806227287038,10.797868568081,0 107.806355895038,10.797993726081,0 107.806392554038,10.798011415081,0 107.806419853038,10.798011115081,0 107.806465428038,10.798010768081,0 107.806574539038,10.797982666081,0 107.806711533038,10.798026585081,0 107.806849155038,10.798124497081,0 107.806894838038,10.798142116081,0 107.806967712038,10.798141469081,0 107.807013286038,10.798141031081,0 107.807168026038,10.798121610081,0 107.807204133038,10.798085216081,0 107.807230773038,10.798012778081,0 107.807257705038,10.797976544081,0 107.807293834038,10.797931032081,0 107.807374413038,10.797785946081,0 107.807392559038,10.797776778081,0 107.807447233038,10.797776270081,0 107.807474294038,10.797748975081,0 107.807555901038,10.797712143081,0 107.807573938038,10.797684918081,0 107.807628374038,10.797657414081,0 107.807700827038,10.797611624081,0 107.807791846038,10.797601809081,0 107.807820336038,10.797736850081,0 107.807775074038,10.797764284081,0 107.807756983038,10.797782481081,0 107.807712381038,10.797882145081,0 107.807703411038,10.797891243081,0 107.807685850038,10.797972641081,0 107.807713647038,10.798017485081,0 107.807850533038,10.798043256081,0 107.807887300038,10.798079003081,0 107.807888620038,10.798223282081,0 107.807915865038,10.798214044081,0 107.807997914038,10.798213327081,0 107.808079412038,10.798158438081,0 107.808079228038,10.798140381081,0 107.808106052038,10.798086090081,0 107.808124122038,10.798076831081,0 107.808205933038,10.798049028081,0 107.808305263038,10.797957975081,0 107.808405458038,10.797948090081,0 107.808550601038,10.797883595081,0 107.808577424038,10.797829213081,0 107.808595386038,10.797801988081,0 107.808667307038,10.797693086081,0 107.808685378038,10.797683828081,0 107.808804194038,10.797718857081,0 107.808831493038,10.797718648081,0 107.808867784038,10.797700222081,0 107.808958566038,10.797663320081,0 107.809021843038,10.797617689081,0 107.809085563038,10.797608082081,0 107.809140421038,10.797625631081,0 107.809140843038,10.797670685081,0 107.809132035038,10.797706869081,0 107.809132457038,10.797751923081,0 107.809141925038,10.797788058081,0 107.809124677038,10.797896452081,0 107.809097616038,10.797923747081,0 107.809098405038,10.798004915081,0 107.809098644038,10.798031911081,0 107.809181754038,10.798157506081,0 107.809200138038,10.798175334081,0 107.809272957038,10.798165658081,0 107.809372839038,10.798128686081,0 107.809399900038,10.798101391081,0 107.809427070038,10.798092063081,0 107.809425988038,10.797974870081,0 107.809488442038,10.797830013081,0 107.809524603038,10.797802648081,0 107.809634504038,10.797855714081,0 107.809716532038,10.797864025081,0 107.809779408038,10.797764131081,0 107.809806599038,10.797745865081,0 107.809824615038,10.797727668081,0 107.809962053038,10.797807611081,0 107.809962107038,10.797816639081,0 107.809962659038,10.797870812081,0 107.809917799038,10.797952328081,0 107.809954620038,10.797997103081,0 107.810010268038,10.798095820081,0 107.810010799038,10.798158931081,0 107.809992838038,10.798186157081,0 107.810011351038,10.798213104081,0 107.810011405038,10.798222132081,0 107.809993021038,10.798204214081,0 107.809983683038,10.798177198081,0 107.809810873038,10.798205879081,0 107.809792837038,10.798233194081,0 107.809747575038,10.798260629081,0 107.809684754038,10.798369461081,0 107.809685121038,10.798405486081,0 107.809622613038,10.798541404081,0 107.809505322038,10.798659684081,0 107.809406046038,10.798759856081,0 107.809352378038,10.798877647081,0 107.809307906038,10.798986250081,0 107.809289999038,10.799022504081,0 107.809271853038,10.799031672081,0 107.809254130038,10.799085984081,0 107.809154194038,10.799114017081,0 107.809099390038,10.799105406081,0 107.809009159038,10.799196480081,0 107.808958812038,10.799666030081,0 107.808859114038,10.799721059081,0 107.808712467038,10.799623128081,0 107.808518320038,10.799318156081,0 107.808053752038,10.799331457081,0 107.807724644038,10.799208103081,0 107.807430801038,10.798958158081,0 107.807063899038,10.798690983081,0 107.807025500038,10.798483781081,0 107.806668142038,10.798252471081,0 107.806420037038,10.798029173081,0 107.806236387038,10.797868499081,0 107.805972007038,10.797852910081,0 107.805689114038,10.797810284081,0 107.805459176038,10.797568789081,0 107.805229899038,10.797399523081,0 107.805284131038,10.797362901081,0 107.804926225038,10.797077506081,0 107.804660289038,10.796890461081,0 107.804749699038,10.796700253081,0 107.804804481038,10.796717803081,0 107.804749937038,10.796727249081,0
</coordinates></LinearRing></outerBoundaryIs></Polygon>
</Placemark>
<Placemark>
<name>Polygon hoàn công 1537</name>
<description>Entity DXF: 1537; Diện tích: 7.15974973334074 ha</description>
<Style><LineStyle><width>3</width><color>ffFFBF00</color></LineStyle><PolyStyle><fill>1</fill><color>66FFBF00</color><outline>1</outline></PolyStyle></Style>
<Polygon><outerBoundaryIs><LinearRing><coordinates>
107.803977011038,10.797879965081,0 107.803985928038,10.797861838081,0 107.804004019038,10.797843641081,0 107.804067081038,10.797761806081,0 107.804103113038,10.797725413081,0 107.804210777038,10.797544095081,0 107.804380767038,10.797208712081,0 107.804651848038,10.796962760081,0 107.804724063038,10.796889884081,0 107.804925987038,10.797050420081,0 107.805220486038,10.797372597081,0 107.805459068038,10.797550822081,0 107.805661706038,10.797792435081,0 107.805935424038,10.797835131081,0 107.806227287038,10.797868568081,0 107.806474949038,10.798055751081,0 107.806668012038,10.798243442081,0 107.806714009038,10.798288148081,0 107.807016292038,10.798465794081,0 107.807082228038,10.798699783081,0 107.807412417038,10.798940330081,0 107.807733560038,10.799190066081,0 107.808017407038,10.799340765081,0 107.808244968038,10.799311667081,0 107.808499861038,10.799300328081,0 107.808712413038,10.799614100081,0 107.808849906038,10.799703072081,0 107.808841023038,10.799739256081,0 107.808832107038,10.799757383081,0 107.808788587038,10.799974240081,0 107.808789907038,10.800118609081,0 107.808772367038,10.800190888081,0 107.808535468038,10.800193060081,0 107.808435055038,10.800166920081,0 107.808216247038,10.800150895081,0 107.808105340038,10.799980455081,0 107.807932162038,10.799972930081,0 107.807848630038,10.799802372081,0 107.807701962038,10.799713469081,0 107.807682335038,10.799551272081,0 107.807618376038,10.799533792081,0 107.807590947038,10.799525062081,0 107.807462793038,10.799463016081,0 107.807380710038,10.799445766081,0 107.807316860038,10.799446343081,0 107.807298660038,10.799446482081,0 107.807271102038,10.799428724081,0 107.807216264038,10.799402146081,0 107.807170138038,10.799348502081,0 107.807142254038,10.799276571081,0 107.807114696038,10.799258813081,0 107.807096366038,10.799249923081,0 107.807023438038,10.799241542081,0 107.806950931038,10.799278303081,0 107.806905410038,10.799287770081,0 107.806841581038,10.799279319081,0 107.806713503038,10.799217273081,0 107.806649306038,10.799172797081,0 107.806631086038,10.799181964081,0 107.806503666038,10.799192148081,0 107.806494858038,10.799228332081,0 107.806486731038,10.799327628081,0 107.806387746038,10.799463824081,0 107.806360684038,10.799491118081,0 107.806315293038,10.799509524081,0 107.806296910038,10.799491696081,0 107.806260197038,10.799464978081,0 107.806168810038,10.799438678081,0 107.806086965038,10.799448513081,0 107.805950683038,10.799485762081,0 107.805941637038,10.799494860081,0 107.805850672038,10.799513703081,0 107.805678044038,10.799560439081,0 107.805659899038,10.799569607081,0 107.805569354038,10.799633594081,0 107.805451639038,10.799706818081,0 107.805433418038,10.799716076081,0 107.805315411038,10.799753185081,0 107.805279120038,10.799771521081,0 107.805224208038,10.799745032081,0 107.805205933038,10.799745171081,0 107.805178633038,10.799745380081,0 107.805124088038,10.799754916081,0 107.804996538038,10.799756070081,0 107.804822280038,10.799631350081,0 107.804647784038,10.799479544081,0 107.804501118038,10.799390730081,0 107.804446043038,10.799337065081,0 107.804481125038,10.799192418081,0 107.804589081038,10.799047124081,0 107.804579981038,10.799047194081,0 107.804606880038,10.798992813081,0 107.804752975038,10.799036573081,0 107.804807650038,10.799036066081,0 107.804853278038,10.799044657081,0 107.804880286038,10.799008333081,0 107.804889148038,10.798981268081,0 107.804906214038,10.798854817081,0 107.804878180038,10.798782886081,0 107.804722013038,10.798639970081,0 107.804511648038,10.798551643081,0 107.804338179038,10.798508091081,0 107.804200321038,10.798383092081,0 107.804236191038,10.798319613081,0 107.804335706038,10.798246528081,0 107.804372472038,10.798282365081,0 107.804444688038,10.798209399081,0 107.804306851038,10.798075372081,0 107.804169231038,10.797977460081,0 107.803995762038,10.797933908081,0 107.803986533038,10.797924948081,0 107.803968149038,10.797907120081,0 107.803977011038,10.797879965081,0
</coordinates></LinearRing></outerBoundaryIs></Polygon>
</Placemark>
<Placemark>
<name>Polygon hoàn công 1538</name>
<description>Entity DXF: 1538; Diện tích: 1.071941285526752 ha</description>
<Style><LineStyle><width>3</width><color>ffFFBF00</color></LineStyle><PolyStyle><fill>1</fill><color>66FFBF00</color><outline>1</outline></PolyStyle></Style>
<Polygon><outerBoundaryIs><LinearRing><coordinates>
107.801198696038,10.791004079081,0 107.801180367038,10.790995280081,0 107.801171138038,10.790986320081,0 107.801070967038,10.790987174081,0 107.801052455038,10.790960317081,0 107.800896295038,10.790817399081,0 107.800812327038,10.790610634081,0 107.800682937038,10.790404397081,0 107.800636522038,10.790314547081,0 107.800609040038,10.790296698081,0 107.800590603038,10.790269841081,0 107.800554022038,10.790252152081,0 107.800544793038,10.790243192081,0 107.800508265038,10.790234531081,0 107.800307006038,10.790146132081,0 107.800205994038,10.790056880081,0 107.800196657038,10.790029863081,0 107.800186112038,10.789876534081,0 107.800176883038,10.789867665081,0 107.800230057038,10.789704822081,0 107.800275026038,10.789641274081,0 107.800292697038,10.789577934081,0 107.800310346038,10.789523713081,0 107.800319046038,10.789469472081,0 107.800336932038,10.789442337081,0 107.800326937038,10.789343091081,0 107.800307056038,10.789162836081,0 107.800288619038,10.789135979081,0 107.800251487038,10.789064207081,0 107.800151079038,10.789038065081,0 107.799923418038,10.789049100081,0 107.799686528038,10.789051265081,0 107.799641009038,10.789060641081,0 107.799477433038,10.789098185081,0 107.799523481038,10.789151920081,0 107.799532763038,10.789169908081,0 107.799560246038,10.789187667081,0 107.799807476038,10.789329711081,0 107.799891809038,10.789572591081,0 107.799994504038,10.789842238081,0 107.800106298038,10.790111906081,0 107.800217909038,10.790363516081,0 107.800284551038,10.790678583081,0 107.800368701038,10.790903406081,0 107.800579643038,10.791063785081,0 107.800816535038,10.791061619081,0 107.801125986038,10.791031811081,0 107.801135031038,10.791022713081,0 107.801125932038,10.791022782081,0 107.801198696038,10.791004079081,0
</coordinates></LinearRing></outerBoundaryIs></Polygon>
</Placemark>
<Placemark>
<name>Polygon hoàn công 1539</name>
<description>Entity DXF: 1539; Diện tích: 1.880592702949047 ha</description>
<Style><LineStyle><width>3</width><color>ffFFBF00</color></LineStyle><PolyStyle><fill>1</fill><color>66FFBF00</color><outline>1</outline></PolyStyle></Style>
<Polygon><outerBoundaryIs><LinearRing><coordinates>
107.807782247038,10.795581291081,0 107.807782247038,10.795581291081,0 107.807809493038,10.795571873081,0 107.807863799038,10.795535340081,0 107.807863799038,10.795535340081,0 107.807916970038,10.795372495081,0 107.807979424038,10.795227639081,0 107.807997018038,10.795164298081,0 107.808050188038,10.795001454081,0 107.808094973038,10.794919847081,0 107.808103964038,10.794901720081,0 107.808139227038,10.794775130081,0 107.808148144038,10.794757003081,0 107.808201790038,10.794648240081,0 107.808201790038,10.794648240081,0 107.808255382038,10.794530449081,0 107.808309212038,10.794439834081,0 107.808353445038,10.794304145081,0 107.808362198038,10.794258932081,0 107.808434228038,10.794167997081,0 107.808461365038,10.794140702081,0 107.808515595038,10.794104169081,0 107.808615421038,10.794058170081,0 107.808733814038,10.794048055081,0 107.808797349038,10.794020391081,0 107.808897467038,10.794010506081,0 107.809043322038,10.794027178081,0 107.809070935038,10.794053965081,0 107.809044221038,10.794126403081,0 107.809035488038,10.794162588081,0 107.809054164038,10.794216531081,0 107.808982319038,10.794325433081,0 107.808964909038,10.794406831081,0 107.808919865038,10.794470380081,0 107.808911004038,10.794497446081,0 107.808893280038,10.794551757081,0 107.808893464038,10.794569815081,0 107.808848203038,10.794597249081,0 107.808811913038,10.794615585081,0 107.808803051038,10.794642741081,0 107.808767312038,10.794715340081,0 107.808813417038,10.794778012081,0 107.808777126038,10.794796438081,0 107.808731627038,10.794796787081,0 107.808714380038,10.794905180081,0 107.808732655038,10.794905041081,0 107.808741993038,10.794931967081,0 107.808742285038,10.794968082081,0 107.808742469038,10.794986140081,0 107.808770558038,10.795067009081,0 107.808761805038,10.795112222081,0 107.808743973038,10.795148567081,0 107.808716836038,10.795175862081,0 107.808735662038,10.795229805081,0 107.808726909038,10.795274927081,0 107.808690619038,10.795293354081,0 107.808636605038,10.795366001081,0 107.808609544038,10.795393296081,0 107.808564997038,10.795501899081,0 107.808519974038,10.795556420081,0 107.808474822038,10.795602002081,0 107.808466198038,10.795656244081,0 107.808457466038,10.795692338081,0 107.808430459038,10.795728662081,0 107.808330449038,10.795756695081,0 107.808285372038,10.795802186081,0 107.808285977038,10.795865297081,0 107.808305497038,10.796009437081,0 107.808323934038,10.796036384081,0 107.808397835038,10.796143991081,0 107.808407173038,10.796170917081,0 107.808443464038,10.796152581081,0 107.808452455038,10.796134454081,0 107.808479700038,10.796125217081,0 107.808488800038,10.796125057081,0 107.808470233038,10.796089171081,0 107.808405908038,10.796035667081,0 107.808369087038,10.795990802081,0 107.808431833038,10.795881970081,0 107.808495185038,10.795836339081,0 107.808594460038,10.795736256081,0 107.808621467038,10.795699933081,0 107.808658418038,10.795753646081,0 107.808740834038,10.795789044081,0 107.808759196038,10.795815900081,0 107.808814054038,10.795833450081,0 107.808814660038,10.795896561081,0 107.808824236038,10.795950573081,0 107.808860581038,10.795941266081,0 107.808896504038,10.795886815081,0 107.808896449038,10.795877786081,0 107.808905127038,10.795832573081,0 107.808987176038,10.795831856081,0 107.808996622038,10.795876839081,0 107.808997358038,10.795949069081,0 107.809015795038,10.795975926081,0 107.808989632038,10.796102537081,0 107.808999100038,10.796138492081,0 107.809044728038,10.796147082081,0 107.809098796038,10.796083463081,0 107.809135196038,10.796083184081,0 107.809217190038,10.796073348081,0 107.809253827038,10.796100065081,0 107.809299878038,10.796153799081,0 107.809300484038,10.796216910081,0 107.809237608038,10.796316714081,0 107.809229168038,10.796388923081,0 107.809284503038,10.796460644081,0 107.809203427038,10.796560587081,0 107.809185466038,10.796587813081,0 107.809121399038,10.796552366081,0 107.808974787038,10.796472493081,0 107.808928996038,10.796436726081,0 107.808855570038,10.796383291081,0 107.808736170038,10.796276213081,0 107.808617300038,10.796232155081,0 107.808462323038,10.796224581081,0 107.808453299038,10.796224651081,0 107.808324302038,10.796072499081,0 107.808158852038,10.795911506081,0 107.807975440038,10.795777919081,0 107.807864697038,10.795634656081,0 107.807782247038,10.795581291081,0
</coordinates></LinearRing></outerBoundaryIs></Polygon>
</Placemark>
<Placemark>
<name>Polygon hoàn công 1540</name>
<description>Entity DXF: 1540; Diện tích: 0.4858326884269714 ha</description>
<Style><LineStyle><width>3</width><color>ffFFBF00</color></LineStyle><PolyStyle><fill>1</fill><color>66FFBF00</color><outline>1</outline></PolyStyle></Style>
<Polygon><outerBoundaryIs><LinearRing><coordinates>
107.806685459038,10.795203304081,0 107.806685459038,10.795203304081,0 107.806685459038,10.795203304081,0 107.806685459038,10.795203304081,0 107.806676359038,10.795203373081,0 107.806658030038,10.795194484081,0 107.806639830038,10.795194713081,0 107.806630601038,10.795185754081,0 107.806603377038,10.795185963081,0 107.806594202038,10.795186032081,0 107.806576003038,10.795186262081,0 107.806566828038,10.795186331081,0 107.806557674038,10.795177372081,0 107.806548574038,10.795177442081,0 107.806530299038,10.795177671081,0 107.806521274038,10.795177741081,0 107.806512175038,10.795177810081,0 107.806503075038,10.795177880081,0 107.806484800038,10.795178019081,0 107.806475700038,10.795178089081,0 107.806466525038,10.795178248081,0 107.806457371038,10.795169289081,0 107.806439172038,10.795169429081,0 107.806430072038,10.795169498081,0 107.806420972038,10.795169568081,0 107.806411872038,10.795169728081,0 107.806393652038,10.795178895081,0 107.806384627038,10.795178965081,0 107.806375528038,10.795179035081,0 107.806375582038,10.795188063081,0 107.806366407038,10.795188133081,0 107.806348153038,10.795179243081,0 107.806338999038,10.795170375081,0 107.806338945038,10.795161346081,0 107.806347861038,10.795143128081,0 107.806347732038,10.795134100081,0 107.806356777038,10.795125001081,0 107.806356777038,10.795125001081,0 107.806356594038,10.795106944081,0 107.806365564038,10.795097845081,0 107.806365326038,10.795070850081,0 107.806374317038,10.795052723081,0 107.806392279038,10.795025497081,0 107.806401216038,10.794998342081,0 107.806401032038,10.794980284081,0 107.806409949038,10.794962157081,0 107.806418865038,10.794944030081,0 107.806446056038,10.794925764081,0 107.806463942038,10.794898539081,0 107.806491133038,10.794880272081,0 107.806518378038,10.794871035081,0 107.806536598038,10.794861777081,0 107.806545569038,10.794852679081,0 107.806563347038,10.794807486081,0 107.806563109038,10.794780400081,0 107.806571678038,10.794717220081,0 107.806571495038,10.794699072081,0 107.806625618038,10.794644482081,0 107.806652808038,10.794626216081,0 107.806670716038,10.794589962081,0 107.806670294038,10.794544818081,0 107.806687943038,10.794490597081,0 107.806714290038,10.794382134081,0 107.806777404038,10.794309417081,0 107.806813273038,10.794245847081,0 107.806830283038,10.794110367081,0 107.806865968038,10.794028921081,0 107.806883617038,10.793974609081,0 107.806919540038,10.793920158081,0 107.806928844038,10.793929118081,0 107.807010082038,10.793856261081,0 107.807046373038,10.793837835081,0 107.807073618038,10.793828598081,0 107.807100808038,10.793810331081,0 107.807173552038,10.793800565081,0 107.807219656038,10.793863328081,0 107.807184155038,10.793962922081,0 107.807157590038,10.794035271081,0 107.807140105038,10.794116578081,0 107.807113206038,10.794170959081,0 107.807077413038,10.794234439081,0 107.807050881038,10.794324935081,0 107.807015142038,10.794397443081,0 107.806979327038,10.794469861081,0 107.806952742038,10.794551328081,0 107.806907957038,10.794632845081,0 107.806881188038,10.794696254081,0 107.806863280038,10.794732599081,0 107.806827541038,10.794805107081,0 107.806819100038,10.794877316081,0 107.806783361038,10.794949734081,0 107.806738630038,10.795040369081,0 107.806703074038,10.795130844081,0 107.806685459038,10.795203304081,0
</coordinates></LinearRing></outerBoundaryIs></Polygon>
</Placemark>
<Placemark>
<name>Polygon hoàn công 1541</name>
<description>Entity DXF: 1541; Diện tích: 1.719133867412806 ha</description>
<Style><LineStyle><width>3</width><color>ffFFBF00</color></LineStyle><PolyStyle><fill>1</fill><color>66FFBF00</color><outline>1</outline></PolyStyle></Style>
<Polygon><outerBoundaryIs><LinearRing><coordinates>
107.806224516038,10.793628763081,0 107.806224516038,10.793628763081,0 107.806224462038,10.793619734081,0 107.806224407038,10.793610706081,0 107.806224223038,10.793592738081,0 107.806214994038,10.793583779081,0 107.806214811038,10.793565722081,0 107.806214681038,10.793556693081,0 107.806214627038,10.793547664081,0 107.806214443038,10.793529697081,0 107.806223564038,10.793520509081,0 107.806214260038,10.793511639081,0 107.806223380038,10.793502541081,0 107.806223326038,10.793493513081,0 107.806214022038,10.793484553081,0 107.806213968038,10.793475525081,0 107.806213784038,10.793457467081,0 107.806213730038,10.793448529081,0 107.806213600038,10.793439500081,0 107.806213492038,10.793421443081,0 107.806213362038,10.793412414081,0 107.806213308038,10.793403385081,0 107.806222354038,10.793394287081,0 107.806222170038,10.793376229081,0 107.806222116038,10.793367110081,0 107.806222062038,10.793358172081,0 107.806212757038,10.793349213081,0 107.806212703038,10.793340184081,0 107.806212649038,10.793331155081,0 107.806212465038,10.793313098081,0 107.806212411038,10.793304069081,0 107.806212282038,10.793295131081,0 107.806212227038,10.793286102081,0 107.806212098038,10.793277073081,0 107.806212044038,10.793268045081,0 107.806202890038,10.793259085081,0 107.806202652038,10.793231999081,0 107.806211568038,10.793213963081,0 107.806211439038,10.793204934081,0 107.806192947038,10.793168958081,0 107.806192763038,10.793150991081,0 107.806201625038,10.793123835081,0 107.806201442038,10.793105778081,0 107.806201204038,10.793078692081,0 107.806191920038,10.793060794081,0 107.806191682038,10.793033708081,0 107.806209644038,10.793006482081,0 107.806209277038,10.792970458081,0 107.806218214038,10.792943302081,0 107.806208672038,10.792907166081,0 107.806217425038,10.792862044081,0 107.806226103038,10.792816830081,0 107.806234727038,10.792762679081,0 107.806243697038,10.792753580081,0 107.806261258038,10.792672273081,0 107.806260837038,10.792627129081,0 107.806304887038,10.792473293081,0 107.806340518038,10.792382818081,0 107.806477239038,10.792381594081,0 107.806650521038,10.792407087081,0 107.806751061038,10.792442256081,0 107.806751611038,10.792496428081,0 107.806788670038,10.792568289081,0 107.806825014038,10.792558892081,0 107.806925132038,10.792549007081,0 107.807061724038,10.792538754081,0 107.807180224038,10.792546697081,0 107.807289442038,10.792536653081,0 107.807335015038,10.792536214081,0 107.807380589038,10.792535866081,0 107.807462432038,10.792526030081,0 107.807517235038,10.792534551081,0 107.807581668038,10.792606113081,0 107.807581906038,10.792633199081,0 107.807537176038,10.792723835081,0 107.807510169038,10.792760158081,0 107.807465146038,10.792814679081,0 107.807465200038,10.792823708081,0 107.807447131038,10.792832876081,0 107.807438561038,10.792896056081,0 107.807438432038,10.792887027081,0 107.807402509038,10.792941568081,0 107.807375264038,10.792950806081,0 107.807339341038,10.793005257081,0 107.807330479038,10.793032412081,0 107.807276465038,10.793105060081,0 107.807267366038,10.793105129081,0 107.807267549038,10.793123187081,0 107.807231681038,10.793186666081,0 107.807204912038,10.793249986081,0 107.807195942038,10.793259084081,0 107.807160311038,10.793349650081,0 107.807151633038,10.793394863081,0 107.807088703038,10.793485638081,0 107.807079657038,10.793494736081,0 107.807016176038,10.793531428081,0 107.806934387038,10.793550203081,0 107.806870743038,10.793559809081,0 107.806825353038,10.793578214081,0 107.806798108038,10.793587452081,0 107.806761763038,10.793596849081,0 107.806698282038,10.793633451081,0 107.806707933038,10.793687554081,0 107.806699309038,10.793741706081,0 107.806690393038,10.793759833081,0 107.806645533038,10.793841529081,0 107.806645717038,10.793859496081,0 107.806582365038,10.793905217081,0 107.806555541038,10.793959599081,0 107.806583630038,10.794040468081,0 107.806592859038,10.794049427081,0 107.806593573038,10.794130595081,0 107.806575849038,10.794184816081,0 107.806484701038,10.794185693081,0 107.806457272038,10.794176873081,0 107.806402674038,10.794177380081,0 107.806366275038,10.794177749081,0 107.806311288038,10.794151171081,0 107.806274468038,10.794106396081,0 107.806246985038,10.794088637081,0 107.806255534038,10.794034395081,0 107.806254398038,10.793908174081,0 107.806244877038,10.793863190081,0 107.806244272038,10.793799989081,0 107.806234642038,10.793736948081,0 107.806234826038,10.793754915081,0 107.806215946038,10.793691943081,0 107.806224699038,10.793646820081,0 107.806224516038,10.793628763081,0
</coordinates></LinearRing></outerBoundaryIs></Polygon>
</Placemark>
<Placemark>
<name>Polygon hoàn công 1542</name>
<description>Entity DXF: 1542; Diện tích: 0.3994357577860355 ha</description>
<Style><LineStyle><width>3</width><color>ffFFBF00</color></LineStyle><PolyStyle><fill>1</fill><color>66FFBF00</color><outline>1</outline></PolyStyle></Style>
<Polygon><outerBoundaryIs><LinearRing><coordinates>
107.803832225038,10.793055059081,0 107.803841325038,10.793054990081,0 107.803832355038,10.793064088081,0 107.803814155038,10.793064317081,0 107.803777681038,10.793064595081,0 107.803741207038,10.793064963081,0 107.803732107038,10.793065033081,0 107.803677563038,10.793074569081,0 107.803650318038,10.793083806081,0 107.803623019038,10.793084015081,0 107.803568216038,10.793075493081,0 107.803522664038,10.793066902081,0 107.803486190038,10.793067271081,0 107.803431516038,10.793067778081,0 107.803313070038,10.793068771081,0 107.803276725038,10.793078168081,0 107.803131163038,10.793097518081,0 107.803122300038,10.793124674081,0 107.803122959038,10.793196813081,0 107.803123434038,10.793250895081,0 107.803105289038,10.793260063081,0 107.803097161038,10.793359358081,0 107.803061108038,10.793404870081,0 107.803071233038,10.793513055081,0 107.803080808038,10.793567067081,0 107.803090404038,10.793612051081,0 107.803090512038,10.793630109081,0 107.803127041038,10.793638769081,0 107.803145057038,10.793620573081,0 107.803236496038,10.793655812081,0 107.803272841038,10.793646505081,0 107.803381400038,10.793564323081,0 107.803435360038,10.793482648081,0 107.803525903038,10.793418752081,0 107.803580264038,10.793391068081,0 107.803625417038,10.793345577081,0 107.803716014038,10.793290619081,0 107.803761275038,10.793263185081,0 107.803797565038,10.793244850081,0 107.803842718038,10.793199269081,0 107.803933077038,10.793117315081,0 107.804041928038,10.793071247081,0 107.804105701038,10.793070670081,0 107.804160374038,10.793070163081,0 107.804242163038,10.793051389081,0 107.804278637038,10.793051021081,0 107.804287629038,10.793032894081,0 107.804259833038,10.792988049081,0 107.804123187038,10.792989363081,0 107.803968342038,10.792990725081,0 107.803850446038,10.793045891081,0 107.803832225038,10.793055059081,0
</coordinates></LinearRing></outerBoundaryIs></Polygon>
</Placemark>
<Placemark>
<name>Polygon hoàn công 1543</name>
<description>Entity DXF: 1543; Diện tích: 0.5199280972123146 ha</description>
<Style><LineStyle><width>3</width><color>ffFFBF00</color></LineStyle><PolyStyle><fill>1</fill><color>66FFBF00</color><outline>1</outline></PolyStyle></Style>
<Polygon><outerBoundaryIs><LinearRing><coordinates>
107.802594995038,10.793246709081,0 107.802594995038,10.793246709081,0 107.802594995038,10.793246709081,0 107.802594995038,10.793246709081,0 107.802594995038,10.793246709081,0 107.802595125038,10.793255738081,0 107.802595179038,10.793264676081,0 107.802586208038,10.793273774081,0 107.802586263038,10.793282803081,0 107.802586317038,10.793291832081,0 107.802586446038,10.793300860081,0 107.802586446038,10.793300860081,0 107.802586500038,10.793309889081,0 107.802586500038,10.793309889081,0 107.802586554038,10.793318918081,0 107.802586554038,10.793318918081,0 107.802577509038,10.793328016081,0 107.802577563038,10.793337045081,0 107.802577692038,10.793346073081,0 107.802577746038,10.793355102081,0 107.802577876038,10.793364041081,0 107.802577876038,10.793364041081,0 107.802568830038,10.793373139081,0 107.802568884038,10.793382167081,0 107.802569013038,10.793391196081,0 107.802569067038,10.793400225081,0 107.802569067038,10.793400225081,0 107.802569197038,10.793409344081,0 107.802569251038,10.793418373081,0 107.802578350038,10.793418303081,0 107.802596679038,10.793427103081,0 107.802605833038,10.793436062081,0 107.802614987038,10.793445021081,0 107.802615116038,10.793454050081,0 107.802615300038,10.793472017081,0 107.802615408038,10.793490074081,0 107.802615591038,10.793508132081,0 107.802606729038,10.793535287081,0 107.802588659038,10.793544455081,0 107.802579613038,10.793553553081,0 107.802570935038,10.793598766081,0 107.802562073038,10.793625832081,0 107.802553156038,10.793643959081,0 107.802553210038,10.793652987081,0 107.802526332038,10.793698339081,0 107.802499141038,10.793716605081,0 107.802490225038,10.793734732081,0 107.802490462038,10.793761818081,0 107.802463401038,10.793789113081,0 107.802463401038,10.793789113081,0 107.802454539038,10.793816268081,0 107.802409623038,10.793888845081,0 107.802418831038,10.793906833081,0 107.802428189038,10.793924821081,0 107.802419252038,10.793951977081,0 107.802337042038,10.793925606081,0 107.802273452038,10.793944240081,0 107.802191900038,10.793990099081,0 107.802137172038,10.793981577081,0 107.802127889038,10.793963590081,0 107.802127177038,10.793882421081,0 107.802080998038,10.793819658081,0 107.802016858038,10.793784119081,0 107.801970993038,10.793748442081,0 107.801943381038,10.793721654081,0 107.801933936038,10.793676671081,0 107.801942485038,10.793622429081,0 107.801942431038,10.793613400081,0 107.801942010038,10.793568347081,0 107.801932069038,10.793478219081,0 107.801932069038,10.793478219081,0 107.801931885038,10.793460162081,0 107.801931410038,10.793405990081,0 107.801931227038,10.793387932081,0 107.801957997038,10.793324613081,0 107.801966859038,10.793297458081,0 107.801948422038,10.793270601081,0 107.801983979038,10.793180036081,0 107.802020270038,10.793161700081,0 107.802056560038,10.793143365081,0 107.802093089038,10.793152026081,0 107.802138587038,10.793151588081,0 107.802156970038,10.793169507081,0 107.802156970038,10.793169507081,0 107.802184107038,10.793142122081,0 107.802220398038,10.793123787081,0 107.802284279038,10.793141268081,0 107.802357519038,10.793176646081,0 107.802385239038,10.793221491081,0 107.802458349038,10.793247931081,0 107.802522068038,10.793238326081,0 107.802585604038,10.793210663081,0 107.802612720038,10.793192398081,0 107.802594995038,10.793246709081,0
</coordinates></LinearRing></outerBoundaryIs></Polygon>
</Placemark>
<Placemark>
<name>Polygon hoàn công 1544</name>
<description>Entity DXF: 1544; Diện tích: 4.615160138446092 ha</description>
<Style><LineStyle><width>3</width><color>ffFFBF00</color></LineStyle><PolyStyle><fill>1</fill><color>66FFBF00</color><outline>1</outline></PolyStyle></Style>
<Polygon><outerBoundaryIs><LinearRing><coordinates>
107.802997668038,10.792458174081,0 107.802997613038,10.792449145081,0 107.803006530038,10.792431018081,0 107.803060490038,10.792349433081,0 107.803068985038,10.792286163081,0 107.803050365038,10.792241249081,0 107.803049944038,10.792196195081,0 107.802958451038,10.792151927081,0 107.802930472038,10.792089025081,0 107.802865986038,10.792008343081,0 107.802819646038,10.791918584081,0 107.802792272038,10.791918792081,0 107.802700887038,10.791892581081,0 107.802745143038,10.791747865081,0 107.802753109038,10.791621483081,0 107.802762025038,10.791603356081,0 107.802788741038,10.791530918081,0 107.802806703038,10.791503693081,0 107.802814960038,10.791413427081,0 107.802849750038,10.791232755081,0 107.802866761038,10.791097185081,0 107.802938133038,10.790934203081,0 107.802983027038,10.790870654081,0 107.803000459038,10.790780318081,0 107.802981526038,10.790708318081,0 107.802953256038,10.790609301081,0 107.802934948038,10.790591473081,0 107.802888532038,10.790501713081,0 107.802842613038,10.790457007081,0 107.802759745038,10.790358588081,0 107.802685826038,10.790259918081,0 107.802611766038,10.790125314081,0 107.802583734038,10.790053383081,0 107.802482958038,10.789991217081,0 107.802473859038,10.789991286081,0 107.802455422038,10.789964339081,0 107.802454580038,10.789874142081,0 107.802454288038,10.789838027081,0 107.802417394038,10.789793252081,0 107.802353567038,10.789784800081,0 107.802226076038,10.789794981081,0 107.802162012038,10.789759533081,0 107.802152438038,10.789705431081,0 107.802115543038,10.789660745081,0 107.802059424038,10.789507854081,0 107.802041041038,10.789490026081,0 107.802022659038,10.789472108081,0 107.801958174038,10.789391426081,0 107.801949020038,10.789382557081,0 107.801921225038,10.789337712081,0 107.801812009038,10.789347664081,0 107.801775589038,10.789357061081,0 107.801602784038,10.789385647081,0 107.801402314038,10.789378417081,0 107.801338541038,10.789378993081,0 107.801247653038,10.789397926081,0 107.801110880038,10.789390119081,0 107.801101780038,10.789390189081,0 107.801047237038,10.789399724081,0 107.800865127038,10.789419351081,0 107.800810584038,10.789428886081,0 107.800692214038,10.789429969081,0 107.800611246038,10.789548058081,0 107.800603279038,10.789674349081,0 107.800639990038,10.789701067081,0 107.800722458038,10.789745495081,0 107.800904234038,10.789707721081,0 107.801113567038,10.789687796081,0 107.801159323038,10.789705416081,0 107.801179389038,10.789903728081,0 107.801089634038,10.790048882081,0 107.800925928038,10.790077399081,0 107.800889584038,10.790086795081,0 107.800926532038,10.790140509081,0 107.800954068038,10.790167387081,0 107.801009270038,10.790229991081,0 107.801027599038,10.790238791081,0 107.801063889038,10.790220456081,0 107.801110704038,10.790364477081,0 107.801092634038,10.790373645081,0 107.801037961038,10.790374152081,0 107.800983579038,10.790410683081,0 107.800983763038,10.790428741081,0 107.800984421038,10.790500880081,0 107.800984842038,10.790545934081,0 107.800966826038,10.790564130081,0 107.800958147038,10.790609343081,0 107.800995462038,10.790699172081,0 107.801013586038,10.790699033081,0 107.801105025038,10.790734273081,0 107.801141736038,10.790761081081,0 107.801141919038,10.790779139081,0 107.801151493038,10.790833151081,0 107.801261498038,10.790904277081,0 107.801261627038,10.790913306081,0 107.801426521038,10.791020039081,0 107.801627835038,10.791117466081,0 107.801820048038,10.791215053081,0 107.801976231038,10.791348852081,0 107.802040954038,10.791456530081,0 107.802115218038,10.791600163081,0 107.802116535038,10.791744532081,0 107.802072408038,10.791898277081,0 107.802064129038,10.791997572081,0 107.802139181038,10.792222464081,0 107.802186364038,10.792402420081,0 107.802241641038,10.792465024081,0 107.802496842038,10.792480775081,0 107.802679115038,10.792488143081,0 107.802888688038,10.792495213081,0 107.802979889038,10.792503457081,0 107.802988989038,10.792503387081,0 107.802997668038,10.792458174081,0
</coordinates></LinearRing></outerBoundaryIs></Polygon>
</Placemark>
<Placemark>
<name>Polygon hoàn công 1545</name>
<description>Entity DXF: 1545; Diện tích: 1.020418704348803 ha</description>
<Style><LineStyle><width>3</width><color>ffFFBF00</color></LineStyle><PolyStyle><fill>1</fill><color>66FFBF00</color><outline>1</outline></PolyStyle></Style>
<Polygon><outerBoundaryIs><LinearRing><coordinates>
107.810553962038,10.797784211081,0 107.810581153038,10.797765854081,0 107.810690004038,10.797719784081,0 107.810726186038,10.797683390081,0 107.810734809038,10.797629148081,0 107.810761687038,10.797583886081,0 107.810824984038,10.797529135081,0 107.810842816038,10.797492881081,0 107.810905930038,10.797420163081,0 107.810960312038,10.797383630081,0 107.810960073038,10.797356544081,0 107.810950530038,10.797320589081,0 107.810968567038,10.797293273081,0 107.810895693038,10.797293921081,0 107.810767961038,10.797277020081,0 107.810758385038,10.797223007081,0 107.810757724038,10.797150868081,0 107.810748311038,10.797123942081,0 107.810720718038,10.797088126081,0 107.810702444038,10.797088265081,0 107.810629277038,10.797052798081,0 107.810592857038,10.797062196081,0 107.810530057038,10.797162000081,0 107.810548311038,10.797170799081,0 107.810557724038,10.797197816081,0 107.810567246038,10.797242799081,0 107.810529300038,10.797326589081,0 107.810467658038,10.797315886081,0 107.810412983038,10.797316394081,0 107.810357302038,10.797199620081,0 107.810292867038,10.797128058081,0 107.810283692038,10.797128128081,0 107.810220102038,10.797146763081,0 107.810128845038,10.797129493081,0 107.810038064038,10.797166395081,0 107.810020156038,10.797202649081,0 107.809993170038,10.797229945081,0 107.809902498038,10.797284904081,0 107.809839091038,10.797321597081,0 107.809839459038,10.797357712081,0 107.809866997038,10.797384499081,0 107.809885564038,10.797420474081,0 107.809913102038,10.797447261081,0 107.809932166038,10.797528290081,0 107.809923652038,10.797600499081,0 107.809923652038,10.797600499081,0 107.809823403038,10.797601356081,0 107.809823533038,10.797610385081,0 107.809824431038,10.797709610081,0 107.809824485038,10.797718639081,0 107.809916056038,10.797762906081,0 107.809934862038,10.797825967081,0 107.809872354038,10.797961796081,0 107.809818340038,10.798034443081,0 107.809719248038,10.798152583081,0 107.809829842038,10.798295936081,0 107.809939320038,10.798304039081,0 107.810030925038,10.798366272081,0 107.810139927038,10.798320202081,0 107.810239733038,10.798283230081,0 107.810329671038,10.798156041081,0 107.810338771038,10.798155971081,0 107.810410984038,10.798083184081,0 107.810383024038,10.798011253081,0 107.810382418038,10.797948143081,0 107.810545046038,10.797802338081,0 107.810553962038,10.797784211081,0
</coordinates></LinearRing></outerBoundaryIs></Polygon>
</Placemark>
<Placemark>
<name>Polygon hoàn công 1546</name>
<description>Entity DXF: 1546; Diện tích: 1.17080968541503 ha</description>
<Style><LineStyle><width>3</width><color>ffFFBF00</color></LineStyle><PolyStyle><fill>1</fill><color>66FFBF00</color><outline>1</outline></PolyStyle></Style>
<Polygon><outerBoundaryIs><LinearRing><coordinates>
107.809869735038,10.797306318081,0 107.809974340038,10.797242813081,0 107.810040843038,10.797167575081,0 107.810128845038,10.797129493081,0 107.810211002038,10.797146833081,0 107.810292720038,10.797126613081,0 107.810347943038,10.797181632081,0 107.810394784038,10.797316534081,0 107.810531561038,10.797324427081,0 107.810567355038,10.797260857081,0 107.810548127038,10.797152742081,0 107.810521011038,10.797171099081,0 107.810592332038,10.797061563081,0 107.810655971038,10.796989478081,0 107.810555191038,10.796927225081,0 107.810389187038,10.796712241081,0 107.810324460038,10.796604565081,0 107.810359777038,10.796487003081,0 107.810340972038,10.796423941081,0 107.810267730038,10.796388564081,0 107.810204195038,10.796416138081,0 107.810114625038,10.796579442081,0 107.810032468038,10.796562102081,0 107.810050266038,10.796507881081,0 107.809976528038,10.796427270081,0 107.809848395038,10.796356287081,0 107.809729103038,10.796267176081,0 107.809628800038,10.796259004081,0 107.809528443038,10.796241893081,0 107.809446177038,10.796206586081,0 107.809318261038,10.796171717081,0 107.809291622038,10.796244066081,0 107.809246783038,10.796316644081,0 107.809238139038,10.796379824081,0 107.809238323038,10.796397882081,0 107.809311672038,10.796451406081,0 107.809194382038,10.796569686081,0 107.809139708038,10.796570194081,0 107.809020675038,10.796499140081,0 107.808984146038,10.796490481081,0 107.808948168038,10.796535903081,0 107.809085769038,10.796642842081,0 107.809269181038,10.796776518081,0 107.809406435038,10.796838404081,0 107.809516736038,10.796945732081,0 107.809545302038,10.797080683081,0 107.809636981038,10.797143007081,0 107.809774235038,10.797204892081,0 107.809866877038,10.797306221081,0 107.809869735038,10.797306318081,0
</coordinates></LinearRing></outerBoundaryIs></Polygon>
</Placemark>
<Placemark>
<name>Polygon hoàn công 1547</name>
<description>Entity DXF: 1547; Diện tích: 11.82121588801146 ha</description>
<Style><LineStyle><width>3</width><color>ffFFBF00</color></LineStyle><PolyStyle><fill>1</fill><color>66FFBF00</color><outline>1</outline></PolyStyle></Style>
<Polygon><outerBoundaryIs><LinearRing><coordinates>
107.817206399038,10.812267334081,0 107.817357587038,10.812290876081,0 107.817357533038,10.812281847081,0 107.817467126038,10.812307915081,0 107.817485565038,10.812334951081,0 107.817749406038,10.812296358081,0 107.817822414038,10.812304648081,0 107.817913492038,10.812303859081,0 107.818131962038,10.812274824081,0 107.818168363038,10.812274454081,0 107.818213755038,10.812256047081,0 107.818323218038,10.812273086081,0 107.818523651038,10.812271277081,0 107.818560107038,10.812279936081,0 107.818669645038,10.812296974081,0 107.818669591038,10.812287945081,0 107.818815346038,10.812286646081,0 107.818979302038,10.812285117081,0 107.819125112038,10.812292846081,0 107.819416753038,10.812299186081,0 107.819535153038,10.812289068081,0 107.819571739038,10.812306755081,0 107.819662871038,10.812315084081,0 107.819790242038,10.812295777081,0 107.819790242038,10.812295777081,0 107.819854572038,10.812349369081,0 107.819965122038,10.812483690081,0 107.819965361038,10.812510686081,0 107.820030887038,10.812699529081,0 107.820058980038,10.812780488081,0 107.820050064038,10.812798615081,0 107.820059772038,10.812861656081,0 107.820070013038,10.812987808081,0 107.820134214038,10.813032372081,0 107.820179791038,10.813031932081,0 107.820207037038,10.813022693081,0 107.820343877038,10.813039430081,0 107.820462147038,10.813020373081,0 107.820589573038,10.813010184081,0 107.820680727038,10.813009304081,0 107.820725989038,10.812981868081,0 107.820780004038,10.812909219081,0 107.820779874038,10.812900190081,0 107.820779635038,10.812873103081,0 107.820806827038,10.812854836081,0 107.820834128038,10.812854626081,0 107.820860581038,10.812764219081,0 107.820841664038,10.812683101081,0 107.820813994038,10.812647286081,0 107.820777039038,10.812593484081,0 107.820794871038,10.812557229081,0 107.820767146038,10.812512385081,0 107.820693606038,10.812440896081,0 107.820656412038,10.812360097081,0 107.820619587038,10.812315324081,0 107.820701565038,10.812314604081,0 107.820747142038,10.812314164081,0 107.820847375038,10.812322242081,0 107.820911153038,10.812321662081,0 107.821020377038,10.812311703081,0 107.821120631038,10.812310753081,0 107.821229726038,10.812291675081,0 107.821248002038,10.812291445081,0 107.821247154038,10.812201338081,0 107.821210329038,10.812156565081,0 107.821217920038,10.811994158081,0 107.821198448038,10.811859048081,0 107.821198394038,10.811849929081,0 107.821188610038,10.811786888081,0 107.821142869038,10.811760242081,0 107.821042616038,10.811761192081,0 107.820978968038,10.811770711081,0 107.820915191038,10.811771291081,0 107.820832660038,10.811717928081,0 107.820795541038,10.811637130081,0 107.820786181038,10.811619143081,0 107.820758088038,10.811538275081,0 107.820739464038,10.811493361081,0 107.820656215038,10.811358740081,0 107.820582491038,10.811269193081,0 107.820563812038,10.811215251081,0 107.820499242038,10.811134663081,0 107.820425647038,10.811054235081,0 107.820352271038,10.811009741081,0 107.820334201038,10.811018910081,0 107.820288385038,10.810992354081,0 107.820279285038,10.810992424081,0 107.820233415038,10.810956659081,0 107.820223283038,10.810848474081,0 107.820139905038,10.810705005081,0 107.820121595038,10.810687087081,0 107.819957326038,10.810661531081,0 107.819802157038,10.810635905081,0 107.819710840038,10.810609699081,0 107.819627408038,10.810457020081,0 107.819553390038,10.810331448081,0 107.819461097038,10.810206016081,0 107.819387796038,10.810161612081,0 107.819259819038,10.810117628081,0 107.819195857038,10.810100241081,0 107.819085972038,10.810037969081,0 107.819058432038,10.810011183081,0 107.818994525038,10.810002734081,0 107.818866678038,10.809967869081,0 107.818747323038,10.809869732081,0 107.818692224038,10.809825098081,0 107.818564485038,10.809808200081,0 107.818546176038,10.809790373081,0 107.818527607038,10.809754488081,0 107.818500176038,10.809745669081,0 107.818408491038,10.809683438081,0 107.818408068038,10.809638204081,0 107.818380583038,10.809620446081,0 107.818352968038,10.809593660081,0 107.818334822038,10.809602829081,0 107.818280221038,10.809603338081,0 107.818197800038,10.809567943081,0 107.818170499038,10.809568243081,0 107.818134023038,10.809568522081,0 107.818088228038,10.809532938081,0 107.818096960038,10.809496753081,0 107.818123967038,10.809460428081,0 107.818224090038,10.809450540081,0 107.818269591038,10.809450100081,0 107.818306013038,10.809440702081,0 107.818379020038,10.809449081081,0 107.818406505038,10.809466839081,0 107.818452136038,10.809475518081,0 107.818516629038,10.809556016081,0 107.818525730038,10.809555946081,0 107.818653338038,10.809563816081,0 107.818789514038,10.809508504081,0 107.818807236038,10.809454192081,0 107.818806151038,10.809336999081,0 107.818814773038,10.809282757081,0 107.818813797038,10.809183441081,0 107.818840749038,10.809138177081,0 107.818876857038,10.809101783081,0 107.818785465038,10.809075486081,0 107.818748511038,10.809021774081,0 107.818730072038,10.808994827081,0 107.818783533038,10.808868096081,0 107.818792579038,10.808858997081,0 107.818746340038,10.808787298081,0 107.818700785038,10.808778619081,0 107.818609209038,10.808734354081,0 107.818535377038,10.808626750081,0 107.818516309038,10.808545721081,0 107.818488879038,10.808536992081,0 107.818379546038,10.808528983081,0 107.818352116038,10.808520164081,0 107.818306485038,10.808511575081,0 107.818287971038,10.808484719081,0 107.818233131038,10.808458142081,0 107.818114439038,10.808432145081,0 107.818050478038,10.808414758081,0 107.817995986038,10.808433235081,0 107.817959455038,10.808424576081,0 107.817914541038,10.808497155081,0 107.817841978038,10.808524891081,0 107.817741726038,10.808525750081,0 107.817677710038,10.808499333081,0 107.817640518038,10.808418444081,0 107.817539365038,10.808320078081,0 107.817511825038,10.808293291081,0 107.817429187038,10.808221871081,0 107.817347080038,10.808213561081,0 107.817319704038,10.808213861081,0 107.817303141038,10.808385457081,0 107.817295290038,10.808529806081,0 107.817286613038,10.808575019081,0 107.817296081038,10.808610974081,0 107.817297828038,10.808800487081,0 107.817298435038,10.808863598081,0 107.817299097038,10.808935738081,0 107.817326951038,10.808989610081,0 107.817346844038,10.809169774081,0 107.817347690038,10.809260062081,0 107.817358059038,10.809395242081,0 107.817303860038,10.809449834081,0 107.817277167038,10.809513245081,0 107.817232914038,10.809657963081,0 107.817234476038,10.809829419081,0 107.817225799038,10.809874542081,0 107.817235507038,10.809937583081,0 107.817217729038,10.809982867081,0 107.817219237038,10.810145293081,0 107.817228706038,10.810181248081,0 107.817348852038,10.810360554081,0 107.817405016038,10.810531409081,0 107.817415938038,10.810720762081,0 107.817406947038,10.810738890081,0 107.817398270038,10.810784103081,0 107.817327453038,10.811001261081,0 107.817300445038,10.811037586081,0 107.817282832038,10.811109865081,0 107.817229792038,10.811281740081,0 107.817213577038,10.811498479081,0 107.817206169038,10.811678853081,0 107.817197730038,10.811751152081,0 107.817199422038,10.811931547081,0 107.817210085038,10.812102842081,0 107.817216923038,10.812269344081,0 107.817206399038,10.812267334081,0
</coordinates></LinearRing></outerBoundaryIs></Polygon>
</Placemark>
<Placemark>
<name>Polygon hoàn công 1548</name>
<description>Entity DXF: 1548; Diện tích: 2.654477965033054 ha</description>
<Style><LineStyle><width>3</width><color>ffFFBF00</color></LineStyle><PolyStyle><fill>1</fill><color>66FFBF00</color><outline>1</outline></PolyStyle></Style>
<Polygon><outerBoundaryIs><LinearRing><coordinates>
107.815665419038,10.807642616081,0 107.815665289038,10.807633587081,0 107.815665289038,10.807633587081,0 107.815665289038,10.807633587081,0 107.815665289038,10.807633587081,0 107.815665289038,10.807633587081,0 107.815665289038,10.807633587081,0 107.815665289038,10.807633587081,0 107.815665419038,10.807642616081,0 107.815674444038,10.807642546081,0 107.815674574038,10.807651575081,0 107.815702188038,10.807678361081,0 107.815711397038,10.807696259081,0 107.815720757038,10.807714246081,0 107.815693750038,10.807750571081,0 107.815693804038,10.807759600081,0 107.815675658038,10.807768768081,0 107.815666558038,10.807768838081,0 107.815657458038,10.807768908081,0 107.815620982038,10.807769277081,0 107.815593736038,10.807778515081,0 107.815566435038,10.807778815081,0 107.815529960038,10.807779094081,0 107.815493559038,10.807779464081,0 107.815466183038,10.807779673081,0 107.815466313038,10.807788702081,0 107.815439067038,10.807797940081,0 107.815448037038,10.807788842081,0 107.815466183038,10.807779673081,0 107.815457158038,10.807779743081,0 107.815447853038,10.807770875081,0 107.815447853038,10.807770875081,0 107.815429837038,10.807789072081,0 107.815393859038,10.807834495081,0 107.815330798038,10.807916242081,0 107.815267151038,10.807925940081,0 107.815239722038,10.807917030081,0 107.815194275038,10.807926589081,0 107.815157874038,10.807926868081,0 107.815066722038,10.807927747081,0 107.814948269038,10.807928835081,0 107.814902823038,10.807938212081,0 107.814875393038,10.807929483081,0 107.814848017038,10.807929693081,0 107.814793416038,10.807930202081,0 107.814793416038,10.807930202081,0 107.814666047038,10.807949417081,0 107.814556347038,10.807905201081,0 107.814501248038,10.807860657081,0 107.814464588038,10.807842969081,0 107.814336081038,10.807735872081,0 107.814308706038,10.807736081081,0 107.814290451038,10.807727283081,0 107.814235775038,10.807727792081,0 107.814107431038,10.807647781081,0 107.814061746038,10.807630163081,0 107.814015986038,10.807612544081,0 107.813979347038,10.807585827081,0 107.813924616038,10.807577308081,0 107.813815135038,10.807569206081,0 107.813787964038,10.807578535081,0 107.813751781038,10.807614929081,0 107.813788809038,10.807668732081,0 107.813861740038,10.807677022081,0 107.813880601038,10.807749022081,0 107.813926545038,10.807784698081,0 107.813935938038,10.807820652081,0 107.813800076038,10.807903048081,0 107.813790976038,10.807903208081,0 107.813718208038,10.807921914081,0 107.813590969038,10.807950157081,0 107.813563668038,10.807950457081,0 107.813517908038,10.807932748081,0 107.813353641038,10.807907189081,0 107.813262326038,10.807880890081,0 107.813107050038,10.807837203081,0 107.813079490038,10.807819445081,0 107.813042906038,10.807801757081,0 107.813024597038,10.807783839081,0 107.813050316038,10.807621293081,0 107.813031823038,10.807585408081,0 107.812958762038,10.807567999081,0 107.812903609038,10.807514426081,0 107.812885041038,10.807478450081,0 107.812839172038,10.807442775081,0 107.812711197038,10.807398788081,0 107.812701967038,10.807389919081,0 107.812719344038,10.807290554081,0 107.812800237038,10.807172553081,0 107.812891314038,10.807171675081,0 107.813064313038,10.807161140081,0 107.813200597038,10.807123798081,0 107.813309711038,10.807095785081,0 107.813482471038,10.807058074081,0 107.813564448038,10.807057356081,0 107.813573548038,10.807057286081,0 107.813609526038,10.807011773081,0 107.813636241038,10.806939334081,0 107.813672110038,10.806875944081,0 107.813717556038,10.806866476081,0 107.813772232038,10.806865967081,0 107.813817863038,10.806874557081,0 107.813936185038,10.806864530081,0 107.814036362038,10.806863582081,0 107.814209545038,10.806871014081,0 107.814355427038,10.806878746081,0 107.814400874038,10.806869278081,0 107.814437349038,10.806868909081,0 107.814519455038,10.806877219081,0 107.814692747038,10.806902708081,0 107.814710947038,10.806902568081,0 107.814729093038,10.806893310081,0 107.814820300038,10.806901550081,0 107.814875323038,10.806946094081,0 107.814884737038,10.806973111081,0 107.814912406038,10.807008926081,0 107.815012821038,10.807035154081,0 107.815040381038,10.807052912081,0 107.815141587038,10.807160218081,0 107.815150688038,10.807160148081,0 107.815169072038,10.807178066081,0 107.815169072038,10.807178066081,0 107.815196686038,10.807204853081,0 107.815251655038,10.807240458081,0 107.815306754038,10.807285002081,0 107.815315909038,10.807293961081,0 107.815407409038,10.807338226081,0 107.815453353038,10.807373902081,0 107.815527075038,10.807463360081,0 107.815591513038,10.807535011081,0 107.815619291038,10.807588883081,0 107.815656135038,10.807624629081,0 107.815656135038,10.807624629081,0 107.815665419038,10.807642616081,0
</coordinates></LinearRing></outerBoundaryIs></Polygon>
</Placemark>
<Placemark>
<name>Polygon hoàn công 1549</name>
<description>Entity DXF: 1549; Diện tích: 20.41560427343845 ha</description>
<Style><LineStyle><width>3</width><color>ffFFBF00</color></LineStyle><PolyStyle><fill>1</fill><color>66FFBF00</color><outline>1</outline></PolyStyle></Style>
<Polygon><outerBoundaryIs><LinearRing><coordinates>
107.812202002038,10.812206599081,0 107.812170147038,10.811932149081,0 107.812177135038,10.811706632081,0 107.812210949038,10.811426644081,0 107.812217222038,10.811119958081,0 107.812205773038,10.810867404081,0 107.812213129038,10.810678002081,0 107.812238448038,10.810461194081,0 107.812236466038,10.810244776081,0 107.812270940038,10.810036926081,0 107.812369027038,10.809801503081,0 107.812385061038,10.809566797081,0 107.812364933038,10.809359547081,0 107.812372712038,10.809215108081,0 107.812379830038,10.808998529081,0 107.812406601038,10.808836798081,0 107.812550359038,10.808885516081,0 107.813270973038,10.808892558081,0 107.813498853038,10.808923858081,0 107.813742597038,10.808859041081,0 107.813847047038,10.808766282081,0 107.813983704038,10.808502234081,0 107.814108923038,10.808371783081,0 107.814293460038,10.808282454081,0 107.814474383038,10.808259929081,0 107.814596000038,10.808256681081,0 107.814760083038,10.808264183081,0 107.814851399038,10.808290481081,0 107.814878645038,10.808281152081,0 107.814997336038,10.808307151081,0 107.815143035038,10.808296824081,0 107.815152135038,10.808296755081,0 107.815170336038,10.808296525081,0 107.815316035038,10.808286198081,0 107.815361427038,10.808267792081,0 107.815397350038,10.808213340081,0 107.815461127038,10.808212761081,0 107.815497473038,10.808203363081,0 107.815633887038,10.808175139081,0 107.815679518038,10.808183728081,0 107.815852756038,10.808200188081,0 107.815998694038,10.808216858081,0 107.816054086038,10.808297516081,0 107.816082178038,10.808378566081,0 107.816209492038,10.808350231081,0 107.816373576038,10.808357822081,0 107.816409922038,10.808348423081,0 107.816474122038,10.808392988081,0 107.816547053038,10.808401367081,0 107.816638314038,10.808418546081,0 107.816656699038,10.808436464081,0 107.816693338038,10.808463180081,0 107.816702514038,10.808463110081,0 107.816702698038,10.808481077081,0 107.816730497038,10.808525921081,0 107.816767082038,10.808543699081,0 107.816875697038,10.808470541081,0 107.816993120038,10.808361198081,0 107.817102527038,10.808369207081,0 107.817129773038,10.808359969081,0 107.817247619038,10.808295679081,0 107.817311689038,10.808331214081,0 107.817303141038,10.808385457081,0 107.817277513038,10.808575089081,0 107.817342558038,10.808709760081,0 107.817298067038,10.808827483081,0 107.817308805038,10.808998779081,0 107.817308935038,10.809007807081,0 107.817318144038,10.809025795081,0 107.817318274038,10.809034733081,0 107.817336788038,10.809061680081,0 107.817310497038,10.809179173081,0 107.817273782038,10.809152456081,0 107.817209528038,10.809098863081,0 107.817200298038,10.809089995081,0 107.817154483038,10.809063348081,0 107.817072028038,10.809009985081,0 107.817062798038,10.809001026081,0 107.817044489038,10.808983199081,0 107.817007829038,10.808965421081,0 107.816979866038,10.808893581081,0 107.816934181038,10.808875963081,0 107.816833744038,10.808858765081,0 107.816824698038,10.808867953081,0 107.816797636038,10.808895249081,0 107.816780759038,10.809039668081,0 107.816780944038,10.809057726081,0 107.816744891038,10.809103149081,0 107.816735975038,10.809121276081,0 107.816672989038,10.809203024081,0 107.816563322038,10.809176956081,0 107.816417514038,10.809169225081,0 107.816271760038,10.809170614081,0 107.816126006038,10.809171912081,0 107.816107752038,10.809163023081,0 107.816080430038,10.809172351081,0 107.816025938038,10.809190828081,0 107.816008344038,10.809254259081,0 107.815999298038,10.809263357081,0 107.815954091038,10.809299821081,0 107.815981705038,10.809326608081,0 107.816109368038,10.809343507081,0 107.816145844038,10.809343138081,0 107.816164153038,10.809361055081,0 107.816191713038,10.809378813081,0 107.816346752038,10.809395412081,0 107.816474360038,10.809403283081,0 107.816492690038,10.809412172081,0 107.816684075038,10.809419463081,0 107.816839113038,10.809436062081,0 107.816848582038,10.809472017081,0 107.816894267038,10.809489634081,0 107.816903661038,10.809525679081,0 107.816931698038,10.809597519081,0 107.816959183038,10.809615367081,0 107.817041236038,10.809614558081,0 107.817068536038,10.809614348081,0 107.817067929038,10.809551237081,0 107.817104091038,10.809523872081,0 107.817158584038,10.809505305081,0 107.817213335038,10.809504795081,0 107.817241905038,10.809639836081,0 107.817241960038,10.809648865081,0 107.817225267038,10.809811431081,0 107.817244737038,10.809946542081,0 107.817245290038,10.810000624081,0 107.817264814038,10.810144854081,0 107.817274207038,10.810180809081,0 107.817247459038,10.810235191081,0 107.817020314038,10.810309438081,0 107.817002168038,10.810318606081,0 107.816920375038,10.810337383081,0 107.816711560038,10.810420429081,0 107.816611729038,10.810466431081,0 107.816303104038,10.810586631081,0 107.816248687038,10.810605198081,0 107.816187556038,10.810894335081,0 107.816224564038,10.810957076081,0 107.816254716038,10.811254544081,0 107.816338310038,10.811434219081,0 107.816477025038,10.811649500081,0 107.816587443038,10.811774703081,0 107.816723490038,10.811710363081,0 107.816786497038,10.811619587081,0 107.816813559038,10.811592292081,0 107.816912598038,10.811465121081,0 107.816930690038,10.811446834081,0 107.817057583038,10.811373535081,0 107.817139246038,10.811345730081,0 107.817175723038,10.811345360081,0 107.817213577038,10.811498479081,0 107.817213761038,10.811516446081,0 107.817214478038,10.811597614081,0 107.817189162038,10.811814333081,0 107.817189346038,10.811832391081,0 107.817189878038,10.811895592081,0 107.817108030038,10.811905339081,0 107.817053299038,10.811896820081,0 107.816998513038,10.811879182081,0 107.816943761038,10.811879691081,0 107.816890298038,10.812006513081,0 107.816918445038,10.812096500081,0 107.817128455038,10.812148705081,0 107.817165723038,10.812229503081,0 107.817200079038,10.812268403081,0 107.812210423038,10.812207520081,0 107.812202002038,10.812206599081,0
</coordinates></LinearRing></outerBoundaryIs></Polygon>
</Placemark>
<Placemark>
<name>Polygon hoàn công 1550</name>
<description>Entity DXF: 1550; Diện tích: 5.036728578591346 ha</description>
<Style><LineStyle><width>3</width><color>ffFFBF00</color></LineStyle><PolyStyle><fill>1</fill><color>66FFBF00</color><outline>1</outline></PolyStyle></Style>
<Polygon><outerBoundaryIs><LinearRing><coordinates>
107.812207223038,10.811020712081,0 107.812207407038,10.811038770081,0 107.812199683038,10.811192237081,0 107.812199996038,10.811219324081,0 107.812183096038,10.811372771081,0 107.812175576038,10.811535267081,0 107.812175814038,10.811562353081,0 107.812158826038,10.811688805081,0 107.812160018038,10.811824055081,0 107.812152293038,10.811977523081,0 107.812134828038,10.812049802081,0 107.812116607038,10.812059060081,0 107.812098590038,10.812077257081,0 107.811907388038,10.812088021081,0 107.811779704038,10.812080148081,0 107.811633840038,10.812063387081,0 107.811560833038,10.812055096081,0 107.811405739038,10.812029375081,0 107.811423864038,10.812029236081,0 107.811378417038,10.812038703081,0 107.811196261038,10.812040368081,0 107.810986729038,10.812042241081,0 107.810959428038,10.812042451081,0 107.810786167038,10.812035016081,0 107.810613165038,10.812045640081,0 107.810476456038,10.812037837081,0 107.810476034038,10.811992783081,0 107.810575260038,10.811883582081,0 107.810611477038,10.811865156081,0 107.810692394038,10.811738217081,0 107.810809983038,10.811655962081,0 107.810982269038,10.811564171081,0 107.811054140038,10.811446240081,0 107.811116814038,10.811337407081,0 107.811197654038,10.811210378081,0 107.811187233038,10.811066169081,0 107.811140813038,10.810976320081,0 107.811122320038,10.810940435081,0 107.811102723038,10.810796295081,0 107.811111823038,10.810796226081,0 107.811110795038,10.810687971081,0 107.811109475038,10.810543602081,0 107.811109475038,10.810543602081,0 107.811117622038,10.810435278081,0 107.811117568038,10.810426249081,0 107.811207617038,10.810317208081,0 107.811270658038,10.810244490081,0 107.811315704038,10.810180941081,0 107.811315649038,10.810172002081,0 107.811350968038,10.810054260081,0 107.811350124038,10.809964153081,0 107.811340547038,10.809910050081,0 107.811339886038,10.809837911081,0 107.811293152038,10.809721066081,0 107.811255907038,10.809631148081,0 107.811182608038,10.809586743081,0 107.811136869038,10.809560095081,0 107.811045294038,10.809515829081,0 107.810944694038,10.809471633081,0 107.810907558038,10.809399862081,0 107.810897300038,10.809282649081,0 107.810932953038,10.809183054081,0 107.810968693038,10.809110636081,0 107.810977848038,10.809119505081,0 107.811023056038,10.809083041081,0 107.811049881038,10.809028660081,0 107.811058742038,10.809001594081,0 107.811094612038,10.808938114081,0 107.811130482038,10.808874635081,0 107.811184185038,10.808774810081,0 107.811219817038,10.808684334081,0 107.811228679038,10.808657179081,0 107.811264364038,10.808575732081,0 107.811318619038,10.808530080081,0 107.811327719038,10.808530010081,0 107.811372743038,10.808475489081,0 107.811436043038,10.808420829081,0 107.811480884038,10.808348160081,0 107.811580768038,10.808311188081,0 107.811662875038,10.808319499081,0 107.811744797038,10.808309663081,0 107.811863543038,10.808344691081,0 107.811973134038,10.808370760081,0 107.811982288038,10.808379719081,0 107.812064578038,10.808406087081,0 107.812137694038,10.808432435081,0 107.812183562038,10.808468111081,0 107.812183562038,10.808468111081,0 107.812283924038,10.808485221081,0 107.812275906038,10.808602574081,0 107.812267413038,10.808665754081,0 107.812276751038,10.808692771081,0 107.812277780038,10.808800935081,0 107.812278733038,10.808909280081,0 107.812279578038,10.808999477081,0 107.812271084038,10.809062657081,0 107.812253653038,10.809152994081,0 107.812244975038,10.809198207081,0 107.812255342038,10.809333478081,0 107.812246848038,10.809396658081,0 107.812274939038,10.809477617081,0 107.812275545038,10.809540728081,0 107.812267929038,10.809712163081,0 107.812259381038,10.809766405081,0 107.812268719038,10.809793422081,0 107.812278188038,10.809829377081,0 107.812287656038,10.809865422081,0 107.812287894038,10.809892418081,0 107.812297417038,10.809937492081,0 107.812244559038,10.810127333081,0 107.812219110038,10.810335112081,0 107.812220616038,10.810497449081,0 107.812211624038,10.810515576081,0 107.812221698038,10.810614732081,0 107.812204635038,10.810741183081,0 107.812215111038,10.810894421081,0 107.812215901038,10.810975589081,0 107.812206855038,10.810984688081,0 107.812207223038,10.811020712081,0
</coordinates></LinearRing></outerBoundaryIs></Polygon>
</Placemark>
<Placemark>
<name>Polygon hoàn công 1552</name>
<description>Entity DXF: 1552; Diện tích: 1.591246778559685 ha</description>
<Style><LineStyle><width>3</width><color>ffFFBF00</color></LineStyle><PolyStyle><fill>1</fill><color>66FFBF00</color><outline>1</outline></PolyStyle></Style>
<Polygon><outerBoundaryIs><LinearRing><coordinates>
107.829989634038,10.822504232081,0 107.830007835038,10.822504091081,0 107.830016881038,10.822494992081,0 107.830153171038,10.822457643081,0 107.830171447038,10.822457503081,0 107.830335224038,10.822438001081,0 107.830408050038,10.822428230081,0 107.830499446038,10.822454523081,0 107.830591118038,10.822525780081,0 107.830591913038,10.822606948081,0 107.830593612038,10.822787343081,0 107.830594942038,10.822931712081,0 107.830594997038,10.822940741081,0 107.830633469038,10.823156789081,0 107.830635354038,10.823355331081,0 107.830635834038,10.823409413081,0 107.830655680038,10.823580638081,0 107.830655735038,10.823589577081,0 107.830665021038,10.823607564081,0 107.830656345038,10.823652778081,0 107.830676301038,10.823842061081,0 107.830686937038,10.823995299081,0 107.830688027038,10.824112492081,0 107.830688212038,10.824130549081,0 107.830716603038,10.824247622081,0 107.830708517038,10.824364975081,0 107.830718303038,10.824428016081,0 107.830702151038,10.824653695081,0 107.830702391038,10.824680781081,0 107.830603168038,10.824789898081,0 107.830539573038,10.824808538081,0 107.830457536038,10.824800232081,0 107.830311404038,10.824765511081,0 107.830264681038,10.824639640081,0 107.830255526038,10.824630682081,0 107.830217663038,10.824477655081,0 107.830225969038,10.824396416081,0 107.830216019038,10.824306289081,0 107.830205643038,10.824171018081,0 107.830168021038,10.824045077081,0 107.830158680038,10.824018152081,0 107.830148545038,10.823910058081,0 107.830148305038,10.823882971081,0 107.830110388038,10.823720916081,0 107.830100787038,10.823675842081,0 107.830100362038,10.823630788081,0 107.830090172038,10.823513666081,0 107.830071471038,10.823468662081,0 107.830052365038,10.823369667081,0 107.830023973038,10.823252594081,0 107.829995561038,10.823144641081,0 107.829986406038,10.823135682081,0 107.829967409038,10.823054744081,0 107.829966135038,10.822919403081,0 107.829928753038,10.822820458081,0 107.829891685038,10.822748690081,0 107.829872874038,10.822685719081,0 107.829853693038,10.822586634081,0 107.829870695038,10.822451243081,0 107.829888896038,10.822451102081,0 107.829952731038,10.822459459081,0 107.829989634038,10.822504232081,0
</coordinates></LinearRing></outerBoundaryIs></Polygon>
</Placemark>
<Placemark>
<name>Polygon hoàn công 1553</name>
<description>Entity DXF: 1553; Diện tích: 1.342900884890556 ha</description>
<Style><LineStyle><width>3</width><color>ffFFBF00</color></LineStyle><PolyStyle><fill>1</fill><color>66FFBF00</color><outline>1</outline></PolyStyle></Style>
<Polygon><outerBoundaryIs><LinearRing><coordinates>
107.813012768631,10.811934329755,0
107.813012768631,10.811934329755,0
107.813012768631,10.811934329755,0
107.813003668631,10.811934398755,0
107.812985392631,10.811934628755,0
107.812948916631,10.811934907755,0
107.812921636631,10.811926178755,0
107.812903360631,10.811926318755,0
107.812866884631,10.811926687755,0
107.812839583631,10.811926896755,0
107.812839637631,10.811935925755,0
107.812812337631,10.811936134755,0
107.812794136631,10.811936364755,0
107.812784961631,10.811936434755,0
107.812748614631,10.811945742755,0
107.812748614631,10.811945742755,0
107.812694012631,10.811946251755,0
107.812675737631,10.811946390755,0
107.812639206631,10.811937731755,0
107.812611905631,10.811938030755,0
107.812566329631,10.811938379755,0
107.812529873631,10.811929720755,0
107.812466150631,10.811939327755,0
107.812457050631,10.811939397755,0
107.812429750631,10.811939606755,0
107.812374943631,10.811931086755,0
107.812283368631,10.811886820755,0
107.812283259631,10.811868853755,0
107.812236361631,10.811724923755,0
107.812171739631,10.811635304755,0
107.812171739631,10.811635304755,0
107.812107117631,10.811545776755,0
107.812142326631,10.811410066755,0
107.812159389631,10.811283615755,0
107.812159205631,10.811265557755,0
107.812167460631,10.811175291755,0
107.812166139631,10.811030921755,0
107.812247401631,10.810949035755,0
107.812365248631,10.810884837755,0
107.812401594631,10.810875439755,0
107.812556578631,10.810883101755,0
107.812684186631,10.810890973755,0
107.812747963631,10.810890394755,0
107.812793539631,10.810889955755,0
107.812921148631,10.810897827755,0
107.812957494631,10.810888429755,0
107.813094571631,10.810932345755,0
107.813122055631,10.810950103755,0
107.813150277631,10.811040000755,0
107.813150515631,10.811067087755,0
107.813187468631,10.811120980755,0
107.813223999631,10.811129639755,0
107.813333461631,10.811146679755,0
107.813360707631,10.811137441755,0
107.813361552631,10.811227638755,0
107.813398614631,10.811299408755,0
107.813390121631,10.811362588755,0
107.813408560631,10.811389535755,0
107.813409221631,10.811461674755,0
107.813400250631,10.811470773755,0
107.813391443631,10.811506867755,0
107.813373351631,10.811525245755,0
107.813337005631,10.811534553755,0
107.813337134631,10.811543582755,0
107.813310365631,10.811606902755,0
107.813310549631,10.811624959755,0
107.813256609631,10.811697608755,0
107.813238994631,10.811769977755,0
107.813239362631,10.811806002755,0
107.813166539631,10.811815679755,0
107.813066600631,10.811843623755,0
107.813030969631,10.811934189755,0
107.813030914631,10.811925160755,0
107.813012768631,10.811934329755,0
</coordinates></LinearRing></outerBoundaryIs></Polygon>
</Placemark>
<Placemark>
<name>Polygon hoàn công 1554</name>
<description>Entity DXF: 1554; Diện tích: 4.818247130811215 ha</description>
<Style><LineStyle><width>3</width><color>ffFFBF00</color></LineStyle><PolyStyle><fill>1</fill><color>66FFBF00</color><outline>1</outline></PolyStyle></Style>
<Polygon><outerBoundaryIs><LinearRing><coordinates>
107.812202063038,10.812212828081,0 107.812187202038,10.812427764081,0 107.812197494038,10.812628040081,0 107.812185711038,10.812943110081,0 107.812200920038,10.813228626081,0 107.812181666038,10.813879721081,0 107.812143402038,10.814067789081,0 107.812144617038,10.814192927081,0 107.812159830038,10.814249119081,0 107.812290357038,10.814231266081,0 107.812554617038,10.814109887081,0 107.812636700038,10.814096620081,0 107.812730744038,10.814016569081,0 107.812873304038,10.813933918081,0 107.813030155038,10.813817714081,0 107.813078483038,10.813798501081,0 107.813142690038,10.813676942081,0 107.813135157038,10.813551879081,0 107.813149674038,10.813518326081,0 107.813158563038,10.813349242081,0 107.813209269038,10.813146485081,0 107.813434871038,10.812927419081,0 107.813545341038,10.812801359081,0 107.813590698038,10.812700703081,0 107.813684878038,10.812626971081,0 107.813740773038,10.812522095081,0 107.813873026038,10.812472917081,0 107.813948192038,10.812393003081,0 107.814017630038,10.812383950081,0 107.814099884038,10.812393706081,0 107.814131786038,10.812420502081,0 107.814197609038,10.812446021081,0 107.814248571038,10.812523781081,0 107.814318541038,10.812577297081,0 107.814638843038,10.812580726081,0 107.814767918038,10.812637896081,0 107.814797629038,10.812668931081,0 107.814850547038,10.812680968081,0 107.814971600038,10.812792562081,0 107.815007461038,10.812798421081,0 107.815131782038,10.812797256081,0 107.815186670038,10.812803067081,0 107.815367891038,10.812816024081,0 107.815558345038,10.812803542081,0 107.815673452038,10.812819510081,0 107.815833633038,10.812824294081,0 107.815871787038,10.812846951081,0 107.815904285038,10.812941462081,0 107.816183054038,10.813018199081,0 107.816317783038,10.813004507081,0 107.816688621038,10.813009493081,0 107.816983713038,10.813019364081,0 107.817122523038,10.812997103081,0 107.817180279038,10.812867312081,0 107.817199008038,10.812604262081,0 107.817218484038,10.812441431081,0 107.817200130038,10.812278876081,0 107.817147945038,10.812274787081,0 107.812202002038,10.812206508081,0 107.812202063038,10.812212828081,0
</coordinates></LinearRing></outerBoundaryIs></Polygon>
</Placemark>
<Placemark>
<name>Polygon hoàn công 1555</name>
<description>Entity DXF: 1555; Diện tích: 1.311351538002491 ha</description>
<Style><LineStyle><width>3</width><color>ffFFBF00</color></LineStyle><PolyStyle><fill>1</fill><color>66FFBF00</color><outline>1</outline></PolyStyle></Style>
<Polygon><outerBoundaryIs><LinearRing><coordinates>
107.814459347038,10.808257909081,0 107.814404800038,10.808267447081,0 107.814286456038,10.808286592081,0 107.814114118038,10.808369266081,0 107.813987648038,10.808487797081,0 107.813826338038,10.808777882081,0 107.813745152038,10.808859859081,0 107.813490652038,10.808925284081,0 107.813262553038,10.808891365081,0 107.812542831038,10.808888839081,0 107.812423880038,10.808844873081,0 107.812405149038,10.808781811081,0 107.812404012038,10.808655499081,0 107.812412982038,10.808646401081,0 107.812420100038,10.808429912081,0 107.812381881038,10.808240769081,0 107.812389843038,10.808114387081,0 107.812417144038,10.808114178081,0 107.812508405038,10.808131357081,0 107.812627042038,10.808148328081,0 107.812845671038,10.808146383081,0 107.812900586038,10.808172870081,0 107.813082870038,10.808180233081,0 107.813283831038,10.808241539081,0 107.813520920038,10.808257421081,0 107.813648950038,10.808310436081,0 107.813694765038,10.808337084081,0 107.813767403038,10.808309349081,0 107.813848480038,10.808209405081,0 107.814085181038,10.808198201081,0 107.814304254038,10.808232280081,0 107.814495584038,10.808230544081,0 107.814497620038,10.808260794081,0 107.814459347038,10.808257909081,0
</coordinates></LinearRing></outerBoundaryIs></Polygon>
</Placemark>
<Placemark>
<name>Polygon hoàn công 1556</name>
<description>Entity DXF: 1556; Diện tích: 10.12576128001213 ha</description>
<Style><LineStyle><width>3</width><color>ffFFBF00</color></LineStyle><PolyStyle><fill>1</fill><color>66FFBF00</color><outline>1</outline></PolyStyle></Style>
<Polygon><outerBoundaryIs><LinearRing><coordinates>
107.822429617038,10.825685581081,0 107.822384093038,10.825695050081,0 107.822275048038,10.825723067081,0 107.822230153038,10.825786618081,0 107.822176136038,10.825859268081,0 107.822130926038,10.825895732081,0 107.822113203038,10.825950045081,0 107.822104157038,10.825959143081,0 107.822095002038,10.825950185081,0 107.822079930038,10.826293146081,0 107.822066737038,10.826834468081,0 107.822067160038,10.826879611081,0 107.822130995038,10.826888060081,0 107.822249401038,10.826877941081,0 107.822267603038,10.826877711081,0 107.822367731038,10.826867822081,0 107.822568098038,10.826866011081,0 107.822741184038,10.826855382081,0 107.822859644038,10.826854291081,0 107.822923425038,10.826853711081,0 107.823014637038,10.826861949081,0 107.823196673038,10.826851249081,0 107.823351612038,10.826849788081,0 107.823570385038,10.826856866081,0 107.823707047038,10.826855544081,0 107.823834533038,10.826854383081,0 107.824053122038,10.826843403081,0 107.824180629038,10.826833213081,0 107.824335417038,10.826831751081,0 107.824389912038,10.826813274081,0 107.824426390038,10.826812903081,0 107.824472099038,10.826821491081,0 107.824608686038,10.826820260081,0 107.824736377038,10.826828127081,0 107.824891350038,10.826844723081,0 107.824982323038,10.826825875081,0 107.825109884038,10.826824713081,0 107.825118985038,10.826824643081,0 107.825255647038,10.826823411081,0 107.825374162038,10.826831258081,0 107.825410640038,10.826830978081,0 107.825583760038,10.826838404081,0 107.825702035038,10.826819255081,0 107.825820366038,10.826809135081,0 107.825947872038,10.826799034081,0 107.825965889038,10.826780746081,0 107.825992842038,10.826735483081,0 107.826046968038,10.826680799081,0 107.826027493038,10.826545779081,0 107.825986718038,10.826086045081,0 107.825990325038,10.825490620081,0 107.825994040038,10.824913253081,0 107.825974012038,10.824724060081,0 107.825726076038,10.824509805081,0 107.825576792038,10.824141290081,0 107.825556360038,10.823897925081,0 107.825562970038,10.823636292081,0 107.825298695038,10.823629657081,0 107.824934163038,10.823623973081,0 107.824686892038,10.823481947081,0 107.824692491038,10.823103031081,0 107.824728230038,10.823030521081,0 107.824737167038,10.823003365081,0 107.824845123038,10.822857974081,0 107.825052892038,10.822675697081,0 107.825360992038,10.822492559081,0 107.825614654038,10.822336747081,0 107.825523148038,10.822292575081,0 107.824848656038,10.822262639081,0 107.824803207038,10.822272108081,0 107.824785540038,10.822335359081,0 107.824749855038,10.822416898081,0 107.824713692038,10.822444265081,0 107.824695730038,10.822471581081,0 107.824686794038,10.822498647081,0 107.824641715038,10.822544232081,0 107.824614652038,10.822571528081,0 107.824578359038,10.822589866081,0 107.824542066038,10.822608203081,0 107.824514764038,10.822608504081,0 107.824459771038,10.822581928081,0 107.824441514038,10.822573130081,0 107.824441275038,10.822546044081,0 107.824450376038,10.822545974081,0 107.824477199038,10.822491591081,0 107.824477144038,10.822482562081,0 107.824394555038,10.822420082081,0 107.824365796038,10.822267074081,0 107.824356620038,10.822267144081,0 107.824055814038,10.822251850081,0 107.823746147038,10.822263712081,0 107.823691468038,10.822264222081,0 107.823664481038,10.822291519081,0 107.823664775038,10.822327543081,0 107.823665089038,10.822354630081,0 107.823665199038,10.822372687081,0 107.823666840038,10.822544052081,0 107.823678408038,10.822814573081,0 107.823688910038,10.822958873081,0 107.823689389038,10.823012955081,0 107.823727617038,10.823202008081,0 107.823727966038,10.823247061081,0 107.823737566038,10.823292135081,0 107.823730086038,10.823472599081,0 107.823703447038,10.823545039081,0 107.823712623038,10.823544969081,0 107.823694162038,10.823527051081,0 107.823584878038,10.823528072081,0 107.823420841038,10.823529604081,0 107.823375761038,10.823575098081,0 107.823375946038,10.823593155081,0 107.823331031038,10.823665645081,0 107.823304870038,10.823792167081,0 107.823323201038,10.823801146081,0 107.823332781038,10.823855158081,0 107.823378489038,10.823863746081,0 107.823578799038,10.823852906081,0 107.823660781038,10.823852185081,0 107.823715644038,10.823869732081,0 107.823879552038,10.823859172081,0 107.824025129038,10.823839813081,0 107.824161659038,10.823829553081,0 107.824243901038,10.823846800081,0 107.824398817038,10.823854457081,0 107.824426119038,10.823854157081,0 107.824453551038,10.823862975081,0 107.824517331038,10.823862395081,0 107.824544893038,10.823880152081,0 107.824708855038,10.823878620081,0 107.824754359038,10.823878269081,0 107.824872743038,10.823877178081,0 107.824891204038,10.823895005081,0 107.824891259038,10.823904034081,0 107.825037499038,10.823956814081,0 107.825046859038,10.823974802081,0 107.825056623038,10.824046871081,0 107.825057287038,10.824119011081,0 107.825067475038,10.824236224081,0 107.825087742038,10.824452503081,0 107.825088775038,10.824560667081,0 107.825052906038,10.824624148081,0 107.825043730038,10.824624218081,0 107.824970979038,10.824633898081,0 107.824925825038,10.824679482081,0 107.824871275038,10.824689022081,0 107.824871330038,10.824698050081,0 107.824871569038,10.824725137081,0 107.824854531038,10.824842560081,0 107.824845834038,10.824896712081,0 107.824846312038,10.824950794081,0 107.824846866038,10.825004967081,0 107.824829089038,10.825050160081,0 107.824820173038,10.825068288081,0 107.824812324038,10.825212727081,0 107.824812878038,10.825266900081,0 107.824831633038,10.825320842081,0 107.824831688038,10.825329871081,0 107.824804865038,10.825384163081,0 107.824814205038,10.825411179081,0 107.824805473038,10.825447364081,0 107.824805897038,10.825492418081,0 107.824787805038,10.825510615081,0 107.824779129038,10.825555829081,0 107.824743020038,10.825592314081,0 107.824661223038,10.825611093081,0 107.824515386038,10.825612394081,0 107.824451605038,10.825612975081,0 107.824233037038,10.825615017081,0 107.824123733038,10.825624977081,0 107.823978156038,10.825644335081,0 107.823896174038,10.825645146081,0 107.823859771038,10.825645427081,0 107.823796046038,10.825655036081,0 107.823768613038,10.825646307081,0 107.823659384038,10.825656357081,0 107.823622906038,10.825656637081,0 107.823595419038,10.825638880081,0 107.823549786038,10.825630292081,0 107.823468043038,10.825658098081,0 107.823386171038,10.825676876081,0 107.823313290038,10.825677527081,0 107.823285988038,10.825677737081,0 107.823240484038,10.825678177081,0 107.823076391038,10.825670680081,0 107.823012665038,10.825680289081,0 107.822894281038,10.825681379081,0 107.822730317038,10.825682820081,0 107.822611782038,10.825683910081,0 107.822529930038,10.825693660081,0 107.822429747038,10.825694610081,0 107.822429617038,10.825685581081,0
</coordinates></LinearRing></outerBoundaryIs></Polygon>
</Placemark>
<Placemark>
<name>Polygon hoàn công 1557</name>
<description>Entity DXF: 1557; Diện tích: 17.48987567951679 ha</description>
<Style><LineStyle><width>3</width><color>ffFFBF00</color></LineStyle><PolyStyle><fill>1</fill><color>66FFBF00</color><outline>1</outline></PolyStyle></Style>
<Polygon><outerBoundaryIs><LinearRing><coordinates>
107.829977065038,10.823108756081,0 107.829986166038,10.823108686081,0 107.830004497038,10.823117484081,0 107.830004682038,10.823135542081,0 107.830013838038,10.823144500081,0 107.830013893038,10.823153439081,0 107.830014023038,10.823162467081,0 107.830014023038,10.823162467081,0 107.830004922038,10.823162628081,0 107.830004867038,10.823153599081,0 107.830004867038,10.823153599081,0 107.830004867038,10.823153599081,0 107.830004867038,10.823153599081,0 107.830004867038,10.823153599081,0 107.829995691038,10.823153669081,0 107.829995691038,10.823153669081,0 107.829995691038,10.823153669081,0 107.829995691038,10.823153669081,0 107.830014208038,10.823180525081,0 107.830023843038,10.823243566081,0 107.830061520038,10.823378625081,0 107.830080886038,10.823495678081,0 107.830100177038,10.823612731081,0 107.830119598038,10.823738903081,0 107.830129919038,10.823865054081,0 107.830149395038,10.824000165081,0 107.830168686038,10.824117307081,0 107.830188052038,10.824234450081,0 107.830188586038,10.824297561081,0 107.830217718038,10.824486683081,0 107.830255286038,10.824603596081,0 107.830393331038,10.824755760081,0 107.830641215038,10.824960893081,0 107.830678838038,10.825086924081,0 107.830709005038,10.825384211081,0 107.830721005038,10.825699875081,0 107.830715784038,10.826114907081,0 107.830717058038,10.826250157081,0 107.830691031038,10.826385709081,0 107.830591142038,10.826422777081,0 107.830536407038,10.826414260081,0 107.829871060038,10.826393203081,0 107.829005346038,10.826374050081,0 107.828704591038,10.826367788081,0 107.828130511038,10.826364083081,0 107.828030253038,10.826364945081,0 107.827920674038,10.826329852081,0 107.827902103038,10.826293968081,0 107.827874431038,10.826258154081,0 107.827791230038,10.826132654081,0 107.827745302038,10.826087951081,0 107.827662580038,10.826016623081,0 107.827571019038,10.825963243081,0 107.827387930038,10.825874719081,0 107.827032625038,10.825877996081,0 107.826879090038,10.826023738081,0 107.826834010038,10.826069323081,0 107.826698492038,10.826196777081,0 107.826671484038,10.826233102081,0 107.826635266038,10.826251440081,0 107.826598972038,10.826269869081,0 107.826553448038,10.826279248081,0 107.826507944038,10.826279689081,0 107.826462365038,10.826280130081,0 107.826170786038,10.826273796081,0 107.826125207038,10.826274146081,0 107.826043095038,10.826265929081,0 107.826005898038,10.826185131081,0 107.826004995038,10.826085905081,0 107.826017333038,10.825454295081,0 107.826016908038,10.825409152081,0 107.826021712038,10.824949067081,0 107.825983003038,10.824705933081,0 107.825744278038,10.824509574081,0 107.825725228038,10.824419608081,0 107.825613215038,10.824131890081,0 107.825602712038,10.823987681081,0 107.825583183038,10.823843632081,0 107.825708143038,10.823562760081,0 107.825844324038,10.823507446081,0 107.826105020038,10.823135145081,0 107.826114066038,10.823126046081,0 107.826113936038,10.823117017081,0 107.829811589038,10.822947864081,0 107.829977065038,10.823108756081,0
</coordinates></LinearRing></outerBoundaryIs></Polygon>
</Placemark>
<Placemark>
<name>Polygon hoàn công 1558</name>
<description>Entity DXF: 1558; Diện tích: 6.017188035547734 ha</description>
<Style><LineStyle><width>3</width><color>ffFFBF00</color></LineStyle><PolyStyle><fill>1</fill><color>66FFBF00</color><outline>1</outline></PolyStyle></Style>
<Polygon><outerBoundaryIs><LinearRing><coordinates>
107.829591134038,10.821786215081,0 107.829507269038,10.821588576081,0 107.829155329038,10.820969344081,0 107.829081339038,10.820861741081,0 107.828933955038,10.820682741081,0 107.828814354038,10.820557522081,0 107.828446078038,10.820145910081,0 107.828390605038,10.820065252081,0 107.828418037038,10.820073980081,0 107.828600144038,10.820063277081,0 107.828746033038,10.820071002081,0 107.828773259038,10.820070792081,0 107.828827883038,10.820061251081,0 107.828982818038,10.820059787081,0 107.829110432038,10.820067653081,0 107.829201567038,10.820075799081,0 107.829274872038,10.820120291081,0 107.829284287038,10.820147217081,0 107.829321724038,10.820255190081,0 107.829322094038,10.820291305081,0 107.829360195038,10.820471329081,0 107.829387682038,10.820489085081,0 107.829551773038,10.820496579081,0 107.829652509038,10.820549799081,0 107.829661610038,10.820549729081,0 107.829952889038,10.820520034081,0 107.830335545038,10.820525481081,0 107.830581451038,10.820505257081,0 107.830808636038,10.820449057081,0 107.831108461038,10.820365119081,0 107.831099491038,10.820374218081,0 107.831108351038,10.820347061081,0 107.831217524038,10.820328070081,0 107.831317890038,10.820345174081,0 107.831390585038,10.820326464081,0 107.831408916038,10.820335262081,0 107.831481926038,10.820343639081,0 107.831400906038,10.820452616081,0 107.831391990038,10.820470744081,0 107.831384350038,10.820624213081,0 107.831376559038,10.820777591081,0 107.831441854038,10.820939346081,0 107.831587689038,10.820938041081,0 107.831742419038,10.820927546081,0 107.831778952038,10.820936294081,0 107.831797653038,10.820981207081,0 107.831843396038,10.821007852081,0 107.831870829038,10.821016579081,0 107.831962095038,10.821033753081,0 107.832126001038,10.821023279081,0 107.832271891038,10.821030912081,0 107.832417576038,10.821029607081,0 107.832535979038,10.821019484081,0 107.832672824038,10.821036306081,0 107.832681979038,10.821045174081,0 107.832647443038,10.821253026081,0 107.832620566038,10.821298381081,0 107.832621712038,10.821424693081,0 107.832568864038,10.821614629081,0 107.832560134038,10.821650814081,0 107.832497630038,10.821786647081,0 107.832389472038,10.821922922081,0 107.832234687038,10.821924297081,0 107.832152576038,10.821916082081,0 107.831961367038,10.821926857081,0 107.831879496038,10.821945638081,0 107.831724635038,10.821947013081,0 107.831688287038,10.821956503081,0 107.831588160038,10.821966395081,0 107.831460546038,10.821958531081,0 107.831314786038,10.821959926081,0 107.831287463038,10.821969165081,0 107.831214474038,10.821951760081,0 107.831068713038,10.821953065081,0 107.831023135038,10.821953507081,0 107.830959410038,10.821963208081,0 107.830923008038,10.821963489081,0 107.830895836038,10.821972728081,0 107.830767962038,10.821946806081,0 107.830686036038,10.821956557081,0 107.830676935038,10.821956627081,0 107.830568022038,10.821993856081,0 107.830559271038,10.822038980081,0 107.830550596038,10.822084194081,0 107.830569887038,10.822201247081,0 107.830561081038,10.822237341081,0 107.830552830038,10.822327609081,0 107.830553015038,10.822345666081,0 107.830572382038,10.822462809081,0 107.830591118038,10.822525780081,0 107.830591118038,10.822525780081,0 107.830499446038,10.822454523081,0 107.830408050038,10.822428230081,0 107.830144070038,10.822457714081,0 107.829961887038,10.822468417081,0 107.829952731038,10.822459459081,0 107.829879796038,10.822451173081,0 107.829870695038,10.822451243081,0 107.829806970038,10.822460853081,0 107.829591134038,10.821786215081,0 107.829591134038,10.821786215081,0
</coordinates></LinearRing></outerBoundaryIs></Polygon>
</Placemark>
<Placemark>
<name>Polygon hoàn công 1559</name>
<description>Entity DXF: 1559; Diện tích: 16.00670111323595 ha</description>
<Style><LineStyle><width>3</width><color>ffFFBF00</color></LineStyle><PolyStyle><fill>1</fill><color>66FFBF00</color><outline>1</outline></PolyStyle></Style>
<Polygon><outerBoundaryIs><LinearRing><coordinates>
107.825701481038,10.805259783081,0 107.825701481038,10.805259783081,0 107.825683280038,10.805260014081,0 107.825683226038,10.805250985081,0 107.825682801038,10.805205841081,0 107.825569651038,10.804791902081,0 107.825560052038,10.804746918081,0 107.825391008038,10.804207178081,0 107.825340306038,10.803648378081,0 107.825273266038,10.803297109081,0 107.825107248038,10.803082223081,0 107.825005800038,10.802947743081,0 107.824941416038,10.802885213081,0 107.824858112038,10.802741655081,0 107.824811524038,10.802624813081,0 107.824792585038,10.802552904081,0 107.824801500038,10.802534776081,0 107.824956536038,10.802551371081,0 107.825029726038,10.802577806081,0 107.825220923038,10.802567034081,0 107.825384949038,10.802565501081,0 107.825557870038,10.802554869081,0 107.825785432038,10.802525758081,0 107.825912853038,10.802515567081,0 107.825939729038,10.802470123081,0 107.826140155038,10.802468309081,0 107.826213105038,10.802467657081,0 107.826267576038,10.802458117081,0 107.826513467038,10.802437895081,0 107.826823114038,10.802426029081,0 107.826968790038,10.802424726081,0 107.827114616038,10.802423332081,0 107.827169162038,10.802413792081,0 107.827342267038,10.802421307081,0 107.827433363038,10.802411396081,0 107.827688280038,10.802391012081,0 107.827824986038,10.802398807081,0 107.827888761038,10.802398226081,0 107.828098157038,10.802387311081,0 107.828289428038,10.802376538081,0 107.828362304038,10.802375886081,0 107.828416924038,10.802366345081,0 107.828671636038,10.802336932081,0 107.828835662038,10.802335487081,0 107.829008658038,10.802324853081,0 107.829063279038,10.802315313081,0 107.829172609038,10.802323408081,0 107.829200039038,10.802332136081,0 107.829373515038,10.802375675081,0 107.829428745038,10.802429245081,0 107.829474376038,10.802437833081,0 107.829520191038,10.802464477081,0 107.829611691038,10.802508828081,0 107.829520561038,10.802500683081,0 107.829484086038,10.802500964081,0 107.829439840038,10.802645685081,0 107.829431645038,10.802744981081,0 107.829413760038,10.802772208081,0 107.829413999038,10.802799294081,0 107.829414795038,10.802880372081,0 107.829434434038,10.803042659081,0 107.829490514038,10.803186427081,0 107.829500149038,10.803249467081,0 107.829529464038,10.803456738081,0 107.829557854038,10.803573720081,0 107.829576109038,10.803582608081,0 107.829721641038,10.803545189081,0 107.829767196038,10.803553776081,0 107.829903608038,10.803525455081,0 107.829958283038,10.803524944081,0 107.829995239038,10.803578745081,0 107.830013734038,10.803614629081,0 107.830032969038,10.803722743081,0 107.830062044038,10.803902927081,0 107.830109115038,10.804073851081,0 107.830129330038,10.804281192081,0 107.830158570038,10.804488371081,0 107.830158680038,10.804506429081,0 107.830305172038,10.804577174081,0 107.830451164038,10.804602955081,0 107.830460984038,10.804684053081,0 107.830388293038,10.804702763081,0 107.830244242038,10.804884463081,0 107.830209651038,10.805083196081,0 107.830074644038,10.805255886081,0 107.830029603038,10.805319439081,0 107.829911226038,10.805320533081,0 107.829692653038,10.805331518081,0 107.829656252038,10.805331889081,0 107.829528755038,10.805342082081,0 107.829410433038,10.805352205081,0 107.829237305038,10.805353719081,0 107.829155459038,10.805363561081,0 107.828945746038,10.805347389081,0 107.828745502038,10.805367263081,0 107.828654296038,10.805359117081,0 107.828171353038,10.805345502081,0 107.827779597038,10.805349062081,0 107.827178497038,10.805372564081,0 107.826977959038,10.805356412081,0 107.826230498038,10.805318104081,0 107.825829512038,10.805312793081,0 107.825701481038,10.805259783081,0 107.825646880038,10.805260294081,0 107.825646935038,10.805269323081,0 107.825701481038,10.805259783081,0
</coordinates></LinearRing></outerBoundaryIs></Polygon>
</Placemark>
<Placemark>
<name>Polygon hoàn công 1560</name>
<description>Entity DXF: 1560; Diện tích: 0.6925497361421585 ha</description>
<Style><LineStyle><width>3</width><color>ffFFBF00</color></LineStyle><PolyStyle><fill>1</fill><color>66FFBF00</color><outline>1</outline></PolyStyle></Style>
<Polygon><outerBoundaryIs><LinearRing><coordinates>
107.810517800038,10.797811666081,0 107.810517855038,10.797820605081,0 107.810382289038,10.797939114081,0 107.810391573038,10.797957101081,0 107.810492958038,10.798082466081,0 107.810621590038,10.798198503081,0 107.810621590038,10.798198503081,0 107.810768680038,10.798332548081,0 107.810768680038,10.798332548081,0 107.810988126038,10.798429739081,0 107.811097529038,10.798437751081,0 107.811414052038,10.798182326081,0 107.811459258038,10.798145772081,0 107.811403815038,10.798056084081,0 107.811284337038,10.797949007081,0 107.811284337038,10.797949007081,0 107.811119122038,10.797815192081,0 107.811110023038,10.797815261081,0 107.811081511038,10.797689159081,0 107.811079952038,10.797517793081,0 107.811097198038,10.797409400081,0 107.811005389038,10.797338138081,0 107.810996289038,10.797338207081,0 107.810815993038,10.797547262081,0 107.810725893038,10.797647275081,0 107.810681034038,10.797728882081,0 107.810671988038,10.797737981081,0 107.810536075038,10.797811437081,0 107.810517800038,10.797811666081,0
</coordinates></LinearRing></outerBoundaryIs></Polygon>
</Placemark>
<Placemark>
<name>Polygon hoàn công 1561</name>
<description>Entity DXF: 1561; Diện tích: 0.8347820121467113 ha</description>
<Style><LineStyle><width>3</width><color>ffFFBF00</color></LineStyle><PolyStyle><fill>1</fill><color>66FFBF00</color><outline>1</outline></PolyStyle></Style>
<Polygon><outerBoundaryIs><LinearRing><coordinates>
107.808311143038,10.796622849081,0 107.808321162038,10.796712976081,0 107.808303179038,10.796749140081,0 107.808186072038,10.796885566081,0 107.808095474038,10.796940525081,0 107.808059129038,10.796949923081,0 107.807986915038,10.797022709081,0 107.807959486038,10.797013980081,0 107.807923379038,10.797050373081,0 107.807887401038,10.797095795081,0 107.807951522038,10.797140271081,0 107.808161704038,10.797210538081,0 107.808198178038,10.797210170081,0 107.808289014038,10.797182297081,0 107.808297930038,10.797164170081,0 107.808360622038,10.797046399081,0 107.808387337038,10.796973961081,0 107.808478465038,10.796982203081,0 107.808524277038,10.797008850081,0 107.808624764038,10.797034990081,0 107.808715654038,10.797016055081,0 107.808761228038,10.797015707081,0 107.808797628038,10.797015338081,0 107.808925251038,10.797014183081,0 107.809042964038,10.796940957081,0 107.809124461038,10.796886068081,0 107.809179244038,10.796903617081,0 107.809206673038,10.796912437081,0 107.809316790038,10.797001617081,0 107.809381408038,10.797091236081,0 107.809427350038,10.797126913081,0 107.809473088038,10.797153560081,0 107.809518662038,10.797153122081,0 107.809527470038,10.797116937081,0 107.809535596038,10.797017642081,0 107.809406435038,10.796838404081,0 107.809388052038,10.796820485081,0 107.809296611038,10.796785248081,0 107.809094868038,10.796642772081,0 107.808911564038,10.796527243081,0 107.808838323038,10.796491775081,0 107.808727784038,10.796357451081,0 107.808443994038,10.796215692081,0 107.808389763038,10.796252225081,0 107.808281626038,10.796379463081,0 107.808154133038,10.796389647081,0 107.808163892038,10.796461807081,0 107.808246342038,10.796515172081,0 107.808356057038,10.796550271081,0 107.808346882038,10.796550340081,0 107.808301989038,10.796613890081,0 107.808311143038,10.796622849081,0
</coordinates></LinearRing></outerBoundaryIs></Polygon>
</Placemark>
<Placemark>
<name>Polygon hoàn công 1562</name>
<description>Entity DXF: 1562; Diện tích: 1.277986996424198 ha</description>
<Style><LineStyle><width>3</width><color>ffFFBF00</color></LineStyle><PolyStyle><fill>1</fill><color>66FFBF00</color><outline>1</outline></PolyStyle></Style>
<Polygon><outerBoundaryIs><LinearRing><coordinates>
107.806693255038,10.797025460081,0 107.806720263038,10.796989136081,0 107.806720079038,10.796971079081,0 107.806719528038,10.796916997081,0 107.806719236038,10.796880792081,0 107.806719052038,10.796862734081,0 107.806745509038,10.796772328081,0 107.806744244038,10.796637078081,0 107.806797599038,10.796492291081,0 107.806751862038,10.796465553081,0 107.806751311038,10.796411381081,0 107.806814555038,10.796347693081,0 107.806877832038,10.796302062081,0 107.806904893038,10.796274767081,0 107.806922141038,10.796166373081,0 107.806876329038,10.796139725081,0 107.806858367038,10.796166951081,0 107.806840093038,10.796167090081,0 107.806721060038,10.796096036081,0 107.806720584038,10.796041954081,0 107.806720347038,10.796014777081,0 107.806737628038,10.795924441081,0 107.806791955038,10.795878880081,0 107.806854702038,10.795770048081,0 107.806845310038,10.795734093081,0 107.806771757038,10.795671539081,0 107.806726019038,10.795644981081,0 107.806707161038,10.795572891081,0 107.806724626038,10.795500522081,0 107.806724333038,10.795464497081,0 107.806705950038,10.795446579081,0 107.806705658038,10.795410554081,0 107.806723490038,10.795374300081,0 107.806740922038,10.795283964081,0 107.806850670038,10.795337030081,0 107.806923727038,10.795354441081,0 107.807087987038,10.795380004081,0 107.807115524038,10.795406791081,0 107.807279600038,10.795414386081,0 107.807471581038,10.795484793081,0 107.807645179038,10.795537282081,0 107.807654333038,10.795546241081,0 107.807690861038,10.795554901081,0 107.807800447038,10.795581061081,0 107.807818409038,10.795553745081,0 107.807845545038,10.795526451081,0 107.807819068038,10.795625975081,0 107.807883393038,10.795679570081,0 107.807920160038,10.795715316081,0 107.808012077038,10.795804636081,0 107.808241355038,10.795973900081,0 107.808352152038,10.796126372081,0 107.808434894038,10.796215762081,0 107.808371488038,10.796252454081,0 107.808299642038,10.796361266081,0 107.808181507038,10.796389438081,0 107.808017009038,10.796336789081,0 107.807988736038,10.796237863081,0 107.807951786038,10.796184059081,0 107.807942080038,10.796121018081,0 107.807950833038,10.796075895081,0 107.807923275038,10.796058047081,0 107.807850109038,10.796022669081,0 107.807813710038,10.796022948081,0 107.807632257038,10.796114808081,0 107.807595857038,10.796115177081,0 107.807395307038,10.796107950081,0 107.807276880038,10.796100007081,0 107.807195069038,10.796127809081,0 107.807085612038,10.796110768081,0 107.807030884038,10.796102247081,0 107.807040936038,10.796210341081,0 107.806996280038,10.796300977081,0 107.806933403038,10.796400780081,0 107.806888434038,10.796464329081,0 107.806862032038,10.796563853081,0 107.806808256038,10.796663497081,0 107.806872927038,10.796762145081,0 107.806937123038,10.796806621081,0 107.806991505038,10.796770088081,0 107.807009759038,10.796778978081,0 107.807037188038,10.796787708081,0 107.807037188038,10.796787708081,0 107.806992110038,10.796833199081,0 107.806992110038,10.796833199081,0 107.806965395038,10.796905638081,0 107.806947433038,10.796932953081,0 107.806874192038,10.796897395081,0 107.806829298038,10.796961035081,0 107.806693255038,10.797025460081,0
</coordinates></LinearRing></outerBoundaryIs></Polygon>
</Placemark>
<Placemark>
<name>Polygon hoàn công 1563</name>
<description>Entity DXF: 1563; Diện tích: 6.969036712318659 ha</description>
<Style><LineStyle><width>3</width><color>ffFFBF00</color></LineStyle><PolyStyle><fill>1</fill><color>66FFBF00</color><outline>1</outline></PolyStyle></Style>
<Polygon><outerBoundaryIs><LinearRing><coordinates>
107.806295128038,10.792401313081,0 107.806286396038,10.792437408081,0 107.806251608038,10.792618170081,0 107.806199042038,10.792844125081,0 107.806209828038,10.793024540081,0 107.806201149038,10.793069753081,0 107.806174197038,10.793115015081,0 107.806137668038,10.793106355081,0 107.806110185038,10.793088597081,0 107.805963726038,10.793008722081,0 107.805954497038,10.792999763081,0 107.805899402038,10.792955217081,0 107.805890011038,10.792919082081,0 107.805735036038,10.792911506081,0 107.805680124038,10.792884928081,0 107.805661741038,10.792867100081,0 107.805661503038,10.792840014081,0 107.805652166038,10.792813087081,0 107.805614557038,10.792687144081,0 107.805614373038,10.792669087081,0 107.805622868038,10.792605906081,0 107.805640354038,10.792524509081,0 107.805648794038,10.792452209081,0 107.805648557038,10.792425123081,0 107.805630044038,10.792398266081,0 107.805638722038,10.792353143081,0 107.805647421038,10.792298902081,0 107.805664778038,10.792208565081,0 107.805646103038,10.792154623081,0 107.805645260038,10.792064426081,0 107.805672267038,10.792028012081,0 107.805644288038,10.791965109081,0 107.805607284038,10.791902367081,0 107.805561235038,10.791848633081,0 107.805524577038,10.791830944081,0 107.805506215038,10.791804087081,0 107.805432608038,10.791732595081,0 107.805414279038,10.791723705081,0 107.805404888038,10.791687750081,0 107.805413749038,10.791660594081,0 107.805394870038,10.791597532081,0 107.805376141038,10.791534561081,0 107.805348345038,10.791489716081,0 107.805293142038,10.791427113081,0 107.805256852038,10.791445448081,0 107.805211224038,10.791436858081,0 107.805156551038,10.791437365081,0 107.805083679038,10.791438012081,0 107.805028638038,10.791402404081,0 107.804964152038,10.791321813081,0 107.804954869038,10.791303916081,0 107.804908344038,10.791196099081,0 107.804881045038,10.791196308081,0 107.804826426038,10.791205844081,0 107.804717026038,10.791197830081,0 107.804698902038,10.791197970081,0 107.804680573038,10.791189170081,0 107.804643678038,10.791144305081,0 107.804560863038,10.791054824081,0 107.804542664038,10.791054963081,0 107.804479075038,10.791073597081,0 107.804405543038,10.791002104081,0 107.804378115038,10.790993374081,0 107.804314396038,10.791002980081,0 107.804232370038,10.790994667081,0 107.804168598038,10.790995244081,0 107.804086605038,10.791004989081,0 107.804004341038,10.790969680081,0 107.803922423038,10.790979425081,0 107.803867641038,10.790961875081,0 107.803776624038,10.790971779081,0 107.803749250038,10.790971988081,0 107.803722005038,10.790981225081,0 107.803684580038,10.790873339081,0 107.803766206038,10.790827570081,0 107.803793084038,10.790782218081,0 107.803838658038,10.790781780081,0 107.803893331038,10.790781273081,0 107.804029976038,10.790780049081,0 107.804102535038,10.790752317081,0 107.804165887038,10.790706596081,0 107.804275233038,10.790705581081,0 107.804320310038,10.790660090081,0 107.804347262038,10.790614738081,0 107.804374507038,10.790605500081,0 107.804420189038,10.790623120081,0 107.804474019038,10.790532416081,0 107.804482827038,10.790496231081,0 107.804455215038,10.790469444081,0 107.804436962038,10.790460645081,0 107.804400434038,10.790451894081,0 107.804291163038,10.790452909081,0 107.804273126038,10.790480134081,0 107.804191467038,10.790507936081,0 107.804173193038,10.790508075081,0 107.804091221038,10.790508791081,0 107.804064214038,10.790545115081,0 107.804000387038,10.790536753081,0 107.803936906038,10.790573354081,0 107.803882233038,10.790573862081,0 107.803791529038,10.790610762081,0 107.803727756038,10.790611339081,0 107.803609311038,10.790612423081,0 107.803527339038,10.790613139081,0 107.803481636038,10.790604548081,0 107.803463512038,10.790604687081,0 107.803436084038,10.790595957081,0 107.803390014038,10.790551251081,0 107.803352535038,10.790434336081,0 107.803342723038,10.790353238081,0 107.803342302038,10.790308184081,0 107.803260276038,10.790299871081,0 107.803187199038,10.790291489081,0 107.803178412038,10.790318645081,0 107.803160267038,10.790327903081,0 107.803133022038,10.790337140081,0 107.803105594038,10.790328319081,0 107.803050133038,10.790247568081,0 107.803049475038,10.790175429081,0 107.803067457038,10.790139175081,0 107.803085289038,10.790103011081,0 107.803076373038,10.790121048081,0 107.803102959038,10.790039671081,0 107.803111930038,10.790030573081,0 107.803029904038,10.790022260081,0 107.802975835038,10.790085968081,0 107.802966919038,10.790104005081,0 107.802921713038,10.790140558081,0 107.802885531038,10.790176950081,0 107.802849187038,10.790186257081,0 107.802784626038,10.790105665081,0 107.802774814038,10.790024567081,0 107.802765714038,10.790024726081,0 107.802729316038,10.790025004081,0 107.802692129038,10.789944204081,0 107.802700916038,10.789917049081,0 107.802700678038,10.789889962081,0 107.802708753038,10.789781639081,0 107.802717031038,10.789682344081,0 107.802716977038,10.789673315081,0 107.802744146038,10.789664078081,0 107.802753084038,10.789636922081,0 107.802743542038,10.789600877081,0 107.802679349038,10.789556400081,0 107.802632825038,10.789448583081,0 107.802614280038,10.789403579081,0 107.802604922038,10.789385591081,0 107.802604684038,10.789358595081,0 107.802558765038,10.789313889081,0 107.802522238038,10.789305228081,0 107.802485710038,10.789296478081,0 107.802439716038,10.789251862081,0 107.802403188038,10.789243111081,0 107.802375522038,10.789207295081,0 107.802374626038,10.789108069081,0 107.802383197038,10.789044889081,0 107.802383197038,10.789044889081,0 107.802428273038,10.788999398081,0 107.802564863038,10.788989147081,0 107.802573888038,10.788989077081,0 107.802601262038,10.788988778081,0 107.802674134038,10.788988132081,0 107.802801624038,10.788977950081,0 107.802874734038,10.789004390081,0 107.802993600038,10.789048360081,0 107.803066342038,10.789038685081,0 107.803111807038,10.789020280081,0 107.803221132038,10.789028294081,0 107.803293949038,10.789018619081,0 107.803403165038,10.789008576081,0 107.803466938038,10.789007999081,0 107.803539810038,10.789007353081,0 107.803677901038,10.789159437081,0 107.803788381038,10.789284735081,0 107.803843162038,10.789302284081,0 107.804025984038,10.789363734081,0 107.804035084038,10.789363665081,0 107.804145618038,10.789497990081,0 107.804118978038,10.789570429081,0 107.804128682038,10.789633470081,0 107.804229404038,10.789686697081,0 107.804284077038,10.789686190081,0 107.804338620038,10.789676653081,0 107.804375073038,10.789685314081,0 107.804475502038,10.789702516081,0 107.804530413038,10.789729005081,0 107.804594240038,10.789737456081,0 107.804730830038,10.789727204081,0 107.804767358038,10.789735955081,0 107.804822031038,10.789735447081,0 107.804840101038,10.789726189081,0 107.804958546038,10.789725195081,0 107.805113573038,10.789741799081,0 107.805204774038,10.789749951081,0 107.805295845038,10.789749166081,0 107.805341419038,10.789748728081,0 107.805377946038,10.789757478081,0 107.805451132038,10.789783827081,0 107.805487530038,10.789783459081,0 107.805505600038,10.789774291081,0 107.805560219038,10.789764845081,0 107.805633091038,10.789764108081,0 107.805760690038,10.789771982081,0 107.805879427038,10.789807012081,0 107.805880638038,10.789933324081,0 107.805890947038,10.790059566081,0 107.805874543038,10.790258066081,0 107.805839571038,10.790420862081,0 107.805832158038,10.790601325081,0 107.805878315038,10.790673026081,0 107.805961681038,10.790816679081,0 107.806035872038,10.790960312081,0 107.806119401038,10.791130870081,0 107.806157670038,10.791329043081,0 107.806196122038,10.791545183081,0 107.806197678038,10.791716639081,0 107.806206983038,10.791725508081,0 107.806226134038,10.791833623081,0 107.806226922038,10.791914791081,0 107.806246332038,10.792040874081,0 107.806293333038,10.792202862081,0 107.806313348038,10.792392056081,0 107.806304173038,10.792392125081,0 107.806295128038,10.792401313081,0
</coordinates></LinearRing></outerBoundaryIs></Polygon>
</Placemark>
<Placemark>
<name>Polygon hoàn công 1564</name>
<description>Entity DXF: 1564; Diện tích: 0.6883353690624237 ha</description>
<Style><LineStyle><width>3</width><color>ffFFBF00</color></LineStyle><PolyStyle><fill>1</fill><color>66FFBF00</color><outline>1</outline></PolyStyle></Style>
<Polygon><outerBoundaryIs><LinearRing><coordinates>
107.806383032038,10.792048768081,0 107.806373932038,10.792048838081,0 107.806355604038,10.792039858081,0 107.806346504038,10.792039928081,0 107.806273339038,10.792004550081,0 107.806245543038,10.791959705081,0 107.806216980038,10.791824664081,0 107.806206561038,10.791680454081,0 107.806206194038,10.791644430081,0 107.806215110038,10.791626303081,0 107.806278774038,10.791607668081,0 107.806342547038,10.791607091081,0 107.806433490038,10.791597185081,0 107.806506492038,10.791605567081,0 107.806643083038,10.791595224081,0 107.806670382038,10.791595015081,0 107.806798090038,10.791620946081,0 107.806834564038,10.791620668081,0 107.806861993038,10.791629398081,0 107.806880321038,10.791638287081,0 107.806980860038,10.791673456081,0 107.807026542038,10.791691075081,0 107.807072116038,10.791690637081,0 107.807172363038,10.791689781081,0 107.807236190038,10.791698142081,0 107.807272664038,10.791697863081,0 107.807327316038,10.791706384081,0 107.807500361038,10.791704790081,0 107.807638292038,10.791829787081,0 107.807703364038,10.791982517081,0 107.807703548038,10.792000575081,0 107.807613027038,10.792055624081,0 107.807512780038,10.792056570081,0 107.807367034038,10.792057865081,0 107.807330690038,10.792067172081,0 107.807266917038,10.792067750081,0 107.807175791038,10.792059598081,0 107.807075544038,10.792060453081,0 107.806975188038,10.792043342081,0 107.806865842038,10.792044358081,0 107.806756679038,10.792063341081,0 107.806674944038,10.792091144081,0 107.806456197038,10.792084146081,0 107.806437814038,10.792066228081,0 107.806383032038,10.792048768081,0
</coordinates></LinearRing></outerBoundaryIs></Polygon>
</Placemark>
<Placemark>
<name>Polygon hoàn công 1565</name>
<description>Entity DXF: 1565; Diện tích: 2.270040510994196 ha</description>
<Style><LineStyle><width>3</width><color>ffFFBF00</color></LineStyle><PolyStyle><fill>1</fill><color>66FFBF00</color><outline>1</outline></PolyStyle></Style>
<Polygon><outerBoundaryIs><LinearRing><coordinates>
107.803024858038,10.792439908081,0 107.803015996038,10.792467064081,0 107.803016655038,10.792539294081,0 107.803081583038,10.792655910081,0 107.803191330038,10.792709068081,0 107.803209529038,10.792708929081,0 107.803282239038,10.792681197081,0 107.803381990038,10.792635198081,0 107.803508877038,10.792561905081,0 107.803681814038,10.792542256081,0 107.803836713038,10.792549923081,0 107.803982588038,10.792557569081,0 107.804128571038,10.792583362081,0 107.804137725038,10.792592231081,0 107.804220302038,10.792654626081,0 107.804275689038,10.792735287081,0 107.804340250038,10.792815878081,0 107.804340596038,10.792861021081,0 107.804295519038,10.792906513081,0 107.804223197038,10.792961332081,0 107.804077376038,10.792962715081,0 107.803959113038,10.792981766081,0 107.803950088038,10.792981836081,0 107.803804743038,10.793037300081,0 107.803713746038,10.793038086081,0 107.803677196038,10.793038454081,0 107.803558825038,10.793039538081,0 107.803495106038,10.793049144081,0 107.803367559038,10.793050297081,0 107.803258158038,10.793042283081,0 107.803149016038,10.793052236081,0 107.803085243038,10.793052812081,0 107.803030440038,10.793044291081,0 107.802920802038,10.793009190081,0 107.802911627038,10.793009350081,0 107.802838700038,10.793000967081,0 107.802738582038,10.793010851081,0 107.802611219038,10.793030061081,0 107.802547521038,10.793030638081,0 107.802419845038,10.793022762081,0 107.802410800038,10.793031860081,0 107.802319673038,10.793023707081,0 107.802210197038,10.793015692081,0 107.802128117038,10.792998350081,0 107.802127933038,10.792980293081,0 107.802173248038,10.792961798081,0 107.802218951038,10.792970479081,0 107.802255242038,10.792952054081,0 107.802300557038,10.792933558081,0 107.802346077038,10.792924183081,0 107.802363909038,10.792887929081,0 107.802263187038,10.792834701081,0 107.802208514038,10.792835208081,0 107.802116912038,10.792772882081,0 107.802107500038,10.792745956081,0 107.802180685038,10.792772306081,0 107.802216847038,10.792744942081,0 107.802188889038,10.792673011081,0 107.802124749038,10.792637563081,0 107.802079305038,10.792646939081,0 107.802052006038,10.792647237081,0 107.801996782038,10.792593572081,0 107.801896481038,10.792585488081,0 107.801869053038,10.792576757081,0 107.801858874038,10.792459454081,0 107.801849720038,10.792450585081,0 107.801749602038,10.792460468081,0 107.801740373038,10.792451508081,0 107.801703899038,10.792451876081,0 107.801585528038,10.792452960081,0 107.801549238038,10.792471295081,0 107.801476073038,10.792435916081,0 107.801438574038,10.792328030081,0 107.801419954038,10.792283025081,0 107.801392105038,10.792229242081,0 107.801409355038,10.792120848081,0 107.801409117038,10.792093762081,0 107.801427133038,10.792075476081,0 107.801453903038,10.792012066081,0 107.801407509038,10.791913278081,0 107.801352653038,10.791895728081,0 107.801342949038,10.791832686081,0 107.801342528038,10.791787633081,0 107.801351261038,10.791751449081,0 107.801413955038,10.791633589081,0 107.801440854038,10.791579209081,0 107.801440433038,10.791534156081,0 107.801503364038,10.791443382081,0 107.801503181038,10.791425325081,0 107.801511255038,10.791317001081,0 107.801473961038,10.791218144081,0 107.801464732038,10.791209184081,0 107.801391018038,10.791119633081,0 107.801326458038,10.791039041081,0 107.801298630038,10.790976139081,0 107.801298209038,10.790930995081,0 107.801408322038,10.791020269081,0 107.801847423038,10.791214755081,0 107.801994430038,10.791348713081,0 107.802012630038,10.791348574081,0 107.802124243038,10.791600093081,0 107.802125451038,10.791726405081,0 107.802062996038,10.791871260081,0 107.802138998038,10.792204406081,0 107.802195334038,10.792393322081,0 107.802241695038,10.792474052081,0 107.802879718038,10.792504311081,0 107.802997613038,10.792449145081,0 107.803024858038,10.792439908081,0
</coordinates></LinearRing></outerBoundaryIs></Polygon>
</Placemark>
<Placemark>
<name>Polygon hoàn công 1567</name>
<description>Entity DXF: 1567; Diện tích: 3.076161210906505 ha</description>
<Style><LineStyle><width>3</width><color>ffFFBF00</color></LineStyle><PolyStyle><fill>1</fill><color>66FFBF00</color><outline>1</outline></PolyStyle></Style>
<Polygon><outerBoundaryIs><LinearRing><coordinates>
107.807288302038,10.829820041081,0 107.807306320038,10.829801844081,0 107.807223992038,10.829757507081,0 107.807268469038,10.829648905081,0 107.807304159038,10.829567459081,0 107.807263358038,10.829098696081,0 107.807499858038,10.829051473081,0 107.807545784038,10.829096088081,0 107.807609565038,10.829095511081,0 107.807645860038,10.829077176081,0 107.807846065038,10.829048289081,0 107.807908711038,10.828921400081,0 107.807925518038,10.828776982081,0 107.807888802038,10.828750264081,0 107.807906474038,10.828686834081,0 107.808143212038,10.828666697081,0 107.808480739038,10.828708635081,0 107.808418698038,10.828898724081,0 107.808442748038,10.829520934081,0 107.808531033038,10.830205768081,0 107.808442608038,10.830486173081,0 107.808118504038,10.830913117081,0 107.807478679038,10.831685675081,0 107.807478074038,10.831622564081,0 107.807368258038,10.831560469081,0 107.807436322038,10.831045637081,0 107.807370142038,10.830784653081,0 107.807395704038,10.830594932081,0 107.807349174038,10.830487116081,0 107.807330972038,10.830487255081,0 107.807311247038,10.830334086081,0 107.807264717038,10.830226270081,0 107.807326153038,10.829973160081,0 107.807305477038,10.829711737081,0 107.807288302038,10.829820041081,0
</coordinates></LinearRing></outerBoundaryIs></Polygon>
</Placemark>
<Placemark>
<name>Polygon hoàn công 1568</name>
<description>Entity DXF: 1568; Diện tích: 2.775009901332856 ha</description>
<Style><LineStyle><width>3</width><color>ffFFBF00</color></LineStyle><PolyStyle><fill>1</fill><color>66FFBF00</color><outline>1</outline></PolyStyle></Style>
<Polygon><outerBoundaryIs><LinearRing><coordinates>
107.808668539038,10.830294650081,0 107.808676742038,10.830195445081,0 107.808657881038,10.830123445081,0 107.808648467038,10.830096338081,0 107.808647992038,10.830042256081,0 107.808647624038,10.830006232081,0 107.808573423038,10.829862600081,0 107.808561922038,10.829601108081,0 107.808560603038,10.829456739081,0 107.808578805038,10.829456509081,0 107.808596823038,10.829438313081,0 107.808577962038,10.829366403081,0 107.808586695038,10.829330218081,0 107.808622882038,10.829293825081,0 107.808594899038,10.829230833081,0 107.808594661038,10.829203837081,0 107.808557652038,10.829141005081,0 107.808557231038,10.829095951081,0 107.808656755038,10.829022866081,0 107.808701546038,10.828941260081,0 107.808683106038,10.828914313081,0 107.808628004038,10.828869767081,0 107.808627529038,10.828815685081,0 107.808690758038,10.828760936081,0 107.808718136038,10.828760727081,0 107.808754539038,10.828760358081,0 107.808772816038,10.828760219081,0 107.808918449038,10.828749897081,0 107.808936781038,10.828758696081,0 107.808973367038,10.828776475081,0 107.809019001038,10.828785065081,0 107.809128599038,10.828811136081,0 107.809183517038,10.828837624081,0 107.809256528038,10.828846006081,0 107.809302324038,10.828881682081,0 107.809366364038,10.828899072081,0 107.809521391038,10.828924794081,0 107.809576255038,10.828942253081,0 107.809576384038,10.828951282081,0 107.809576255038,10.828942253081,0 107.809567154038,10.828942413081,0 107.809594769038,10.828969200081,0 107.809585431038,10.828942184081,0 107.809594586038,10.828951143081,0 107.809649395038,10.828959664081,0 107.809740533038,10.828967816081,0 107.809831854038,10.828994115081,0 107.809886534038,10.828993698081,0 107.809932242038,10.829002288081,0 107.809977801038,10.829010878081,0 107.810050628038,10.829001202081,0 107.810123823038,10.829027551081,0 107.810169749038,10.829072256081,0 107.810178720038,10.829063158081,0 107.810225327038,10.829170974081,0 107.810218151038,10.829378523081,0 107.810238278038,10.829585864081,0 107.810258481038,10.829793024081,0 107.810214881038,10.830009970081,0 107.810088768038,10.830164523081,0 107.810070566038,10.830164663081,0 107.810025225038,10.830192187081,0 107.809844248038,10.830329100081,0 107.809635492038,10.830412231081,0 107.809425763038,10.830396135081,0 107.809234182038,10.830370691081,0 107.809042785038,10.830363395081,0 107.808896837038,10.830346722081,0 107.808796339038,10.830320581081,0 107.808659568038,10.830303748081,0 107.808668539038,10.830294650081,0
</coordinates></LinearRing></outerBoundaryIs></Polygon>
</Placemark>
<Placemark>
<name>Polygon hoàn công 1569</name>
<description>Entity DXF: 1569; Diện tích: 1.080582169616222 ha</description>
<Style><LineStyle><width>3</width><color>ffFFBF00</color></LineStyle><PolyStyle><fill>1</fill><color>66FFBF00</color><outline>1</outline></PolyStyle></Style>
<Polygon><outerBoundaryIs><LinearRing><coordinates>
107.808842623038,10.831375579081,0 107.808842256038,10.831339554081,0 107.808794882038,10.831141451081,0 107.808783910038,10.830943160081,0 107.808764022038,10.830762905081,0 107.808698209038,10.830537946081,0 107.808688849038,10.830520048081,0 107.808679510038,10.830493031081,0 107.808679142038,10.830457007081,0 107.808705915038,10.830393597081,0 107.808933370038,10.830355382081,0 107.809070162038,10.830363186081,0 107.809124951038,10.830380736081,0 107.809261560038,10.830370483081,0 107.809288862038,10.830370183081,0 107.809371029038,10.830387614081,0 107.809581471038,10.830484878081,0 107.809564773038,10.830647353081,0 107.809555543038,10.830638394081,0 107.809492551038,10.830720230081,0 107.809492789038,10.830747316081,0 107.809475009038,10.830792509081,0 107.809475247038,10.830819595081,0 107.809457467038,10.830864787081,0 107.809457943038,10.830918960081,0 107.809476382038,10.830945906081,0 107.809549632038,10.830981284081,0 107.809586403038,10.831017030081,0 107.809623541038,10.831088891081,0 107.809596531038,10.831125215081,0 107.809596769038,10.831152211081,0 107.809506583038,10.831252313081,0 107.809497665038,10.831270440081,0 107.809498325038,10.831342579081,0 107.809489462038,10.831369735081,0 107.809498747038,10.831387723081,0 107.809471920038,10.831442013081,0 107.809444726038,10.831460280081,0 107.809435993038,10.831496554081,0 107.809417954038,10.831523780081,0 107.809381734038,10.831542115081,0 107.809336889038,10.831614693081,0 107.809318979038,10.831650947081,0 107.809246281038,10.831669652081,0 107.809200572038,10.831661061081,0 107.809172923038,10.831616217081,0 107.809008384038,10.831572596081,0 107.808862695038,10.831573890081,0 107.808835079038,10.831547103081,0 107.808842623038,10.831375579081,0
</coordinates></LinearRing></outerBoundaryIs></Polygon>
</Placemark>
<Placemark>
<name>Polygon hoàn công 1570</name>
<description>Entity DXF: 1570; Diện tích: 0.7692371088862419 ha</description>
<Style><LineStyle><width>3</width><color>ffFFBF00</color></LineStyle><PolyStyle><fill>1</fill><color>66FFBF00</color><outline>1</outline></PolyStyle></Style>
<Polygon><outerBoundaryIs><LinearRing><coordinates>
107.808661094038,10.831458409081,0 107.808652966038,10.831557794081,0 107.808635715038,10.831666188081,0 107.808517145038,10.831649215081,0 107.808453072038,10.831613678081,0 107.808434740038,10.831604879081,0 107.808371067038,10.831623513081,0 107.808307232038,10.831615062081,0 107.808243267038,10.831597581081,0 107.808179615038,10.831607187081,0 107.808152237038,10.831607396081,0 107.808143211038,10.831607556081,0 107.808115650038,10.831589707081,0 107.808106657038,10.831607834081,0 107.808097924038,10.831644019081,0 107.807961206038,10.831636214081,0 107.807769808038,10.831628917081,0 107.807733329038,10.831629285081,0 107.807660263038,10.831611874081,0 107.807651108038,10.831603005081,0 107.807713734038,10.831485055081,0 107.807867042038,10.831312327081,0 107.808002204038,10.831148677081,0 107.808146357038,10.830966990081,0 107.808254249038,10.830821696081,0 107.808380309038,10.830658115081,0 107.808506627038,10.830512682081,0 107.808524332038,10.830467399081,0 107.808551234038,10.830413108081,0 107.808578353038,10.830394752081,0 107.808633217038,10.830412302081,0 107.808597214038,10.830466752081,0 107.808579618038,10.830530002081,0 107.808589983038,10.830665273081,0 107.808590588038,10.830728474081,0 107.808599927038,10.830755400081,0 107.808601192038,10.830890650081,0 107.808629759038,10.831025781081,0 107.808629813038,10.831034810081,0 107.808639595038,10.831097851081,0 107.808649777038,10.831214974081,0 107.808649960038,10.831233122081,0 107.808649960038,10.831233122081,0 107.808661094038,10.831458409081,0
</coordinates></LinearRing></outerBoundaryIs></Polygon>
</Placemark>
<Placemark>
<name>Polygon hoàn công 1572</name>
<description>Entity DXF: 1572; Diện tích: 9.592465225303172 ha</description>
<Style><LineStyle><width>3</width><color>ffFFBF00</color></LineStyle><PolyStyle><fill>1</fill><color>66FFBF00</color><outline>1</outline></PolyStyle></Style>
<Polygon><outerBoundaryIs><LinearRing><coordinates>
107.807377414038,10.831569428081,0 107.809757409038,10.831773286081,0 107.810200292038,10.830398073081,0 107.810157879038,10.828774649081,0 107.808535473038,10.828717156081,0 107.807842877038,10.828705469081,0 107.807806933038,10.829025628081,0 107.807281214038,10.829053413081,0 107.807377414038,10.831569428081,0 107.807377414038,10.831569428081,0
</coordinates></LinearRing></outerBoundaryIs></Polygon>
</Placemark>
</Document></kml>