<?xml version="1.0" encoding="UTF-8"?><kml xmlns="http://www.opengis.net/kml/2.2"><Document><name>Hoàn công + PDF - GIS tổng hợp</name><Style id="project"><LineStyle><color>ff0000ff</color><width>4</width></LineStyle><PolyStyle><color>120000ff</color></PolyStyle></Style>
<Style id="forest"><LineStyle><color>ff008000</color><width>2</width></LineStyle><PolyStyle><color>5500aa00</color></PolyStyle></Style>
<Style id="old"><LineStyle><color>ff00ffff</color><width>2</width></LineStyle><PolyStyle><color>6600ffff</color></PolyStyle></Style>
<Style id="new"><LineStyle><color>ff00a5ff</color><width>2</width></LineStyle><PolyStyle><color>6600a5ff</color></PolyStyle></Style>
<Style id="other"><LineStyle><color>ffff0000</color><width>1</width></LineStyle><PolyStyle><color>22000000</color></PolyStyle></Style><Folder><name>DXF - Ranh giới dự án</name><Placemark><name>Ranh giới dự án - DXF</name><description><![CDATA[Nguồn: HOANCONG-2024-2025_TAN-30-9-2026(1).dxf]]></description><styleUrl>#project</styleUrl><Polygon><outerBoundaryIs><LinearRing><coordinates>107.04962140,10.81545936,0107.04856107,10.81536169,0107.04872561,10.81488772,0107.04752507,10.81411047,0107.04845288,10.81311086,0107.04765936,10.81281967,0107.04769133,10.81119389,0107.04677862,10.81112193,0107.04645292,10.81009923,0107.04767838,10.80996816,0107.04784852,10.80833183,0107.04718513,10.80835711,0107.04716389,10.80744931,0107.04669278,10.80710007,0107.04619503,10.80708720,0107.04621998,10.80619706,0107.04418326,10.80623687,0107.04305050,10.80655758,0107.04305050,10.80655758,0107.04274533,10.80622490,0107.04274533,10.80622490,0107.04259557,10.80544553,0107.04265770,10.80498985,0107.04251439,10.80467410,0107.04251439,10.80467410,0107.04251439,10.80467410,0107.04144626,10.80414650,0107.04103330,10.80350491,0107.04094072,10.80368889,0107.04082565,10.80371090,0107.04069775,10.80390713,0107.04082057,10.80429985,0107.04067034,10.80438491,0107.04070251,10.80450927,0107.04063581,10.80454194,0107.04067123,10.80466957,0107.04084848,10.80490855,0107.04077753,10.80504592,0107.04104140,10.80526205,0107.04115775,10.80582264,0107.04116168,10.80603705,0107.04105039,10.80652441,0107.04072601,10.80659698,0107.04043887,10.80659115,0107.04016392,10.80651171,0107.03970329,10.80604832,0107.03813500,10.80248725,0107.03947564,10.79771482,0107.03883352,10.79564213,0107.03915392,10.79182486,0107.04024315,10.78927983,0107.03972492,10.78857700,0107.03971249,10.78750560,0107.03951758,10.78703549,0107.04021787,10.78699179,0107.04084525,10.78721217,0107.04164747,10.78735805,0107.04207132,10.78731725,0107.04256806,10.78699411,0107.04302859,10.78690753,0107.04346192,10.78697554,0107.04371092,10.78701833,0107.04400700,10.78742380,0107.04417314,10.78749471,0107.04438573,10.78771035,0107.04609962,10.78759234,0107.04599196,10.78857413,0107.04633471,10.78917886,0107.04634751,10.78965330,0107.04710477,10.78964180,0107.04724594,10.78877873,0107.04830582,10.78876752,0107.04823833,10.78980279,0107.04816759,10.79009331,0107.05000146,10.79123852,0107.04976453,10.79173472,0107.04976453,10.79173472,0107.05000185,10.79190946,0107.05014702,10.79164225,0107.05065229,10.79136119,0107.05096889,10.79169041,0107.05117285,10.79208781,0107.05102597,10.79228913,0107.05113695,10.79239690,0107.05152298,10.79207495,0107.05222660,10.79238388,0107.05247151,10.79205366,0107.05293700,10.79207232,0107.05321174,10.79188281,0107.05321174,10.79188281,0107.05427997,10.79245863,0107.05427997,10.79245863,0107.05446488,10.79232951,0107.05470830,10.79236656,0107.05512540,10.79271420,0107.05545543,10.79270332,0107.05576119,10.79291419,0107.05595755,10.79318780,0107.05605179,10.79357950,0107.05621597,10.79367567,0107.05577194,10.79384172,0107.05643823,10.79398992,0107.05655426,10.79402326,0107.05708221,10.79422873,0107.05758737,10.79534316,0107.05804902,10.79541070,0107.05802876,10.79479347,0107.05926322,10.79462591,0107.05961372,10.79469484,0107.06006605,10.79496242,0107.06020494,10.79516973,0107.06044438,10.79511271,0107.06033290,10.79483243,0107.06153982,10.79466522,0107.06146537,10.79445713,0107.06229483,10.79443010,0107.06263862,10.79535264,0107.06144048,10.79535636,0107.06194057,10.79615013,0107.06237765,10.79740756,0107.06291199,10.79734745,0107.06363975,10.79723074,0107.06432398,10.79796799,0107.06421731,10.79923127,0107.06485386,10.79943334,0107.06659190,10.79819794,0107.06777970,10.79780391,0107.06786442,10.79842046,0107.06886551,10.79901738,0107.06935160,10.79948519,0107.07039730,10.80085423,0107.07172964,10.80252890,0107.07233206,10.80363019,0107.06009115,10.80317085,0107.06009115,10.80317085,0107.06009115,10.80317085,0107.06084305,10.80492446,0107.06130271,10.80755288,0107.06109159,10.80784568,0107.06142827,10.80942208,0107.06151549,10.81082863,0107.06334458,10.81218926,0107.06436779,10.81222370,0107.06523462,10.81235983,0107.06655820,10.81118335,0107.06753536,10.81124556,0107.06751127,10.81239901,0107.06855297,10.81246043,0107.06892600,10.81389124,0107.07045691,10.81415636,0107.07105158,10.81572990,0107.07089171,10.81767482,0107.07192421,10.81771824,0107.07194458,10.81835365,0107.07296774,10.81836088,0107.07324524,10.81872105,0107.07277024,10.82008820,0107.07081643,10.82015458,0107.07091490,10.82512961,0107.06931202,10.82543732,0107.06940440,10.82567998,0107.06953286,10.82591252,0107.06948018,10.82620079,0107.06955070,10.82659320,0107.06979810,10.82665796,0107.06985024,10.82674443,0107.06986458,10.82702574,0107.06990538,10.82713837,0107.06989448,10.82726598,0107.06981528,10.82740726,0107.06981636,10.82756577,0107.06817580,10.82770494,0107.06804643,10.82749391,0107.06826135,10.82728309,0107.06859007,10.82676268,0107.06864461,10.82620302,0107.06868453,10.82601054,0107.06866883,10.82590619,0107.06853769,10.82571625,0107.06805923,10.82437863,0107.06743575,10.82407450,0107.06724491,10.82413919,0107.06675860,10.82469886,0107.06645854,10.82483992,0107.06628817,10.82484209,0107.06649889,10.82548535,0107.06662237,10.82599285,0107.06418195,10.82669085,0107.06366554,10.82660564,0107.06346953,10.82580861,0107.06216042,10.82575000,0107.06231914,10.82337827,0107.06337856,10.82322169,0107.06349403,10.82181299,0107.06185283,10.82163075,0107.06178795,10.82151337,0107.06029421,10.82132049,0107.06024032,10.82179325,0107.05948474,10.82186495,0107.05937582,10.82240185,0107.05902565,10.82245098,0107.05870297,10.82241815,0107.05841689,10.82230309,0107.05765190,10.82230215,0107.05759679,10.82238446,0107.05688739,10.82248290,0107.05664864,10.82277604,0107.05720493,10.82383252,0107.05563002,10.82424878,0107.05544509,10.82405098,0107.05512275,10.82414530,0107.05398868,10.82165796,0107.05396790,10.82022573,0107.05329292,10.81952464,0107.05214971,10.81945509,0107.05208169,10.81905751,0107.05189139,10.81905138,0107.05180164,10.81850881,0107.05166739,10.81844319,0107.05137156,10.81839292,0107.05128524,10.81802677,0107.05117644,10.81791236,0107.05051265,10.81758382,0107.04927491,10.81670712,0107.04927491,10.81670712,0107.04962140,10.81545936,0</coordinates></LinearRing></outerBoundaryIs></Polygon></Placemark></Folder><Folder><name>DXF - Polygon hoàn công &gt; 0,1 ha</name><Placemark><name>DXF polygon 80</name><description><![CDATA[DXF entity 80; diện tích hình học thô xấp xỉ 2.7740 ha; phân loại tham chiếu theo màu PDF: Đất trảng đồi/suối/G.T.]]></description><styleUrl>#other</styleUrl><Polygon><outerBoundaryIs><LinearRing><coordinates>107.04864733,10.82857270,0107.04865618,10.82847273,0107.04863755,10.82840019,0107.04862828,10.82837300,0107.04862806,10.82831856,0107.04862799,10.82828230,0107.04855384,10.82813783,0107.04855299,10.82787443,0107.04854336,10.82772928,0107.04856177,10.82772911,0107.04858019,10.82771076,0107.04856149,10.82763831,0107.04857063,10.82760187,0107.04860739,10.82756518,0107.04857956,10.82750181,0107.04858862,10.82747455,0107.04854237,10.82741144,0107.04854223,10.82736609,0107.04865265,10.82729227,0107.04868920,10.82721013,0107.04867079,10.82718313,0107.04861526,10.82713828,0107.04861512,10.82708384,0107.04867950,10.82702862,0107.04870712,10.82702828,0107.04874403,10.82702794,0107.04876244,10.82702768,0107.04890991,10.82701705,0107.04893752,10.82702588,0107.04896522,10.82704372,0107.04901140,10.82705229,0107.04912203,10.82707845,0107.04917749,10.82710512,0107.04925122,10.82711334,0107.04929740,10.82714918,0107.04937120,10.82716659,0107.04951874,10.82719223,0107.04957405,10.82720981,0107.04957412,10.82721890,0107.04957405,10.82720981,0107.04957405,10.82720981,0107.04959261,10.82723681,0107.04958333,10.82720972,0107.04960175,10.82721855,0107.04964793,10.82722722,0107.04974007,10.82723527,0107.04983236,10.82726151,0107.04988768,10.82726091,0107.04993379,10.82726949,0107.04997982,10.82727815,0107.05005363,10.82726820,0107.05012743,10.82729470,0107.05018282,10.82733945,0107.05019203,10.82733028,0107.05022929,10.82743882,0107.05022064,10.82764786,0107.05023969,10.82785646,0107.05025881,10.82806515,0107.05021334,10.82828353,0107.05008478,10.82843931,0107.05006637,10.82843948,0107.05002033,10.82846727,0107.04984567,10.82860530,0107.04962468,10.82868932,0107.04941262,10.82867345,0107.04921905,10.82864824,0107.04902540,10.82864130,0107.04887794,10.82862466,0107.04877645,10.82859851,0107.04863804,10.82858187,0107.04864733,10.82857270,0</coordinates></LinearRing></outerBoundaryIs></Polygon></Placemark><Placemark><name>DXF polygon 132</name><description><![CDATA[DXF entity 132; diện tích hình học thô xấp xỉ 1.0804 ha; phân loại tham chiếu theo màu PDF: Tràm 2022-2025.]]></description><styleUrl>#forest</styleUrl><Polygon><outerBoundaryIs><LinearRing><coordinates>107.04881652,10.82966047,0107.04881645,10.82962411,0107.04876970,10.82942495,0107.04875986,10.82922517,0107.04874088,10.82904383,0107.04867573,10.82881748,0107.04866637,10.82879939,0107.04865709,10.82877230,0107.04865703,10.82873594,0107.04869372,10.82867207,0107.04892398,10.82863323,0107.04905310,10.82864095,0107.04911770,10.82865844,0107.04925588,10.82864790,0107.04927429,10.82864773,0107.04935730,10.82866497,0107.04956957,10.82876254,0107.04955173,10.82892622,0107.04954245,10.82891730,0107.04947813,10.82899970,0107.04947820,10.82902687,0107.04945993,10.82907248,0107.04946008,10.82909975,0107.04944173,10.82914527,0107.04945115,10.82919972,0107.04946043,10.82922681,0107.04953430,10.82926231,0107.04957127,10.82929832,0107.04960831,10.82937060,0107.04958076,10.82940721,0107.04958083,10.82943448,0107.04948904,10.82953531,0107.04947983,10.82955357,0107.04948004,10.82962619,0107.04947090,10.82965354,0107.04948018,10.82967154,0107.04945277,10.82972633,0107.04942515,10.82974485,0107.04941601,10.82978129,0107.04939766,10.82980873,0107.04936091,10.82982724,0107.04931493,10.82990038,0107.04929666,10.82993690,0107.04922300,10.82995585,0107.04917682,10.82994728,0107.04914913,10.82990218,0107.04898303,10.82985853,0107.04883557,10.82986007,0107.04880780,10.82983315,0107.04881652,10.82966047,0</coordinates></LinearRing></outerBoundaryIs></Polygon></Placemark><Placemark><name>DXF polygon 178</name><description><![CDATA[DXF entity 178; diện tích hình học thô xấp xỉ 0.7683 ha; phân loại tham chiếu theo màu PDF: Tràm 2022-2025.]]></description><styleUrl>#forest</styleUrl><Polygon><outerBoundaryIs><LinearRing><coordinates>107.04863244,10.82974415,0107.04862351,10.82984421,0107.04861466,10.82995327,0107.04848553,10.82993646,0107.04842094,10.82990079,0107.04840245,10.82989196,0107.04833792,10.82991082,0107.04827348,10.82990242,0107.04820888,10.82988492,0107.04815356,10.82989461,0107.04811673,10.82989495,0107.04810752,10.82989513,0107.04807983,10.82987720,0107.04807070,10.82989547,0107.04806148,10.82993191,0107.04793243,10.82992418,0107.04772965,10.82991723,0107.04769275,10.82991766,0107.04761895,10.82990025,0107.04760974,10.82989134,0107.04767391,10.82977259,0107.04783930,10.82959829,0107.04796786,10.82943350,0107.04811476,10.82925028,0107.04822490,10.82910384,0107.04835345,10.82893906,0107.04848208,10.82879227,0107.04850035,10.82874674,0107.04853704,10.82869187,0107.04856459,10.82867344,0107.04861085,10.82869110,0107.04857409,10.82874597,0107.04855581,10.82880967,0107.04856544,10.82894583,0107.04856565,10.82900936,0107.04858421,10.82903646,0107.04857543,10.82917269,0107.04860340,10.82930868,0107.04860347,10.82931777,0107.04861289,10.82938122,0107.04862245,10.82949910,0107.04862252,10.82951728,0107.04862252,10.82951728,0107.04863244,10.82974415,0</coordinates></LinearRing></outerBoundaryIs></Polygon></Placemark><Placemark><name>DXF polygon 211</name><description><![CDATA[DXF entity 211; diện tích hình học thô xấp xỉ 0.6223 ha; phân loại tham chiếu theo màu PDF: Tràm 2022-2025.]]></description><styleUrl>#forest</styleUrl><Polygon><outerBoundaryIs><LinearRing><coordinates>107.06464937,10.81393675,0107.06464938,10.81392766,0107.06460334,10.81392818,0107.06459399,10.81389191,0107.06460298,10.81381921,0107.06456572,10.81370157,0107.06453796,10.81365648,0107.06435367,10.81366754,0107.06429857,10.81374986,0107.06428066,10.81392253,0107.06436396,10.81402156,0107.06443783,10.81406614,0107.06433698,10.81423977,0107.06440200,10.81441159,0107.06446710,10.81459249,0107.06463326,10.81467240,0107.06476238,10.81469829,0107.06490020,10.81455158,0107.06503809,10.81443206,0107.06520367,10.81433036,0107.06526791,10.81423888,0107.06520288,10.81406706,0107.06514757,10.81407675,0107.06509233,10.81407735,0107.06491710,10.81406107,0107.06488948,10.81407041,0107.06482496,10.81406201,0107.06465887,10.81400938,0107.06464039,10.81399137,0107.06463104,10.81393692,0107.06464937,10.81393675,0</coordinates></LinearRing></outerBoundaryIs></Polygon></Placemark><Placemark><name>DXF polygon 214</name><description><![CDATA[DXF entity 214; diện tích hình học thô xấp xỉ 2.0082 ha; phân loại tham chiếu theo màu PDF: Đất trảng đồi/suối/G.T.]]></description><styleUrl>#other</styleUrl><Polygon><outerBoundaryIs><LinearRing><coordinates>107.06026312,10.81122322,0107.06025391,10.81123239,0107.06023550,10.81123256,0107.06021701,10.81123273,0107.06020788,10.81123282,0107.06019859,10.81122391,0107.06018939,10.81122399,0107.06018011,10.81121499,0107.06017090,10.81121507,0107.06016177,10.81121516,0107.06015249,10.81121533,0107.06013400,10.81119733,0107.06012480,10.81119741,0107.06011551,10.81119750,0107.06010638,10.81119767,0107.06007869,10.81118884,0107.06006028,10.81118901,0107.06006028,10.81119810,0107.06004186,10.81119836,0107.06003265,10.81120753,0107.06002345,10.81120762,0107.06001416,10.81120770,0107.06000503,10.81120779,0107.05998647,10.81119887,0107.05997734,10.81119905,0107.05996813,10.81119913,0107.05994965,10.81119930,0107.05994044,10.81119939,0107.05993123,10.81119038,0107.05992203,10.81119056,0107.05990354,10.81118164,0107.05989434,10.81117264,0107.05987585,10.81117290,0107.05985743,10.81117307,0107.05984815,10.81117315,0107.05983902,10.81117324,0107.05982982,10.81117333,0107.05982053,10.81116441,0107.05981133,10.81117359,0107.05980212,10.81117367,0107.05979291,10.81117376,0107.05978363,10.81117384,0107.05976529,10.81117401,0107.05974680,10.81117427,0107.05972839,10.81117444,0107.05971919,10.81117453,0107.05970077,10.81117470,0107.05969157,10.81117478,0107.05968228,10.81117496,0107.05967308,10.81117505,0107.05967308,10.81117505,0107.05966387,10.81116604,0107.05962697,10.81115738,0107.05959928,10.81114855,0107.05957166,10.81114890,0107.05955325,10.81114907,0107.05954396,10.81114915,0107.05949786,10.81113149,0107.05947017,10.81112275,0107.05945175,10.81112292,0107.05944247,10.81111392,0107.05941485,10.81110517,0107.05938716,10.81110543,0107.05933185,10.81109694,0107.05929494,10.81109737,0107.05925812,10.81109771,0107.05921194,10.81108914,0107.05917511,10.81108957,0107.05916590,10.81108057,0107.05909196,10.81102690,0107.05900895,10.81101867,0107.05895371,10.81101018,0107.05887999,10.81101104,0107.05877871,10.81104842,0107.05864068,10.81110433,0107.05846538,10.81107895,0107.05829023,10.81105357,0107.05813357,10.81104620,0107.05794914,10.81103909,0107.05778320,10.81103180,0107.05774645,10.81105032,0107.05757137,10.81107948,0107.05741463,10.81106293,0107.05738694,10.81106327,0107.05738637,10.81087250,0107.05738616,10.81079079,0107.05740400,10.81058185,0107.05740386,10.81055458,0107.05740386,10.81053640,0107.05746810,10.81044483,0107.05762476,10.81043411,0107.05781825,10.81044114,0107.05802102,10.81043900,0107.05827903,10.81041807,0107.05850949,10.81041558,0107.05866615,10.81043204,0107.05863882,10.81051419,0107.05859285,10.81056914,0107.05857458,10.81060567,0107.05860256,10.81072339,0107.05863032,10.81075940,0107.05872268,10.81082190,0107.05881511,10.81090266,0107.05883359,10.81092976,0107.05897191,10.81094648,0107.05898112,10.81093730,0107.05895329,10.81086485,0107.05897120,10.81071944,0107.05900760,10.81056468,0107.05896121,10.81045613,0107.05899796,10.81042852,0107.05924691,10.81043495,0107.05947723,10.81043246,0107.05970769,10.81043914,0107.05995657,10.81043648,0107.06015042,10.81053431,0107.06016890,10.81056140,0107.06021529,10.81066077,0107.06025276,10.81086011,0107.06027168,10.81099619,0107.06029023,10.81106854,0107.06026312,10.81122322,0</coordinates></LinearRing></outerBoundaryIs></Polygon></Placemark><Placemark><name>DXF polygon 246</name><description><![CDATA[DXF entity 246; diện tích hình học thô xấp xỉ 0.6603 ha; phân loại tham chiếu theo màu PDF: Tràm 2022-2025.]]></description><styleUrl>#forest</styleUrl><Polygon><outerBoundaryIs><LinearRing><coordinates>107.06758070,10.81701982,0107.06753437,10.81694781,0107.06750668,10.81692989,0107.06746035,10.81687597,0107.06741425,10.81684922,0107.06737728,10.81681329,0107.06734958,10.81679546,0107.06728492,10.81675071,0107.06722939,10.81666960,0107.06721083,10.81664260,0107.06711854,10.81659810,0107.06707207,10.81648055,0107.06710883,10.81644385,0107.06720047,10.81626131,0107.06724614,10.81614273,0107.06730124,10.81606951,0107.06748560,10.81607662,0107.06763306,10.81607498,0107.06779901,10.81608235,0107.06784519,10.81611810,0107.06786374,10.81616337,0107.06787309,10.81620873,0107.06788317,10.81647186,0107.06784699,10.81669024,0107.06781066,10.81687218,0107.06776506,10.81704520,0107.06775585,10.81704529,0107.06763601,10.81702840,0107.06758070,10.81701991,0107.06758070,10.81701982,0</coordinates></LinearRing></outerBoundaryIs></Polygon></Placemark><Placemark><name>DXF polygon 247</name><description><![CDATA[DXF entity 247; diện tích hình học thô xấp xỉ 9.0606 ha; phân loại tham chiếu theo màu PDF: Tràm 2022-2025.]]></description><styleUrl>#forest</styleUrl><Polygon><outerBoundaryIs><LinearRing><coordinates>107.06260732,10.80324375,0107.06257970,10.80324400,0107.06252431,10.80323552,0107.06239528,10.80321881,0107.06230307,10.80321066,0107.06225675,10.80312947,0107.06225675,10.80312947,0107.06225660,10.80309320,0107.06224739,10.80308420,0107.06222891,10.80305710,0107.06222884,10.80303902,0107.06220107,10.80301201,0107.06217303,10.80286711,0107.06218194,10.80278523,0107.06219122,10.80279414,0107.06215425,10.80276731,0107.06217267,10.80274896,0107.06216339,10.80272187,0107.06217245,10.80268543,0107.06218144,10.80261272,0107.06218151,10.80264899,0107.06218144,10.80261272,0107.06219058,10.80258537,0107.06223625,10.80244870,0107.06222690,10.80240343,0107.06223604,10.80239426,0107.06221755,10.80236707,0107.06222662,10.80231254,0107.06222633,10.80221266,0107.06224460,10.80218522,0107.06224445,10.80213987,0107.06221662,10.80208568,0107.06220741,10.80207668,0107.06220734,10.80204041,0107.06221612,10.80192217,0107.06221612,10.80191308,0107.06222533,10.80188582,0107.06224338,10.80177668,0107.06225244,10.80173115,0107.06231675,10.80165784,0107.06238112,10.80161180,0107.06242723,10.80160219,0107.06259288,10.80152776,0107.06268488,10.80148129,0107.06270329,10.80147203,0107.06279536,10.80144382,0107.06279536,10.80144382,0107.06288742,10.80142469,0107.06291512,10.80142444,0107.06296108,10.80136948,0107.06303466,10.80134144,0107.06306235,10.80134109,0107.06308077,10.80134092,0107.06308990,10.80132266,0107.06320973,10.80131228,0107.06322807,10.80131211,0107.06325569,10.80129368,0107.06331086,10.80124772,0107.06331999,10.80122946,0107.06333834,10.80118384,0107.06336589,10.80113814,0107.06338423,10.80111979,0107.06342098,10.80109219,0107.06345781,10.80107358,0107.06348536,10.80103687,0107.06349442,10.80100961,0107.06342041,10.80091050,0107.06341106,10.80084705,0107.06342005,10.80078344,0107.06340143,10.80070190,0107.06341969,10.80066537,0107.06341948,10.80059266,0107.06341020,10.80056557,0107.06341905,10.80045651,0107.06342811,10.80042007,0107.06350191,10.80041021,0107.06352025,10.80040095,0107.06358477,10.80040026,0107.06364929,10.80039957,0107.06371380,10.80040797,0107.06374164,10.80045307,0107.06376948,10.80051635,0107.06377875,10.80054344,0107.06377918,10.80068877,0107.06377926,10.80069786,0107.06373365,10.80087997,0107.06373365,10.80087997,0107.06370625,10.80093467,0107.06371553,10.80097094,0107.06374322,10.80097059,0107.06394577,10.80091400,0107.06406559,10.80093089,0107.06418550,10.80093869,0107.06431461,10.80095540,0107.06447127,10.80096285,0107.06459117,10.80097974,0107.06469251,10.80098771,0107.06481235,10.80098642,0107.06488607,10.80096747,0107.06492297,10.80098521,0107.06498749,10.80099361,0107.06511638,10.80095597,0107.06524542,10.80095460,0107.06528239,10.80099952,0107.06529167,10.80100852,0107.06531936,10.80102653,0107.06541193,10.80115256,0107.06543969,10.80119766,0107.06543977,10.80122492,0107.06547702,10.80135165,0107.06549573,10.80142410,0107.06549587,10.80147863,0107.06552378,10.80157817,0107.06556104,10.80168671,0107.06556111,10.80170489,0107.06557960,10.80172281,0107.06557967,10.80175916,0107.06559830,10.80180434,0107.06563541,10.80190380,0107.06563563,10.80196742,0107.06563577,10.80200378,0107.06565440,10.80207623,0107.06567288,10.80210323,0107.06567324,10.80222130,0107.06567332,10.80223029,0107.06566425,10.80228491,0107.06564591,10.80231235,0107.06565540,10.80242124,0107.06567411,10.80248460,0107.06567418,10.80250278,0107.06570202,10.80257505,0107.06573899,10.80261097,0107.06574826,10.80263816,0107.06580394,10.80274653,0107.06583177,10.80281889,0107.06583177,10.80281889,0107.06584120,10.80287325,0107.06585968,10.80290034,0107.06587845,10.80300906,0107.06588766,10.80301806,0107.06597103,10.80313518,0107.06597117,10.80317153,0107.06596246,10.80336230,0107.06595333,10.80338057,0107.06590730,10.80339926,0107.06580595,10.80340938,0107.06571381,10.80341941,0107.06560326,10.80342971,0107.06550191,10.80343083,0107.06540049,10.80343186,0107.06540049,10.80343186,0107.06527146,10.80341506,0107.06523456,10.80340640,0107.06516090,10.80343444,0107.06508710,10.80342612,0107.06495806,10.80341841,0107.06482903,10.80341079,0107.06470920,10.80340299,0107.06467229,10.80340333,0107.06457088,10.80339536,0107.06447866,10.80337822,0107.06437724,10.80337925,0107.06430345,10.80335285,0107.06422958,10.80329918,0107.06412802,10.80323659,0107.06404494,10.80321027,0107.06392518,10.80320247,0107.06383304,10.80321250,0107.06377773,10.80320402,0107.06361187,10.80321482,0107.06342751,10.80322589,0107.06320634,10.80321012,0107.06307730,10.80322059,0107.06290223,10.80322248,0107.06271795,10.80324254,0107.06263494,10.80323440,0107.06260732,10.80324375,0</coordinates></LinearRing></outerBoundaryIs></Polygon></Placemark><Placemark><name>DXF polygon 292</name><description><![CDATA[DXF entity 292; diện tích hình học thô xấp xỉ 12.8753 ha; phân loại tham chiếu theo màu PDF: Tràm 2022-2025.]]></description><styleUrl>#forest</styleUrl><Polygon><outerBoundaryIs><LinearRing><coordinates>107.04471205,10.79511669,0107.04469364,10.79511686,0107.04468443,10.79514421,0107.04462012,10.79520842,0107.04448209,10.79528259,0107.04442692,10.79531036,0107.04437182,10.79538358,0107.04436283,10.79544729,0107.04432621,10.79553852,0107.04425298,10.79571179,0107.04417040,10.79583971,0107.04405099,10.79597732,0107.04389462,10.79606974,0107.04382111,10.79612495,0107.04375666,10.79615290,0107.04373824,10.79618034,0107.04362783,10.79623598,0107.04349894,10.79628270,0107.04344370,10.79630148,0107.04331432,10.79616669,0107.04329583,10.79616686,0107.04312034,10.79604159,0107.04301878,10.79597917,0107.04293557,10.79589823,0107.04283387,10.79579945,0107.04280619,10.79576344,0107.04272297,10.79569168,0107.04263056,10.79559282,0107.04262128,10.79558381,0107.04258438,10.79555698,0107.04253814,10.79551205,0107.04251045,10.79549421,0107.04247355,10.79547647,0107.04239027,10.79537734,0107.04228878,10.79535119,0107.04219658,10.79530677,0107.04219658,10.79530677,0107.04215954,10.79527993,0107.04211344,10.79526227,0107.04207647,10.79522635,0107.04202109,10.79519968,0107.04198405,10.79515475,0107.04193802,10.79515518,0107.04186430,10.79515595,0107.04182747,10.79517455,0107.04176295,10.79517524,0107.04176302,10.79519341,0107.04165240,10.79518543,0107.04151415,10.79520506,0107.04138512,10.79519743,0107.04132054,10.79516176,0107.04126523,10.79515327,0107.04119150,10.79515403,0107.04109016,10.79517323,0107.04091509,10.79517511,0107.04076778,10.79524936,0107.04068499,10.79528648,0107.04055603,10.79530602,0107.04051913,10.79530645,0107.04052834,10.79529728,0107.04054675,10.79528802,0107.04060185,10.79524198,0107.04064768,10.79512349,0107.04066602,10.79511423,0107.04065632,10.79495081,0107.04055470,10.79486112,0107.04048997,10.79480736,0107.04048990,10.79477101,0107.04052658,10.79471614,0107.04048020,10.79460768,0107.04042461,10.79450830,0107.04044282,10.79443551,0107.04044274,10.79441733,0107.04043339,10.79439024,0107.04043333,10.79434480,0107.04032250,10.79427337,0107.04023043,10.79431975,0107.04022130,10.79431984,0107.04018453,10.79437471,0107.04016619,10.79441123,0107.04010189,10.79446636,0107.04002816,10.79446713,0107.03998185,10.79438593,0107.03997258,10.79435875,0107.03995388,10.79427730,0107.03991684,10.79423229,0107.03989815,10.79415066,0107.03985197,10.79411481,0107.03980594,10.79411533,0107.03976919,10.79414293,0107.03975077,10.79417046,0107.03972315,10.79418889,0107.03964956,10.79423510,0107.03960368,10.79427188,0107.03959447,10.79429014,0107.03953930,10.79433619,0107.03949340,10.79440014,0107.03947506,10.79442758,0107.03948440,10.79447294,0107.03947534,10.79451837,0107.03949389,10.79456356,0107.03948475,10.79459091,0107.03947562,10.79460926,0107.03944799,10.79463678,0107.03942051,10.79469157,0107.03938376,10.79472826,0107.03935614,10.79474669,0107.03932880,10.79481966,0107.03931959,10.79483792,0107.03928298,10.79491088,0107.03927377,10.79492914,0107.03924622,10.79496575,0107.03919112,10.79502079,0107.03919112,10.79502079,0107.03917291,10.79510285,0107.03916378,10.79512111,0107.03914536,10.79513946,0107.03907171,10.79514931,0107.03901647,10.79517709,0107.03891526,10.79523264,0107.03886937,10.79528760,0107.03885109,10.79536039,0107.03883282,10.79539691,0107.03876838,10.79541577,0107.03874996,10.79544321,0107.03869465,10.79542563,0107.03870379,10.79539828,0107.03870351,10.79529848,0107.03870337,10.79526213,0107.03874926,10.79519808,0107.03876768,10.79517973,0107.03880436,10.79513395,0107.03882278,10.79511561,0107.03887781,10.79503321,0107.03889609,10.79496951,0107.03891422,10.79487854,0107.03890487,10.79483318,0107.03893207,10.79467860,0107.03895934,10.79455110,0107.03896848,10.79452375,0107.03900489,10.79437808,0107.03898626,10.79433290,0107.03898612,10.79427846,0107.03895837,10.79421518,0107.03893960,10.79413364,0107.03889343,10.79408871,0107.03888401,10.79404344,0107.03887480,10.79403444,0107.03887474,10.79399808,0107.03892983,10.79394304,0107.03895739,10.79389734,0107.03896645,10.79386099,0107.03896645,10.79385191,0107.03899401,10.79380621,0107.03900300,10.79374250,0107.03901213,10.79373333,0107.03900286,10.79370615,0107.03899331,10.79357917,0107.03898402,10.79358834,0107.03896547,10.79353407,0107.03895613,10.79347971,0107.03895585,10.79338891,0107.03897426,10.79337966,0107.03902044,10.79339732,0107.03908495,10.79343290,0107.03912192,10.79344156,0107.03918650,10.79348632,0107.03923261,10.79347672,0107.03925095,10.79346746,0107.03933374,10.79339399,0107.03934281,10.79334846,0107.03941625,10.79325681,0107.03943467,10.79324755,0107.03948056,10.79319259,0107.03952660,10.79315581,0107.03955400,10.79310103,0107.03958141,10.79300998,0107.03955358,10.79295579,0107.03954417,10.79288325,0107.03955323,10.79282863,0107.03955316,10.79281945,0107.03956237,10.79280128,0107.03956238,10.79278311,0107.03957151,10.79277393,0107.03957151,10.79277393,0107.03956237,10.79280128,0107.03958079,10.79279193,0107.03957158,10.79280111,0107.03957158,10.79279202,0107.03957158,10.79279202,0107.03956237,10.79280128,0107.03955309,10.79279228,0107.03952526,10.79271991,0107.03950671,10.79268382,0107.03949737,10.79262946,0107.03946954,10.79256618,0107.03945084,10.79249373,0107.03944157,10.79245755,0107.03942294,10.79240328,0107.03942287,10.79237592,0107.03944115,10.79233031,0107.03949639,10.79229345,0107.03952408,10.79231128,0107.03957018,10.79232894,0107.03969001,10.79233675,0107.03977301,10.79234499,0107.03983746,10.79231704,0107.03987421,10.79229852,0107.03995707,10.79226131,0107.04004000,10.79226046,0107.04008610,10.79226904,0107.04015069,10.79229562,0107.04019694,10.79233137,0107.04022455,10.79234021,0107.04029842,10.79236661,0107.04030762,10.79237571,0107.04037228,10.79241138,0107.04038148,10.79242029,0107.04040925,10.79243822,0107.04042787,10.79251967,0107.04040953,10.79253801,0107.04038191,10.79254745,0107.04035421,10.79254770,0107.04030825,10.79257548,0107.04031746,10.79257531,0107.04029919,10.79262092,0107.04029005,10.79265736,0107.04026250,10.79270306,0107.04027192,10.79274833,0107.04030881,10.79277516,0107.04034571,10.79278382,0107.04040116,10.79281967,0107.04043806,10.79283742,0107.04049329,10.79283682,0107.04053012,10.79281830,0107.04057629,10.79284506,0107.04060413,10.79289924,0107.04064116,10.79295335,0107.04065964,10.79298944,0107.04071509,10.79303420,0107.04073343,10.79301585,0107.04077961,10.79302452,0107.04085341,10.79304184,0107.04091799,10.79307751,0107.04098272,10.79313127,0107.04102890,10.79316711,0107.04103817,10.79319420,0107.04105665,10.79322130,0107.04110289,10.79327532,0107.04110289,10.79327532,0107.04113066,10.79331133,0107.04113080,10.79335677,0107.04116783,10.79341987,0107.04116791,10.79342896,0107.04114035,10.79346557,0107.04114049,10.79352910,0107.04114991,10.79357446,0107.04116839,10.79360147,0107.04117760,10.79361047,0107.04121457,10.79362822,0107.04124226,10.79365514,0107.04132526,10.79366338,0107.04138064,10.79369005,0107.04144515,10.79369854,0107.04151916,10.79377030,0107.04157454,10.79381515,0107.04158381,10.79383324,0107.04163934,10.79389617,0107.04164854,10.79389609,0107.04167616,10.79389574,0107.04173169,10.79394968,0107.04176858,10.79397652,0107.04183331,10.79403936,0107.04186100,10.79405720,0107.04186107,10.79406628,0107.04187028,10.79407529,0107.04193487,10.79409278,0107.04201793,10.79415555,0107.04204570,10.79417338,0107.04206418,10.79420039,0107.04213804,10.79424507,0107.04214732,10.79426307,0107.04222104,10.79427139,0107.04223032,10.79427131,0107.04230412,10.79428871,0107.04232245,10.79428845,0107.04236863,10.79428803,0107.04241473,10.79430569,0107.04241488,10.79435105,0107.04243343,10.79438714,0107.04248881,10.79443199,0107.04258115,10.79449458,0107.04260885,10.79449424,0107.04267351,10.79452991,0107.04277492,10.79454697,0107.04278413,10.79454689,0107.04283944,10.79454629,0107.04286698,10.79454594,0107.04293150,10.79454526,0107.04301450,10.79454441,0107.04306053,10.79454389,0107.04309736,10.79453447,0107.04317116,10.79454279,0107.04319878,10.79452426,0107.04323560,10.79451484,0107.04330933,10.79451407,0107.04335550,10.79453173,0107.04342915,10.79452187,0107.04347526,10.79453045,0107.04356740,10.79451133,0107.04365033,10.79449230,0107.04371478,10.79447344,0107.04373304,10.79444600,0107.04377894,10.79435469,0107.04380635,10.79429091,0107.04385224,10.79422686,0107.04384275,10.79414524,0107.04383334,10.79406352,0107.04379637,10.79402760,0107.04375926,10.79395541,0107.04374999,10.79392823,0107.04374057,10.79387387,0107.04366642,10.79373849,0107.04362939,10.79366621,0107.04360155,10.79362111,0107.04360148,10.79360293,0107.04364738,10.79351162,0107.04373958,10.79354694,0107.04382259,10.79354609,0107.04386869,10.79357284,0107.04389631,10.79355441,0107.04396996,10.79352638,0107.04400679,10.79352595,0107.04408979,10.79352509,0107.04412647,10.79347931,0107.04418157,10.79340609,0107.04421812,10.79329678,0107.04427315,10.79322356,0107.04434666,10.79315917,0107.04439276,10.79314956,0107.04450360,10.79322108,0107.04457746,10.79327484,0107.04455926,10.79334763,0107.04454106,10.79342042,0107.04455047,10.79349295,0107.04458765,10.79359241,0107.04456938,10.79365620,0107.04460656,10.79375575,0107.04468042,10.79380942,0107.04475428,10.79384501,0107.04476349,10.79384483,0107.04478212,10.79389911,0107.04488346,10.79388899,0107.04492022,10.79385230,0107.04495690,10.79379743,0107.04499366,10.79375164,0107.04503955,10.79368760,0107.04510393,10.79364147,0107.04520506,10.79356774,0107.04528799,10.79355779,0107.04538013,10.79355676,0107.04545399,10.79360144,0107.04552750,10.79352796,0107.04556412,10.79343682,0107.04559153,10.79337295,0107.04560994,10.79336369,0107.04564677,10.79333608,0107.04567439,10.79331765,0107.04568331,10.79324486,0107.04570159,10.79317198,0107.04575647,10.79305340,0107.04575640,10.79303523,0107.04574713,10.79298996,0107.04575605,10.79290816,0107.04583884,10.79285278,0107.04584797,10.79283451,0107.04586639,10.79280708,0107.04588459,10.79274329,0107.04593048,10.79267924,0107.04598558,10.79262420,0107.04594855,10.79255192,0107.04592057,10.79246147,0107.04592964,10.79239776,0107.04595711,10.79235206,0107.04600315,10.79231528,0107.04603998,10.79230576,0107.04613218,10.79234118,0107.04622439,10.79234015,0107.04627970,10.79233055,0107.04630747,10.79236656,0107.04630768,10.79243918,0107.04631716,10.79253889,0107.04629896,10.79263895,0107.04628996,10.79270266,0107.04626263,10.79279380,0107.04619832,10.79288528,0107.04613401,10.79295858,0107.04608819,10.79302263,0107.04603316,10.79311403,0107.04595965,10.79318742,0107.04590470,10.79327890,0107.04585873,10.79335195,0107.04584952,10.79335203,0107.04577609,10.79342551,0107.04572084,10.79347147,0107.04568416,10.79351725,0107.04568416,10.79352634,0107.04565668,10.79357204,0107.04564754,10.79359939,0107.04562006,10.79366326,0107.04557417,10.79371822,0107.04552813,10.79375500,0107.04546390,10.79382839,0107.04545469,10.79384657,0107.04543656,10.79392854,0107.04543657,10.79391945,0107.04541822,10.79397406,0107.04537240,10.79404719,0107.04534492,10.79409289,0107.04532643,10.79410224,0107.04530823,10.79416603,0107.04528989,10.79419347,0107.04527155,10.79422990,0107.04528075,10.79422982,0107.04528090,10.79426617,0107.04524414,10.79431196,0107.04524414,10.79430287,0107.04521673,10.79438483,0107.04521673,10.79438483,0107.04518925,10.79445779,0107.04518018,10.79449423,0107.04515270,10.79454902,0107.04509761,10.79461315,0107.04509768,10.79462224,0107.04502402,10.79467754,0107.04495964,10.79471449,0107.04495044,10.79472367,0107.04493217,10.79475110,0107.04488613,10.79479697,0107.04488627,10.79484241,0107.04491411,10.79488751,0107.04491439,10.79498740,0107.04491446,10.79500558,0107.04488690,10.79505127,0107.04471205,10.79511669,0</coordinates></LinearRing></outerBoundaryIs></Polygon></Placemark><Placemark><name>DXF polygon 352</name><description><![CDATA[DXF entity 352; diện tích hình học thô xấp xỉ 0.2695 ha; phân loại tham chiếu theo màu PDF: Tràm 2022-2025.]]></description><styleUrl>#forest</styleUrl><Polygon><outerBoundaryIs><LinearRing><coordinates>107.05805139,10.82036357,0107.05805139,10.82036357,0107.05805139,10.82036357,0107.05806067,10.82036349,0107.05806067,10.82036349,0107.05806988,10.82036340,0107.05809757,10.82036306,0107.05810678,10.82036297,0107.05810678,10.82036297,0107.05811591,10.82036288,0107.05813440,10.82036271,0107.05814361,10.82036254,0107.05816210,10.82036237,0107.05817130,10.82036228,0107.05818051,10.82037129,0107.05818971,10.82037120,0107.05819899,10.82038012,0107.05820827,10.82041639,0107.05820834,10.82043447,0107.05819921,10.82044365,0107.05819928,10.82048000,0107.05819007,10.82049826,0107.05819007,10.82050735,0107.05817180,10.82053479,0107.05816259,10.82053488,0107.05815338,10.82056223,0107.05814432,10.82058949,0107.05814432,10.82058949,0107.05813518,10.82061684,0107.05811677,10.82063519,0107.05811691,10.82067154,0107.05810777,10.82069889,0107.05810785,10.82071698,0107.05808950,10.82076269,0107.05807123,10.82079921,0107.05806202,10.82080839,0107.05805303,10.82088109,0107.05805303,10.82088109,0107.05803476,10.82093579,0107.05803490,10.82097206,0107.05802569,10.82099941,0107.05800763,10.82110856,0107.05798022,10.82119061,0107.05789765,10.82129135,0107.05785154,10.82130096,0107.05773170,10.82128407,0107.05769465,10.82123906,0107.05773120,10.82112056,0107.05776767,10.82099307,0107.05781335,10.82088367,0107.05784069,10.82076535,0107.05787724,10.82065594,0107.05792291,10.82054654,0107.05796866,10.82042796,0107.05800528,10.82034591,0107.05800528,10.82034591,0107.05800528,10.82034591,0107.05805139,10.82036357,0</coordinates></LinearRing></outerBoundaryIs></Polygon></Placemark><Placemark><name>DXF polygon 392</name><description><![CDATA[DXF entity 392; diện tích hình học thô xấp xỉ 0.6839 ha; phân loại tham chiếu theo màu PDF: Tràm 2022-2025.]]></description><styleUrl>#forest</styleUrl><Polygon><outerBoundaryIs><LinearRing><coordinates>107.06131443,10.82041951,0107.06126832,10.82041094,0107.06125912,10.82041102,0107.06101023,10.82041368,0107.06095492,10.82040520,0107.06092730,10.82041454,0107.06091801,10.82040554,0107.06068762,10.82040803,0107.06054016,10.82040957,0107.06049412,10.82041009,0107.06040198,10.82042012,0107.06039284,10.82045656,0107.06046693,10.82056468,0107.06047613,10.82057368,0107.06047621,10.82060095,0107.06050412,10.82066422,0107.06052274,10.82073667,0107.06054137,10.82080003,0107.06056001,10.82084521,0107.06060604,10.82085388,0107.06077199,10.82086116,0107.06079961,10.82085173,0107.06080882,10.82085164,0107.06100239,10.82084958,0107.06119588,10.82083843,0107.06133421,10.82084606,0107.06144477,10.82084485,0107.06164762,10.82085180,0107.06168444,10.82085137,0107.06180407,10.82078654,0107.06185010,10.82076794,0107.06183147,10.82071367,0107.06179400,10.82051424,0107.06174768,10.82043305,0107.06159087,10.82040741,0107.06139722,10.82038229,0107.06132357,10.82040124,0107.06131443,10.82041951,0</coordinates></LinearRing></outerBoundaryIs></Polygon></Placemark><Placemark><name>DXF polygon 451</name><description><![CDATA[DXF entity 451; diện tích hình học thô xấp xỉ 1.9347 ha; phân loại tham chiếu theo màu PDF: Tràm 2022-2025.]]></description><styleUrl>#forest</styleUrl><Polygon><outerBoundaryIs><LinearRing><coordinates>107.06188328,10.81957796,0107.06189256,10.81958696,0107.06193867,10.81958645,0107.06208613,10.81958490,0107.06228891,10.81959184,0107.06239026,10.81958164,0107.06251002,10.81958035,0107.06263914,10.81959715,0107.06264842,10.81959706,0107.06277761,10.81967740,0107.06297118,10.81967534,0107.06303570,10.81967465,0107.06309102,10.81966496,0107.06310943,10.81966479,0107.06313705,10.81966444,0107.06329379,10.81966281,0107.06335831,10.81967121,0107.06350578,10.81966048,0107.06359799,10.81968672,0107.06360727,10.81969572,0107.06362619,10.81984088,0107.06363539,10.81984988,0107.06366309,10.81985863,0107.06380141,10.81988443,0107.06389356,10.81989249,0107.06408712,10.81989042,0107.06409633,10.81989034,0107.06415179,10.81995327,0107.06417071,10.82009834,0107.06420819,10.82027959,0107.06421761,10.82036122,0107.06417193,10.82047971,0107.06409805,10.82046230,0107.06391384,10.82048246,0107.06379400,10.82048375,0107.06359115,10.82047681,0107.06348059,10.82046892,0107.06339758,10.82044260,0107.06336061,10.82041577,0107.06314848,10.82039083,0107.06301030,10.82040138,0107.06282608,10.82043962,0107.06278904,10.82037652,0107.06273365,10.82034985,0107.06268762,10.82035037,0107.06250325,10.82037043,0107.06227278,10.82035475,0107.06215295,10.82032877,0107.06206986,10.82031154,0107.06202376,10.82028479,0107.06191313,10.82027691,0107.06189456,10.82025890,0107.06185731,10.82011400,0107.06185695,10.82001412,0107.06186608,10.81997777,0107.06187522,10.81994133,0107.06188328,10.81957796,0</coordinates></LinearRing></outerBoundaryIs></Polygon></Placemark><Placemark><name>DXF polygon 541</name><description><![CDATA[DXF entity 541; diện tích hình học thô xấp xỉ 0.8109 ha; phân loại tham chiếu theo màu PDF: Tràm 2022-2025.]]></description><styleUrl>#forest</styleUrl><Polygon><outerBoundaryIs><LinearRing><coordinates>107.06005146,10.82033311,0107.06005146,10.82033311,0107.06005146,10.82033311,0107.06005146,10.82033311,0107.06006987,10.82034202,0107.06008836,10.82034176,0107.06009756,10.82034168,0107.06010677,10.82035068,0107.06010677,10.82035068,0107.06012526,10.82035051,0107.06014367,10.82035025,0107.06017129,10.82034999,0107.06018050,10.82034991,0107.06018978,10.82034982,0107.06019891,10.82034065,0107.06020812,10.82034056,0107.06021733,10.82034039,0107.06022661,10.82034030,0107.06023574,10.82033113,0107.06024495,10.82033104,0107.06025423,10.82032187,0107.06026344,10.82032179,0107.06027257,10.82032170,0107.06029099,10.82030335,0107.06029099,10.82030335,0107.06030020,10.82029418,0107.06030020,10.82029418,0107.06030012,10.82028509,0107.06029085,10.82025782,0107.06027236,10.82023990,0107.06026308,10.82022181,0107.06025380,10.82019472,0107.06024452,10.82018571,0107.06024452,10.82017662,0107.06022604,10.82014962,0107.06021668,10.82014062,0107.06020755,10.82014070,0107.06019827,10.82013170,0107.06017058,10.82010478,0107.06016130,10.82008678,0107.06013354,10.82005068,0107.06010577,10.82003284,0107.06008736,10.82002402,0107.06003204,10.82002453,0107.05999521,10.82002496,0107.05994910,10.82001639,0107.05986609,10.82001724,0107.05986609,10.82001724,0107.05970942,10.82001896,0107.05953434,10.82003894,0107.05945148,10.82005797,0107.05943299,10.82004006,0107.05930387,10.82002325,0107.05927633,10.82003260,0107.05912879,10.82003423,0107.05908283,10.82005284,0107.05899974,10.82003561,0107.05885236,10.82004624,0107.05880632,10.82005584,0107.05876014,10.82003818,0107.05860333,10.81998537,0107.05858484,10.81998554,0107.05842818,10.81999635,0107.05840056,10.81997842,0107.05822533,10.81997123,0107.05821612,10.81997131,0107.05810614,10.82015411,0107.05803276,10.82028194,0107.05803305,10.82037283,0107.05808822,10.82034505,0107.05828178,10.82035199,0107.05842924,10.82035045,0107.05866893,10.82033878,0107.05869655,10.82033853,0107.05877035,10.82033776,0107.05885329,10.82034590,0107.05897313,10.82034461,0107.05912979,10.82035207,0107.05924963,10.82035987,0107.05937868,10.82034941,0107.05953534,10.82034769,0107.05966424,10.82031914,0107.05968273,10.82031888,0107.05983940,10.82031725,0107.05995924,10.82032505,0107.05999614,10.82034280,0107.06006066,10.82034211,0107.06005146,10.82033311,0</coordinates></LinearRing></outerBoundaryIs></Polygon></Placemark><Placemark><name>DXF polygon 616</name><description><![CDATA[DXF entity 616; diện tích hình học thô xấp xỉ 3.9169 ha; phân loại tham chiếu theo màu PDF: Tràm 2022-2025.]]></description><styleUrl>#forest</styleUrl><Polygon><outerBoundaryIs><LinearRing><coordinates>107.05211522,10.81718514,0107.05211536,10.81723967,0107.05211544,10.81725785,0107.05211543,10.81726694,0107.05202357,10.81736776,0107.05165500,10.81740797,0107.05162730,10.81739923,0107.05128635,10.81740282,0107.05112968,10.81743171,0107.05095453,10.81741542,0107.05086239,10.81742554,0107.05038283,10.81733079,0107.05025315,10.81712321,0107.05013289,10.81696108,0107.05001270,10.81685348,0107.04980037,10.81672855,0107.04964363,10.81672109,0107.04933022,10.81671534,0107.04931146,10.81659753,0107.04939390,10.81644235,0107.04944872,10.81627824,0107.04948520,10.81614166,0107.04954866,10.81578687,0107.04956580,10.81538716,0107.04959300,10.81523249,0107.04959300,10.81523249,0107.04971291,10.81524938,0107.04986957,10.81525675,0107.05000782,10.81525530,0107.05016456,10.81525367,0107.05028432,10.81526148,0107.05033971,10.81526997,0107.05043214,10.81534156,0107.05050615,10.81544067,0107.05058943,10.81557606,0107.05060806,10.81563033,0107.05066380,10.81574770,0107.05066394,10.81580224,0107.05069164,10.81581098,0107.05073781,10.81584682,0107.05077493,10.81592819,0107.05082117,10.81599130,0107.05086750,10.81605431,0107.05088590,10.81607232,0107.05092288,10.81609916,0107.05103372,10.81616149,0107.05104300,10.81618867,0107.05114470,10.81629653,0107.05123706,10.81635912,0107.05127396,10.81636787,0107.05131086,10.81638562,0107.05132934,10.81640353,0107.05133870,10.81642163,0107.05144946,10.81650213,0107.05145874,10.81652023,0107.05153268,10.81659208,0107.05159735,10.81662766,0107.05162504,10.81665458,0107.05173595,10.81675326,0107.05176364,10.81677119,0107.05180068,10.81682529,0107.05180083,10.81686164,0107.05182852,10.81688857,0107.05185636,10.81692458,0107.05193030,10.81699643,0107.05197640,10.81703226,0107.05202265,10.81706810,0107.05211508,10.81714878,0107.05212436,10.81716688,0107.05212443,10.81718505,0107.05212443,10.81718505,0107.05212443,10.81718505,0107.05211522,10.81718514,0</coordinates></LinearRing></outerBoundaryIs></Polygon></Placemark><Placemark><name>DXF polygon 699</name><description><![CDATA[DXF entity 699; diện tích hình học thô xấp xỉ 0.7788 ha; phân loại tham chiếu theo màu PDF: Tràm 2022-2025.]]></description><styleUrl>#forest</styleUrl><Polygon><outerBoundaryIs><LinearRing><coordinates>107.05156752,10.81816592,0107.05156512,10.81816265,0107.05154663,10.81813564,0107.05153736,10.81811746,0107.05153728,10.81810837,0107.05152808,10.81809946,0107.05152801,10.81807219,0107.05151873,10.81806319,0107.05151873,10.81805410,0107.05151873,10.81804501,0107.05150945,10.81803609,0107.05150945,10.81802701,0107.05150945,10.81801792,0107.05150010,10.81799982,0107.05150003,10.81798174,0107.05149995,10.81796356,0107.05149996,10.81795447,0107.05149989,10.81793629,0107.05149989,10.81791812,0107.05149982,10.81790903,0107.05149061,10.81790011,0107.05150903,10.81788177,0107.05152744,10.81788151,0107.05153657,10.81788142,0107.05154586,10.81787225,0107.05155506,10.81787216,0107.05156420,10.81786299,0107.05156420,10.81786299,0107.05156420,10.81786299,0107.05156420,10.81785390,0107.05156420,10.81785390,0107.05156412,10.81784481,0107.05159175,10.81782638,0107.05160095,10.81782629,0107.05161937,10.81781703,0107.05164707,10.81781669,0107.05165620,10.81780752,0107.05168382,10.81777999,0107.05168375,10.81776182,0107.05168368,10.81774373,0107.05168361,10.81771646,0107.05167426,10.81768928,0107.05166498,10.81767119,0107.05165578,10.81765310,0107.05164650,10.81763509,0107.05164643,10.81761692,0107.05163707,10.81758973,0107.05160939,10.81755372,0107.05160011,10.81754472,0107.05158155,10.81749954,0107.05158148,10.81747236,0107.05165514,10.81745341,0107.05169204,10.81745298,0107.05176577,10.81745221,0107.05183022,10.81743335,0107.05183943,10.81743327,0107.05199602,10.81740437,0107.05208866,10.81755767,0107.05207088,10.81777588,0107.05208016,10.81781206,0107.05212620,10.81777528,0107.05219065,10.81775642,0107.05228286,10.81779174,0107.05231056,10.81779149,0107.05239378,10.81787234,0107.05241226,10.81789026,0107.05243097,10.81796271,0107.05245873,10.81799872,0107.05246843,10.81816214,0107.05241332,10.81825345,0107.05240433,10.81831716,0107.05235887,10.81849918,0107.05234052,10.81854479,0107.05212861,10.81856528,0107.05210091,10.81855645,0107.05208215,10.81844765,0107.05207244,10.81829340,0107.05186967,10.81827746,0107.05184197,10.81827771,0107.05175904,10.81827866,0107.05156752,10.81816592,0</coordinates></LinearRing></outerBoundaryIs></Polygon></Placemark><Placemark><name>DXF polygon 768</name><description><![CDATA[DXF entity 768; diện tích hình học thô xấp xỉ 0.7581 ha; phân loại tham chiếu theo màu PDF: Đất lấn chiếm mới.]]></description><styleUrl>#new</styleUrl><Polygon><outerBoundaryIs><LinearRing><coordinates>107.04956502,10.81511477,0107.04957430,10.81516004,0107.04958386,10.81524166,0107.04956544,10.81526910,0107.04953789,10.81529662,0107.04947337,10.81529730,0107.04939044,10.81528916,0107.04934433,10.81527149,0107.04923370,10.81528169,0107.04915077,10.81527355,0107.04912293,10.81523754,0107.04910452,10.81521044,0107.04910452,10.81521044,0107.04908603,10.81521970,0107.04903072,10.81522030,0107.04900310,10.81520247,0107.04901216,10.81517512,0107.04903036,10.81511142,0107.04903957,10.81509315,0107.04906705,10.81503837,0107.04906684,10.81497474,0107.04908526,10.81494731,0107.04911281,10.81491979,0107.04914036,10.81489227,0107.04914949,10.81487400,0107.04918632,10.81485540,0107.04923215,10.81476417,0107.04923201,10.81472782,0107.04922273,10.81470982,0107.04923186,10.81468247,0107.04923165,10.81460985,0107.04923151,10.81457340,0107.04926820,10.81450944,0107.04926820,10.81450944,0107.04925892,10.81449144,0107.04925892,10.81447326,0107.04927706,10.81437320,0107.04926756,10.81430067,0107.04923995,10.81428284,0107.04922146,10.81428300,0107.04917535,10.81426534,0107.04909227,10.81422993,0107.04900006,10.81421278,0107.04899078,10.81419469,0107.04897230,10.81416769,0107.04898136,10.81414033,0107.04896273,10.81408597,0107.04896260,10.81402244,0107.04904532,10.81393979,0107.04905445,10.81393061,0107.04905439,10.81389435,0107.04903590,10.81387634,0107.04903576,10.81381281,0107.04903562,10.81378554,0107.04917380,10.81374782,0107.04921983,10.81374731,0107.04924746,10.81372888,0107.04928428,10.81372845,0107.04936729,10.81374577,0107.04938599,10.81383631,0107.04950646,10.81404388,0107.04959010,10.81426089,0107.04959081,10.81449693,0107.04954541,10.81472448,0107.04955525,10.81494225,0107.04955553,10.81503314,0107.04956502,10.81511477,0</coordinates></LinearRing></outerBoundaryIs></Polygon></Placemark><Placemark><name>DXF polygon 835</name><description><![CDATA[DXF entity 835; diện tích hình học thô xấp xỉ 0.5958 ha; phân loại tham chiếu theo màu PDF: Đất lấn chiếm KL 260.]]></description><styleUrl>#old</styleUrl><Polygon><outerBoundaryIs><LinearRing><coordinates>107.05791766,10.81578844,0107.05788996,10.81577961,0107.05786219,10.81576178,0107.05790816,10.81573408,0107.05797268,10.81571522,0107.05802778,10.81566018,0107.05803699,10.81566000,0107.05806461,10.81565066,0107.05810151,10.81565022,0107.05814769,10.81565889,0107.05815683,10.81565871,0107.05820286,10.81564920,0107.05821207,10.81564911,0107.05822135,10.81563994,0107.05826731,10.81562124,0107.05828573,10.81561198,0107.05832255,10.81560256,0107.05839628,10.81559270,0107.05843311,10.81559226,0107.05847001,10.81559183,0107.05856209,10.81556362,0107.05857129,10.81556354,0107.05858050,10.81556345,0107.05860812,10.81554502,0107.05862661,10.81555385,0107.05869106,10.81554407,0107.05871860,10.81552564,0107.05875551,10.81550712,0107.05876464,10.81549795,0107.05882916,10.81549726,0107.05892131,10.81550532,0107.05895828,10.81550498,0107.05906884,10.81551286,0107.05909653,10.81552160,0107.05917947,10.81551166,0107.05925312,10.81549271,0107.05935455,10.81550977,0107.05947431,10.81549039,0107.05950201,10.81548096,0107.05955725,10.81548945,0107.05958480,10.81544375,0107.05970464,10.81544246,0107.05972305,10.81544229,0107.05975988,10.81543286,0107.05985209,10.81544091,0107.05987086,10.81555872,0107.05991733,10.81568535,0107.05987151,10.81576758,0107.05985309,10.81577684,0107.05981626,10.81579536,0107.05965953,10.81577890,0107.05950294,10.81578053,0107.05941072,10.81577247,0107.05934627,10.81580960,0107.05932778,10.81580977,0107.05907904,10.81583061,0107.05888533,10.81579623,0107.05886700,10.81579640,0107.05882082,10.81577874,0107.05862732,10.81579897,0107.05841534,10.81580130,0107.05823098,10.81578509,0107.05801900,10.81578732,0107.05797289,10.81579693,0107.05791766,10.81578844,0</coordinates></LinearRing></outerBoundaryIs></Polygon></Placemark><Placemark><name>DXF polygon 1122</name><description><![CDATA[DXF entity 1122; diện tích hình học thô xấp xỉ 10.4675 ha; phân loại tham chiếu theo màu PDF: Tràm 2022-2025.]]></description><styleUrl>#forest</styleUrl><Polygon><outerBoundaryIs><LinearRing><coordinates>107.05253932,10.81724422,0107.05250249,10.81725374,0107.05234583,10.81726445,0107.05229986,10.81730123,0107.05229994,10.81731032,0107.05230928,10.81736468,0107.05234632,10.81743696,0107.05234653,10.81750958,0107.05235603,10.81756393,0107.05240214,10.81759069,0107.05251291,10.81764402,0107.05261447,10.81770652,0107.05267913,10.81776028,0107.05269791,10.81785091,0107.05271646,10.81790518,0107.05271660,10.81795053,0107.05276286,10.81798637,0107.05277206,10.81799538,0107.05279989,10.81805865,0107.05281845,10.81809475,0107.05284607,10.81809440,0107.05288297,10.81811233,0107.05293850,10.81816617,0107.05294778,10.81818427,0107.05296655,10.81828389,0107.05296655,10.81830207,0107.05297583,10.81832916,0107.05299446,10.81836535,0107.05302221,10.81843762,0107.05305012,10.81850999,0107.05306882,10.81859161,0107.05306896,10.81863697,0107.05309694,10.81873651,0107.05313398,10.81879970,0107.05318030,10.81888998,0107.05321742,10.81896217,0107.05325453,10.81903454,0107.05330085,10.81911574,0107.05333796,10.81919701,0107.05339349,10.81928721,0107.05340284,10.81929621,0107.05342132,10.81934140,0107.05344010,10.81943203,0107.05345858,10.81945912,0107.05348648,10.81954966,0107.05352353,10.81961277,0107.05356999,10.81973031,0107.05362559,10.81982051,0107.05369047,10.81994698,0107.05373679,10.82001917,0107.05373686,10.82003726,0107.05380138,10.82004566,0107.05390281,10.82005364,0107.05403185,10.82006135,0107.05409651,10.82010611,0107.05416111,10.82013260,0107.05417053,10.82018696,0107.05417995,10.82025050,0107.05419851,10.82029568,0107.05420821,10.82046810,0107.05422684,10.82052237,0107.05422698,10.82057691,0107.05425496,10.82065827,0107.05423661,10.82071297,0107.05423683,10.82077659,0107.05420942,10.82085856,0107.05420035,10.82090409,0107.05420991,10.82103106,0107.05420078,10.82104024,0107.05419164,10.82105850,0107.05417329,10.82111320,0107.05416444,10.82122226,0107.05413711,10.82132250,0107.05412804,10.82136793,0107.05412832,10.82146782,0107.05413761,10.82147682,0107.05410099,10.82156796,0107.05411976,10.82165850,0107.05413824,10.82170386,0107.05414759,10.82174913,0107.05418456,10.82176688,0107.05427671,10.82176594,0107.05436885,10.82175582,0107.05437806,10.82175573,0107.05439648,10.82173739,0107.05445172,10.82173678,0107.05447941,10.82174562,0107.05451624,10.82174519,0107.05457163,10.82175368,0107.05459925,10.82174433,0107.05469147,10.82175239,0107.05474671,10.82174270,0107.05480210,10.82176028,0107.05487583,10.82175951,0107.05494036,10.82175882,0107.05502329,10.82176705,0107.05502329,10.82176705,0107.05511551,10.82177511,0107.05515234,10.82175659,0107.05524455,10.82178283,0107.05534591,10.82176353,0107.05534591,10.82176353,0107.05542877,10.82175359,0107.05548409,10.82175299,0107.05556710,10.82176122,0107.05559472,10.82176088,0107.05566831,10.82170566,0107.05572362,10.82171415,0107.05580664,10.82170421,0107.05588030,10.82169435,0107.05593554,10.82169374,0107.05601855,10.82170189,0107.05603696,10.82171080,0107.05603696,10.82171080,0107.05603703,10.82172898,0107.05602783,10.82171089,0107.05608315,10.82171029,0107.05609228,10.82170112,0107.05610148,10.82170103,0107.05612918,10.82170078,0107.05616601,10.82169126,0107.05619370,10.82170009,0107.05625823,10.82170840,0107.05626743,10.82170832,0107.05626736,10.82169923,0107.05628592,10.82170815,0107.05633196,10.82170763,0107.05637807,10.82170720,0107.05643331,10.82169751,0107.05651632,10.82170566,0107.05656235,10.82170523,0107.05658084,10.82171406,0107.05664529,10.82171337,0107.05665457,10.82171329,0107.05670068,10.82171277,0107.05675607,10.82174853,0107.05678405,10.82184807,0107.05678412,10.82186624,0107.05679347,10.82191151,0107.05682130,10.82198388,0107.05682138,10.82199297,0107.05682145,10.82201114,0107.05683986,10.82202906,0107.05683993,10.82204724,0107.05684935,10.82211078,0107.05684935,10.82211078,0107.05686784,10.82211960,0107.05693229,10.82210983,0107.05699681,10.82210914,0107.05704292,10.82210872,0107.05709824,10.82210812,0107.05712593,10.82211686,0107.05710744,10.82212612,0107.05712593,10.82212595,0107.05713514,10.82212586,0107.05714427,10.82211669,0107.05718110,10.82210726,0107.05722728,10.82211583,0107.05725490,10.82211549,0107.05728260,10.82214241,0107.05731957,10.82216924,0107.05731058,10.82222386,0107.05733820,10.82223260,0107.05737510,10.82223226,0107.05741193,10.82222274,0107.05748566,10.82222197,0107.05754098,10.82221228,0107.05754098,10.82221228,0107.05759608,10.82214815,0107.05760521,10.82213898,0107.05757724,10.82202117,0107.05755854,10.82194872,0107.05753991,10.82187636,0107.05753056,10.82183100,0107.05751186,10.82174955,0107.05748395,10.82167719,0107.05748374,10.82160447,0107.05750208,10.82156795,0107.05753884,10.82152216,0107.05757553,10.82146729,0107.05763049,10.82135781,0107.05765797,10.82129393,0107.05768545,10.82123923,0107.05769466,10.82122997,0107.05773127,10.82113874,0107.05775868,10.82105677,0107.05779523,10.82095646,0107.05781342,10.82090184,0107.05783169,10.82084714,0107.05785918,10.82076518,0107.05788644,10.82067403,0107.05787723,10.82066503,0107.05789551,10.82059215,0107.05792284,10.82052836,0107.05794119,10.82047366,0107.05797780,10.82039161,0107.05797773,10.82037343,0107.05794996,10.82034651,0107.05788544,10.82033811,0107.05783006,10.82030235,0107.05772857,10.82025794,0107.05770087,10.82024919,0107.05759024,10.82025040,0107.05757182,10.82025057,0107.05747047,10.82026077,0107.05744285,10.82027921,0107.05736905,10.82025271,0107.05735984,10.82025280,0107.05724906,10.82022682,0107.05724906,10.82021773,0107.05720296,10.82020907,0107.05717526,10.82020033,0107.05712930,10.82021902,0107.05710161,10.82020110,0107.05704622,10.82020170,0107.05697242,10.82015712,0107.05695400,10.82016638,0107.05689869,10.82016698,0107.05687099,10.82015814,0107.05681575,10.82014966,0107.05673267,10.82013243,0107.05670505,10.82015086,0107.05667736,10.82010576,0107.05663111,10.82006092,0107.05654810,10.82003451,0107.05646494,10.81999911,0107.05641884,10.81997235,0107.05633568,10.81992786,0107.05627117,10.81990128,0107.05625268,10.81990154,0107.05616053,10.81990248,0107.05613276,10.81988465,0107.05604063,10.81985832,0107.05595754,10.81983191,0107.05586532,10.81983294,0107.05578239,10.81981562,0107.05569017,10.81980756,0107.05559796,10.81978133,0107.05558868,10.81978142,0107.05553337,10.81975475,0107.05545949,10.81972834,0107.05540418,10.81971986,0107.05539497,10.81971994,0107.05530268,10.81967553,0107.05521960,10.81964921,0107.05520119,10.81964938,0107.05512739,10.81961380,0107.05504431,10.81958748,0107.05503503,10.81957847,0107.05499820,10.81957890,0107.05500740,10.81958791,0107.05497058,10.81958825,0107.05499820,10.81956981,0107.05494281,10.81956133,0107.05481348,10.81947190,0107.05465675,10.81942817,0107.05446303,10.81940296,0107.05429688,10.81931397,0107.05422279,10.81919667,0107.05417655,10.81912457,0107.05410231,10.81899828,0107.05407448,10.81892582,0107.05404679,10.81890799,0107.05394494,10.81875469,0107.05381547,10.81861082,0107.05375987,10.81852962,0107.05375059,10.81850253,0107.05374139,10.81849353,0107.05372283,10.81846652,0107.05363968,10.81837658,0107.05362105,10.81834048,0107.05350093,10.81821462,0107.05338987,10.81808866,0107.05330658,10.81796246,0107.05318632,10.81782750,0107.05311224,10.81771030,0107.05311216,10.81770121,0107.05300111,10.81754799,0107.05291803,10.81750349,0107.05288106,10.81747666,0107.05280733,10.81746834,0107.05274260,10.81739641,0107.05261312,10.81727071,0107.05258543,10.81723470,0107.05253932,10.81724422,0</coordinates></LinearRing></outerBoundaryIs></Polygon></Placemark><Placemark><name>DXF polygon 1123</name><description><![CDATA[DXF entity 1123; diện tích hình học thô xấp xỉ 11.1054 ha; phân loại tham chiếu theo màu PDF: Tràm 2022-2025.]]></description><styleUrl>#forest</styleUrl><Polygon><outerBoundaryIs><LinearRing><coordinates>107.06208250,10.81280099,0107.06222260,10.81301830,0107.06224109,10.81305448,0107.06224116,10.81306348,0107.06226900,10.81311776,0107.06227820,10.81312676,0107.06228741,10.81313576,0107.06235236,10.81328032,0107.06239883,10.81337969,0107.06246335,10.81336991,0107.06250003,10.81331504,0107.06250903,10.81324233,0107.06259153,10.81312341,0107.06260994,10.81311415,0107.06271093,10.81298588,0107.06271094,10.81296770,0107.06271971,10.81283146,0107.06271964,10.81280420,0107.06271950,10.81276793,0107.06278380,10.81269462,0107.06283897,10.81265767,0107.06286624,10.81251208,0107.06290285,10.81242994,0107.06303168,10.81235594,0107.06316986,10.81233631,0107.06320669,10.81233587,0107.06325265,10.81229909,0107.06323402,10.81221755,0107.06317856,10.81218180,0107.06296644,10.81212959,0107.06273584,10.81206846,0107.06255126,10.81201600,0107.06248674,10.81200760,0107.06245912,10.81199886,0107.06224686,10.81191938,0107.06220061,10.81186545,0107.06216328,10.81171137,0107.06213551,10.81167537,0107.06210753,10.81157583,0107.06199676,10.81151341,0107.06185851,10.81152396,0107.06175709,10.81150690,0107.06172012,10.81147097,0107.06165560,10.81147166,0107.06158194,10.81149061,0107.06150822,10.81149138,0107.06148966,10.81145529,0107.06141571,10.81139253,0107.06137889,10.81138387,0107.06120367,10.81135850,0107.06115748,10.81134993,0107.06105621,10.81136913,0107.06092709,10.81136142,0107.06086265,10.81137119,0107.06077051,10.81136314,0107.06075202,10.81137240,0107.06065067,10.81137352,0107.06057694,10.81137429,0107.06054932,10.81137454,0107.06039258,10.81137627,0107.06024527,10.81141417,0107.06017154,10.81142403,0107.06011616,10.81140645,0107.06003322,10.81139822,0107.05985815,10.81140920,0107.05976594,10.81138297,0107.05975659,10.81133752,0107.05961827,10.81132089,0107.05944311,10.81133178,0107.05930487,10.81131515,0107.05924034,10.81132492,0107.05905606,10.81132690,0107.05900988,10.81130924,0107.05888998,10.81128326,0107.05874252,10.81126663,0107.05855809,10.81125051,0107.05846602,10.81127872,0107.05840150,10.81127941,0107.05840150,10.81127941,0107.05834619,10.81127092,0107.05830936,10.81128035,0107.05829088,10.81126243,0107.05818938,10.81122720,0107.05808789,10.81120105,0107.05801417,10.81119273,0107.05782060,10.81121297,0107.05772860,10.81124118,0107.05756274,10.81124298,0107.05744282,10.81124418,0107.05731378,10.81123655,0107.05713885,10.81130197,0107.05701002,10.81135779,0107.05687220,10.81151366,0107.05686378,10.81174979,0107.05686442,10.81197683,0107.05687412,10.81213107,0107.05684693,10.81227675,0107.05681973,10.81244951,0107.05682966,10.81264911,0107.05684828,10.81273074,0107.05685785,10.81282145,0107.05685792,10.81284862,0107.05691323,10.81285711,0107.05702378,10.81285600,0107.05706076,10.81286466,0107.05728194,10.81287134,0107.05730956,10.81286200,0107.05736488,10.81287048,0107.05746630,10.81287846,0107.05754003,10.81286860,0107.05765058,10.81287648,0107.05772431,10.81287571,0107.05789025,10.81289208,0107.05794564,10.81290057,0107.05790910,10.81300089,0107.05790917,10.81301898,0107.05800173,10.81318154,0107.05805712,10.81319912,0107.05814021,10.81321635,0107.05837981,10.81320468,0107.05868392,10.81320151,0107.05887741,10.81319945,0107.05898812,10.81320734,0107.05924613,10.81320459,0107.05950414,10.81318366,0107.05972533,10.81316308,0107.05980819,10.81315313,0107.05984452,10.81297111,0107.05981647,10.81286248,0107.05981640,10.81282612,0107.05987164,10.81280743,0107.06005592,10.81280546,0107.06018497,10.81280408,0107.06023115,10.81281266,0107.06040623,10.81280168,0107.06045233,10.81281934,0107.06062748,10.81282654,0107.06091319,10.81281444,0107.06101454,10.81281332,0107.06113437,10.81282112,0107.06114358,10.81281195,0107.06125414,10.81280175,0107.06130953,10.81280115,0107.06136484,10.81282781,0107.06154920,10.81281675,0107.06171507,10.81281494,0107.06174261,10.81280559,0107.06178880,10.81280508,0107.06183476,10.81279547,0107.06189007,10.81277678,0107.06200976,10.81275732,0107.06208364,10.81279281,0107.06208363,10.81280190,0107.06208250,10.81280099,0</coordinates></LinearRing></outerBoundaryIs></Polygon></Placemark><Placemark><name>DXF polygon 1410</name><description><![CDATA[DXF entity 1410; diện tích hình học thô xấp xỉ 12.9080 ha; phân loại tham chiếu theo màu PDF: Tràm 2022-2025.]]></description><styleUrl>#forest</styleUrl><Polygon><outerBoundaryIs><LinearRing><coordinates>107.06295852,10.81256549,0107.06295845,10.81254740,0107.06299528,10.81251970,0107.06308728,10.81248240,0107.06310584,10.81250041,0107.06316115,10.81251799,0107.06324409,10.81251704,0107.06332702,10.81250709,0107.06336370,10.81246130,0107.06341895,10.81242444,0107.06345563,10.81237865,0107.06361223,10.81233158,0107.06367675,10.81233089,0107.06373199,10.81232120,0107.06376881,10.81232995,0107.06383334,10.81232917,0107.06394404,10.81232805,0107.06396238,10.81232779,0107.06399014,10.81235480,0107.06408229,10.81234468,0107.06418371,10.81234365,0107.06430347,10.81235145,0107.06435879,10.81234176,0107.06438648,10.81235959,0107.06452480,10.81236722,0107.06459860,10.81239362,0107.06471873,10.81248313,0107.06483856,10.81250001,0107.06485697,10.81249984,0107.06489387,10.81250850,0107.06504140,10.81253422,0107.06505989,10.81254305,0107.06511520,10.81255153,0107.06521655,10.81254141,0107.06522569,10.81251406,0107.06522547,10.81244144,0107.06533589,10.81236762,0107.06541860,10.81230314,0107.06551966,10.81221131,0107.06559318,10.81212874,0107.06564835,10.81210087,0107.06568518,10.81208235,0107.06571287,10.81208209,0107.06585105,10.81206245,0107.06587874,10.81207119,0107.06589716,10.81206193,0107.06591550,10.81205267,0107.06593399,10.81204341,0107.06594319,10.81204324,0107.06605367,10.81203303,0107.06613668,10.81203218,0107.06614575,10.81197756,0107.06607187,10.81194207,0107.06603497,10.81192432,0107.06605332,10.81189688,0107.06608101,10.81190563,0107.06609021,10.81191463,0107.06619156,10.81190442,0107.06628370,10.81190348,0107.06632053,10.81188487,0107.06632974,10.81188478,0107.06636664,10.81188444,0107.06642174,10.81182939,0107.06646770,10.81177443,0107.06645842,10.81177452,0107.06643066,10.81172942,0107.06645821,10.81170181,0107.06648583,10.81168328,0107.06648561,10.81161975,0107.06647634,10.81158357,0107.06649460,10.81154705,0107.06649446,10.81150169,0107.06651266,10.81141972,0107.06651259,10.81138346,0107.06652165,10.81135611,0107.06652158,10.81131984,0107.06655833,10.81130123,0107.06660452,10.81130071,0107.06664142,10.81130946,0107.06674269,10.81128116,0107.06675190,10.81128099,0107.06680721,10.81128039,0107.06683469,10.81125277,0107.06695452,10.81123339,0107.06708356,10.81125010,0107.06726785,10.81123913,0107.06737862,10.81128336,0107.06741595,10.81143735,0107.06742552,10.81154615,0107.06745357,10.81168205,0107.06745393,10.81179111,0107.06744480,10.81183655,0107.06744516,10.81195462,0107.06744559,10.81208168,0107.06743674,10.81219992,0107.06741862,10.81229998,0107.06741877,10.81232715,0107.06743732,10.81238142,0107.06741905,10.81242704,0107.06738222,10.81244556,0107.06737294,10.81244564,0107.06731770,10.81244625,0107.06721628,10.81242919,0107.06718859,10.81242954,0107.06713320,10.81241196,0107.06713335,10.81243914,0107.06714262,10.81246632,0107.06714284,10.81254803,0107.06714298,10.81258429,0107.06713385,10.81261173,0107.06712486,10.81267535,0107.06713414,10.81270253,0107.06710666,10.81277541,0107.06711601,10.81279350,0107.06706998,10.81281220,0107.06701481,10.81283998,0107.06695036,10.81286793,0107.06692288,10.81294081,0107.06689540,10.81299560,0107.06689555,10.81303186,0107.06691417,10.81310440,0107.06691425,10.81312258,0107.06696057,10.81319468,0107.06695136,10.81320386,0107.06695165,10.81329465,0107.06693338,10.81335845,0107.06687843,10.81344976,0107.06686009,10.81348628,0107.06683268,10.81356843,0107.06682347,10.81356851,0107.06677773,10.81366883,0107.06676852,10.81368709,0107.06674097,10.81373279,0107.06673183,10.81375105,0107.06672284,10.81381467,0107.06673219,10.81386903,0107.06668616,10.81387863,0107.06668616,10.81386955,0107.06670457,10.81388746,0107.06669558,10.81395126,0107.06666796,10.81396969,0107.06655733,10.81395272,0107.06653892,10.81395289,0107.06644685,10.81397201,0107.06642850,10.81401763,0107.06637333,10.81404550,0107.06636405,10.81404558,0107.06632722,10.81405501,0107.06630888,10.81406437,0107.06630888,10.81407336,0107.06629054,10.81410989,0107.06627212,10.81412824,0107.06623544,10.81417402,0107.06623551,10.81420129,0107.06621739,10.81429226,0107.06622674,10.81434662,0107.06625443,10.81435545,0107.06628227,10.81440963,0107.06627306,10.81442790,0107.06617171,10.81443811,0107.06616250,10.81443819,0107.06607036,10.81443914,0107.06601505,10.81443974,0107.06592290,10.81444986,0107.06585831,10.81443237,0107.06578458,10.81441497,0107.06576609,10.81441523,0107.06575689,10.81440623,0107.06576595,10.81436061,0107.06574747,10.81434269,0107.06567381,10.81435255,0107.06567381,10.81435255,0107.06560008,10.81435333,0107.06561849,10.81436224,0107.06560936,10.81437142,0107.06558167,10.81437167,0107.06556325,10.81438093,0107.06556332,10.81441738,0107.06558195,10.81447165,0107.06561885,10.81448940,0107.06565597,10.81455259,0107.06561936,10.81463464,0107.06561037,10.81469835,0107.06563828,10.81478880,0107.06563835,10.81480697,0107.06566597,10.81481572,0107.06573984,10.81484221,0107.06580436,10.81485061,0107.06590571,10.81484040,0107.06597944,10.81484881,0107.06602555,10.81485738,0107.06610849,10.81483825,0107.06616380,10.81484683,0107.06619156,10.81488284,0107.06616416,10.81496480,0107.06613668,10.81503777,0107.06612762,10.81508321,0107.06610942,10.81512882,0107.06608187,10.81517452,0107.06606360,10.81522914,0107.06608223,10.81529259,0107.06608230,10.81531076,0107.06607317,10.81534721,0107.06607324,10.81537438,0107.06608281,10.81547418,0107.06609216,10.81552854,0107.06610151,10.81558290,0107.06613855,10.81562791,0107.06619394,10.81565457,0107.06620322,10.81567257,0107.06622177,10.81571785,0107.06634168,10.81574382,0107.06641549,10.81575214,0107.06643383,10.81574288,0107.06647073,10.81574245,0107.06651691,10.81576011,0107.06658143,10.81576851,0107.06666436,10.81578583,0107.06671047,10.81579440,0107.06679348,10.81580254,0107.06683038,10.81581128,0107.06690411,10.81581042,0107.06688570,10.81581068,0107.06688570,10.81581068,0107.06688592,10.81586512,0107.06694123,10.81590088,0107.06694123,10.81590088,0107.06695986,10.81595515,0107.06696000,10.81600050,0107.06692332,10.81605538,0107.06692339,10.81608264,0107.06691425,10.81611899,0107.06689584,10.81610108,0107.06690505,10.81611908,0107.06692368,10.81616435,0107.06692375,10.81618253,0107.06690533,10.81621905,0107.06687779,10.81623749,0107.06685024,10.81627410,0107.06684110,10.81630145,0107.06678608,10.81637468,0107.06677679,10.81638385,0107.06674932,10.81642955,0107.06665703,10.81637605,0107.06663847,10.81635814,0107.06660136,10.81625859,0107.06655503,10.81617740,0107.06651791,10.81610512,0107.06650863,10.81609612,0107.06647166,10.81606019,0107.06642548,10.81601527,0107.06641628,10.81600635,0107.06639779,10.81599744,0107.06634226,10.81595269,0107.06631464,10.81593476,0107.06625925,10.81590819,0107.06616689,10.81585469,0107.06609302,10.81580102,0107.06606525,10.81578310,0107.06599138,10.81572934,0107.06594520,10.81569350,0107.06588974,10.81563966,0107.06582500,10.81558591,0107.06576954,10.81554107,0107.06572337,10.81549614,0107.06567726,10.81546939,0107.06558483,10.81540690,0107.06552944,10.81538023,0107.06543716,10.81532673,0107.06538169,10.81529098,0107.06532631,10.81526432,0107.06527100,10.81524674,0107.06520640,10.81521108,0107.06514174,10.81517550,0107.06512325,10.81516658,0107.06503097,10.81510408,0107.06498478,10.81508642,0107.06490171,10.81503284,0107.06490171,10.81503284,0107.06486473,10.81501500,0107.06479093,10.81497042,0107.06476317,10.81494350,0107.06474468,10.81493459,0107.06472627,10.81492576,0107.06466160,10.81489009,0107.06464311,10.81488126,0107.06457852,10.81486377,0107.06453241,10.81485511,0107.06448623,10.81482836,0107.06446782,10.81481944,0107.06437560,10.81482048,0107.06429260,10.81478498,0107.06422793,10.81474032,0107.06414478,10.81467764,0107.06406170,10.81464224,0107.06400624,10.81459739,0107.06400624,10.81459739,0107.06390475,10.81455316,0107.06383095,10.81452667,0107.06373866,10.81449135,0107.06364638,10.81444694,0107.06354488,10.81440252,0107.06349870,10.81438486,0107.06343404,10.81434928,0107.06336930,10.81427735,0107.06333226,10.81421416,0107.06324911,10.81413340,0107.06311985,10.81406216,0107.06298131,10.81398182,0107.06284270,10.81386530,0107.06279645,10.81381129,0107.06270402,10.81371243,0107.06267618,10.81366734,0107.06253758,10.81354164,0107.06253744,10.81349620,0107.06262900,10.81330457,0107.06273014,10.81320366,0107.06273007,10.81319457,0107.06275762,10.81316705,0107.06276682,10.81315787,0107.06286775,10.81300233,0107.06291357,10.81292020,0107.06295938,10.81285615,0107.06296867,10.81284698,0107.06296859,10.81283789,0107.06296831,10.81273800,0107.06295867,10.81262002,0107.06294011,10.81256575,0107.06295852,10.81256549,0</coordinates></LinearRing></outerBoundaryIs></Polygon></Placemark><Placemark><name>DXF polygon 1411</name><description><![CDATA[DXF entity 1411; diện tích hình học thô xấp xỉ 12.3203 ha; phân loại tham chiếu theo màu PDF: Tràm 2022-2025.]]></description><styleUrl>#forest</styleUrl><Polygon><outerBoundaryIs><LinearRing><coordinates>107.05754598,10.80575858,0107.05755511,10.80575850,0107.05755511,10.80575850,0107.05755511,10.80575850,0107.05755511,10.80575850,0107.05755511,10.80575850,0107.05754598,10.80575858,0107.05753670,10.80576776,0107.05753677,10.80579502,0107.05752756,10.80579511,0107.05752764,10.80580420,0107.05751843,10.80581337,0107.05750915,10.80581346,0107.05750922,10.80583163,0107.05750009,10.80584081,0107.05750009,10.80584990,0107.05749088,10.80584998,0107.05749095,10.80585907,0107.05749095,10.80586816,0107.05749095,10.80586816,0107.05748182,10.80587733,0107.05748182,10.80587733,0107.05749095,10.80587716,0107.05749095,10.80587716,0107.05748182,10.80588642,0107.05748182,10.80588642,0107.05748182,10.80588642,0107.05748182,10.80588642,0107.05748182,10.80588642,0107.05748182,10.80588642,0107.05747254,10.80588651,0107.05747254,10.80588651,0107.05746340,10.80589568,0107.05745427,10.80591394,0107.05745434,10.80594112,0107.05745441,10.80595930,0107.05744521,10.80596847,0107.05744521,10.80596847,0107.05744520,10.80597756,0107.05742686,10.80599591,0107.05741765,10.80601417,0107.05740844,10.80603252,0107.05740851,10.80605070,0107.05739938,10.80607796,0107.05739025,10.80608714,0107.05737183,10.80611457,0107.05735349,10.80613292,0107.05733515,10.80615127,0107.05731681,10.80617871,0107.05728919,10.80618814,0107.05727998,10.80618823,0107.05727998,10.80618823,0107.05723387,10.80618874,0107.05722467,10.80618883,0107.05720618,10.80617991,0107.05715094,10.80618960,0107.05712332,10.80619894,0107.05710483,10.80619920,0107.05706800,10.80619954,0107.05701262,10.80616379,0107.05699392,10.80610052,0107.05695688,10.80602824,0107.05691998,10.80601949,0107.05688308,10.80601074,0107.05680015,10.80602078,0107.05674483,10.80601229,0107.05671714,10.80599437,0107.05668938,10.80596745,0107.05668003,10.80591309,0107.05662457,10.80586825,0107.05656927,10.80584167,0107.05655078,10.80583276,0107.05648583,10.80570638,0107.05644893,10.80567954,0107.05643045,10.80565245,0107.05640240,10.80554373,0107.05639298,10.80548028,0107.05638356,10.80541684,0107.05638349,10.80538957,0107.05638342,10.80535330,0107.05637414,10.80534430,0107.05637414,10.80533521,0107.05637406,10.80532612,0107.05635544,10.80526276,0107.05633681,10.80519040,0107.05631825,10.80516331,0107.05625374,10.80514591,0107.05616181,10.80521947,0107.05616181,10.80521947,0107.05612512,10.80528343,0107.05606996,10.80532030,0107.05600558,10.80536643,0107.05601507,10.80546614,0107.05598766,10.80555719,0107.05590466,10.80553087,0107.05589545,10.80551287,0107.05588603,10.80546751,0107.05581195,10.80535031,0107.05574714,10.80526928,0107.05571945,10.80524236,0107.05567335,10.80522470,0107.05564565,10.80521587,0107.05560875,10.80521630,0107.05558106,10.80519847,0107.05553481,10.80513527,0107.05551618,10.80509009,0107.05549777,10.80509026,0107.05547928,10.80508143,0107.05544225,10.80500915,0107.05542376,10.80498214,0107.05538686,10.80498248,0107.05527609,10.80493833,0107.05514691,10.80487617,0107.05506377,10.80480441,0107.05504528,10.80478640,0107.05501752,10.80475948,0107.05499896,10.80472339,0107.05498034,10.80465085,0107.05498034,10.80465085,0107.05500782,10.80459606,0107.05500767,10.80456888,0107.05502594,10.80450509,0107.05500739,10.80446900,0107.05497970,10.80443299,0107.05497970,10.80443299,0107.05497948,10.80436946,0107.05492396,10.80430643,0107.05491468,10.80427026,0107.05490526,10.80422490,0107.05484966,10.80411652,0107.05482183,10.80404416,0107.05480313,10.80398080,0107.05479385,10.80395370,0107.05472912,10.80388177,0107.05471977,10.80382741,0107.05470100,10.80372761,0107.05468238,10.80364616,0107.05468216,10.80357354,0107.05466346,10.80351018,0107.05465419,10.80347391,0107.05465411,10.80346482,0107.05467253,10.80343738,0107.05467246,10.80341021,0107.05469986,10.80336442,0107.05472748,10.80334598,0107.05474597,10.80333672,0107.05481028,10.80327242,0107.05482855,10.80323598,0107.05482840,10.80319963,0107.05484675,10.80315401,0107.05484675,10.80314492,0107.05483740,10.80310874,0107.05485567,10.80306313,0107.05488322,10.80301752,0107.05491056,10.80292638,0107.05491049,10.80288093,0107.05491934,10.80278096,0107.05491927,10.80275369,0107.05496494,10.80263521,0107.05501084,10.80254398,0107.05506593,10.80249794,0107.05509327,10.80238862,0107.05510240,10.80237944,0107.05516685,10.80236058,0107.05520368,10.80233297,0107.05519433,10.80227861,0107.05520339,10.80225126,0107.05529554,10.80223214,0107.05535092,10.80224972,0107.05537861,10.80225846,0107.05547089,10.80231196,0107.05552621,10.80231136,0107.05558159,10.80231985,0107.05565525,10.80230090,0107.05576572,10.80228161,0107.05583032,10.80229002,0107.05587628,10.80227132,0107.05586664,10.80212617,0107.05586657,10.80210808,0107.05586615,10.80195366,0107.05585651,10.80181750,0107.05581912,10.80164543,0107.05580984,10.80162743,0107.05579128,10.80158215,0107.05577258,10.80150061,0107.05577251,10.80148244,0107.05578158,10.80142791,0107.05578144,10.80137338,0107.05581827,10.80135486,0107.05583660,10.80134560,0107.05604857,10.80133428,0107.05625134,10.80132296,0107.05642641,10.80131207,0107.05661997,10.80131001,0107.05680424,10.80130804,0107.05702550,10.80130563,0107.05718208,10.80130400,0107.05732032,10.80129346,0107.05741246,10.80128342,0107.05759689,10.80129954,0107.05766140,10.80133521,0107.05765283,10.80154406,0107.05767189,10.80173467,0107.05765412,10.80194361,0107.05765419,10.80197996,0107.05763628,10.80214364,0107.05762764,10.80233441,0107.05758232,10.80257097,0107.05758239,10.80259823,0107.05757333,10.80265276,0107.05759195,10.80272521,0107.05759260,10.80292507,0107.05759316,10.80312476,0107.05761222,10.80332427,0107.05756683,10.80356091,0107.05755819,10.80373351,0107.05755869,10.80390610,0107.05755020,10.80413314,0107.05756925,10.80435092,0107.05756076,10.80457795,0107.05754313,10.80482334,0107.05756218,10.80505921,0107.05756254,10.80515918,0107.05755397,10.80538622,0107.05754506,10.80546801,0107.05754520,10.80552245,0107.05757331,10.80569480,0107.05757331,10.80569480,0107.05757331,10.80569480,0107.05754598,10.80575858,0</coordinates></LinearRing></outerBoundaryIs></Polygon></Placemark><Placemark><name>DXF polygon 1461</name><description><![CDATA[DXF entity 1461; diện tích hình học thô xấp xỉ 1.1344 ha; phân loại tham chiếu theo màu PDF: Tràm 2022-2025.]]></description><styleUrl>#forest</styleUrl><Polygon><outerBoundaryIs><LinearRing><coordinates>107.06188100,10.81881522,0107.06188092,10.81880613,0107.06186243,10.81879731,0107.06188071,10.81873351,0107.06190783,10.81855166,0107.06190761,10.81848813,0107.06192574,10.81840616,0107.06192574,10.81840616,0107.06192567,10.81836981,0107.06193430,10.81817913,0107.06193409,10.81809742,0107.06197064,10.81798792,0107.06197042,10.81793348,0107.06197028,10.81787904,0107.06196085,10.81782468,0107.06198819,10.81771545,0107.06199696,10.81759730,0107.06199689,10.81757003,0107.06199682,10.81754277,0107.06203365,10.81749698,0107.06204279,10.81749690,0107.06205199,10.81749672,0107.06207969,10.81750555,0107.06211659,10.81750512,0107.06225484,10.81752184,0107.06229174,10.81752141,0107.06237475,10.81752964,0107.06254983,10.81752775,0107.06257752,10.81753658,0107.06261435,10.81753615,0107.06262363,10.81755424,0107.06263320,10.81766313,0107.06264269,10.81775384,0107.06264305,10.81785364,0107.06268038,10.81800772,0107.06268081,10.81814387,0107.06269951,10.81826167,0107.06269958,10.81827076,0107.06271835,10.81837947,0107.06271907,10.81860651,0107.06271957,10.81876084,0107.06259987,10.81882575,0107.06246163,10.81880904,0107.06227734,10.81882010,0107.06211139,10.81882182,0107.06194552,10.81881454,0107.06189020,10.81882423,0107.06188100,10.81881522,0</coordinates></LinearRing></outerBoundaryIs></Polygon></Placemark><Placemark><name>DXF polygon 1506</name><description><![CDATA[DXF entity 1506; diện tích hình học thô xấp xỉ 1.4203 ha; phân loại tham chiếu theo màu PDF: Tràm 2022-2025.]]></description><styleUrl>#forest</styleUrl><Polygon><outerBoundaryIs><LinearRing><coordinates>107.06185351,10.81888819,0107.06185359,10.81890646,0107.06186293,10.81896081,0107.06183589,10.81914267,0107.06184588,10.81938771,0107.06184610,10.81946942,0107.06185552,10.81954195,0107.06186523,10.81969619,0107.06186522,10.81971437,0107.06185623,10.81976890,0107.06171805,10.81979763,0107.06160750,10.81978974,0107.06146003,10.81980955,0107.06137702,10.81980132,0107.06119266,10.81980330,0107.06101758,10.81979610,0107.06083329,10.81980708,0107.06069497,10.81978136,0107.06065800,10.81974544,0107.06063929,10.81968207,0107.06056528,10.81957396,0107.06040797,10.81939400,0107.06036172,10.81932180,0107.06035208,10.81917665,0107.06037906,10.81897662,0107.06042524,10.81898519,0107.06062802,10.81899213,0107.06081223,10.81897198,0107.06087683,10.81898038,0107.06096875,10.81891591,0107.06103321,10.81887877,0107.06105162,10.81887860,0107.06107004,10.81886935,0107.06114377,10.81887757,0107.06116225,10.81888649,0107.06117153,10.81890449,0107.06124526,10.81891290,0107.06139265,10.81889308,0107.06159549,10.81890921,0107.06168764,10.81890817,0107.06184438,10.81891563,0107.06185359,10.81890646,0107.06185351,10.81888819,0</coordinates></LinearRing></outerBoundaryIs></Polygon></Placemark><Placemark><name>DXF polygon 1530</name><description><![CDATA[DXF entity 1530; diện tích hình học thô xấp xỉ 0.5765 ha; phân loại tham chiếu theo màu PDF: Tràm 2022-2025.]]></description><styleUrl>#forest</styleUrl><Polygon><outerBoundaryIs><LinearRing><coordinates>107.05211126,10.81587762,0107.05212046,10.81588662,0107.05214816,10.81589546,0107.05235093,10.81589322,0107.05243386,10.81591055,0107.05244328,10.81596490,0107.05248082,10.81617333,0107.05252722,10.81627271,0107.05251801,10.81627279,0107.05252799,10.81653601,0107.05252821,10.81659963,0107.05253791,10.81678114,0107.05256581,10.81685351,0107.05260357,10.81714356,0107.05246539,10.81716319,0107.05211466,10.81700354,0107.05213186,10.81662201,0107.05210367,10.81644975,0107.05210332,10.81631351,0107.05212960,10.81586827,0107.05212960,10.81586827,0107.05211126,10.81587762,0</coordinates></LinearRing></outerBoundaryIs></Polygon></Placemark><Placemark><name>DXF polygon 1531</name><description><![CDATA[DXF entity 1531; diện tích hình học thô xấp xỉ 13.6330 ha; phân loại tham chiếu theo màu PDF: Tràm 2022-2025.]]></description><styleUrl>#forest</styleUrl><Polygon><outerBoundaryIs><LinearRing><coordinates>107.05763005,10.80615727,0107.05767616,10.80615676,0107.05783275,10.80612786,0107.05786958,10.80611834,0107.05798013,10.80611723,0107.05808155,10.80610702,0107.05810917,10.80610677,0107.05815535,10.80612443,0107.05829360,10.80612297,0107.05841328,10.80610350,0107.05855153,10.80609296,0107.05869899,10.80607323,0107.05876351,10.80607255,0107.05890168,10.80606200,0107.05904913,10.80605128,0107.05907675,10.80605102,0107.05920580,10.80604056,0107.05924269,10.80604922,0107.05935325,10.80604810,0107.05938094,10.80604776,0107.05956515,10.80603669,0107.05972195,10.80605324,0107.05979560,10.80604338,0107.05997075,10.80604149,0107.06010900,10.80603094,0107.06011821,10.80603085,0107.06016417,10.80600307,0107.06041297,10.80596405,0107.06060646,10.80596199,0107.06071701,10.80594261,0107.06073543,10.80594244,0107.06091057,10.80595873,0107.06098422,10.80593978,0107.06102113,10.80593943,0107.06115002,10.80590170,0107.06114053,10.80581099,0107.06111262,10.80573872,0107.06110349,10.80573880,0107.06109414,10.80569354,0107.06109385,10.80560274,0107.06106595,10.80552119,0107.06106595,10.80552119,0107.06103818,10.80550336,0107.06103804,10.80543983,0107.06102869,10.80539447,0107.06101948,10.80539465,0107.06097309,10.80531337,0107.06093612,10.80527744,0107.06090828,10.80521426,0107.06090828,10.80521426,0107.06086218,10.80518751,0107.06079773,10.80521537,0107.06074241,10.80522506,0107.06069638,10.80522558,0107.06065027,10.80522609,0107.06063179,10.80519900,0107.06062223,10.80509020,0107.06062223,10.80509020,0107.06056684,10.80506344,0107.06054836,10.80504553,0107.06050211,10.80500060,0107.06047427,10.80495550,0107.06047413,10.80490106,0107.06043701,10.80481969,0107.06043701,10.80481969,0107.06035394,10.80475702,0107.06032617,10.80473010,0107.06031682,10.80468483,0107.06026130,10.80461272,0107.06025195,10.80456736,0107.06026101,10.80452192,0107.06024253,10.80448583,0107.06023303,10.80442238,0107.06021462,10.80440437,0107.06022383,10.80440429,0107.06022375,10.80439520,0107.06021440,10.80434993,0107.06020520,10.80434093,0107.06019578,10.80428657,0107.06017722,10.80424139,0107.06016772,10.80416876,0107.06017672,10.80406879,0107.06019492,10.80401409,0107.06020398,10.80395047,0107.06020399,10.80394138,0107.06021291,10.80384141,0107.06016658,10.80378748,0107.06016658,10.80377840,0107.06009250,10.80366110,0107.06003690,10.80356182,0107.06004611,10.80355265,0107.06008265,10.80346142,0107.06009164,10.80339780,0107.06009143,10.80330691,0107.06009143,10.80330691,0107.05999922,10.80328977,0107.05990693,10.80326353,0107.05989773,10.80324544,0107.05988816,10.80314564,0107.05997103,10.80311752,0107.06001706,10.80310800,0107.06002619,10.80308974,0107.05997987,10.80300855,0107.05996132,10.80296336,0107.05995211,10.80296345,0107.05996117,10.80292701,0107.05997046,10.80291783,0107.05997038,10.80290874,0107.05998879,10.80290857,0107.05997959,10.80290866,0107.05995182,10.80288174,0107.05992413,10.80287291,0107.05985048,10.80287377,0107.05982278,10.80287402,0107.05977654,10.80281992,0107.05977654,10.80281992,0107.05973964,10.80279308,0107.05972108,10.80277517,0107.05967491,10.80273024,0107.05962859,10.80263087,0107.05956400,10.80262247,0107.05951789,10.80262298,0107.05949948,10.80261406,0107.05949027,10.80262324,0107.05948099,10.80262341,0107.05942583,10.80263301,0107.05940719,10.80258783,0107.05937950,10.80257000,0107.05935174,10.80255217,0107.05929643,10.80251641,0107.05926873,10.80252576,0107.05922263,10.80250810,0107.05922263,10.80249901,0107.05922227,10.80239003,0107.05919429,10.80229040,0107.05918480,10.80220887,0107.05918480,10.80219978,0107.05922156,10.80214491,0107.05924903,10.80211738,0107.05930435,10.80211678,0107.05929522,10.80211687,0107.05930442,10.80212587,0107.05930435,10.80211678,0107.05929521,10.80212596,0107.05929514,10.80210778,0107.05931348,10.80209852,0107.05934110,10.80207100,0107.05929486,10.80201698,0107.05928558,10.80199898,0107.05920250,10.80196339,0107.05916546,10.80189120,0107.05912842,10.80184619,0107.05910972,10.80175565,0107.05910972,10.80175565,0107.05914626,10.80166442,0107.05915554,10.80165525,0107.05919230,10.80161855,0107.05921056,10.80158203,0107.05917360,10.80154610,0107.05912756,10.80154662,0107.05910901,10.80151952,0107.05915475,10.80141003,0107.05916389,10.80138277,0107.05913613,10.80134667,0107.05904370,10.80127508,0107.05894214,10.80121258,0107.05891452,10.80120384,0107.05879476,10.80122321,0107.05877627,10.80123256,0107.05864731,10.80123394,0107.05851828,10.80121713,0107.05844448,10.80120882,0107.05835226,10.80120076,0107.05835226,10.80120076,0107.05832465,10.80120102,0107.05828782,10.80121054,0107.05820489,10.80121139,0107.05814957,10.80121199,0107.05808513,10.80123086,0107.05804844,10.80129473,0107.05803931,10.80131299,0107.05802125,10.80144032,0107.05802132,10.80148567,0107.05797565,10.80159525,0107.05797564,10.80160434,0107.05780971,10.80159697,0107.05768987,10.80159825,0107.05767154,10.80160751,0107.05768096,10.80167096,0107.05767211,10.80178911,0107.05766325,10.80193443,0107.05766361,10.80206168,0107.05766375,10.80208885,0107.05764577,10.80222527,0107.05764620,10.80236142,0107.05763721,10.80243412,0107.05762828,10.80255236,0107.05762842,10.80260681,0107.05761964,10.80274313,0107.05761094,10.80289764,0107.05761115,10.80296117,0107.05760237,10.80310649,0107.05763970,10.80326048,0107.05765840,10.80336020,0107.05764919,10.80335119,0107.05765840,10.80336020,0107.05765840,10.80335111,0107.05764919,10.80334211,0107.05766746,10.80332367,0107.05764912,10.80333302,0107.05765833,10.80332384,0107.05764919,10.80334211,0107.05766753,10.80334194,0107.05763991,10.80333310,0107.05759423,10.80347895,0107.05760416,10.80367855,0107.05756768,10.80384240,0107.05754948,10.80390619,0107.05754963,10.80394245,0107.05756840,10.80406934,0107.05757796,10.80416915,0107.05756904,10.80428739,0107.05754171,10.80436026,0107.05758845,10.80460487,0107.05756118,10.80473237,0107.05755227,10.80481416,0107.05758067,10.80504995,0107.05758117,10.80521346,0107.05757196,10.80524981,0107.05758174,10.80540405,0107.05756333,10.80542240,0107.05758217,10.80554929,0107.05760086,10.80565818,0107.05760136,10.80581251,0107.05764797,10.80595724,0107.05765718,10.80596624,0107.05764790,10.80594815,0107.05763005,10.80615727,0</coordinates></LinearRing></outerBoundaryIs></Polygon></Placemark><Placemark><name>DXF polygon 1532</name><description><![CDATA[DXF entity 1532; diện tích hình học thô xấp xỉ 12.7541 ha; phân loại tham chiếu theo màu PDF: Tràm 2022-2025.]]></description><styleUrl>#forest</styleUrl><Polygon><outerBoundaryIs><LinearRing><coordinates>107.05265968,10.80225118,0107.05266917,10.80234180,0107.05266032,10.80245995,0107.05272484,10.80245927,0107.05281726,10.80254003,0107.05279906,10.80263109,0107.05279000,10.80266744,0107.05278079,10.80267662,0107.05277165,10.80270397,0107.05276252,10.80273132,0107.05279028,10.80275824,0107.05280890,10.80283978,0107.05286443,10.80290271,0107.05305799,10.80290065,0107.05312251,10.80290906,0107.05320544,10.80290820,0107.05327902,10.80287107,0107.05336182,10.80278851,0107.05348136,10.80271460,0107.05351819,10.80270508,0107.05355523,10.80275010,0107.05354609,10.80278654,0107.05350983,10.80299583,0107.05341791,10.80307848,0107.05326132,10.80308919,0107.05307718,10.80315470,0107.05297576,10.80316490,0107.05291124,10.80315650,0107.05284673,10.80313901,0107.05272690,10.80313120,0107.05262604,10.80332291,0107.05258986,10.80352312,0107.05257215,10.80379568,0107.05256365,10.80402290,0107.05261989,10.80430378,0107.05276791,10.80451101,0107.05278647,10.80453801,0107.05285148,10.80470983,0107.05288888,10.80486391,0107.05288930,10.80501824,0107.05285297,10.80518209,0107.05283477,10.80528215,0107.05283491,10.80532759,0107.05279822,10.80538237,0107.05277074,10.80544625,0107.05274320,10.80547377,0107.05270658,10.80555591,0107.05266047,10.80554734,0107.05263285,10.80555668,0107.05254050,10.80549409,0107.05254964,10.80545765,0107.05254029,10.80542147,0107.05254000,10.80534885,0107.05258582,10.80524854,0107.05266855,10.80516579,0107.05259454,10.80507586,0107.05256677,10.80504884,0107.05249284,10.80496800,0107.05235423,10.80486048,0107.05234495,10.80485147,0107.05229871,10.80478846,0107.05226146,10.80466165,0107.05226138,10.80464347,0107.05224283,10.80459828,0107.05217824,10.80456271,0107.05214127,10.80453587,0107.05211358,10.80451795,0107.05208581,10.80449103,0107.05207654,10.80446393,0107.05204885,10.80443692,0107.05203942,10.80439165,0107.05199311,10.80431046,0107.05196535,10.80426527,0107.05191896,10.80415681,0107.05187271,10.80409380,0107.05185408,10.80405761,0107.05184474,10.80400325,0107.05183539,10.80396707,0107.05183532,10.80393981,0107.05177986,10.80388597,0107.05171520,10.80383203,0107.05169664,10.80381411,0107.05164105,10.80369665,0107.05160394,10.80362446,0107.05158524,10.80353383,0107.05164027,10.80344252,0107.05162143,10.80331554,0107.05162129,10.80327009,0107.05163035,10.80322466,0107.05159353,10.80322500,0107.05155649,10.80317998,0107.05148248,10.80308096,0107.05139006,10.80299110,0107.05134381,10.80292799,0107.05132525,10.80291907,0107.05126088,10.80292885,0107.05124239,10.80292002,0107.05121470,10.80291119,0107.05112220,10.80281233,0107.05104841,10.80278583,0107.05095606,10.80270516,0107.05084529,10.80267000,0107.05074373,10.80261658,0107.05067893,10.80252656,0107.05064189,10.80246328,0107.05055867,10.80237334,0107.05053077,10.80229197,0107.05050308,10.80228314,0107.05046611,10.80224721,0107.05037369,10.80216654,0107.05028127,10.80205850,0107.05024430,10.80204075,0107.05011505,10.80196042,0107.05010570,10.80193323,0107.05010534,10.80181526,0107.05011413,10.80164267,0107.05011399,10.80160622,0107.05014139,10.80154244,0107.05012263,10.80141545,0107.05011335,10.80138836,0107.05009451,10.80127056,0107.05007582,10.80117984,0107.05004813,10.80115292,0107.05001095,10.80104438,0107.05001966,10.80088996,0107.05007476,10.80080765,0107.05001902,10.80068101,0107.05002773,10.80052660,0107.05013785,10.80038016,0107.05011017,10.80033506,0107.05002709,10.80030874,0107.04992575,10.80032794,0107.04984303,10.80038333,0107.04969550,10.80038487,0107.04960337,10.80037681,0107.04948325,10.80029629,0107.04942766,10.80019701,0107.04937193,10.80003419,0107.04929792,10.79994416,0107.04930698,10.79989872,0107.04933418,10.79975305,0107.04937065,10.79962555,0107.04952710,10.79955131,0107.04968354,10.79947697,0107.04972922,10.79934022,0107.04965528,10.79927746,0107.04960897,10.79918717,0107.04950763,10.79918829,0107.04943390,10.79918906,0107.04943383,10.79917997,0107.04944303,10.79917989,0107.04943390,10.79918906,0107.04942462,10.79919823,0107.04941549,10.79920741,0107.04932320,10.79917208,0107.04928623,10.79914525,0107.04924920,10.79908205,0107.04928574,10.79897274,0107.04929488,10.79893621,0107.04928553,10.79890912,0107.04926705,10.79887293,0107.04916528,10.79873790,0107.04917413,10.79862884,0107.04914602,10.79848376,0107.04913674,10.79845667,0107.04912739,10.79840231,0107.04910877,10.79834804,0107.04903476,10.79826710,0107.04900699,10.79823109,0107.04891471,10.79819576,0107.04889616,10.79813240,0107.04889567,10.79798707,0107.04891373,10.79785975,0107.04895969,10.79780479,0107.04910721,10.79783043,0107.04919043,10.79791128,0107.04920898,10.79797464,0107.04926458,10.79805575,0107.04930168,10.79813712,0107.04932959,10.79821858,0107.04945862,10.79822630,0107.04958751,10.79819766,0107.04962434,10.79817914,0107.04965196,10.79816971,0107.04968872,10.79814210,0107.04971634,10.79811458,0107.04976252,10.79814133,0107.04981790,10.79818608,0107.04986422,10.79824010,0107.05003014,10.79828375,0107.05012271,10.79840078,0107.05012278,10.79842805,0107.05021513,10.79848146,0107.05033517,10.79858015,0107.05035373,10.79859816,0107.05039063,10.79860682,0107.05040919,10.79863382,0107.05048298,10.79866941,0107.05051988,10.79867807,0107.05069508,10.79872162,0107.05071357,10.79872136,0107.05075953,10.79869367,0107.05081478,10.79866590,0107.05092511,10.79858299,0107.05106314,10.79852700,0107.05112766,10.79852631,0107.05131201,10.79852434,0107.05134891,10.79852400,0107.05140429,10.79855976,0107.05148729,10.79856790,0107.05157950,10.79860322,0107.05161633,10.79858471,0107.05172709,10.79863795,0107.05177348,10.79873732,0107.05180124,10.79878242,0107.05170932,10.79885607,0107.05166342,10.79892012,0107.05161746,10.79897516,0107.05160847,10.79902969,0107.05160854,10.79904787,0107.05148885,10.79909451,0107.05136937,10.79921386,0107.05125911,10.79931485,0107.05118545,10.79934289,0107.05104707,10.79928990,0107.05089933,10.79921883,0107.05083481,10.79921951,0107.05082568,10.79921960,0107.05078007,10.79937444,0107.05079862,10.79943789,0107.05083574,10.79951008,0107.05088198,10.79956410,0107.05089126,10.79958219,0107.05095592,10.79961777,0107.05101123,10.79964444,0107.05109431,10.79967076,0107.05112200,10.79967959,0107.05115890,10.79968825,0107.05124197,10.79975093,0107.05125132,10.79976902,0107.05126987,10.79983229,0107.05137136,10.79985862,0107.05144522,10.79991229,0107.05145450,10.79992121,0107.05148234,10.79998448,0107.05147320,10.80001183,0107.05149168,10.80002975,0107.05152880,10.80010203,0107.05152901,10.80018374,0107.05147412,10.80032058,0107.05144657,10.80035719,0107.05137313,10.80044876,0107.05136435,10.80057591,0107.05136442,10.80062135,0107.05130925,10.80065822,0107.05132816,10.80080338,0107.05138354,10.80084822,0107.05141137,10.80090241,0107.05149452,10.80096499,0107.05159608,10.80102750,0107.05162383,10.80108169,0107.05168857,10.80115362,0107.05174409,10.80120755,0107.05184565,10.80127006,0107.05191959,10.80133282,0107.05198432,10.80141384,0107.05203057,10.80147686,0107.05209515,10.80150344,0107.05224282,10.80155634,0107.05233496,10.80156449,0107.05242731,10.80161799,0107.05249204,10.80168093,0107.05252908,10.80173494,0107.05253858,10.80181657,0107.05253865,10.80182565,0107.05252951,10.80187118,0107.05253886,10.80190736,0107.05252993,10.80202551,0107.05253015,10.80208004,0107.05255798,10.80215232,0107.05265968,10.80225118,0</coordinates></LinearRing></outerBoundaryIs></Polygon></Placemark><Placemark><name>DXF polygon 1533</name><description><![CDATA[DXF entity 1533; diện tích hình học thô xấp xỉ 1.5566 ha; phân loại tham chiếu theo màu PDF: Đất lấn chiếm KL 260.]]></description><styleUrl>#old</styleUrl><Polygon><outerBoundaryIs><LinearRing><coordinates>107.05120854,10.80392831,0107.05120889,10.80403729,0107.05120904,10.80407355,0107.05125542,10.80419110,0107.05128339,10.80429982,0107.05134820,10.80438085,0107.05147731,10.80440674,0107.05155125,10.80447859,0107.05156060,10.80452386,0107.05156995,10.80456004,0107.05151470,10.80459700,0107.05146867,10.80459751,0107.05136733,10.80459854,0107.05126591,10.80459056,0107.05116449,10.80459159,0107.05114600,10.80457367,0107.05111831,10.80455584,0107.05109982,10.80454692,0107.05097999,10.80453003,0107.05094310,10.80452137,0107.05086017,10.80451313,0107.05077708,10.80449590,0107.05067574,10.80449693,0107.05056505,10.80446186,0107.05055576,10.80447104,0107.05050966,10.80445337,0107.05042680,10.80446332,0107.05031610,10.80444634,0107.05030682,10.80442825,0107.05026072,10.80441059,0107.05015909,10.80432090,0107.05011284,10.80429406,0107.05001100,10.80414085,0107.04995555,10.80406874,0107.04989096,10.80405134,0107.04987247,10.80404242,0107.04966964,10.80400829,0107.04959584,10.80399997,0107.04956815,10.80398214,0107.04947608,10.80399217,0107.04934697,10.80398445,0107.04918082,10.80388636,0107.04907926,10.80383285,0107.04906977,10.80375123,0107.04908819,10.80374197,0107.04916191,10.80375029,0107.04934634,10.80376650,0107.04951227,10.80378288,0107.04967821,10.80379017,0107.04983486,10.80379763,0107.04985328,10.80378837,0107.04991738,10.80364236,0107.04991731,10.80360609,0107.04990746,10.80343367,0107.04992580,10.80338797,0107.05001794,10.80337794,0107.05008254,10.80338634,0107.05014705,10.80342210,0107.05020251,10.80344868,0107.05032234,10.80344739,0107.05036844,10.80345606,0107.05046058,10.80345503,0107.05048835,10.80347286,0107.05058055,10.80352636,0107.05058991,10.80354445,0107.05061788,10.80366217,0107.05063658,10.80374371,0107.05068268,10.80377046,0107.05078410,10.80377844,0107.05086710,10.80378658,0107.05089487,10.80380450,0107.05095018,10.80382208,0107.05098700,10.80382165,0107.05103311,10.80381213,0107.05109770,10.80382954,0107.05118078,10.80388321,0107.05119926,10.80389213,0107.05120854,10.80392831,0</coordinates></LinearRing></outerBoundaryIs></Polygon></Placemark><Placemark><name>DXF polygon 1534</name><description><![CDATA[DXF entity 1534; diện tích hình học thô xấp xỉ 1.3939 ha; phân loại tham chiếu theo màu PDF: Tràm 2022-2025.]]></description><styleUrl>#forest</styleUrl><Polygon><outerBoundaryIs><LinearRing><coordinates>107.04250784,10.79768253,0107.04261860,10.79774504,0107.04284005,10.79786071,0107.04300627,10.79794971,0107.04317241,10.79802971,0107.04331093,10.79813724,0107.04336639,10.79816390,0107.04339415,10.79820900,0107.04351397,10.79822590,0107.04353239,10.79821655,0107.04356001,10.79818903,0107.04358749,10.79815242,0107.04361511,10.79813399,0107.04367000,10.79800624,0107.04368827,10.79793345,0107.04372489,10.79786040,0107.04374309,10.79778761,0107.04375215,10.79775117,0107.04376115,10.79766019,0107.04381619,10.79756880,0107.04381611,10.79755971,0107.04385266,10.79745040,0107.04386173,10.79738678,0107.04389855,10.79737726,0107.04390755,10.79730456,0107.04390741,10.79725920,0107.04392575,10.79722259,0107.04393489,10.79719524,0107.04395316,10.79716780,0107.04398071,10.79711301,0107.04396209,10.79704065,0107.04381436,10.79696048,0107.04363894,10.79685339,0107.04359277,10.79681755,0107.04355580,10.79679062,0107.04334383,10.79680202,0107.04323342,10.79686675,0107.04321508,10.79688510,0107.04316005,10.79697649,0107.04310494,10.79704971,0107.04296719,10.79722367,0107.04291224,10.79730607,0107.04283865,10.79738854,0107.04281117,10.79741607,0107.04273751,10.79747128,0107.04257193,10.79757296,0107.04242483,10.79768347,0107.04243411,10.79770156,0107.04250784,10.79768253,0</coordinates></LinearRing></outerBoundaryIs></Polygon></Placemark><Placemark><name>DXF polygon 1535</name><description><![CDATA[DXF entity 1535; diện tích hình học thô xấp xỉ 13.1467 ha; phân loại tham chiếu theo màu PDF: Tràm 2022-2025.]]></description><styleUrl>#forest</styleUrl><Polygon><outerBoundaryIs><LinearRing><coordinates>107.04345291,10.79629230,0107.04343435,10.79624712,0107.04343435,10.79624712,0107.04338811,10.79619310,0107.04293550,10.79588005,0107.04287999,10.79577176,0107.04256597,10.79557532,0107.04229806,10.79536019,0107.04222419,10.79533378,0107.04183668,10.79515629,0107.04143116,10.79516056,0107.04104398,10.79515557,0107.04077692,10.79522201,0107.04051927,10.79535180,0107.04042706,10.79534374,0107.04033485,10.79533559,0107.04027962,10.79532710,0107.04027954,10.79531801,0107.04025200,10.79533653,0107.04027026,10.79531819,0107.04028847,10.79522713,0107.04035264,10.79509030,0107.04041667,10.79493519,0107.04045321,10.79482588,0107.04048076,10.79479836,0107.04048955,10.79465304,0107.04035096,10.79453633,0107.04025854,10.79445565,0107.04012957,10.79449328,0107.04006554,10.79465747,0107.03994537,10.79452251,0107.03994537,10.79451342,0107.03991740,10.79440479,0107.03988036,10.79435978,0107.03975147,10.79440650,0107.03963171,10.79441687,0107.03962251,10.79441695,0107.03956727,10.79443573,0107.03950296,10.79449994,0107.03940197,10.79462821,0107.03933787,10.79476504,0107.03931959,10.79482883,0107.03925535,10.79493840,0107.03922781,10.79495692,0107.03920033,10.79501162,0107.03922809,10.79504763,0107.03909926,10.79511271,0107.03890606,10.79524182,0107.03883282,10.79539691,0107.03882362,10.79540608,0107.03880528,10.79542443,0107.03877730,10.79533398,0107.03877695,10.79522500,0107.03883199,10.79511552,0107.03893263,10.79486010,0107.03896869,10.79459637,0107.03900475,10.79433273,0107.03894880,10.79413346,0107.03894859,10.79406084,0107.03895766,10.79399723,0107.03898514,10.79396062,0107.03905852,10.79382370,0107.03903020,10.79359692,0107.03896512,10.79341600,0107.03902929,10.79327917,0107.03906591,10.79321512,0107.03912101,10.79314190,0107.03916676,10.79304159,0107.03925856,10.79288624,0107.03934127,10.79282176,0107.03938709,10.79275772,0107.03944198,10.79262097,0107.03942337,10.79253034,0107.03946912,10.79243003,0107.03945977,10.79238467,0107.03956119,10.79238365,0107.03961656,10.79243749,0107.03967194,10.79244599,0107.03969028,10.79242764,0107.03971783,10.79240921,0107.03973632,10.79239995,0107.03974546,10.79238169,0107.03988348,10.79232561,0107.03989269,10.79231644,0107.03991104,10.79228001,0107.03992945,10.79227066,0107.04009537,10.79230522,0107.04016924,10.79233172,0107.04035387,10.79242064,0107.04038156,10.79243847,0107.04039090,10.79249283,0107.04030819,10.79254821,0107.04028991,10.79261191,0107.04029040,10.79277533,0107.04038239,10.79272904,0107.04047453,10.79270984,0107.04057595,10.79271790,0107.04064046,10.79271722,0107.04075108,10.79273420,0107.04082516,10.79284241,0107.04082544,10.79293321,0107.04096402,10.79306791,0107.04107507,10.79321204,0107.04112173,10.79339312,0107.04113094,10.79340212,0107.04116790,10.79343805,0107.04119559,10.79345597,0107.04123263,10.79350090,0107.04126967,10.79356409,0107.04135281,10.79362677,0107.04150988,10.79376139,0107.04152837,10.79377931,0107.04163934,10.79389617,0107.04175017,10.79398577,0107.04193486,10.79410187,0107.04195335,10.79411979,0107.04205497,10.79420956,0107.04213811,10.79425416,0107.04218414,10.79425364,0107.04220263,10.79426247,0107.04238711,10.79432413,0107.04239647,10.79434213,0107.04243336,10.79435997,0107.04248880,10.79444108,0107.04252577,10.79447700,0107.04270105,10.79451139,0107.04271033,10.79452039,0107.04287620,10.79450960,0107.04311571,10.79448885,0107.04328164,10.79448715,0107.04334623,10.79450455,0107.04337377,10.79451338,0107.04343829,10.79449452,0107.04361336,10.79447455,0107.04377915,10.79443640,0107.04385266,10.79437210,0107.04385210,10.79417242,0107.04378710,10.79400051,0107.04376847,10.79396441,0107.04372209,10.79383777,0107.04366635,10.79371122,0107.04359213,10.79355757,0107.04364738,10.79352979,0107.04376720,10.79353760,0107.04381338,10.79354617,0107.04385020,10.79354584,0107.04396996,10.79353546,0107.04402520,10.79351669,0107.04408059,10.79351609,0107.04418165,10.79342427,0107.04422753,10.79337840,0107.04426422,10.79331444,0107.04431004,10.79324130,0107.04435608,10.79320443,0107.04439291,10.79319492,0107.04448519,10.79321216,0107.04454970,10.79324783,0107.04452264,10.79342068,0107.04450437,10.79349347,0107.04451407,10.79365680,0107.04453291,10.79376561,0107.04454211,10.79378370,0107.04457900,10.79380145,0107.04458836,10.79381945,0107.04460677,10.79382837,0107.04462525,10.79383729,0107.04472702,10.79395424,0107.04474543,10.79396307,0107.04489281,10.79393426,0107.04494805,10.79392457,0107.04497567,10.79390614,0107.04501242,10.79387854,0107.04509536,10.79385042,0107.04509536,10.79385042,0107.04509522,10.79379597,0107.04506745,10.79376905,0107.04506724,10.79369634,0107.04508551,10.79366900,0107.04514996,10.79364096,0107.04519592,10.79359509,0107.04531561,10.79356654,0107.04545392,10.79358326,0107.04549075,10.79356465,0107.04555498,10.79348226,0107.04558253,10.79343665,0107.04566526,10.79334491,0107.04580321,10.79326175,0107.04583990,10.79319779,0107.04587651,10.79312474,0107.04593140,10.79299708,0107.04591299,10.79297907,0107.04582984,10.79293457,0107.04582057,10.79291648,0107.04583877,10.79282551,0107.04587532,10.79271610,0107.04594890,10.79267898,0107.04598579,10.79269682,0107.04604110,10.79268713,0107.04612375,10.79259548,0107.04616993,10.79260405,0107.04618834,10.79261297,0107.04627148,10.79267556,0107.04618919,10.79288537,0107.04606993,10.79305916,0107.04592297,10.79325147,0107.04586801,10.79334277,0107.04583111,10.79336138,0107.04581277,10.79337973,0107.04577601,10.79340734,0107.04565654,10.79352659,0107.04561079,10.79363608,0107.04550986,10.79379152,0107.04535398,10.79406554,0107.04518911,10.79439426,0107.04505157,10.79464093,0107.04485865,10.79486085,0107.04473053,10.79513470,0107.04440858,10.79534689,0107.04417953,10.79582153,0107.04406941,10.79594989,0107.04381176,10.79610695,0107.04357252,10.79622749,0107.04355418,10.79624583,0107.04350807,10.79626453,0107.04346211,10.79628313,0107.04345291,10.79629230,0</coordinates></LinearRing></outerBoundaryIs></Polygon></Placemark><Placemark><name>DXF polygon 1536</name><description><![CDATA[DXF entity 1536; diện tích hình học thô xấp xỉ 8.6861 ha; phân loại tham chiếu theo màu PDF: Đất trảng đồi/suối/G.T.]]></description><styleUrl>#other</styleUrl><Polygon><outerBoundaryIs><LinearRing><coordinates>107.04489541,10.79478780,0107.04492296,10.79477845,0107.04496893,10.79471441,0107.04512494,10.79451292,0107.04523486,10.79427569,0107.04536312,10.79403819,0107.04549152,10.79381896,0107.04562913,10.79360865,0107.04582247,10.79355206,0107.04601588,10.79348648,0107.04620915,10.79340271,0107.04628280,10.79337468,0107.04654044,10.79324488,0107.04675248,10.79325175,0107.04686331,10.79335043,0107.04682691,10.79348692,0107.04686395,10.79354103,0107.04685488,10.79359564,0107.04687350,10.79366809,0107.04698434,10.79373052,0107.04700311,10.79384832,0107.04696634,10.79390319,0107.04689298,10.79400385,0107.04686564,10.79411317,0107.04687492,10.79413117,0107.04688427,10.79415835,0107.04701337,10.79421143,0107.04710572,10.79426493,0107.04706910,10.79433798,0107.04697711,10.79440245,0107.04697746,10.79452051,0107.04697745,10.79453878,0107.04697788,10.79466584,0107.04698723,10.79468394,0107.04702455,10.79485601,0107.04694211,10.79502037,0107.04682264,10.79513063,0107.04681336,10.79513072,0107.04672129,10.79514075,0107.04663850,10.79519613,0107.04661088,10.79522365,0107.04658341,10.79525118,0107.04656506,10.79530579,0107.04654686,10.79537867,0107.04659331,10.79550531,0107.04652915,10.79561497,0107.04651073,10.79563331,0107.04645557,10.79566118,0107.04637277,10.79572556,0107.04637284,10.79575283,0107.04638227,10.79580719,0107.04640082,10.79585237,0107.04639176,10.79588890,0107.04638269,10.79593434,0107.04651200,10.79606012,0107.04654897,10.79607787,0107.04657659,10.79607753,0107.04662270,10.79607710,0107.04673325,10.79604864,0107.04687156,10.79609263,0107.04701016,10.79619097,0107.04705626,10.79620863,0107.04712998,10.79620786,0107.04717609,10.79620735,0107.04733275,10.79618755,0107.04736950,10.79615085,0107.04739691,10.79607789,0107.04742438,10.79604137,0107.04746122,10.79599549,0107.04754365,10.79584931,0107.04756206,10.79584005,0107.04761738,10.79583945,0107.04764492,10.79581193,0107.04772771,10.79577472,0107.04774613,10.79574728,0107.04780137,10.79571951,0107.04787495,10.79567330,0107.04796709,10.79566327,0107.04799506,10.79579916,0107.04794910,10.79582685,0107.04793068,10.79584520,0107.04788493,10.79594560,0107.04787580,10.79595478,0107.04785752,10.79603675,0107.04788536,10.79608185,0107.04802367,10.79610757,0107.04806063,10.79614349,0107.04806106,10.79628873,0107.04808868,10.79627939,0107.04817168,10.79627853,0107.04825447,10.79622315,0107.04825440,10.79620497,0107.04828188,10.79615027,0107.04830022,10.79614092,0107.04838315,10.79611280,0107.04848421,10.79602098,0107.04858563,10.79601087,0107.04873287,10.79594571,0107.04876035,10.79589092,0107.04877869,10.79586348,0107.04885213,10.79575374,0107.04887047,10.79574439,0107.04899044,10.79577946,0107.04901806,10.79577920,0107.04905489,10.79576060,0107.04914696,10.79572330,0107.04921126,10.79567726,0107.04927578,10.79566749,0107.04933116,10.79568507,0107.04933130,10.79573042,0107.04932217,10.79576686,0107.04932231,10.79581221,0107.04933166,10.79584857,0107.04931352,10.79595772,0107.04928598,10.79598524,0107.04928626,10.79606695,0107.04928633,10.79609412,0107.04936961,10.79622042,0107.04938810,10.79623834,0107.04946182,10.79622848,0107.04956310,10.79619110,0107.04959064,10.79616358,0107.04961819,10.79615415,0107.04961784,10.79603617,0107.04968193,10.79589025,0107.04971868,10.79586264,0107.04982952,10.79591588,0107.04991245,10.79592412,0107.04997669,10.79582346,0107.05000431,10.79580502,0107.05002265,10.79578668,0107.05016118,10.79586693,0107.05016118,10.79587602,0107.05016139,10.79593055,0107.05011549,10.79601268,0107.05015246,10.79605770,0107.05020813,10.79615698,0107.05020827,10.79622052,0107.05018993,10.79624795,0107.05020848,10.79627505,0107.05020848,10.79628414,0107.05019000,10.79626613,0107.05018072,10.79623895,0107.05000573,10.79626810,0107.04998731,10.79629563,0107.04994135,10.79632332,0107.04987711,10.79643298,0107.04987725,10.79646924,0107.04981316,10.79660617,0107.04969376,10.79672543,0107.04959270,10.79682643,0107.04953766,10.79694509,0107.04949199,10.79705449,0107.04947364,10.79709102,0107.04945523,10.79710028,0107.04943696,10.79715498,0107.04933569,10.79718336,0107.04928030,10.79717478,0107.04918845,10.79726661,0107.04913455,10.79773938,0107.04903334,10.79779493,0107.04888561,10.79769659,0107.04869114,10.79738989,0107.04822110,10.79740404,0107.04788895,10.79728039,0107.04759328,10.79702925,0107.04722381,10.79676089,0107.04718628,10.79655237,0107.04682623,10.79632009,0107.04657666,10.79609570,0107.04639190,10.79593426,0107.04612455,10.79591899,0107.04583864,10.79587654,0107.04560756,10.79563380,0107.04537669,10.79546378,0107.04543179,10.79542682,0107.04507153,10.79514011,0107.04480369,10.79495224,0107.04489534,10.79476062,0107.04495065,10.79477820,0107.04489541,10.79478780,0</coordinates></LinearRing></outerBoundaryIs></Polygon></Placemark><Placemark><name>DXF polygon 1537</name><description><![CDATA[DXF entity 1537; diện tích hình học thô xấp xỉ 7.1597 ha; phân loại tham chiếu theo màu PDF: Tràm 2022-2025.]]></description><styleUrl>#forest</styleUrl><Polygon><outerBoundaryIs><LinearRing><coordinates>107.04410623,10.79594946,0107.04411537,10.79593119,0107.04413378,10.79591285,0107.04419809,10.79583036,0107.04423477,10.79579367,0107.04434483,10.79561097,0107.04451892,10.79527307,0107.04479470,10.79502504,0107.04486821,10.79495156,0107.04507146,10.79511284,0107.04536734,10.79543669,0107.04560757,10.79561572,0107.04581103,10.79585861,0107.04608765,10.79590115,0107.04638269,10.79593434,0107.04663204,10.79612237,0107.04682616,10.79631100,0107.04687241,10.79635593,0107.04717707,10.79653427,0107.04724230,10.79676972,0107.04757480,10.79701134,0107.04789809,10.79726222,0107.04818427,10.79741346,0107.04841466,10.79738380,0107.04867258,10.79737198,0107.04888562,10.79768750,0107.04902414,10.79777684,0107.04901493,10.79781328,0107.04900579,10.79783154,0107.04896040,10.79804992,0107.04896082,10.79819525,0107.04894262,10.79826804,0107.04870296,10.79827061,0107.04860155,10.79824446,0107.04838030,10.79822868,0107.04826918,10.79805728,0107.04809404,10.79804999,0107.04801062,10.79787843,0107.04786281,10.79778917,0107.04784398,10.79762592,0107.04777939,10.79760843,0107.04775170,10.79759968,0107.04762245,10.79753743,0107.04753953,10.79752020,0107.04747493,10.79752088,0107.04745652,10.79752105,0107.04742875,10.79750322,0107.04737345,10.79747655,0107.04732713,10.79742262,0107.04729937,10.79735026,0107.04727161,10.79733243,0107.04725312,10.79732351,0107.04717940,10.79731519,0107.04710582,10.79735231,0107.04705971,10.79736192,0107.04699519,10.79735351,0107.04686602,10.79729126,0107.04680136,10.79724659,0107.04678287,10.79725585,0107.04665391,10.79726631,0107.04664477,10.79730275,0107.04663592,10.79740272,0107.04653493,10.79753998,0107.04650738,10.79756750,0107.04646134,10.79758611,0107.04644286,10.79756819,0107.04640589,10.79754135,0107.04631361,10.79751502,0107.04623075,10.79752506,0107.04609265,10.79756277,0107.04608345,10.79757195,0107.04599130,10.79759106,0107.04581638,10.79763839,0107.04579796,10.79764765,0107.04570596,10.79771221,0107.04558642,10.79778611,0107.04556793,10.79779546,0107.04544832,10.79783301,0107.04541149,10.79785153,0107.04535611,10.79782495,0107.04533762,10.79782512,0107.04531000,10.79782538,0107.04525476,10.79783506,0107.04512573,10.79783643,0107.04495024,10.79771116,0107.04477468,10.79755862,0107.04462687,10.79746946,0107.04457149,10.79741552,0107.04460790,10.79726985,0107.04471802,10.79712341,0107.04470882,10.79712350,0107.04473637,10.79706871,0107.04488389,10.79711253,0107.04493920,10.79711193,0107.04498530,10.79712050,0107.04501285,10.79708389,0107.04502199,10.79705663,0107.04504005,10.79692931,0107.04501215,10.79685694,0107.04485507,10.79671333,0107.04464283,10.79662475,0107.04446762,10.79658119,0107.04432895,10.79645558,0107.04436564,10.79639162,0107.04446677,10.79631789,0107.04450374,10.79635390,0107.04457725,10.79628033,0107.04443866,10.79614563,0107.04430007,10.79604729,0107.04412486,10.79600373,0107.04411558,10.79599472,0107.04409710,10.79597681,0107.04410623,10.79594946,0</coordinates></LinearRing></outerBoundaryIs></Polygon></Placemark><Placemark><name>DXF polygon 1538</name><description><![CDATA[DXF entity 1538; diện tích hình học thô xấp xỉ 1.0719 ha; phân loại tham chiếu theo màu PDF: Đất trảng đồi/suối/G.T.]]></description><styleUrl>#other</styleUrl><Polygon><outerBoundaryIs><LinearRing><coordinates>107.04133915,10.78903218,0107.04132066,10.78902335,0107.04131138,10.78901435,0107.04121005,10.78901537,0107.04119149,10.78898836,0107.04103442,10.78884474,0107.04095078,10.78863673,0107.04082120,10.78842933,0107.04077481,10.78833896,0107.04074712,10.78832103,0107.04072864,10.78829402,0107.04069175,10.78827628,0107.04068247,10.78826727,0107.04064557,10.78825861,0107.04044254,10.78816995,0107.04034092,10.78808026,0107.04033164,10.78805308,0107.04032194,10.78789875,0107.04031266,10.78788983,0107.04036748,10.78772582,0107.04041338,10.78766177,0107.04043165,10.78759798,0107.04044985,10.78754337,0107.04045899,10.78748875,0107.04047726,10.78746141,0107.04046778,10.78736152,0107.04044880,10.78718009,0107.04043032,10.78715308,0107.04039321,10.78708089,0107.04029181,10.78705474,0107.04006143,10.78706622,0107.03982178,10.78706878,0107.03977567,10.78707829,0107.03960996,10.78711635,0107.03965620,10.78717037,0107.03966548,10.78718846,0107.03969317,10.78720630,0107.03994237,10.78734889,0107.04002615,10.78759325,0107.04012833,10.78786453,0107.04023972,10.78813582,0107.04035103,10.78838893,0107.04041645,10.78870599,0107.04050016,10.78893218,0107.04071254,10.78909328,0107.04095219,10.78909072,0107.04126542,10.78906021,0107.04127463,10.78905104,0107.04126542,10.78905112,0107.04133915,10.78903218,0</coordinates></LinearRing></outerBoundaryIs></Polygon></Placemark><Placemark><name>DXF polygon 1539</name><description><![CDATA[DXF entity 1539; diện tích hình học thô xấp xỉ 1.8806 ha; phân loại tham chiếu theo màu PDF: Tràm 2022-2025.]]></description><styleUrl>#forest</styleUrl><Polygon><outerBoundaryIs><LinearRing><coordinates>107.04797015,10.79362928,0107.04797015,10.79362928,0107.04799777,10.79361976,0107.04805294,10.79358289,0107.04805294,10.79358289,0107.04810776,10.79341887,0107.04817185,10.79327295,0107.04819005,10.79320916,0107.04824487,10.79304514,0107.04829069,10.79296292,0107.04829990,10.79294465,0107.04833637,10.79281716,0107.04834551,10.79279890,0107.04840046,10.79268932,0107.04840046,10.79268932,0107.04845542,10.79257066,0107.04851045,10.79247935,0107.04855605,10.79234269,0107.04856519,10.79229716,0107.04863863,10.79220550,0107.04866626,10.79217798,0107.04872135,10.79214111,0107.04882262,10.79209464,0107.04894245,10.79208427,0107.04900690,10.79205632,0107.04910824,10.79204621,0107.04925569,10.79206275,0107.04928345,10.79208967,0107.04925597,10.79216264,0107.04924691,10.79219908,0107.04926546,10.79225335,0107.04919209,10.79236310,0107.04917396,10.79244507,0107.04912799,10.79250911,0107.04911886,10.79253637,0107.04910059,10.79259108,0107.04910066,10.79260925,0107.04905470,10.79263695,0107.04901787,10.79265546,0107.04900874,10.79268281,0107.04897212,10.79275596,0107.04901837,10.79281897,0107.04898154,10.79283758,0107.04893551,10.79283800,0107.04891738,10.79294715,0107.04893586,10.79294698,0107.04894514,10.79297407,0107.04894521,10.79301042,0107.04894528,10.79302860,0107.04897318,10.79310997,0107.04896404,10.79315549,0107.04894577,10.79319211,0107.04891815,10.79321963,0107.04893685,10.79327390,0107.04892771,10.79331934,0107.04889089,10.79333795,0107.04883579,10.79341117,0107.04880824,10.79343869,0107.04876249,10.79354809,0107.04871660,10.79360305,0107.04867063,10.79364901,0107.04866157,10.79370363,0107.04865251,10.79373998,0107.04862496,10.79377659,0107.04852361,10.79380497,0107.04847772,10.79385084,0107.04847793,10.79391437,0107.04849677,10.79405944,0107.04851525,10.79408653,0107.04858933,10.79419474,0107.04859860,10.79422183,0107.04863543,10.79420331,0107.04864464,10.79418505,0107.04867226,10.79417571,0107.04868147,10.79417553,0107.04866291,10.79413944,0107.04859818,10.79408568,0107.04856121,10.79404057,0107.04862538,10.79393091,0107.04868975,10.79388488,0107.04879081,10.79378397,0107.04881836,10.79374736,0107.04885540,10.79380137,0107.04893855,10.79383687,0107.04895696,10.79386387,0107.04901234,10.79388145,0107.04901255,10.79394498,0107.04902190,10.79399934,0107.04905872,10.79398991,0107.04909541,10.79393504,0107.04909541,10.79392595,0107.04910447,10.79388042,0107.04918748,10.79387957,0107.04919675,10.79392483,0107.04919704,10.79399755,0107.04921552,10.79402455,0107.04918825,10.79415205,0107.04919760,10.79418823,0107.04924371,10.79419680,0107.04929880,10.79413267,0107.04933563,10.79413233,0107.04941864,10.79412230,0107.04945553,10.79414913,0107.04950177,10.79420315,0107.04950199,10.79426668,0107.04943775,10.79436725,0107.04942876,10.79443996,0107.04948428,10.79451207,0107.04940163,10.79461281,0107.04938329,10.79464025,0107.04931870,10.79460467,0107.04917090,10.79452450,0107.04912480,10.79448857,0107.04905086,10.79443490,0107.04893075,10.79432730,0107.04881078,10.79428314,0107.04865405,10.79427576,0107.04864492,10.79427585,0107.04851539,10.79412289,0107.04834904,10.79396109,0107.04816434,10.79382691,0107.04805322,10.79368287,0107.04797015,10.79362928,0</coordinates></LinearRing></outerBoundaryIs></Polygon></Placemark><Placemark><name>DXF polygon 1540</name><description><![CDATA[DXF entity 1540; diện tích hình học thô xấp xỉ 0.4858 ha; phân loại tham chiếu theo màu PDF: Tràm 2022-2025.]]></description><styleUrl>#forest</styleUrl><Polygon><outerBoundaryIs><LinearRing><coordinates>107.04686303,10.79325055,0107.04686303,10.79325055,0107.04686303,10.79325055,0107.04686303,10.79325055,0107.04685382,10.79325063,0107.04683534,10.79324171,0107.04681693,10.79324197,0107.04680765,10.79323297,0107.04678010,10.79323322,0107.04677082,10.79323331,0107.04675241,10.79323357,0107.04674313,10.79323365,0107.04673392,10.79322465,0107.04672472,10.79322473,0107.04670623,10.79322499,0107.04669710,10.79322508,0107.04668790,10.79322516,0107.04667869,10.79322525,0107.04666020,10.79322542,0107.04665100,10.79322550,0107.04664171,10.79322568,0107.04663251,10.79321667,0107.04661410,10.79321684,0107.04660489,10.79321693,0107.04659569,10.79321701,0107.04658648,10.79321719,0107.04656799,10.79322645,0107.04655886,10.79322653,0107.04654965,10.79322662,0107.04654965,10.79323571,0107.04654037,10.79323579,0107.04652196,10.79322687,0107.04651276,10.79321796,0107.04651276,10.79320887,0107.04652189,10.79319052,0107.04652182,10.79318143,0107.04653103,10.79317225,0107.04653103,10.79317225,0107.04653096,10.79315408,0107.04654009,10.79314490,0107.04654002,10.79311773,0107.04654923,10.79309946,0107.04656757,10.79307203,0107.04657678,10.79304468,0107.04657671,10.79302650,0107.04658585,10.79300824,0107.04659498,10.79298997,0107.04662260,10.79297154,0107.04664087,10.79294411,0107.04666849,10.79292567,0107.04669611,10.79291633,0107.04671460,10.79290698,0107.04672373,10.79289781,0107.04674200,10.79285228,0107.04674193,10.79282502,0107.04675100,10.79276140,0107.04675093,10.79274313,0107.04680603,10.79268809,0107.04683365,10.79266966,0107.04685199,10.79263313,0107.04685185,10.79258769,0107.04687005,10.79253308,0107.04689739,10.79242385,0107.04696169,10.79235054,0107.04699838,10.79228649,0107.04701644,10.79215008,0107.04705306,10.79206803,0107.04707125,10.79201333,0107.04710794,10.79195846,0107.04711729,10.79196746,0107.04719993,10.79189399,0107.04723676,10.79187538,0107.04726438,10.79186604,0107.04729200,10.79184760,0107.04736565,10.79183766,0107.04741190,10.79190076,0107.04737535,10.79200108,0107.04734802,10.79207395,0107.04732982,10.79215583,0107.04730227,10.79221062,0107.04726566,10.79227458,0107.04723824,10.79236572,0107.04720163,10.79243877,0107.04716494,10.79251173,0107.04713753,10.79259379,0107.04709171,10.79267592,0107.04706423,10.79273980,0107.04704589,10.79277641,0107.04700928,10.79284946,0107.04700028,10.79292217,0107.04696367,10.79299513,0107.04691785,10.79308644,0107.04688131,10.79317757,0107.04686303,10.79325055,0</coordinates></LinearRing></outerBoundaryIs></Polygon></Placemark><Placemark><name>DXF polygon 1541</name><description><![CDATA[DXF entity 1541; diện tích hình học thô xấp xỉ 1.7191 ha; phân loại tham chiếu theo màu PDF: Tràm 2022-2025.]]></description><styleUrl>#forest</styleUrl><Polygon><outerBoundaryIs><LinearRing><coordinates>107.04640669,10.79166624,0107.04640669,10.79166624,0107.04640669,10.79165715,0107.04640670,10.79164807,0107.04640662,10.79162998,0107.04639734,10.79162097,0107.04639727,10.79160280,0107.04639720,10.79159371,0107.04639720,10.79158462,0107.04639713,10.79156653,0107.04640641,10.79155727,0107.04639706,10.79154835,0107.04640634,10.79153918,0107.04640634,10.79153009,0107.04639699,10.79152109,0107.04639699,10.79151200,0107.04639692,10.79149382,0107.04639692,10.79148482,0107.04639685,10.79147573,0107.04639685,10.79145756,0107.04639678,10.79144847,0107.04639678,10.79143938,0107.04640599,10.79143021,0107.04640592,10.79141203,0107.04640592,10.79140285,0107.04640592,10.79139385,0107.04639656,10.79138485,0107.04639657,10.79137576,0107.04639657,10.79136667,0107.04639650,10.79134849,0107.04639650,10.79133940,0107.04639642,10.79133040,0107.04639643,10.79132132,0107.04639635,10.79131223,0107.04639636,10.79130314,0107.04638715,10.79129413,0107.04638708,10.79126687,0107.04639622,10.79124870,0107.04639614,10.79123961,0107.04637766,10.79120342,0107.04637759,10.79118533,0107.04638673,10.79115798,0107.04638666,10.79113980,0107.04638659,10.79111254,0107.04637731,10.79109454,0107.04637724,10.79106727,0107.04639558,10.79103983,0107.04639544,10.79100357,0107.04640465,10.79097622,0107.04639523,10.79093986,0107.04640437,10.79089442,0107.04641343,10.79084889,0107.04642250,10.79079436,0107.04643163,10.79078519,0107.04644991,10.79070331,0107.04644977,10.79065787,0107.04649530,10.79050293,0107.04653192,10.79041179,0107.04667023,10.79041034,0107.04684536,10.79043572,0107.04694685,10.79047096,0107.04694706,10.79052550,0107.04698410,10.79059778,0107.04702092,10.79058826,0107.04712226,10.79057815,0107.04726050,10.79056760,0107.04738033,10.79057541,0107.04749088,10.79056512,0107.04753698,10.79056461,0107.04758309,10.79056418,0107.04766594,10.79055415,0107.04772133,10.79056264,0107.04778606,10.79063457,0107.04778613,10.79066184,0107.04774030,10.79075315,0107.04771275,10.79078976,0107.04766686,10.79084472,0107.04766686,10.79085381,0107.04764852,10.79086306,0107.04763946,10.79092668,0107.04763938,10.79091759,0107.04760270,10.79097256,0107.04757508,10.79098190,0107.04753839,10.79103677,0107.04752926,10.79106412,0107.04747416,10.79113734,0107.04746495,10.79113743,0107.04746502,10.79115560,0107.04742834,10.79121957,0107.04740086,10.79128335,0107.04739173,10.79129252,0107.04735511,10.79138375,0107.04734604,10.79142928,0107.04728181,10.79152076,0107.04727260,10.79152994,0107.04720815,10.79156698,0107.04712530,10.79158601,0107.04706085,10.79159578,0107.04701482,10.79161438,0107.04698720,10.79162373,0107.04695037,10.79163325,0107.04688593,10.79167020,0107.04689535,10.79172464,0107.04688628,10.79177917,0107.04687715,10.79179743,0107.04683125,10.79187975,0107.04683132,10.79189783,0107.04676694,10.79194396,0107.04673947,10.79199875,0107.04676737,10.79208011,0107.04677665,10.79208912,0107.04677686,10.79217083,0107.04675859,10.79222544,0107.04666637,10.79222647,0107.04663868,10.79221763,0107.04658345,10.79221823,0107.04654662,10.79221866,0107.04649117,10.79219200,0107.04645420,10.79214698,0107.04642651,10.79212915,0107.04643550,10.79207453,0107.04643515,10.79194747,0107.04642581,10.79190220,0107.04642559,10.79183858,0107.04641625,10.79177513,0107.04641632,10.79179322,0107.04639762,10.79172986,0107.04640676,10.79168442,0107.04640669,10.79166624,0</coordinates></LinearRing></outerBoundaryIs></Polygon></Placemark><Placemark><name>DXF polygon 1542</name><description><![CDATA[DXF entity 1542; diện tích hình học thô xấp xỉ 0.3994 ha; phân loại tham chiếu theo màu PDF: Tràm 2022-2025.]]></description><styleUrl>#forest</styleUrl><Polygon><outerBoundaryIs><LinearRing><coordinates>107.04399027,10.79109258,0107.04399948,10.79109250,0107.04399034,10.79110167,0107.04397193,10.79110193,0107.04393503,10.79110227,0107.04389813,10.79110270,0107.04388893,10.79110279,0107.04383369,10.79111247,0107.04380607,10.79112182,0107.04377845,10.79112207,0107.04372307,10.79111358,0107.04367704,10.79110501,0107.04364014,10.79110544,0107.04358483,10.79110604,0107.04346500,10.79110723,0107.04342818,10.79111675,0107.04328080,10.79113646,0107.04327167,10.79116381,0107.04327188,10.79123643,0107.04327202,10.79129087,0107.04325360,10.79130013,0107.04324475,10.79140010,0107.04320799,10.79144598,0107.04321755,10.79155487,0107.04322690,10.79160923,0107.04323632,10.79165449,0107.04323631,10.79167267,0107.04327321,10.79168133,0107.04329155,10.79166298,0107.04338383,10.79169831,0107.04342066,10.79168888,0107.04353099,10.79160598,0107.04358610,10.79152367,0107.04367809,10.79145920,0107.04373326,10.79143124,0107.04377922,10.79138537,0107.04387122,10.79132990,0107.04391718,10.79130221,0107.04395401,10.79128370,0107.04399997,10.79123774,0107.04409190,10.79115509,0107.04420230,10.79110854,0107.04426682,10.79110786,0107.04432213,10.79110726,0107.04440499,10.79108823,0107.04444189,10.79108780,0107.04445110,10.79106953,0107.04442326,10.79102443,0107.04428502,10.79102598,0107.04412837,10.79102760,0107.04400876,10.79108333,0107.04399027,10.79109258,0</coordinates></LinearRing></outerBoundaryIs></Polygon></Placemark><Placemark><name>DXF polygon 1543</name><description><![CDATA[DXF entity 1543; diện tích hình học thô xấp xỉ 0.5199 ha; phân loại tham chiếu theo màu PDF: Tràm 2022-2025.]]></description><styleUrl>#forest</styleUrl><Polygon><outerBoundaryIs><LinearRing><coordinates>107.04273747,10.79128752,0107.04273747,10.79128752,0107.04273747,10.79128752,0107.04273747,10.79128752,0107.04273747,10.79128752,0107.04273755,10.79129660,0107.04273754,10.79130560,0107.04272841,10.79131478,0107.04272841,10.79132386,0107.04272841,10.79133295,0107.04272848,10.79134204,0107.04272848,10.79134204,0107.04272848,10.79135113,0107.04272848,10.79135113,0107.04272848,10.79136022,0107.04272848,10.79136022,0107.04271927,10.79136939,0107.04271927,10.79137848,0107.04271934,10.79138757,0107.04271934,10.79139666,0107.04271941,10.79140566,0107.04271941,10.79140566,0107.04271020,10.79141483,0107.04271020,10.79142392,0107.04271028,10.79143301,0107.04271027,10.79144210,0107.04271027,10.79144210,0107.04271035,10.79145128,0107.04271034,10.79146037,0107.04271955,10.79146028,0107.04273804,10.79146911,0107.04274724,10.79147811,0107.04275644,10.79148712,0107.04275652,10.79149621,0107.04275659,10.79151429,0107.04275658,10.79153247,0107.04275665,10.79155065,0107.04274752,10.79157800,0107.04272918,10.79158726,0107.04271997,10.79159643,0107.04271091,10.79164196,0107.04270177,10.79166922,0107.04269264,10.79168748,0107.04269263,10.79169657,0107.04266516,10.79174227,0107.04263754,10.79176070,0107.04262840,10.79177897,0107.04262847,10.79180623,0107.04260092,10.79183375,0107.04260092,10.79183375,0107.04259178,10.79186110,0107.04254589,10.79193424,0107.04255509,10.79195233,0107.04256444,10.79197042,0107.04255523,10.79199777,0107.04247223,10.79197136,0107.04240779,10.79199022,0107.04232500,10.79203652,0107.04226969,10.79202803,0107.04226041,10.79200994,0107.04226021,10.79192823,0107.04221389,10.79186512,0107.04214923,10.79182945,0107.04210306,10.79179361,0107.04207529,10.79176669,0107.04206602,10.79172142,0107.04207502,10.79166680,0107.04207502,10.79165771,0107.04207488,10.79161236,0107.04206539,10.79152164,0107.04206539,10.79152164,0107.04206532,10.79150347,0107.04206518,10.79144893,0107.04206511,10.79143076,0107.04209259,10.79136697,0107.04210173,10.79133962,0107.04208325,10.79131261,0107.04211979,10.79122139,0107.04215662,10.79120287,0107.04219344,10.79118435,0107.04223034,10.79119301,0107.04227637,10.79119250,0107.04229485,10.79121051,0107.04229485,10.79121051,0107.04232248,10.79118290,0107.04235930,10.79116438,0107.04242382,10.79118187,0107.04249768,10.79121737,0107.04252544,10.79126247,0107.04259923,10.79128897,0107.04266375,10.79127919,0107.04272820,10.79125124,0107.04275575,10.79123281,0107.04273747,10.79128752,0</coordinates></LinearRing></outerBoundaryIs></Polygon></Placemark><Placemark><name>DXF polygon 1544</name><description><![CDATA[DXF entity 1544; diện tích hình học thô xấp xỉ 4.6152 ha; phân loại tham chiếu theo màu PDF: Tràm 2022-2025.]]></description><styleUrl>#forest</styleUrl><Polygon><outerBoundaryIs><LinearRing><coordinates>107.04314980,10.79049307,0107.04314980,10.79048398,0107.04315894,10.79046571,0107.04321404,10.79038350,0107.04322303,10.79031979,0107.04320448,10.79027461,0107.04320434,10.79022925,0107.04311207,10.79018484,0107.04308416,10.79012156,0107.04301944,10.79004045,0107.04297313,10.78995016,0107.04294543,10.78995042,0107.04285315,10.78992418,0107.04289884,10.78977842,0107.04290770,10.78965119,0107.04291683,10.78963292,0107.04294431,10.78955996,0107.04296266,10.78953252,0107.04297158,10.78944164,0107.04300791,10.78925971,0107.04302598,10.78912321,0107.04309921,10.78895902,0107.04314503,10.78889497,0107.04316323,10.78880401,0107.04314454,10.78873156,0107.04311656,10.78863193,0107.04309816,10.78861401,0107.04305177,10.78852372,0107.04300560,10.78847879,0107.04292239,10.78837985,0107.04284824,10.78828064,0107.04277417,10.78814526,0107.04274627,10.78807290,0107.04264472,10.78801048,0107.04263551,10.78801056,0107.04261703,10.78798347,0107.04261675,10.78789267,0107.04261668,10.78785631,0107.04257964,10.78781130,0107.04251513,10.78780289,0107.04238609,10.78781335,0107.04232151,10.78777777,0107.04231217,10.78772332,0107.04227513,10.78767840,0107.04221932,10.78752458,0107.04220084,10.78750666,0107.04218236,10.78748865,0107.04211763,10.78740753,0107.04210843,10.78739862,0107.04208060,10.78735352,0107.04197005,10.78736372,0107.04193315,10.78737323,0107.04175816,10.78740229,0107.04155541,10.78739534,0107.04149089,10.78739602,0107.04139883,10.78741523,0107.04126052,10.78740759,0107.04125131,10.78740767,0107.04119607,10.78741736,0107.04101173,10.78743741,0107.04095649,10.78744710,0107.04083674,10.78744838,0107.04075409,10.78756739,0107.04074523,10.78769454,0107.04078220,10.78772137,0107.04086534,10.78776597,0107.04104947,10.78772765,0107.04126135,10.78770725,0107.04130753,10.78772491,0107.04132657,10.78792452,0107.04123486,10.78807078,0107.04106907,10.78809976,0107.04103225,10.78810927,0107.04106929,10.78816329,0107.04109697,10.78819030,0107.04115242,10.78825323,0107.04117090,10.78826206,0107.04120773,10.78824354,0107.04125418,10.78838845,0107.04123584,10.78839771,0107.04118053,10.78839831,0107.04112529,10.78843517,0107.04112536,10.78845335,0107.04112557,10.78852597,0107.04112571,10.78857132,0107.04110737,10.78858967,0107.04109830,10.78863520,0107.04113548,10.78872557,0107.04115382,10.78872540,0107.04124610,10.78876072,0107.04128306,10.78878765,0107.04128314,10.78880583,0107.04129248,10.78886019,0107.04140331,10.78893161,0107.04140338,10.78894070,0107.04156952,10.78904788,0107.04177255,10.78914563,0107.04196638,10.78924355,0107.04212353,10.78937799,0107.04218832,10.78948629,0107.04226254,10.78963076,0107.04226296,10.78977609,0107.04221735,10.78993093,0107.04220834,10.79003090,0107.04228284,10.79025717,0107.04232944,10.79043825,0107.04238496,10.79050119,0107.04264302,10.79051663,0107.04282736,10.79052375,0107.04303932,10.79053053,0107.04313153,10.79053868,0107.04314074,10.79053859,0107.04314980,10.79049307,0</coordinates></LinearRing></outerBoundaryIs></Polygon></Placemark><Placemark><name>DXF polygon 1545</name><description><![CDATA[DXF entity 1545; diện tích hình học thô xấp xỉ 1.0204 ha; phân loại tham chiếu theo màu PDF: Tràm 2022-2025.]]></description><styleUrl>#forest</styleUrl><Polygon><outerBoundaryIs><LinearRing><coordinates>107.05076010,10.79584242,0107.05078772,10.79582389,0107.05089813,10.79577734,0107.05093496,10.79574064,0107.05094403,10.79568602,0107.05097150,10.79564042,0107.05103588,10.79558520,0107.05105415,10.79554867,0107.05111846,10.79547537,0107.05117370,10.79543850,0107.05117363,10.79541124,0107.05116420,10.79537506,0107.05118262,10.79534753,0107.05110890,10.79534830,0107.05097979,10.79533149,0107.05097044,10.79527714,0107.05097023,10.79520452,0107.05096088,10.79517742,0107.05093319,10.79514141,0107.05091471,10.79514158,0107.05084092,10.79510600,0107.05080401,10.79511552,0107.05073985,10.79521609,0107.05075826,10.79522492,0107.05076762,10.79525210,0107.05077696,10.79529737,0107.05073805,10.79538178,0107.05067576,10.79537110,0107.05062045,10.79537170,0107.05056486,10.79525424,0107.05050013,10.79518231,0107.05049084,10.79518239,0107.05042640,10.79520125,0107.05033419,10.79518402,0107.05024212,10.79522131,0107.05022378,10.79525784,0107.05019631,10.79528536,0107.05010424,10.79534083,0107.05003986,10.79537787,0107.05004001,10.79541423,0107.05006769,10.79544115,0107.05008625,10.79547733,0107.05011394,10.79550425,0107.05013271,10.79558579,0107.05012364,10.79565850,0107.05012364,10.79565850,0107.05002222,10.79565952,0107.05002230,10.79566861,0107.05002258,10.79576850,0107.05002258,10.79577759,0107.05011493,10.79582200,0107.05013355,10.79588545,0107.05006946,10.79602229,0107.05001436,10.79609551,0107.04991337,10.79621460,0107.05002435,10.79635873,0107.05013504,10.79636671,0107.05022732,10.79642921,0107.05033787,10.79638265,0107.05043907,10.79634527,0107.05053086,10.79621709,0107.05054006,10.79621700,0107.05061358,10.79614361,0107.05058575,10.79607125,0107.05058553,10.79600772,0107.05075097,10.79586068,0107.05076010,10.79584242,0</coordinates></LinearRing></outerBoundaryIs></Polygon></Placemark><Placemark><name>DXF polygon 1546</name><description><![CDATA[DXF entity 1546; diện tích hình học thô xấp xỉ 1.1708 ha; phân loại tham chiếu theo màu PDF: Tràm 2022-2025.]]></description><styleUrl>#forest</styleUrl><Polygon><outerBoundaryIs><LinearRing><coordinates>107.05007096,10.79536244,0107.05017718,10.79529834,0107.05024493,10.79522249,0107.05033419,10.79518402,0107.05041719,10.79520134,0107.05049999,10.79518085,0107.05055550,10.79523615,0107.05060203,10.79537187,0107.05074035,10.79537960,0107.05077696,10.79531555,0107.05075819,10.79520674,0107.05073065,10.79522526,0107.05080349,10.79511488,0107.05086832,10.79504221,0107.05076676,10.79497971,0107.05060019,10.79476356,0107.05053540,10.79465527,0107.05057187,10.79453686,0107.05055324,10.79447341,0107.05047937,10.79443792,0107.05041493,10.79446578,0107.05032328,10.79463032,0107.05024028,10.79461299,0107.05025863,10.79455838,0107.05018455,10.79447735,0107.05005538,10.79440610,0107.04993526,10.79431659,0107.04983385,10.79430853,0107.04973243,10.79429146,0107.04964944,10.79425605,0107.04952026,10.79422116,0107.04949285,10.79429403,0107.04944703,10.79436717,0107.04943789,10.79443079,0107.04943796,10.79444896,0107.04951182,10.79450273,0107.04939242,10.79462199,0107.04933711,10.79462259,0107.04921715,10.79455125,0107.04918025,10.79454259,0107.04914357,10.79458838,0107.04928209,10.79469581,0107.04946678,10.79483008,0107.04960524,10.79489215,0107.04971614,10.79500002,0107.04974419,10.79513582,0107.04983654,10.79519842,0107.04997499,10.79526049,0107.05006807,10.79536235,0107.05007096,10.79536244,0</coordinates></LinearRing></outerBoundaryIs></Polygon></Placemark><Placemark><name>DXF polygon 1547</name><description><![CDATA[DXF entity 1547; diện tích hình học thô xấp xỉ 11.8212 ha; phân loại tham chiếu theo màu PDF: Tràm 2022-2025.]]></description><styleUrl>#forest</styleUrl><Polygon><outerBoundaryIs><LinearRing><coordinates>107.05739816,10.81041143,0107.05755096,10.81043488,0107.05755096,10.81042580,0107.05766166,10.81045186,0107.05768014,10.81047905,0107.05794729,10.81043977,0107.05802109,10.81044800,0107.05811323,10.81044705,0107.05833442,10.81041747,0107.05837124,10.81041704,0107.05841728,10.81039844,0107.05852791,10.81041541,0107.05873067,10.81041327,0107.05876750,10.81042192,0107.05887820,10.81043890,0107.05887820,10.81042981,0107.05902566,10.81042827,0107.05919153,10.81042646,0107.05933898,10.81043401,0107.05963396,10.81043992,0107.05975380,10.81042954,0107.05979070,10.81044728,0107.05988284,10.81045552,0107.06001181,10.81043588,0107.06001181,10.81043588,0107.06007655,10.81048973,0107.06018753,10.81062476,0107.06018760,10.81065194,0107.06025269,10.81084194,0107.06028060,10.81092339,0107.06027146,10.81094165,0107.06028089,10.81100510,0107.06029045,10.81113208,0107.06035511,10.81117683,0107.06040122,10.81117632,0107.06042884,10.81116697,0107.06056716,10.81118360,0107.06068693,10.81116422,0107.06081590,10.81115376,0107.06090811,10.81115273,0107.06095407,10.81112503,0107.06100918,10.81105181,0107.06100910,10.81104272,0107.06100903,10.81101546,0107.06103665,10.81099702,0107.06106427,10.81099677,0107.06109160,10.81090571,0107.06107298,10.81082409,0107.06104522,10.81078808,0107.06100817,10.81073397,0107.06102644,10.81069745,0107.06099868,10.81065235,0107.06092474,10.81058050,0107.06088762,10.81049923,0107.06085065,10.81045421,0107.06093359,10.81045336,0107.06097969,10.81045284,0107.06108104,10.81046081,0107.06114556,10.81046012,0107.06125612,10.81044992,0107.06135754,10.81044880,0107.06146802,10.81042942,0107.06148651,10.81042916,0107.06148622,10.81033845,0107.06144925,10.81029344,0107.06145796,10.81012994,0107.06143911,10.80999395,0107.06143912,10.80998477,0107.06142962,10.80992133,0107.06138352,10.80989458,0107.06128209,10.80989570,0107.06121765,10.80990538,0107.06115313,10.80990607,0107.06106997,10.80985249,0107.06103294,10.80977121,0107.06102358,10.80975312,0107.06099567,10.80967175,0107.06097712,10.80962657,0107.06089375,10.80949119,0107.06081974,10.80940116,0107.06080118,10.80934689,0107.06073638,10.80926587,0107.06066244,10.80918502,0107.06058849,10.80914035,0107.06057015,10.80914961,0107.06052397,10.80912295,0107.06051476,10.80912304,0107.06046859,10.80908711,0107.06045902,10.80897822,0107.06037559,10.80883392,0107.06035718,10.80881592,0107.06019116,10.80879046,0107.06003435,10.80876491,0107.05994214,10.80873868,0107.05985871,10.80858511,0107.05978463,10.80845882,0107.05969206,10.80833270,0107.05961818,10.80828812,0107.05948900,10.80824405,0107.05942441,10.80822665,0107.05931364,10.80816414,0107.05928595,10.80813722,0107.05922136,10.80812882,0107.05909225,10.80809393,0107.05897213,10.80799533,0107.05891667,10.80795049,0107.05878756,10.80793368,0107.05876915,10.80791577,0107.05875059,10.80787967,0107.05872290,10.80787084,0107.05863054,10.80780834,0107.05863040,10.80776281,0107.05860271,10.80774498,0107.05857494,10.80771805,0107.05855653,10.80772731,0107.05850129,10.80772792,0107.05841813,10.80769242,0107.05839051,10.80769276,0107.05835361,10.80769310,0107.05830751,10.80765736,0107.05831657,10.80762092,0107.05834412,10.80758430,0107.05844547,10.80757419,0107.05849150,10.80757367,0107.05852841,10.80756415,0107.05860221,10.80757247,0107.05862990,10.80759030,0107.05867601,10.80759896,0107.05874074,10.80767989,0107.05874994,10.80767981,0107.05887898,10.80768752,0107.05901709,10.80763162,0107.05903536,10.80757692,0107.05903500,10.80745895,0107.05904407,10.80740433,0107.05904371,10.80730435,0107.05907126,10.80725874,0107.05910802,10.80722205,0107.05901573,10.80719572,0107.05897869,10.80714171,0107.05896021,10.80711461,0107.05901509,10.80698695,0107.05902430,10.80697778,0107.05897797,10.80690567,0107.05893195,10.80689701,0107.05883959,10.80685260,0107.05876558,10.80674440,0107.05874680,10.80666286,0107.05871911,10.80665411,0107.05860856,10.80664623,0107.05858087,10.80663740,0107.05853476,10.80662882,0107.05851620,10.80660182,0107.05846089,10.80657515,0107.05834099,10.80654917,0107.05827639,10.80653177,0107.05822115,10.80655046,0107.05818425,10.80654180,0107.05813836,10.80661494,0107.05806478,10.80664298,0107.05796336,10.80664401,0107.05789877,10.80661752,0107.05786165,10.80653615,0107.05775995,10.80643729,0107.05773226,10.80641037,0107.05764911,10.80633861,0107.05756611,10.80633037,0107.05753841,10.80633072,0107.05752057,10.80650349,0107.05751172,10.80664881,0107.05750265,10.80669434,0107.05751200,10.80673052,0107.05751257,10.80692130,0107.05751279,10.80698483,0107.05751300,10.80705745,0107.05754084,10.80711163,0107.05755982,10.80729297,0107.05756011,10.80738386,0107.05756974,10.80751992,0107.05751457,10.80757497,0107.05748716,10.80763884,0107.05744148,10.80778460,0107.05744198,10.80795720,0107.05743292,10.80800264,0107.05744234,10.80806608,0107.05742407,10.80811170,0107.05742457,10.80827521,0107.05743392,10.80831139,0107.05755432,10.80849169,0107.05761006,10.80866360,0107.05761991,10.80885420,0107.05761070,10.80887246,0107.05760164,10.80891799,0107.05752863,10.80913671,0107.05750108,10.80917332,0107.05748280,10.80924611,0107.05742806,10.80941922,0107.05741029,10.80963743,0107.05740165,10.80981902,0107.05739266,10.80989182,0107.05739323,10.81007341,0107.05740293,10.81024583,0107.05740880,10.81041344,0107.05739816,10.81041143,0</coordinates></LinearRing></outerBoundaryIs></Polygon></Placemark><Placemark><name>DXF polygon 1548</name><description><![CDATA[DXF entity 1548; diện tích hình học thô xấp xỉ 2.6545 ha; phân loại tham chiếu theo màu PDF: Tràm 2022-2025.]]></description><styleUrl>#forest</styleUrl><Polygon><outerBoundaryIs><LinearRing><coordinates>107.05586854,10.80575834,0107.05586847,10.80574925,0107.05586847,10.80574925,0107.05586847,10.80574925,0107.05586847,10.80574925,0107.05586847,10.80574925,0107.05586847,10.80574925,0107.05586847,10.80574925,0107.05586854,10.80575834,0107.05587767,10.80575826,0107.05587775,10.80576734,0107.05590551,10.80579427,0107.05591472,10.80581227,0107.05592407,10.80583036,0107.05589652,10.80586697,0107.05589652,10.80587606,0107.05587810,10.80588532,0107.05586890,10.80588540,0107.05585969,10.80588549,0107.05582279,10.80588592,0107.05579517,10.80589526,0107.05576755,10.80589561,0107.05573065,10.80589595,0107.05569382,10.80589638,0107.05566613,10.80589664,0107.05566620,10.80590572,0107.05563858,10.80591507,0107.05564771,10.80590589,0107.05566613,10.80589664,0107.05565700,10.80589672,0107.05564764,10.80588781,0107.05564764,10.80588781,0107.05562930,10.80590616,0107.05559262,10.80595194,0107.05552831,10.80603433,0107.05546386,10.80604420,0107.05543617,10.80603528,0107.05539014,10.80604497,0107.05535331,10.80604531,0107.05526110,10.80604634,0107.05514126,10.80604763,0107.05509523,10.80605714,0107.05506754,10.80604840,0107.05503984,10.80604866,0107.05498460,10.80604926,0107.05498460,10.80604926,0107.05485563,10.80606881,0107.05474494,10.80602447,0107.05468949,10.80597972,0107.05465251,10.80596197,0107.05452319,10.80585437,0107.05449550,10.80585463,0107.05447708,10.80584580,0107.05442177,10.80584640,0107.05429244,10.80576606,0107.05424634,10.80574840,0107.05420016,10.80573074,0107.05416327,10.80570390,0107.05410795,10.80569541,0107.05399725,10.80568744,0107.05396971,10.80569687,0107.05393287,10.80573357,0107.05396999,10.80578767,0107.05404372,10.80579590,0107.05406234,10.80586835,0107.05410859,10.80590419,0107.05411787,10.80594037,0107.05397991,10.80602353,0107.05397070,10.80602371,0107.05389697,10.80604266,0107.05376808,10.80607129,0107.05374046,10.80607164,0107.05369428,10.80605389,0107.05352827,10.80602842,0107.05343606,10.80600210,0107.05327926,10.80595837,0107.05325149,10.80594054,0107.05321459,10.80592279,0107.05319618,10.80590478,0107.05322323,10.80574111,0107.05320475,10.80570502,0107.05313095,10.80568761,0107.05307550,10.80563377,0107.05305694,10.80559758,0107.05301077,10.80556174,0107.05288158,10.80551767,0107.05287230,10.80550876,0107.05289051,10.80540870,0107.05297309,10.80528978,0107.05306523,10.80528875,0107.05324030,10.80527786,0107.05337840,10.80524005,0107.05348896,10.80521167,0107.05366396,10.80517343,0107.05374689,10.80517258,0107.05375610,10.80517249,0107.05379278,10.80512662,0107.05382027,10.80505365,0107.05385695,10.80498978,0107.05390299,10.80498017,0107.05395830,10.80497957,0107.05400440,10.80498815,0107.05412416,10.80497786,0107.05422551,10.80497675,0107.05440065,10.80498395,0107.05454818,10.80499149,0107.05459421,10.80498189,0107.05463111,10.80498146,0107.05471412,10.80498969,0107.05488926,10.80501507,0107.05490767,10.80501490,0107.05492609,10.80500555,0107.05501830,10.80501370,0107.05507368,10.80505845,0107.05508303,10.80508563,0107.05511080,10.80512164,0107.05521221,10.80514788,0107.05523998,10.80516571,0107.05534168,10.80527357,0107.05535089,10.80527349,0107.05536937,10.80529149,0107.05536937,10.80529149,0107.05539714,10.80531841,0107.05545252,10.80535417,0107.05550798,10.80539892,0107.05551718,10.80540792,0107.05560946,10.80545234,0107.05565571,10.80548818,0107.05572973,10.80557811,0107.05579446,10.80565014,0107.05582222,10.80570432,0107.05585926,10.80574025,0107.05585926,10.80574025,0107.05586854,10.80575834,0</coordinates></LinearRing></outerBoundaryIs></Polygon></Placemark><Placemark><name>DXF polygon 1549</name><description><![CDATA[DXF entity 1549; diện tích hình học thô xấp xỉ 20.4156 ha; phân loại tham chiếu theo màu PDF: Tràm 2022-2025.]]></description><styleUrl>#forest</styleUrl><Polygon><outerBoundaryIs><LinearRing><coordinates>107.05233608,10.81035839,0107.05230559,10.81008216,0107.05231409,10.80985513,0107.05235006,10.80957322,0107.05235835,10.80926447,0107.05234836,10.80901025,0107.05235700,10.80881957,0107.05238399,10.80860128,0107.05238335,10.80838342,0107.05241954,10.80817413,0107.05252025,10.80793697,0107.05253796,10.80770067,0107.05251890,10.80749207,0107.05252769,10.80734666,0107.05253626,10.80712862,0107.05256436,10.80696577,0107.05270948,10.80701458,0107.05343841,10.80702050,0107.05366874,10.80705164,0107.05391572,10.80698600,0107.05402197,10.80689245,0107.05416188,10.80662642,0107.05428938,10.80649489,0107.05447662,10.80640467,0107.05465978,10.80638170,0107.05478283,10.80637824,0107.05494877,10.80638552,0107.05504098,10.80641185,0107.05506860,10.80640241,0107.05518851,10.80642839,0107.05533596,10.80641776,0107.05534517,10.80641768,0107.05536358,10.80641742,0107.05551104,10.80640678,0107.05555707,10.80638818,0107.05559375,10.80633331,0107.05565827,10.80633262,0107.05569510,10.80632310,0107.05583328,10.80629447,0107.05587938,10.80630304,0107.05605453,10.80631933,0107.05620205,10.80633588,0107.05625758,10.80641698,0107.05628548,10.80649853,0107.05641445,10.80646980,0107.05658039,10.80647717,0107.05661722,10.80646765,0107.05668188,10.80651241,0107.05675561,10.80652073,0107.05684782,10.80653787,0107.05686630,10.80655588,0107.05690320,10.80658272,0107.05691248,10.80658263,0107.05691256,10.80660072,0107.05694039,10.80664582,0107.05697729,10.80666365,0107.05708763,10.80658983,0107.05720711,10.80647957,0107.05731773,10.80648745,0107.05734535,10.80647811,0107.05746497,10.80641320,0107.05752956,10.80644887,0107.05752057,10.80650349,0107.05749345,10.80669443,0107.05755839,10.80682989,0107.05751264,10.80694847,0107.05752242,10.80712089,0107.05752250,10.80712998,0107.05753170,10.80714808,0107.05753177,10.80715707,0107.05755033,10.80718417,0107.05752299,10.80730249,0107.05748602,10.80727565,0107.05742136,10.80722181,0107.05741208,10.80721289,0107.05736590,10.80718614,0107.05728283,10.80713256,0107.05727355,10.80712355,0107.05725514,10.80710564,0107.05721816,10.80708780,0107.05719033,10.80701553,0107.05714423,10.80699787,0107.05704273,10.80698071,0107.05703353,10.80698998,0107.05700598,10.80701750,0107.05698799,10.80716291,0107.05698806,10.80718109,0107.05695131,10.80722687,0107.05694217,10.80724514,0107.05687794,10.80732753,0107.05676716,10.80730147,0107.05661971,10.80729392,0107.05647226,10.80729555,0107.05632481,10.80729710,0107.05630639,10.80728818,0107.05627870,10.80729761,0107.05622346,10.80731630,0107.05620526,10.80738018,0107.05619605,10.80738936,0107.05615009,10.80742614,0107.05617785,10.80745306,0107.05630689,10.80746986,0107.05634379,10.80746943,0107.05636220,10.80748744,0107.05638997,10.80750527,0107.05654670,10.80752173,0107.05667574,10.80752945,0107.05669422,10.80753837,0107.05688778,10.80754540,0107.05704452,10.80756186,0107.05705387,10.80759804,0107.05709997,10.80761570,0107.05710925,10.80765197,0107.05713716,10.80772424,0107.05716485,10.80774216,0107.05724786,10.80774122,0107.05727547,10.80774096,0107.05727526,10.80767743,0107.05731201,10.80764982,0107.05736726,10.80763104,0107.05742265,10.80763044,0107.05745069,10.80776634,0107.05745069,10.80777543,0107.05743278,10.80793911,0107.05745162,10.80807509,0107.05745184,10.80812953,0107.05747067,10.80827469,0107.05747995,10.80831087,0107.05745255,10.80836566,0107.05722230,10.80844077,0107.05720388,10.80845003,0107.05712102,10.80846906,0107.05690926,10.80855300,0107.05680798,10.80859947,0107.05649501,10.80872097,0107.05643985,10.80873975,0107.05637618,10.80903092,0107.05641322,10.80909402,0107.05644184,10.80939342,0107.05652527,10.80957416,0107.05666423,10.80979065,0107.05677514,10.80991651,0107.05691317,10.80985152,0107.05697748,10.80976004,0107.05700503,10.80973252,0107.05710603,10.80960434,0107.05712444,10.80958590,0107.05725327,10.80951191,0107.05733606,10.80948378,0107.05737296,10.80948335,0107.05741029,10.80963743,0107.05741036,10.80965552,0107.05741057,10.80973723,0107.05738359,10.80995543,0107.05738366,10.80997361,0107.05738380,10.81003723,0107.05730094,10.81004718,0107.05724563,10.81003869,0107.05719032,10.81002102,0107.05713493,10.81002163,0107.05708004,10.81014938,0107.05710795,10.81023992,0107.05732006,10.81029213,0107.05735725,10.81037341,0107.05739176,10.81041252,0107.05234460,10.81035931,0107.05233608,10.81035839,0</coordinates></LinearRing></outerBoundaryIs></Polygon></Placemark><Placemark><name>DXF polygon 1550</name><description><![CDATA[DXF entity 1550; diện tích hình học thô xấp xỉ 5.0367 ha; phân loại tham chiếu theo màu PDF: Tràm 2022-2025.]]></description><styleUrl>#forest</styleUrl><Polygon><outerBoundaryIs><LinearRing><coordinates>107.05234886,10.80916458,0107.05234893,10.80918276,0107.05234015,10.80933726,0107.05234030,10.80936453,0107.05232223,10.80951903,0107.05231359,10.80968262,0107.05231366,10.80970989,0107.05229568,10.80983721,0107.05229603,10.80997336,0107.05228725,10.81012787,0107.05226912,10.81020066,0107.05225063,10.81021001,0107.05223229,10.81022835,0107.05203880,10.81023950,0107.05190968,10.81023178,0107.05176223,10.81021514,0107.05168843,10.81020692,0107.05153170,10.81018127,0107.05155004,10.81018110,0107.05150400,10.81019071,0107.05131972,10.81019268,0107.05110775,10.81019490,0107.05108013,10.81019516,0107.05090490,10.81018796,0107.05072983,10.81019893,0107.05059158,10.81019130,0107.05059144,10.81014594,0107.05069251,10.81003585,0107.05072926,10.81001724,0107.05081192,10.80988933,0107.05093139,10.80980633,0107.05110626,10.80971365,0107.05117971,10.80959482,0107.05124380,10.80948516,0107.05132638,10.80935715,0107.05131675,10.80921199,0107.05127036,10.80912162,0107.05125188,10.80908552,0107.05123297,10.80894045,0107.05124217,10.80894037,0107.05124182,10.80883139,0107.05124139,10.80868606,0107.05124139,10.80868606,0107.05125032,10.80857700,0107.05125032,10.80856791,0107.05134211,10.80845800,0107.05140634,10.80838469,0107.05145231,10.80832065,0107.05145231,10.80831165,0107.05148878,10.80819306,0107.05148850,10.80810236,0107.05147915,10.80804791,0107.05147894,10.80797529,0107.05143240,10.80785774,0107.05139529,10.80776728,0107.05132142,10.80772270,0107.05127532,10.80769595,0107.05118297,10.80765154,0107.05108148,10.80760721,0107.05104436,10.80753502,0107.05103473,10.80741704,0107.05107142,10.80731672,0107.05110804,10.80724376,0107.05111724,10.80725268,0107.05116321,10.80721590,0107.05119069,10.80716111,0107.05119982,10.80713385,0107.05123651,10.80706989,0107.05127320,10.80700592,0107.05132815,10.80690535,0107.05136477,10.80681421,0107.05137391,10.80678686,0107.05141052,10.80670481,0107.05146569,10.80665876,0107.05147490,10.80665868,0107.05152079,10.80660372,0107.05158517,10.80654859,0107.05163099,10.80647537,0107.05173227,10.80643799,0107.05181528,10.80644622,0107.05189821,10.80643619,0107.05201811,10.80647126,0107.05212881,10.80649732,0107.05213801,10.80650633,0107.05222109,10.80653274,0107.05229489,10.80655914,0107.05234107,10.80659498,0107.05234107,10.80659498,0107.05244248,10.80661204,0107.05243363,10.80673019,0107.05242464,10.80679381,0107.05243392,10.80682099,0107.05243427,10.80692987,0107.05243455,10.80703894,0107.05243484,10.80712974,0107.05242584,10.80719335,0107.05240764,10.80728432,0107.05239857,10.80732985,0107.05240821,10.80746601,0107.05239921,10.80752962,0107.05242712,10.80761108,0107.05242733,10.80767461,0107.05241855,10.80784720,0107.05240956,10.80790182,0107.05241883,10.80792900,0107.05242818,10.80796518,0107.05243753,10.80800145,0107.05243760,10.80802863,0107.05244695,10.80807399,0107.05239228,10.80826518,0107.05236522,10.80847439,0107.05236572,10.80863780,0107.05235651,10.80865607,0107.05236607,10.80875587,0107.05234801,10.80888319,0107.05235764,10.80903743,0107.05235793,10.80911914,0107.05234872,10.80912832,0107.05234886,10.80916458,0</coordinates></LinearRing></outerBoundaryIs></Polygon></Placemark><Placemark><name>DXF polygon 1552</name><description><![CDATA[DXF entity 1552; diện tích hình học thô xấp xỉ 1.5912 ha; phân loại tham chiếu theo màu PDF: Tràm 2022-2025.]]></description><styleUrl>#forest</styleUrl><Polygon><outerBoundaryIs><LinearRing><coordinates>107.07026500,10.82069595,0107.07028341,10.82069578,0107.07029262,10.82068661,0107.07043073,10.82064879,0107.07044922,10.82064862,0107.07061502,10.82062872,0107.07068875,10.82061877,0107.07078104,10.82064509,0107.07087333,10.82071667,0107.07087362,10.82079838,0107.07087420,10.82097998,0107.07087463,10.82112531,0107.07087463,10.82113440,0107.07091218,10.82135182,0107.07091283,10.82155169,0107.07091298,10.82160613,0107.07093197,10.82177847,0107.07093197,10.82178746,0107.07094125,10.82180556,0107.07093219,10.82185109,0107.07095118,10.82204160,0107.07096097,10.82219584,0107.07096133,10.82231382,0107.07096140,10.82233199,0107.07098938,10.82244980,0107.07098046,10.82256795,0107.07098996,10.82263140,0107.07097220,10.82285861,0107.07097227,10.82288588,0107.07087120,10.82299588,0107.07080675,10.82301475,0107.07072382,10.82300652,0107.07057621,10.82297180,0107.07052974,10.82284517,0107.07052053,10.82283617,0107.07048320,10.82268218,0107.07049212,10.82260038,0107.07048262,10.82250967,0107.07047298,10.82237352,0107.07043572,10.82224679,0107.07042644,10.82221970,0107.07041687,10.82211090,0107.07041680,10.82208364,0107.07037946,10.82192056,0107.07037004,10.82187520,0107.07036989,10.82182985,0107.07036032,10.82171196,0107.07034169,10.82166669,0107.07032299,10.82156706,0107.07029501,10.82144926,0107.07026695,10.82134063,0107.07025774,10.82133162,0107.07023904,10.82125018,0107.07023861,10.82111393,0107.07020141,10.82101439,0107.07016437,10.82094220,0107.07014574,10.82087884,0107.07012696,10.82077913,0107.07014502,10.82064280,0107.07016343,10.82064263,0107.07022795,10.82065094,0107.07026500,10.82069595,0</coordinates></LinearRing></outerBoundaryIs></Polygon></Placemark><Placemark><name>DXF polygon 1553</name><description><![CDATA[DXF entity 1553; diện tích hình học thô xấp xỉ 1.3429 ha; phân loại tham chiếu theo màu PDF: Đất lấn chiếm KL 260.]]></description><styleUrl>#old</styleUrl><Polygon><outerBoundaryIs><LinearRing><coordinates>107.05407236,10.80914624,0107.05407236,10.80914624,0107.05407236,10.80914624,0107.05406315,10.80914633,0107.05404466,10.80914659,0107.05400776,10.80914693,0107.05398022,10.80913818,0107.05396173,10.80913835,0107.05392483,10.80913878,0107.05389721,10.80913904,0107.05389721,10.80914813,0107.05386959,10.80914838,0107.05385118,10.80914864,0107.05384189,10.80914873,0107.05380507,10.80915816,0107.05380507,10.80915816,0107.05374983,10.80915876,0107.05373134,10.80915893,0107.05369444,10.80915027,0107.05366682,10.80915062,0107.05362071,10.80915104,0107.05358389,10.80914238,0107.05351937,10.80915216,0107.05351016,10.80915224,0107.05348254,10.80915250,0107.05342715,10.80914401,0107.05333479,10.80909960,0107.05333480,10.80908151,0107.05328827,10.80893669,0107.05322346,10.80884658,0107.05322346,10.80884658,0107.05315865,10.80875656,0107.05319513,10.80861989,0107.05321319,10.80849257,0107.05321312,10.80847439,0107.05322204,10.80838351,0107.05322162,10.80823817,0107.05330434,10.80815561,0107.05342396,10.80809079,0107.05346079,10.80808127,0107.05361752,10.80808874,0107.05374656,10.80809645,0107.05381108,10.80809577,0107.05385719,10.80809525,0107.05398623,10.80810297,0107.05402306,10.80809345,0107.05416144,10.80813744,0107.05418914,10.80815527,0107.05421712,10.80824572,0107.05421719,10.80827299,0107.05425423,10.80832718,0107.05429113,10.80833584,0107.05440175,10.80835281,0107.05442937,10.80834347,0107.05442966,10.80843427,0107.05446670,10.80850646,0107.05445770,10.80857007,0107.05447619,10.80859717,0107.05447640,10.80866979,0107.05446727,10.80867896,0107.05445813,10.80871531,0107.05443971,10.80873384,0107.05440288,10.80874327,0107.05440296,10.80875236,0107.05437548,10.80881615,0107.05437555,10.80883432,0107.05432052,10.80890754,0107.05430225,10.80898043,0107.05430239,10.80901669,0107.05422866,10.80902655,0107.05412739,10.80905484,0107.05409077,10.80914607,0107.05409077,10.80913698,0107.05407236,10.80914624,0</coordinates></LinearRing></outerBoundaryIs></Polygon></Placemark><Placemark><name>DXF polygon 1554</name><description><![CDATA[DXF entity 1554; diện tích hình học thô xấp xỉ 4.8182 ha; phân loại tham chiếu theo màu PDF: Đất lấn chiếm KL 260.]]></description><styleUrl>#old</styleUrl><Polygon><outerBoundaryIs><LinearRing><coordinates>107.05233611,10.81036466,0107.05231971,10.81058106,0107.05232886,10.81078265,0107.05231495,10.81109984,0107.05232853,10.81138724,0107.05230493,10.81204271,0107.05226504,10.81223210,0107.05226547,10.81235807,0107.05228051,10.81241461,0107.05241266,10.81239643,0107.05268076,10.81227381,0107.05276387,10.81226032,0107.05285952,10.81217958,0107.05300425,10.81209615,0107.05316366,10.81197892,0107.05321267,10.81195950,0107.05327839,10.81183702,0107.05327156,10.81171114,0107.05328646,10.81167734,0107.05329652,10.81150711,0107.05334910,10.81130292,0107.05357870,10.81108203,0107.05369125,10.81095495,0107.05373777,10.81085354,0107.05383351,10.81077917,0107.05389071,10.81067350,0107.05402481,10.81062378,0107.05410136,10.81054321,0107.05417166,10.81053399,0107.05425480,10.81054367,0107.05428691,10.81057060,0107.05435333,10.81059618,0107.05440439,10.81067438,0107.05447484,10.81072814,0107.05479883,10.81073107,0107.05492904,10.81078841,0107.05495890,10.81081961,0107.05501236,10.81083164,0107.05513411,10.81094378,0107.05517035,10.81094962,0107.05529612,10.81094825,0107.05535161,10.81095401,0107.05553485,10.81096676,0107.05572760,10.81095388,0107.05584394,10.81096977,0107.05600595,10.81097433,0107.05604440,10.81099708,0107.05607668,10.81109217,0107.05635820,10.81116896,0107.05649458,10.81115496,0107.05686968,10.81115938,0107.05716814,10.81116884,0107.05730870,10.81114621,0107.05736795,10.81101545,0107.05738856,10.81075062,0107.05740929,10.81058667,0107.05739175,10.81042306,0107.05733898,10.81041903,0107.05233608,10.81035830,0107.05233611,10.81036466,0</coordinates></LinearRing></outerBoundaryIs></Polygon></Placemark><Placemark><name>DXF polygon 1555</name><description><![CDATA[DXF entity 1555; diện tích hình học thô xấp xỉ 1.3114 ha; phân loại tham chiếu theo màu PDF: Tràm 2022-2025.]]></description><styleUrl>#forest</styleUrl><Polygon><outerBoundaryIs><LinearRing><coordinates>107.05464459,10.80637969,0107.05458935,10.80638938,0107.05446951,10.80640885,0107.05429465,10.80649235,0107.05416596,10.80661188,0107.05400094,10.80690416,0107.05391830,10.80698682,0107.05366043,10.80705309,0107.05342990,10.80701931,0107.05270184,10.80701794,0107.05258179,10.80697387,0107.05256324,10.80691042,0107.05256289,10.80678326,0107.05257202,10.80677409,0107.05258059,10.80655615,0107.05254312,10.80636580,0107.05255198,10.80623856,0107.05257960,10.80623831,0107.05267181,10.80625546,0107.05279171,10.80627235,0107.05301289,10.80627004,0107.05306828,10.80629661,0107.05325263,10.80630373,0107.05345553,10.80636512,0107.05369527,10.80638072,0107.05382445,10.80643388,0107.05387063,10.80646063,0107.05394429,10.80643260,0107.05402694,10.80633185,0107.05426646,10.80632019,0107.05448786,10.80635414,0107.05468142,10.80635209,0107.05468328,10.80638253,0107.05464459,10.80637969,0</coordinates></LinearRing></outerBoundaryIs></Polygon></Placemark><Placemark><name>DXF polygon 1556</name><description><![CDATA[DXF entity 1556; diện tích hình học thô xấp xỉ 10.1258 ha; phân loại tham chiếu theo màu PDF: Đất lấn chiếm KL 260.]]></description><styleUrl>#old</styleUrl><Polygon><outerBoundaryIs><LinearRing><coordinates>107.06259715,10.82391078,0107.06255104,10.82392038,0107.06244055,10.82394876,0107.06239473,10.82401281,0107.06233963,10.82408603,0107.06229366,10.82412282,0107.06227539,10.82417752,0107.06226618,10.82418669,0107.06225698,10.82417769,0107.06223956,10.82452296,0107.06222279,10.82506792,0107.06222294,10.82511336,0107.06228746,10.82512177,0107.06240730,10.82511139,0107.06242572,10.82511113,0107.06252707,10.82510101,0107.06272977,10.82509886,0107.06290493,10.82508788,0107.06302478,10.82508659,0107.06308930,10.82508590,0107.06318152,10.82509405,0107.06336574,10.82508298,0107.06352248,10.82508126,0107.06374375,10.82508803,0107.06388200,10.82508648,0107.06401098,10.82508511,0107.06423217,10.82507370,0107.06436122,10.82506323,0107.06451782,10.82506151,0107.06457306,10.82504282,0107.06460996,10.82504239,0107.06465615,10.82505096,0107.06479433,10.82504950,0107.06492345,10.82505722,0107.06508012,10.82507367,0107.06517227,10.82505455,0107.06530131,10.82505317,0107.06531052,10.82505309,0107.06544878,10.82505163,0107.06556862,10.82505933,0107.06560552,10.82505899,0107.06578060,10.82506619,0107.06590037,10.82504672,0107.06602014,10.82503634,0107.06614919,10.82502597,0107.06616753,10.82500753,0107.06619508,10.82496192,0107.06625018,10.82490678,0107.06623133,10.82477089,0107.06619299,10.82430816,0107.06620041,10.82370875,0107.06620781,10.82312752,0107.06618875,10.82293710,0107.06593929,10.82272182,0107.06579061,10.82235108,0107.06577148,10.82210613,0107.06577982,10.82184274,0107.06551252,10.82183649,0107.06514379,10.82183135,0107.06489455,10.82168878,0107.06490261,10.82130733,0107.06493922,10.82123427,0107.06494843,10.82120692,0107.06505856,10.82106039,0107.06526989,10.82087656,0107.06558273,10.82069170,0107.06584032,10.82053443,0107.06574803,10.82049012,0107.06506590,10.82046107,0107.06501986,10.82047068,0107.06500159,10.82053438,0107.06496498,10.82061652,0107.06492822,10.82064413,0107.06490988,10.82067166,0107.06490067,10.82069892,0107.06485478,10.82074488,0107.06482723,10.82077240,0107.06479040,10.82079092,0107.06475357,10.82080944,0107.06472595,10.82080979,0107.06467048,10.82078312,0107.06465207,10.82077430,0107.06465200,10.82074703,0107.06466121,10.82074694,0107.06468868,10.82069215,0107.06468869,10.82068307,0107.06460553,10.82062030,0107.06457741,10.82046632,0107.06456813,10.82046641,0107.06426393,10.82045150,0107.06395059,10.82046394,0107.06389527,10.82046454,0107.06386780,10.82049206,0107.06386787,10.82052833,0107.06386802,10.82055559,0107.06386801,10.82057377,0107.06386859,10.82074628,0107.06387858,10.82101859,0107.06388829,10.82116383,0107.06388844,10.82121827,0107.06392591,10.82140853,0107.06392598,10.82145388,0107.06393541,10.82149924,0107.06392670,10.82168092,0107.06389929,10.82175389,0107.06390858,10.82175380,0107.06389001,10.82173579,0107.06377946,10.82173700,0107.06361351,10.82173881,0107.06356762,10.82178468,0107.06356769,10.82180285,0107.06352179,10.82187590,0107.06349453,10.82200331,0107.06351302,10.82201232,0107.06352237,10.82206668,0107.06356855,10.82207525,0107.06377125,10.82206401,0107.06385419,10.82206315,0107.06390958,10.82208073,0107.06407546,10.82206983,0107.06422284,10.82205011,0107.06436102,10.82203956,0107.06444411,10.82205679,0107.06460078,10.82206424,0107.06462840,10.82206390,0107.06465609,10.82207273,0107.06472062,10.82207204,0107.06474838,10.82208987,0107.06491426,10.82208807,0107.06496029,10.82208764,0107.06508006,10.82208635,0107.06509862,10.82210427,0107.06509862,10.82211335,0107.06524622,10.82216625,0107.06525558,10.82218434,0107.06526500,10.82225688,0107.06526521,10.82232950,0107.06527478,10.82244748,0107.06529391,10.82266517,0107.06529428,10.82277405,0107.06525759,10.82283801,0107.06524831,10.82283810,0107.06517465,10.82284796,0107.06512868,10.82289392,0107.06507344,10.82290361,0107.06507344,10.82291270,0107.06507351,10.82293997,0107.06505553,10.82305820,0107.06504639,10.82311273,0107.06504653,10.82316717,0107.06504675,10.82322171,0107.06502848,10.82326723,0107.06501935,10.82328549,0107.06501049,10.82343091,0107.06501071,10.82348544,0107.06502934,10.82353972,0107.06502934,10.82354880,0107.06500186,10.82360350,0107.06501114,10.82363068,0107.06500208,10.82366712,0107.06500222,10.82371248,0107.06498381,10.82373083,0107.06497474,10.82377636,0107.06493798,10.82381314,0107.06485512,10.82383218,0107.06470758,10.82383373,0107.06464306,10.82383441,0107.06442194,10.82383682,0107.06431131,10.82384703,0107.06416392,10.82386675,0107.06408098,10.82386770,0107.06404415,10.82386804,0107.06397963,10.82387782,0107.06395193,10.82386907,0107.06384137,10.82387937,0107.06380447,10.82387971,0107.06377677,10.82386188,0107.06373066,10.82385331,0107.06364780,10.82388143,0107.06356486,10.82390047,0107.06349113,10.82390124,0107.06346351,10.82390149,0107.06341747,10.82390201,0107.06325152,10.82389473,0107.06318700,10.82390451,0107.06306723,10.82390580,0107.06290136,10.82390751,0107.06278144,10.82390880,0107.06269858,10.82391875,0107.06259722,10.82391987,0107.06259715,10.82391078,0</coordinates></LinearRing></outerBoundaryIs></Polygon></Placemark><Placemark><name>DXF polygon 1557</name><description><![CDATA[DXF entity 1557; diện tích hình học thô xấp xỉ 17.4899 ha; phân loại tham chiếu theo màu PDF: Tràm 2022-2025.]]></description><styleUrl>#forest</styleUrl><Polygon><outerBoundaryIs><LinearRing><coordinates>107.07024846,10.82130453,0107.07025767,10.82130445,0107.07027616,10.82131327,0107.07027623,10.82133145,0107.07028544,10.82134046,0107.07028544,10.82134945,0107.07028551,10.82135854,0107.07028551,10.82135854,0107.07027630,10.82135872,0107.07027631,10.82134963,0107.07027631,10.82134963,0107.07027631,10.82134963,0107.07027631,10.82134963,0107.07027631,10.82134963,0107.07026702,10.82134972,0107.07026702,10.82134972,0107.07026702,10.82134972,0107.07026702,10.82134972,0107.07028558,10.82137672,0107.07029493,10.82144017,0107.07033219,10.82157607,0107.07035104,10.82169387,0107.07036982,10.82181167,0107.07038867,10.82193865,0107.07039831,10.82206563,0107.07041716,10.82220161,0107.07043593,10.82231951,0107.07045478,10.82243740,0107.07045492,10.82250093,0107.07048320,10.82269127,0107.07052046,10.82280890,0107.07065915,10.82296186,0107.07090861,10.82316796,0107.07094587,10.82329477,0107.07097451,10.82359399,0107.07098465,10.82391174,0107.07097675,10.82432955,0107.07097718,10.82446570,0107.07095000,10.82460220,0107.07084871,10.82463968,0107.07079340,10.82463119,0107.07012046,10.82461107,0107.06924483,10.82459319,0107.06894062,10.82458738,0107.06835990,10.82458458,0107.06825848,10.82458561,0107.06814785,10.82455046,0107.06812929,10.82451436,0107.06810152,10.82447836,0107.06801815,10.82435215,0107.06797197,10.82430723,0107.06788874,10.82423556,0107.06779645,10.82418197,0107.06761180,10.82409315,0107.06725235,10.82409702,0107.06709611,10.82424399,0107.06705022,10.82428995,0107.06691232,10.82441847,0107.06688477,10.82445509,0107.06684802,10.82447360,0107.06681119,10.82449221,0107.06676508,10.82450173,0107.06671904,10.82450225,0107.06667293,10.82450276,0107.06637801,10.82449686,0107.06633190,10.82449729,0107.06624889,10.82448915,0107.06621177,10.82440787,0107.06621148,10.82430799,0107.06622796,10.82367214,0107.06622781,10.82362669,0107.06623558,10.82316353,0107.06619796,10.82291884,0107.06595771,10.82272156,0107.06593900,10.82263102,0107.06582751,10.82234156,0107.06581780,10.82219641,0107.06579895,10.82205143,0107.06592714,10.82176848,0107.06606525,10.82171258,0107.06633133,10.82133737,0107.06634053,10.82132819,0107.06634046,10.82131910,0107.07008209,10.82114283,0107.07024846,10.82130453,0</coordinates></LinearRing></outerBoundaryIs></Polygon></Placemark><Placemark><name>DXF polygon 1558</name><description><![CDATA[DXF entity 1558; diện tích hình học thô xấp xỉ 6.0172 ha; phân loại tham chiếu theo màu PDF: Tràm 2022-2025.]]></description><styleUrl>#forest</styleUrl><Polygon><outerBoundaryIs><LinearRing><coordinates>107.06986642,10.81997379,0107.06978283,10.81977497,0107.06943072,10.81915217,0107.06935655,10.81904397,0107.06920859,10.81886401,0107.06908839,10.81873815,0107.06871845,10.81832439,0107.06866284,10.81824328,0107.06869053,10.81825203,0107.06887482,10.81824096,0107.06902236,10.81824850,0107.06904990,10.81824824,0107.06910522,10.81823855,0107.06926196,10.81823682,0107.06939100,10.81824454,0107.06948314,10.81825259,0107.06955702,10.81829726,0107.06956637,10.81832435,0107.06960356,10.81843298,0107.06960371,10.81846934,0107.06964111,10.81865050,0107.06966881,10.81866833,0107.06983475,10.81867561,0107.06993632,10.81872902,0107.06994553,10.81872894,0107.07024038,10.81869857,0107.07062744,10.81870344,0107.07087632,10.81868268,0107.07110650,10.81862573,0107.07141034,10.81854075,0107.07140120,10.81854992,0107.07141034,10.81852257,0107.07152090,10.81850328,0107.07162232,10.81852033,0107.07169598,10.81850138,0107.07171447,10.81851021,0107.07178827,10.81851852,0107.07170562,10.81862836,0107.07169649,10.81864662,0107.07168779,10.81880113,0107.07167894,10.81895554,0107.07174397,10.81911827,0107.07189150,10.81911672,0107.07204809,10.81910591,0107.07208499,10.81911465,0107.07210363,10.81915983,0107.07214973,10.81918658,0107.07217743,10.81919532,0107.07226965,10.81921247,0107.07243552,10.81920166,0107.07258306,10.81920910,0107.07273044,10.81920755,0107.07285028,10.81919717,0107.07298861,10.81921388,0107.07299781,10.81922280,0107.07296156,10.81943209,0107.07293408,10.81947779,0107.07293445,10.81960495,0107.07287978,10.81979624,0107.07287072,10.81983268,0107.07280663,10.81996952,0107.07269636,10.82010688,0107.07253977,10.82010851,0107.07245676,10.82010037,0107.07226326,10.82011153,0107.07218032,10.82013057,0107.07202366,10.82013221,0107.07198683,10.82014182,0107.07188548,10.82015194,0107.07175643,10.82014423,0107.07160897,10.82014587,0107.07158127,10.82015521,0107.07150755,10.82013781,0107.07136009,10.82013936,0107.07131398,10.82013988,0107.07124945,10.82014975,0107.07121262,10.82015009,0107.07118508,10.82015943,0107.07105588,10.82013355,0107.07097295,10.82014350,0107.07096374,10.82014358,0107.07085333,10.82018123,0107.07084419,10.82022667,0107.07083513,10.82027220,0107.07085390,10.82039001,0107.07084477,10.82042636,0107.07083585,10.82051724,0107.07083592,10.82053542,0107.07085477,10.82065331,0107.07087333,10.82071667,0107.07087333,10.82071667,0107.07078104,10.82064509,0107.07068875,10.82061877,0107.07042152,10.82064887,0107.07023716,10.82065994,0107.07022795,10.82065094,0107.07015422,10.82064272,0107.07014502,10.82064280,0107.07008049,10.82065258,0107.06986642,10.81997379,0107.06986642,10.81997379,0</coordinates></LinearRing></outerBoundaryIs></Polygon></Placemark><Placemark><name>DXF polygon 1559</name><description><![CDATA[DXF entity 1559; diện tích hình học thô xấp xỉ 16.0067 ha; phân loại tham chiếu theo màu PDF: Tràm 2022-2025.]]></description><styleUrl>#forest</styleUrl><Polygon><outerBoundaryIs><LinearRing><coordinates>107.06603612,10.80334335,0107.06603612,10.80334335,0107.06601770,10.80334361,0107.06601771,10.80333452,0107.06601756,10.80328908,0107.06590572,10.80287256,0107.06589629,10.80282729,0107.06572870,10.80228422,0107.06568094,10.80172178,0107.06561534,10.80136827,0107.06544876,10.80115222,0107.06534698,10.80101701,0107.06528224,10.80095416,0107.06519888,10.80080978,0107.06515249,10.80069224,0107.06513379,10.80061988,0107.06514292,10.80060161,0107.06529965,10.80061807,0107.06537352,10.80064456,0107.06556701,10.80063341,0107.06573295,10.80063160,0107.06590794,10.80062062,0107.06613833,10.80059094,0107.06626729,10.80058048,0107.06629477,10.80053469,0107.06649753,10.80053253,0107.06657133,10.80053176,0107.06662649,10.80052207,0107.06687536,10.80050131,0107.06718868,10.80048887,0107.06733605,10.80048732,0107.06748358,10.80048568,0107.06753882,10.80047599,0107.06771389,10.80048327,0107.06780610,10.80047315,0107.06806410,10.80045221,0107.06820235,10.80045984,0107.06826687,10.80045915,0107.06847876,10.80044782,0107.06867232,10.80043667,0107.06874604,10.80043589,0107.06880136,10.80042620,0107.06905921,10.80039618,0107.06922515,10.80039446,0107.06940022,10.80038347,0107.06945554,10.80037378,0107.06956608,10.80038175,0107.06959378,10.80039050,0107.06976899,10.80043404,0107.06982452,10.80048788,0107.06987063,10.80049645,0107.06991681,10.80052320,0107.07000909,10.80056770,0107.06991695,10.80055965,0107.06988005,10.80055999,0107.06983438,10.80070575,0107.06982546,10.80080572,0107.06980719,10.80083316,0107.06980727,10.80086043,0107.06980756,10.80094204,0107.06982640,10.80110538,0107.06988222,10.80125002,0107.06989157,10.80131346,0107.06991991,10.80152207,0107.06994789,10.80163979,0107.06996630,10.80164871,0107.07011376,10.80161080,0107.07015979,10.80161937,0107.07029796,10.80159064,0107.07035328,10.80159004,0107.07039032,10.80164414,0107.07040880,10.80168023,0107.07042758,10.80178904,0107.07045585,10.80197038,0107.07050239,10.80214236,0107.07052153,10.80235106,0107.07054980,10.80255957,0107.07054980,10.80257775,0107.07069754,10.80264873,0107.07084506,10.80267445,0107.07085448,10.80275607,0107.07078083,10.80277502,0107.07063396,10.80295817,0107.07059771,10.80315828,0107.07046005,10.80333234,0107.07041408,10.80339639,0107.07029432,10.80339769,0107.07007314,10.80340910,0107.07003632,10.80340953,0107.06990728,10.80342000,0107.06978752,10.80343038,0107.06961237,10.80343219,0107.06952952,10.80344223,0107.06931747,10.80342629,0107.06911478,10.80344662,0107.06902257,10.80343856,0107.06853411,10.80342564,0107.06813778,10.80342986,0107.06752956,10.80345449,0107.06732680,10.80343856,0107.06657090,10.80340120,0107.06616530,10.80339651,0107.06603612,10.80334335,0107.06598088,10.80334395,0107.06598088,10.80335304,0107.06603612,10.80334335,0</coordinates></LinearRing></outerBoundaryIs></Polygon></Placemark><Placemark><name>DXF polygon 1560</name><description><![CDATA[DXF entity 1560; diện tích hình học thô xấp xỉ 0.6925 ha; phân loại tham chiếu theo màu PDF: Tràm 2022-2025.]]></description><styleUrl>#forest</styleUrl><Polygon><outerBoundaryIs><LinearRing><coordinates>107.05072335,10.79587011,0107.05072335,10.79587911,0107.05058546,10.79599863,0107.05059474,10.79601672,0107.05069651,10.79614276,0107.05082590,10.79625936,0107.05082590,10.79625936,0107.05097384,10.79639406,0107.05097384,10.79639406,0107.05119522,10.79649155,0107.05130585,10.79649944,0107.05162765,10.79624179,0107.05167362,10.79620492,0107.05161810,10.79611473,0107.05149791,10.79600713,0107.05149791,10.79600713,0107.05133162,10.79587269,0107.05132242,10.79587277,0107.05129437,10.79574587,0107.05129388,10.79557337,0107.05131201,10.79546422,0107.05121959,10.79539263,0107.05121038,10.79539272,0107.05102667,10.79560346,0107.05093489,10.79570429,0107.05088900,10.79578651,0107.05087979,10.79579569,0107.05074184,10.79586985,0107.05072335,10.79587011,0</coordinates></LinearRing></outerBoundaryIs></Polygon></Placemark><Placemark><name>DXF polygon 1561</name><description><![CDATA[DXF entity 1561; diện tích hình học thô xấp xỉ 0.8348 ha; phân loại tham chiếu theo màu PDF: Tràm 2022-2025.]]></description><styleUrl>#forest</styleUrl><Polygon><outerBoundaryIs><LinearRing><coordinates>107.04849860,10.79467693,0107.04850817,10.79476765,0107.04848975,10.79480408,0107.04837042,10.79494161,0107.04827842,10.79499708,0107.04824160,10.79500660,0107.04816808,10.79507999,0107.04814039,10.79507124,0107.04810364,10.79510794,0107.04806695,10.79515372,0107.04813154,10.79519839,0107.04834371,10.79526879,0107.04838061,10.79526836,0107.04847268,10.79524015,0107.04848181,10.79522189,0107.04854598,10.79510323,0107.04857346,10.79503027,0107.04866559,10.79503841,0107.04871177,10.79506517,0107.04881326,10.79509132,0107.04890532,10.79507211,0107.04895143,10.79507169,0107.04898825,10.79507125,0107.04911736,10.79506988,0107.04923690,10.79499598,0107.04931969,10.79494059,0107.04937500,10.79495817,0107.04940269,10.79496700,0107.04951352,10.79505660,0107.04957832,10.79514671,0107.04962457,10.79518255,0107.04967067,10.79520931,0107.04971678,10.79520879,0107.04972592,10.79517235,0107.04973477,10.79507238,0107.04960524,10.79489215,0107.04958676,10.79487415,0107.04949448,10.79483882,0107.04929129,10.79469572,0107.04910659,10.79457972,0107.04903273,10.79454413,0107.04892176,10.79440909,0107.04863557,10.79426684,0107.04858048,10.79430371,0107.04847028,10.79443197,0107.04834124,10.79444243,0107.04835066,10.79451505,0107.04843373,10.79456864,0107.04854450,10.79460380,0107.04853521,10.79460388,0107.04848940,10.79466793,0107.04849860,10.79467693,0</coordinates></LinearRing></outerBoundaryIs></Polygon></Placemark><Placemark><name>DXF polygon 1562</name><description><![CDATA[DXF entity 1562; diện tích hình học thô xấp xỉ 1.2780 ha; phân loại tham chiếu theo màu PDF: Tràm 2022-2025.]]></description><styleUrl>#forest</styleUrl><Polygon><outerBoundaryIs><LinearRing><coordinates>107.04685940,10.79508485,0107.04688695,10.79504824,0107.04688687,10.79503006,0107.04688666,10.79497562,0107.04688659,10.79493917,0107.04688652,10.79492100,0107.04691386,10.79482995,0107.04691343,10.79469379,0107.04696832,10.79454795,0107.04692222,10.79452111,0107.04692201,10.79446658,0107.04698639,10.79440236,0107.04705069,10.79435633,0107.04707824,10.79432881,0107.04709637,10.79421966,0107.04705019,10.79419291,0107.04703185,10.79422034,0107.04701336,10.79422051,0107.04689340,10.79414918,0107.04689326,10.79409474,0107.04689319,10.79406738,0107.04691124,10.79397641,0107.04696649,10.79393046,0107.04703065,10.79382080,0107.04702138,10.79378462,0107.04694737,10.79372177,0107.04690127,10.79369511,0107.04688265,10.79362256,0107.04690077,10.79354968,0107.04690070,10.79351342,0107.04688222,10.79349541,0107.04688215,10.79345915,0107.04690042,10.79342262,0107.04691863,10.79333166,0107.04702931,10.79338490,0107.04710311,10.79340231,0107.04726911,10.79342777,0107.04729680,10.79345469,0107.04746273,10.79346208,0107.04765649,10.79353264,0107.04783177,10.79358520,0107.04784098,10.79359420,0107.04787787,10.79360286,0107.04798857,10.79362902,0107.04800691,10.79360149,0107.04803453,10.79357397,0107.04800712,10.79367420,0107.04807185,10.79372805,0107.04810882,10.79376398,0107.04820124,10.79385374,0107.04843211,10.79402377,0107.04854323,10.79417708,0107.04862636,10.79426693,0107.04856199,10.79430397,0107.04848862,10.79441362,0107.04836894,10.79444217,0107.04820286,10.79438944,0107.04817489,10.79428990,0107.04813785,10.79423580,0107.04812843,10.79417235,0107.04813757,10.79412691,0107.04810980,10.79410899,0107.04803601,10.79407349,0107.04799919,10.79407383,0107.04781505,10.79416660,0107.04777823,10.79416703,0107.04757539,10.79416008,0107.04745564,10.79415228,0107.04737271,10.79418040,0107.04726209,10.79416342,0107.04720678,10.79415493,0107.04721626,10.79426373,0107.04717052,10.79435504,0107.04710628,10.79445561,0107.04706039,10.79451966,0107.04703305,10.79461989,0107.04697802,10.79472029,0107.04704282,10.79481949,0107.04710748,10.79486416,0107.04716272,10.79482729,0107.04718113,10.79483621,0107.04720882,10.79484495,0107.04720882,10.79484495,0107.04716293,10.79489082,0107.04716293,10.79489082,0107.04713545,10.79496379,0107.04711711,10.79499132,0107.04704324,10.79495564,0107.04699742,10.79501978,0107.04685940,10.79508485,0</coordinates></LinearRing></outerBoundaryIs></Polygon></Placemark><Placemark><name>DXF polygon 1563</name><description><![CDATA[DXF entity 1563; diện tích hình học thô xấp xỉ 6.9690 ha; phân loại tham chiếu theo màu PDF: Tràm 2022-2025.]]></description><styleUrl>#forest</styleUrl><Polygon><outerBoundaryIs><LinearRing><coordinates>107.04648588,10.79043049,0107.04647682,10.79046684,0107.04644049,10.79064886,0107.04638588,10.79087641,0107.04639565,10.79105801,0107.04638659,10.79110354,0107.04635904,10.79114915,0107.04632214,10.79114049,0107.04629445,10.79112266,0107.04614680,10.79104249,0107.04613752,10.79103348,0107.04608206,10.79098873,0107.04607279,10.79095237,0107.04591607,10.79094499,0107.04586069,10.79091833,0107.04584220,10.79090041,0107.04584213,10.79087314,0107.04583286,10.79084605,0107.04579561,10.79071933,0107.04579554,10.79070115,0107.04580453,10.79063753,0107.04582273,10.79055556,0107.04583173,10.79048277,0107.04583166,10.79045550,0107.04581310,10.79042850,0107.04582217,10.79038306,0107.04583131,10.79032844,0107.04584944,10.79023747,0107.04583089,10.79018320,0107.04583060,10.79009240,0107.04585815,10.79005570,0107.04583025,10.78999243,0107.04579321,10.78992932,0107.04574697,10.78987531,0107.04571000,10.78985756,0107.04569159,10.78983055,0107.04561758,10.78975870,0107.04559910,10.78974978,0107.04558982,10.78971360,0107.04559896,10.78968625,0107.04558026,10.78962280,0107.04556171,10.78955944,0107.04553388,10.78951434,0107.04547843,10.78945141,0107.04544160,10.78946992,0107.04539550,10.78946135,0107.04534019,10.78946195,0107.04526647,10.78946272,0107.04521101,10.78942696,0107.04514629,10.78934594,0107.04513701,10.78932794,0107.04509063,10.78921947,0107.04506301,10.78921973,0107.04500770,10.78922942,0107.04489708,10.78922153,0107.04487874,10.78922170,0107.04486026,10.78921287,0107.04482322,10.78916776,0107.04474001,10.78907782,0107.04472160,10.78907799,0107.04465715,10.78909685,0107.04458322,10.78902500,0107.04455553,10.78901626,0107.04449101,10.78902603,0107.04440808,10.78901779,0107.04434357,10.78901848,0107.04426056,10.78902842,0107.04417757,10.78899301,0107.04409464,10.78900295,0107.04403933,10.78898537,0107.04394719,10.78899549,0107.04391950,10.78899574,0107.04389188,10.78900509,0107.04385470,10.78889654,0107.04393757,10.78885034,0107.04396504,10.78880464,0107.04401115,10.78880412,0107.04406646,10.78880352,0107.04420470,10.78880207,0107.04427827,10.78877404,0107.04434265,10.78872791,0107.04445327,10.78872671,0107.04449916,10.78868084,0107.04452671,10.78863514,0107.04455433,10.78862580,0107.04460043,10.78864346,0107.04465546,10.78855207,0107.04466460,10.78851562,0107.04463683,10.78848870,0107.04461842,10.78847988,0107.04458153,10.78847113,0107.04447098,10.78847232,0107.04445256,10.78849976,0107.04436978,10.78852788,0107.04435130,10.78852805,0107.04426837,10.78852890,0107.04424082,10.78856551,0107.04417630,10.78855720,0107.04411185,10.78859415,0107.04405654,10.78859475,0107.04396455,10.78863204,0107.04390004,10.78863272,0107.04378021,10.78863401,0107.04369728,10.78863486,0107.04365110,10.78862629,0107.04363277,10.78862645,0107.04360508,10.78861771,0107.04355876,10.78857278,0107.04352158,10.78845515,0107.04351217,10.78837352,0107.04351203,10.78832817,0107.04342910,10.78831993,0107.04335523,10.78831161,0107.04334617,10.78833896,0107.04332776,10.78834831,0107.04330014,10.78835766,0107.04327245,10.78834882,0107.04321685,10.78826762,0107.04321664,10.78819500,0107.04323506,10.78815848,0107.04325333,10.78812204,0107.04324420,10.78814021,0107.04327160,10.78805825,0107.04328074,10.78804908,0107.04319781,10.78804084,0107.04314271,10.78810506,0107.04313358,10.78812324,0107.04308762,10.78816010,0107.04305079,10.78819680,0107.04301396,10.78820623,0107.04294916,10.78812520,0107.04293975,10.78804358,0107.04293054,10.78804375,0107.04289372,10.78804409,0107.04285661,10.78796281,0107.04286567,10.78793546,0107.04286560,10.78790820,0107.04287446,10.78779914,0107.04288346,10.78769916,0107.04288346,10.78769008,0107.04291100,10.78768073,0107.04292022,10.78765338,0107.04291079,10.78761711,0107.04284613,10.78757244,0107.04279975,10.78746398,0107.04278128,10.78741871,0107.04277192,10.78740061,0107.04277185,10.78737344,0107.04272568,10.78732851,0107.04268879,10.78731985,0107.04265189,10.78731110,0107.04260565,10.78726626,0107.04256875,10.78725751,0107.04254099,10.78722150,0107.04254071,10.78712161,0107.04254978,10.78705800,0107.04254978,10.78705800,0107.04259567,10.78701213,0107.04273391,10.78700159,0107.04274304,10.78700150,0107.04277073,10.78700116,0107.04284445,10.78700039,0107.04297349,10.78698993,0107.04304728,10.78701643,0107.04316724,10.78706050,0107.04324089,10.78705064,0107.04328700,10.78703204,0107.04339754,10.78703993,0107.04347127,10.78703008,0107.04358181,10.78701979,0107.04364633,10.78701911,0107.04372005,10.78701834,0107.04385878,10.78717121,0107.04396975,10.78729717,0107.04402506,10.78731475,0107.04420961,10.78737631,0107.04421882,10.78737622,0107.04432979,10.78751127,0107.04430238,10.78758423,0107.04431180,10.78764768,0107.04441335,10.78770110,0107.04446866,10.78770050,0107.04452390,10.78769081,0107.04456072,10.78769947,0107.04466221,10.78771662,0107.04471759,10.78774320,0107.04478210,10.78775161,0107.04492034,10.78774106,0107.04495724,10.78774981,0107.04501255,10.78774921,0107.04503088,10.78773986,0107.04515071,10.78773867,0107.04530743,10.78775514,0107.04539964,10.78776320,0107.04549177,10.78776226,0107.04553788,10.78776174,0107.04557477,10.78777049,0107.04564864,10.78779690,0107.04568546,10.78779647,0107.04570380,10.78778721,0107.04575911,10.78777761,0107.04583284,10.78777675,0107.04596187,10.78778447,0107.04608176,10.78781954,0107.04608219,10.78794670,0107.04609182,10.78807377,0107.04607397,10.78827362,0107.04603756,10.78843756,0107.04602892,10.78861924,0107.04607516,10.78869134,0107.04615858,10.78883582,0107.04623273,10.78898029,0107.04631615,10.78915185,0107.04635361,10.78935128,0107.04639114,10.78956880,0107.04639163,10.78974140,0107.04640099,10.78975031,0107.04641968,10.78985912,0107.04641996,10.78994083,0107.04643880,10.79006772,0107.04648532,10.79023071,0107.04650437,10.79042114,0107.04649509,10.79042122,0107.04648588,10.79043049,0</coordinates></LinearRing></outerBoundaryIs></Polygon></Placemark><Placemark><name>DXF polygon 1564</name><description><![CDATA[DXF entity 1564; diện tích hình học thô xấp xỉ 0.6883 ha; phân loại tham chiếu theo màu PDF: Tràm 2022-2025.]]></description><styleUrl>#forest</styleUrl><Polygon><outerBoundaryIs><LinearRing><coordinates>107.04657704,10.79007545,0107.04656783,10.79007553,0107.04654935,10.79006652,0107.04654014,10.79006661,0107.04646635,10.79003111,0107.04643851,10.78998601,0107.04641047,10.78985012,0107.04640085,10.78970496,0107.04640070,10.78966870,0107.04640984,10.78965043,0107.04647436,10.78963157,0107.04653887,10.78963089,0107.04663093,10.78962077,0107.04670473,10.78962909,0107.04684297,10.78961845,0107.04687059,10.78961820,0107.04699961,10.78964410,0107.04703651,10.78964376,0107.04706420,10.78965250,0107.04708269,10.78966142,0107.04718417,10.78969666,0107.04723027,10.78971432,0107.04727638,10.78971381,0107.04737779,10.78971279,0107.04744231,10.78972110,0107.04747921,10.78972076,0107.04753444,10.78972925,0107.04770950,10.78972736,0107.04784824,10.78985297,0107.04791311,10.79000662,0107.04791318,10.79002479,0107.04782126,10.79008036,0107.04771984,10.79008147,0107.04757240,10.79008301,0107.04753557,10.79009244,0107.04747106,10.79009312,0107.04737892,10.79008507,0107.04727751,10.79008609,0107.04717610,10.79006903,0107.04706547,10.79007023,0107.04695493,10.79008951,0107.04687207,10.79011763,0107.04665083,10.79011094,0107.04663234,10.79009293,0107.04657704,10.79007545,0</coordinates></LinearRing></outerBoundaryIs></Polygon></Placemark><Placemark><name>DXF polygon 1565</name><description><![CDATA[DXF entity 1565; diện tích hình học thô xấp xỉ 2.2700 ha; phân loại tham chiếu theo màu PDF: Tràm 2022-2025.]]></description><styleUrl>#forest</styleUrl><Polygon><outerBoundaryIs><LinearRing><coordinates>107.04317742,10.79047463,0107.04316829,10.79050199,0107.04316850,10.79057470,0107.04323344,10.79069199,0107.04334412,10.79074532,0107.04336254,10.79074515,0107.04343627,10.79071712,0107.04353746,10.79067065,0107.04366629,10.79059666,0107.04384135,10.79057660,0107.04399800,10.79058407,0107.04414552,10.79059153,0107.04429304,10.79061726,0107.04430224,10.79062617,0107.04438538,10.79068885,0107.04444090,10.79076996,0107.04450570,10.79085098,0107.04450577,10.79089643,0107.04445988,10.79094230,0107.04438637,10.79099760,0107.04423885,10.79099923,0107.04411909,10.79101860,0107.04410996,10.79101868,0107.04396258,10.79107475,0107.04387052,10.79107569,0107.04383355,10.79107612,0107.04371379,10.79107740,0107.04364928,10.79108717,0107.04352024,10.79108854,0107.04340962,10.79108065,0107.04329915,10.79109085,0107.04323463,10.79109153,0107.04317925,10.79108304,0107.04306856,10.79104788,0107.04305928,10.79104806,0107.04298556,10.79103974,0107.04288422,10.79104985,0107.04275525,10.79106940,0107.04269081,10.79107008,0107.04256171,10.79106236,0107.04255250,10.79107153,0107.04246037,10.79106347,0107.04234967,10.79105558,0107.04226675,10.79103825,0107.04226667,10.79102008,0107.04231263,10.79100139,0107.04235881,10.79101005,0107.04239564,10.79099144,0107.04244160,10.79097275,0107.04248770,10.79096324,0107.04250597,10.79092671,0107.04240442,10.79087329,0107.04234911,10.79087389,0107.04225684,10.79081130,0107.04224749,10.79078421,0107.04232135,10.79081062,0107.04235811,10.79078301,0107.04233028,10.79071065,0107.04226562,10.79067506,0107.04221959,10.79068458,0107.04219197,10.79068492,0107.04213645,10.79063099,0107.04203503,10.79062301,0107.04200734,10.79061427,0107.04199779,10.79049620,0107.04198858,10.79048728,0107.04188724,10.79049740,0107.04187796,10.79048839,0107.04184106,10.79048882,0107.04172131,10.79049010,0107.04168448,10.79050862,0107.04161069,10.79047312,0107.04157344,10.79036458,0107.04155489,10.79031930,0107.04152706,10.79026520,0107.04154519,10.79015606,0107.04154512,10.79012879,0107.04156346,10.79011036,0107.04159095,10.79004648,0107.04154464,10.78994711,0107.04148926,10.78992953,0107.04147984,10.78986608,0107.04147970,10.78982073,0107.04148876,10.78978429,0107.04155293,10.78966554,0107.04158048,10.78961075,0107.04158034,10.78956540,0107.04164458,10.78947392,0107.04164450,10.78945574,0107.04165336,10.78934668,0107.04161625,10.78924723,0107.04160698,10.78923822,0107.04153297,10.78914819,0107.04146817,10.78906717,0107.04144042,10.78900389,0107.04144028,10.78895845,0107.04155110,10.78904814,0107.04199407,10.78924321,0107.04214194,10.78937782,0107.04216035,10.78937766,0107.04227167,10.78963067,0107.04227209,10.78975783,0107.04220800,10.78990375,0107.04228277,10.79023899,0107.04233857,10.79042908,0107.04238496,10.79051027,0107.04303019,10.79053970,0107.04314980,10.79048398,0107.04317742,10.79047463,0</coordinates></LinearRing></outerBoundaryIs></Polygon></Placemark><Placemark><name>DXF polygon 1567</name><description><![CDATA[DXF entity 1567; diện tích hình học thô xấp xỉ 3.0762 ha; phân loại tham chiếu theo màu PDF: Đất trảng đồi/suối/G.T.]]></description><styleUrl>#other</styleUrl><Polygon><outerBoundaryIs><LinearRing><coordinates>107.04725400,10.82809734,0107.04727234,10.82807899,0107.04718933,10.82803449,0107.04723502,10.82792509,0107.04727163,10.82784304,0107.04723332,10.82737122,0107.04747287,10.82732330,0107.04751904,10.82736814,0107.04758357,10.82736745,0107.04762040,10.82734894,0107.04782311,10.82731953,0107.04788729,10.82719170,0107.04790520,10.82704629,0107.04786823,10.82701945,0107.04788651,10.82695557,0107.04812612,10.82693491,0107.04846730,10.82697658,0107.04840334,10.82716804,0107.04842373,10.82779437,0107.04850871,10.82848363,0107.04841748,10.82876605,0107.04808692,10.82919636,0107.04743479,10.82997511,0107.04743457,10.82991158,0107.04732387,10.82984925,0107.04739598,10.82933087,0107.04733069,10.82906825,0107.04735774,10.82887723,0107.04731136,10.82876877,0107.04729294,10.82876894,0107.04727396,10.82861478,0107.04722757,10.82850632,0107.04729132,10.82825142,0107.04727206,10.82798828,0107.04725400,10.82809734,0</coordinates></LinearRing></outerBoundaryIs></Polygon></Placemark><Placemark><name>DXF polygon 1568</name><description><![CDATA[DXF entity 1568; diện tích hình học thô xấp xỉ 2.7750 ha; phân loại tham chiếu theo màu PDF: Đất trảng đồi/suối/G.T.]]></description><styleUrl>#other</styleUrl><Polygon><outerBoundaryIs><LinearRing><coordinates>107.04864725,10.82857288,0107.04865617,10.82847300,0107.04863755,10.82840055,0107.04862820,10.82837328,0107.04862806,10.82831884,0107.04862791,10.82828257,0107.04855376,10.82813810,0107.04854378,10.82787488,0107.04854336,10.82772955,0107.04856177,10.82772929,0107.04858012,10.82771094,0107.04856149,10.82763858,0107.04857055,10.82760214,0107.04860739,10.82756545,0107.04857948,10.82750208,0107.04857941,10.82747491,0107.04854237,10.82741172,0107.04854223,10.82736636,0107.04864337,10.82729263,0107.04868920,10.82721040,0107.04867071,10.82718331,0107.04861525,10.82713855,0107.04861511,10.82708411,0107.04867942,10.82702889,0107.04870712,10.82702864,0107.04874395,10.82702821,0107.04876244,10.82702804,0107.04890983,10.82701741,0107.04892831,10.82702624,0107.04896521,10.82704408,0107.04901132,10.82705265,0107.04912203,10.82707872,0107.04917742,10.82710530,0107.04925122,10.82711362,0107.04929732,10.82714946,0107.04936200,10.82716686,0107.04951866,10.82719250,0107.04957405,10.82720999,0107.04957412,10.82721908,0107.04957405,10.82720999,0107.04956484,10.82721016,0107.04959261,10.82723709,0107.04958333,10.82720990,0107.04959254,10.82721891,0107.04964793,10.82722740,0107.04974007,10.82723546,0107.04983229,10.82726178,0107.04988760,10.82726127,0107.04993379,10.82726985,0107.04997982,10.82727842,0107.05005355,10.82726856,0107.05012743,10.82729497,0107.05017361,10.82733990,0107.05018274,10.82733073,0107.05022921,10.82743919,0107.05022064,10.82764813,0107.05023968,10.82785682,0107.05025881,10.82806533,0107.05021333,10.82828380,0107.05008478,10.82843959,0107.05006637,10.82843976,0107.05002032,10.82846754,0107.04983638,10.82860566,0107.04962468,10.82868968,0107.04941262,10.82867382,0107.04921897,10.82864851,0107.04902540,10.82864148,0107.04887787,10.82862493,0107.04877637,10.82859878,0107.04863812,10.82858205,0107.04864725,10.82857288,0</coordinates></LinearRing></outerBoundaryIs></Polygon></Placemark><Placemark><name>DXF polygon 1569</name><description><![CDATA[DXF entity 1569; diện tích hình học thô xấp xỉ 1.0806 ha; phân loại tham chiếu theo màu PDF: Tràm 2022-2025.]]></description><styleUrl>#forest</styleUrl><Polygon><outerBoundaryIs><LinearRing><coordinates>107.04881652,10.82966074,0107.04881637,10.82962448,0107.04876970,10.82942513,0107.04875986,10.82922553,0107.04874088,10.82904411,0107.04867572,10.82881775,0107.04866637,10.82879975,0107.04865709,10.82877257,0107.04865695,10.82873630,0107.04868443,10.82867243,0107.04891477,10.82863359,0107.04905310,10.82864122,0107.04910841,10.82865880,0107.04924667,10.82864826,0107.04927429,10.82864791,0107.04935730,10.82866533,0107.04956957,10.82876290,0107.04955165,10.82892649,0107.04954237,10.82891748,0107.04947813,10.82899997,0107.04947820,10.82902723,0107.04945993,10.82907276,0107.04946000,10.82910002,0107.04944173,10.82914555,0107.04944186,10.82920008,0107.04946035,10.82922718,0107.04953422,10.82926267,0107.04957119,10.82929860,0107.04960831,10.82937088,0107.04958076,10.82940749,0107.04958083,10.82943466,0107.04948896,10.82953558,0107.04947983,10.82955384,0107.04948004,10.82962646,0107.04947090,10.82965381,0107.04948018,10.82967190,0107.04945270,10.82972660,0107.04942507,10.82974503,0107.04941601,10.82978156,0107.04939759,10.82980900,0107.04936083,10.82982752,0107.04931501,10.82990065,0107.04929666,10.82993718,0107.04922300,10.82995612,0107.04917681,10.82994755,0107.04914913,10.82990245,0107.04898296,10.82985881,0107.04883557,10.82986034,0107.04880780,10.82983342,0107.04881652,10.82966074,0</coordinates></LinearRing></outerBoundaryIs></Polygon></Placemark><Placemark><name>DXF polygon 1570</name><description><![CDATA[DXF entity 1570; diện tích hình học thô xấp xỉ 0.7692 ha; phân loại tham chiếu theo màu PDF: Tràm 2022-2025.]]></description><styleUrl>#forest</styleUrl><Polygon><outerBoundaryIs><LinearRing><coordinates>107.04863236,10.82974442,0107.04862351,10.82984448,0107.04860537,10.82995362,0107.04848553,10.82993673,0107.04842094,10.82990106,0107.04840245,10.82989223,0107.04833792,10.82991109,0107.04827340,10.82990269,0107.04820880,10.82988520,0107.04814435,10.82989497,0107.04811665,10.82989522,0107.04810752,10.82989540,0107.04807975,10.82987748,0107.04807054,10.82989574,0107.04806148,10.82993218,0107.04792322,10.82992454,0107.04772965,10.82991751,0107.04769275,10.82991794,0107.04761894,10.82990053,0107.04760974,10.82989161,0107.04767384,10.82977278,0107.04783002,10.82959865,0107.04796778,10.82943369,0107.04811476,10.82925055,0107.04822482,10.82910411,0107.04835337,10.82893924,0107.04848208,10.82879263,0107.04850028,10.82874702,0107.04852783,10.82869232,0107.04855538,10.82867380,0107.04861077,10.82869137,0107.04857401,10.82874625,0107.04855581,10.82880995,0107.04856544,10.82894610,0107.04856565,10.82900973,0107.04857493,10.82903682,0107.04857535,10.82917297,0107.04860339,10.82930895,0107.04860339,10.82931804,0107.04861289,10.82938149,0107.04862245,10.82949938,0107.04862252,10.82951765,0107.04862252,10.82951765,0107.04863236,10.82974442,0</coordinates></LinearRing></outerBoundaryIs></Polygon></Placemark><Placemark><name>DXF polygon 1572</name><description><![CDATA[DXF entity 1572; diện tích hình học thô xấp xỉ 9.5925 ha; phân loại tham chiếu theo màu PDF: Đất lấn chiếm mới.]]></description><styleUrl>#new</styleUrl><Polygon><outerBoundaryIs><LinearRing><coordinates>107.04733308,10.82985826,0107.04973940,10.83005962,0107.05019612,10.82867452,0107.05016348,10.82704033,0107.04852261,10.82698507,0107.04782205,10.82697443,0107.04778367,10.82729678,0107.04725167,10.82732560,0107.04733308,10.82985826,0107.04733308,10.82985826,0</coordinates></LinearRing></outerBoundaryIs></Polygon></Placemark></Folder><Folder><name>PDF - Lấn chiếm cũ KL260</name><Placemark><name>PDF lấn chiếm cũ KL260 #1</name><description><![CDATA[Đa giác trích xuất từ màu bản đồ PDF; diện tích xấp xỉ theo độ phân giải bản đồ: 4.5146 ha. Đây là số liệu GIS xấp xỉ, không thay thế diện tích pháp lý.]]></description><styleUrl>#old</styleUrl><Polygon><outerBoundaryIs><LinearRing><coordinates>107.06823098,10.82765053,0107.06819068,10.82736690,0107.06868374,10.82659837,0107.06876718,10.82590996,0107.06872697,10.82558582,0107.06856357,10.82542343,0107.06827898,10.82453167,0107.07077650,10.82453718,0107.07077559,10.82494224,0107.07036616,10.82494134,0107.07003834,10.82506213,0107.06926015,10.82518193,0107.06925905,10.82566801,0107.06938179,10.82570878,0107.06946194,10.82647857,0107.06974808,10.82668173,0107.06974699,10.82716780,0107.06958285,10.82732947,0107.06941908,10.82732911,0107.06937777,10.82749104,0107.06921399,10.82749068,0107.06917332,10.82736907,0107.06851814,10.82740813,0107.06839467,10.82769140,0107.06823098,10.82765053,0</coordinates></LinearRing></outerBoundaryIs></Polygon></Placemark><Placemark><name>PDF lấn chiếm cũ KL260 #2</name><description><![CDATA[Đa giác trích xuất từ màu bản đồ PDF; diện tích xấp xỉ theo độ phân giải bản đồ: 4.9935 ha. Đây là số liệu GIS xấp xỉ, không thay thế diện tích pháp lý.]]></description><styleUrl>#old</styleUrl><Polygon><outerBoundaryIs><LinearRing><coordinates>107.06234030,10.82536912,0107.06234095,10.82508558,0107.06291443,10.82496534,0107.06401980,10.82500830,0107.06487979,10.82492920,0107.06537092,10.82501131,0107.06606695,10.82501285,0107.06610808,10.82493193,0107.06618997,10.82493211,0107.06635337,10.82509450,0107.06651577,10.82570245,0107.06635172,10.82582360,0107.06586022,10.82590352,0107.06573720,10.82598426,0107.06549154,10.82598372,0107.06536844,10.82610496,0107.06442619,10.82634591,0107.06438469,10.82658885,0107.06413903,10.82658830,0107.06413931,10.82646679,0107.06405761,10.82638559,0107.06377101,10.82638496,0107.06364965,10.82573659,0107.06340408,10.82569554,0107.06340445,10.82553351,0107.06332275,10.82545232,0107.06315898,10.82545196,0107.06311822,10.82537085,0107.06234030,10.82536912,0</coordinates></LinearRing></outerBoundaryIs></Polygon></Placemark><Placemark><name>PDF lấn chiếm cũ KL260 #4</name><description><![CDATA[Đa giác trích xuất từ màu bản đồ PDF; diện tích xấp xỉ theo độ phân giải bản đồ: 5.2613 ha. Đây là số liệu GIS xấp xỉ, không thay thế diện tích pháp lý.]]></description><styleUrl>#old</styleUrl><Polygon><outerBoundaryIs><LinearRing><coordinates>107.05698076,10.82361537,0107.05673510,10.82361482,0107.05665303,10.82369565,0107.05607946,10.82385638,0107.05526070,10.82381403,0107.05493493,10.82304369,0107.05477265,10.82239523,0107.05460907,10.82231385,0107.05448708,10.82194902,0107.05436463,10.82178672,0107.05436500,10.82162470,0107.05563403,10.82170857,0107.05604355,10.82166898,0107.05661656,10.82175128,0107.05690232,10.82211648,0107.05690213,10.82219749,0107.05677903,10.82231873,0107.05677875,10.82244025,0107.05665583,10.82248048,0107.05665489,10.82288553,0107.05669546,10.82304765,0107.05677726,10.82308834,0107.05685858,10.82333156,0107.05698113,10.82345335,0107.05698076,10.82361537,0</coordinates></LinearRing></outerBoundaryIs></Polygon></Placemark><Placemark><name>PDF lấn chiếm cũ KL260 #5</name><description><![CDATA[Đa giác trích xuất từ màu bản đồ PDF; diện tích xấp xỉ theo độ phân giải bản đồ: 3.0781 ha. Đây là số liệu GIS xấp xỉ, không thay thế diện tích pháp lý.]]></description><styleUrl>#old</styleUrl><Polygon><outerBoundaryIs><LinearRing><coordinates>107.06250832,10.82350622,0107.06254963,10.82334429,0107.06340953,10.82330570,0107.06349169,10.82318436,0107.06357634,10.82196937,0107.06500924,10.82201306,0107.06500896,10.82213458,0107.06517264,10.82217544,0107.06517163,10.82262101,0107.06492588,10.82266097,0107.06480112,10.82351132,0107.06344992,10.82354882,0107.06340925,10.82342721,0107.06250832,10.82350622,0</coordinates></LinearRing></outerBoundaryIs></Polygon></Placemark><Placemark><name>PDF lấn chiếm cũ KL260 #6</name><description><![CDATA[Đa giác trích xuất từ màu bản đồ PDF; diện tích xấp xỉ theo độ phân giải bản đồ: 197.4535 ha. Đây là số liệu GIS xấp xỉ, không thay thế diện tích pháp lý.]]></description><styleUrl>#old</styleUrl><Polygon><outerBoundaryIs><LinearRing><coordinates>107.07008805,10.82117366,0107.06640322,10.82116552,0107.06636420,10.82031481,0107.06513602,10.82027158,0107.06501338,10.82019030,0107.06439906,10.82026994,0107.06423557,10.82014806,0107.06423639,10.81978351,0107.06407281,10.81970214,0107.06370433,10.81970132,0107.06362290,10.81949860,0107.06194445,10.81941386,0107.06190480,10.81884668,0107.06227328,10.81884751,0107.06235545,10.81872617,0107.06276496,10.81868658,0107.06276708,10.81775494,0107.06268529,10.81771425,0107.06264509,10.81739012,0107.06199011,10.81734815,0107.06182505,10.81791487,0107.06182357,10.81856296,0107.06030843,10.81868110,0107.06026665,10.81904556,0107.06034835,10.81912675,0107.06034798,10.81928878,0107.06067515,10.81945153,0107.06071554,10.81969466,0107.06182107,10.81965662,0107.06181996,10.82014269,0107.06198336,10.82030508,0107.06382559,10.82039019,0107.06386395,10.82152444,0107.06329066,10.82156367,0107.06324990,10.82148257,0107.06263577,10.82148120,0107.06181710,10.82139837,0107.06177597,10.82147929,0107.06169409,10.82147910,0107.06165370,10.82123598,0107.06030287,10.82111144,0107.06022062,10.82127328,0107.06022015,10.82147581,0107.06005620,10.82155646,0107.05964668,10.82159605,0107.05944169,10.82171711,0107.05935888,10.82212198,0107.05882653,10.82216130,0107.05833559,10.82199817,0107.05776230,10.82203739,0107.05764022,10.82171307,0107.05764068,10.82151054,0107.05772312,10.82126769,0107.05788708,10.82118705,0107.05801037,10.82098480,0107.05813431,10.82049900,0107.05821629,10.82045868,0107.05821676,10.82025615,0107.06034585,10.82022041,0107.06034678,10.81981535,0107.06026508,10.81973416,0107.05997839,10.81977402,0107.05973237,10.81993550,0107.05960954,10.81993522,0107.05952784,10.81985403,0107.05850437,10.81981123,0107.05854578,10.81960879,0107.05883293,10.81936640,0107.05891482,10.81936658,0107.05907812,10.81956948,0107.05944670,10.81952980,0107.05952877,10.81944897,0107.05952923,10.81924644,0107.05940696,10.81900313,0107.05920234,10.81896217,0107.05916446,10.81762538,0107.05818185,10.81762318,0107.05814072,10.81770410,0107.05691246,10.81770135,0107.05687171,10.81762025,0107.05666700,10.81761979,0107.05621915,10.81652512,0107.05621934,10.81644411,0107.05634244,10.81632287,0107.05630224,10.81599873,0107.05617960,10.81591744,0107.05597489,10.81591698,0107.05593349,10.81611942,0107.05515559,10.81611767,0107.05491013,10.81603610,0107.05466579,10.81546847,0107.05216844,10.81542233,0107.05208571,10.81578670,0107.05212431,10.81679943,0107.05204243,10.81679925,0107.05167517,10.81627184,0107.05130697,10.81614949,0107.05102094,10.81590581,0107.05061322,10.81517578,0107.05032681,10.81509412,0107.05024521,10.81497241,0107.05016399,10.81468869,0107.05028690,10.81464846,0107.05028803,10.81416239,0107.05016530,10.81412161,0107.05012492,10.81387848,0107.04996191,10.81355406,0107.04992172,10.81322993,0107.04975795,10.81322955,0107.04955240,10.81359364,0107.04947052,10.81359346,0107.04918459,10.81330927,0107.04897988,10.81330880,0107.04885687,10.81338953,0107.04881357,10.81440208,0107.04856783,10.81444203,0107.04848604,10.81440134,0107.04844566,10.81415821,0107.04811823,10.81411696,0107.04803663,10.81399526,0107.04783201,10.81395429,0107.04783220,10.81387328,0107.04824265,10.81342865,0107.04865216,10.81338907,0107.04865338,10.81286250,0107.04836689,10.81282134,0107.04803974,10.81265857,0107.04783503,10.81265811,0107.04787955,10.81111898,0107.04796153,10.81107866,0107.04792124,10.81079503,0107.04759381,10.81075378,0107.04751174,10.81083461,0107.04751146,10.81095612,0107.04693838,10.81091431,0107.04689706,10.81107624,0107.04673329,10.81107587,0107.04673358,10.81095435,0107.04689744,10.81091422,0107.04689800,10.81067119,0107.04681697,10.81030645,0107.04665330,10.81026557,0107.04665368,10.81010355,0107.04710422,10.81002356,0107.04759551,10.81002468,0107.04763598,10.81022730,0107.04796360,10.81018754,0107.04796397,10.81002552,0107.04788219,10.80998482,0107.04788238,10.80990381,0107.04804623,10.80986368,0107.04804661,10.80970166,0107.04792388,10.80966087,0107.04796699,10.80872933,0107.04813094,10.80864869,0107.04813132,10.80848667,0107.04788577,10.80844561,0107.04788605,10.80832409,0107.04809075,10.80832456,0107.04813216,10.80812212,0107.04735429,10.80812035,0107.04739627,10.80767488,0107.04760097,10.80767535,0107.04764248,10.80743241,0107.04743834,10.80718891,0107.04706987,10.80718807,0107.04707035,10.80698554,0107.04694790,10.80682324,0107.04662047,10.80678199,0107.04662066,10.80670098,0107.04649803,10.80661969,0107.04645784,10.80629555,0107.04637606,10.80625485,0107.04633568,10.80601173,0107.04613098,10.80601126,0107.04609032,10.80588965,0107.04568082,10.80592922,0107.04547641,10.80580724,0107.04482127,10.80584625,0107.04469807,10.80600799,0107.04432970,10.80596665,0107.04433027,10.80572361,0107.04420773,10.80560182,0107.04412670,10.80523708,0107.04478175,10.80523857,0107.04482325,10.80499563,0107.04502805,10.80495559,0107.04511021,10.80483426,0107.04511135,10.80434819,0107.04498890,10.80418589,0107.04498919,10.80406437,0107.04511210,10.80402415,0107.04511276,10.80374061,0107.04478524,10.80373986,0107.04466271,10.80361807,0107.04462215,10.80345595,0107.04445857,10.80337456,0107.04441896,10.80280739,0107.04470620,10.80252450,0107.04495203,10.80244405,0107.04523861,10.80244471,0107.04536171,10.80232347,0107.04568913,10.80236472,0107.04589355,10.80248671,0107.04638379,10.80293339,0107.04650567,10.80333872,0107.04642256,10.80386511,0107.04654519,10.80394640,0107.04715911,10.80402881,0107.04732268,10.80411019,0107.04736305,10.80435332,0107.04723986,10.80451506,0107.04728014,10.80479870,0107.04744390,10.80479907,0107.04748521,10.80463714,0107.04769038,10.80443508,0107.04769095,10.80419204,0107.04781433,10.80394929,0107.04793716,10.80394957,0107.04814148,10.80411205,0107.04834627,10.80407201,0107.04838787,10.80378857,0107.04810195,10.80350438,0107.04814364,10.80318042,0107.04838985,10.80293795,0107.04888103,10.80297957,0107.04920818,10.80314233,0107.04924893,10.80322344,0107.04953541,10.80326459,0107.04953438,10.80371015,0107.05055695,10.80411753,0107.05104795,10.80424016,0107.05104748,10.80444269,0107.05096550,10.80448301,0107.05031074,10.80436001,0107.05026943,10.80452194,0107.05014651,10.80456217,0107.05018698,10.80476479,0107.05035074,10.80476516,0107.05039187,10.80468424,0107.05096494,10.80472604,0107.05108757,10.80480733,0107.05133322,10.80480789,0107.05149660,10.80497028,0107.05186497,10.80501162,0107.05215127,10.80513378,0107.05215062,10.80541732,0107.05186375,10.80553819,0107.05186329,10.80574072,0107.05227250,10.80582266,0107.05243580,10.80602556,0107.05239439,10.80622799,0107.05227157,10.80622771,0107.05206715,10.80610573,0107.05161671,10.80614522,0107.05137069,10.80630669,0107.05137032,10.80646871,0107.05161586,10.80650977,0107.05165699,10.80642886,0107.05214828,10.80642997,0107.05227082,10.80655176,0107.05231138,10.80671388,0107.05218791,10.80699714,0107.05116421,10.80707584,0107.05112205,10.80760232,0107.05140816,10.80780550,0107.05140723,10.80821055,0107.05124290,10.80845322,0107.05128188,10.80930393,0107.05111755,10.80954659,0107.05099473,10.80954632,0107.05091247,10.80970815,0107.05074861,10.80974829,0107.05070692,10.81007224,0107.05234428,10.81019746,0107.05234063,10.81177719,0107.05225762,10.81226307,0107.05217565,10.81230339,0107.05221369,10.81355916,0107.05241849,10.81351912,0107.05241942,10.81311406,0107.05250140,10.81307374,0107.05246167,10.81254707,0107.05274854,10.81242620,0107.05319983,10.81202216,0107.05320002,10.81194115,0107.05336416,10.81177950,0107.05336491,10.81145545,0107.05352904,10.81129380,0107.05352932,10.81117228,0107.05398089,10.81064672,0107.05422663,10.81060677,0107.05443087,10.81080976,0107.05484028,10.81081068,0107.05496282,10.81093247,0107.05520847,10.81093302,0107.05545365,10.81113610,0107.05594476,10.81121822,0107.05598542,10.81133983,0107.05684518,10.81134176,0107.05680154,10.81251634,0107.05671957,10.81255666,0107.05675958,10.81296181,0107.05757831,10.81300415,0107.05790603,10.81292387,0107.05843790,10.81308709,0107.05982991,10.81309020,0107.05987103,10.81300928,0107.06081324,10.81276835,0107.06195969,10.81273040,0107.06220451,10.81309550,0107.06224480,10.81337913,0107.06212124,10.81370290,0107.06179297,10.81402622,0107.06179131,10.81475532,0107.06162717,10.81491698,0107.06158568,10.81515993,0107.06129844,10.81544283,0107.06133873,10.81572646,0107.06150250,10.81572682,0107.06174870,10.81548434,0107.06191330,10.81512015,0107.06211801,10.81512061,0107.06220008,10.81503978,0107.06224148,10.81483734,0107.06269212,10.81471682,0107.06265164,10.81451420,0107.06240608,10.81447315,0107.06240755,10.81382506,0107.06248999,10.81358221,0107.06257187,10.81358239,0107.06342980,10.81439442,0107.06355263,10.81439469,0107.06494317,10.81504587,0107.06498393,10.81512698,0107.06518855,10.81516794,0107.06576091,10.81553376,0107.06588336,10.81569606,0107.06621053,10.81585880,0107.06657800,10.81630518,0107.06694657,10.81626549,0107.06694593,10.81654903,0107.06702753,10.81667073,0107.06719130,10.81667110,0107.06723197,10.81679270,0107.06731385,10.81679288,0107.06759990,10.81703655,0107.06780461,10.81703701,0107.06796893,10.81679433,0107.06805282,10.81590338,0107.06768444,10.81586206,0107.06764331,10.81594299,0107.06752049,10.81594271,0107.06743924,10.81565899,0107.06711162,10.81569877,0107.06707104,10.81553666,0107.06666181,10.81545474,0107.06637522,10.81545411,0107.06621127,10.81553476,0107.06612957,10.81545356,0107.06608908,10.81525094,0107.06613039,10.81508901,0107.06662252,10.81472555,0107.06662316,10.81444201,0107.06650052,10.81436072,0107.06650098,10.81415819,0107.06670587,10.81407763,0107.06674791,10.81359165,0107.06711721,10.81322792,0107.06719946,10.81306607,0107.06720001,10.81282304,0107.06707737,10.81274176,0107.06707782,10.81253923,0107.06724186,10.81241807,0107.06736469,10.81241834,0107.06736441,10.81253986,0107.06752800,10.81262123,0107.06752745,10.81286427,0107.06777264,10.81306734,0107.06789491,10.81331065,0107.06801618,10.81399952,0107.06817995,10.81399988,0107.06826211,10.81387854,0107.06818205,10.81306824,0107.06859138,10.81310965,0107.06879407,10.81400123,0107.06928546,10.81396181,0107.07022676,10.81412591,0107.07034885,10.81445023,0107.07034812,10.81477427,0107.07059359,10.81485583,0107.07083787,10.81546396,0107.07083742,10.81566648,0107.07091921,10.81570717,0107.07091848,10.81603122,0107.07083651,10.81607154,0107.07079383,10.81684106,0107.07071140,10.81708392,0107.07071022,10.81761050,0107.07079192,10.81769169,0107.07173350,10.81773426,0107.07177353,10.81813941,0107.07173231,10.81826084,0107.07132280,10.81830045,0107.07128167,10.81838137,0107.07087198,10.81850199,0107.06984833,10.81854024,0107.06964371,10.81849928,0107.06960323,10.81829666,0107.06943955,10.81825580,0107.06939915,10.81801267,0107.06886691,10.81801150,0107.06862107,10.81809197,0107.06862070,10.81825399,0107.06878411,10.81841637,0107.06898790,10.81882188,0107.06931535,10.81886311,0107.06931480,10.81910615,0107.06955945,10.81955225,0107.06976389,10.81967422,0107.06992583,10.82048470,0107.07004802,10.82076851,0107.07008805,10.82117366,0</coordinates></LinearRing></outerBoundaryIs></Polygon></Placemark><Placemark><name>PDF lấn chiếm cũ KL260 #7</name><description><![CDATA[Đa giác trích xuất từ màu bản đồ PDF; diện tích xấp xỉ theo độ phân giải bản đồ: 0.1157 ha. Đây là số liệu GIS xấp xỉ, không thay thế diện tích pháp lý.]]></description><styleUrl>#old</styleUrl><Polygon><outerBoundaryIs><LinearRing><coordinates>107.05416197,10.82089513,0107.05416365,10.82016603,0107.05424553,10.82016621,0107.05424385,10.82089532,0107.05416197,10.82089513,0</coordinates></LinearRing></outerBoundaryIs></Polygon></Placemark><Placemark><name>PDF lấn chiếm cũ KL260 #9</name><description><![CDATA[Đa giác trích xuất từ màu bản đồ PDF; diện tích xấp xỉ theo độ phân giải bản đồ: 3.2242 ha. Đây là số liệu GIS xấp xỉ, không thay thế diện tích pháp lý.]]></description><styleUrl>#old</styleUrl><Polygon><outerBoundaryIs><LinearRing><coordinates>107.05662103,10.81980700,0107.05567982,10.81960236,0107.05547548,10.81943988,0107.05522983,10.81943932,0107.05486182,10.81923597,0107.05453437,10.81919472,0107.05428928,10.81895113,0107.05424871,10.81878902,0107.05388126,10.81834262,0107.05388145,10.81826161,0107.05347296,10.81785563,0107.05347352,10.81761260,0107.05421057,10.81757375,0107.05421020,10.81773578,0107.05429199,10.81777647,0107.05429143,10.81801950,0107.05412738,10.81814065,0107.05412691,10.81834318,0107.05420861,10.81842437,0107.05441332,10.81842484,0107.05445482,10.81818189,0107.05490537,10.81810190,0107.05494659,10.81798047,0107.05506942,10.81798075,0107.05510989,10.81818337,0107.05527366,10.81818374,0107.05531488,10.81806231,0107.05547856,10.81810319,0107.05547819,10.81826521,0107.05564177,10.81834659,0107.05568197,10.81867073,0107.05543603,10.81879169,0107.05543566,10.81895372,0107.05563981,10.81919721,0107.05588546,10.81919776,0107.05592697,10.81895482,0107.05613158,10.81899579,0107.05613102,10.81923882,0107.05625348,10.81940112,0107.05653998,10.81944227,0107.05662103,10.81980700,0</coordinates></LinearRing></outerBoundaryIs></Polygon></Placemark><Placemark><name>PDF lấn chiếm cũ KL260 #10</name><description><![CDATA[Đa giác trích xuất từ màu bản đồ PDF; diện tích xấp xỉ theo độ phân giải bản đồ: 1.4812 ha. Đây là số liệu GIS xấp xỉ, không thay thế diện tích pháp lý.]]></description><styleUrl>#old</styleUrl><Polygon><outerBoundaryIs><LinearRing><coordinates>107.05330592,10.81927296,0107.05232340,10.81923024,0107.05228358,10.81874408,0107.05207896,10.81870311,0107.05199792,10.81833837,0107.05187529,10.81825708,0107.05187547,10.81817607,0107.05212103,10.81821713,0107.05212066,10.81837916,0107.05228424,10.81846054,0107.05244801,10.81846091,0107.05248914,10.81837999,0107.05269403,10.81829944,0107.05269459,10.81805641,0107.05257186,10.81801562,0107.05257261,10.81769158,0107.05244988,10.81765079,0107.05245016,10.81752928,0107.05253204,10.81752946,0107.05261365,10.81765116,0107.05273647,10.81765144,0107.05281761,10.81797567,0107.05298119,10.81805705,0107.05314365,10.81862450,0107.05314299,10.81890804,0107.05330657,10.81898942,0107.05330592,10.81927296,0</coordinates></LinearRing></outerBoundaryIs></Polygon></Placemark><Placemark><name>PDF lấn chiếm cũ KL260 #11</name><description><![CDATA[Đa giác trích xuất từ màu bản đồ PDF; diện tích xấp xỉ theo độ phân giải bản đồ: 1.0571 ha. Đây là số liệu GIS xấp xỉ, không thay thế diện tích pháp lý.]]></description><styleUrl>#old</styleUrl><Polygon><outerBoundaryIs><LinearRing><coordinates>107.07168982,10.81894935,0107.07169110,10.81838227,0107.07279654,10.81838470,0107.07296012,10.81846607,0107.07295903,10.81895214,0107.07287697,10.81903297,0107.07201709,10.81907159,0107.07197642,10.81894998,0107.07168982,10.81894935,0</coordinates></LinearRing></outerBoundaryIs></Polygon></Placemark><Placemark><name>PDF lấn chiếm cũ KL260 #13</name><description><![CDATA[Đa giác trích xuất từ màu bản đồ PDF; diện tích xấp xỉ theo độ phân giải bản đồ: 0.4220 ha. Đây là số liệu GIS xấp xỉ, không thay thế diện tích pháp lý.]]></description><styleUrl>#old</styleUrl><Polygon><outerBoundaryIs><LinearRing><coordinates>107.05171302,10.81760862,0107.05154906,10.81768926,0107.05150784,10.81781069,0107.05142595,10.81781050,0107.05130350,10.81764820,0107.05118068,10.81764792,0107.05069003,10.81736327,0107.05069022,10.81728226,0107.05159085,10.81732480,0107.05171302,10.81760862,0</coordinates></LinearRing></outerBoundaryIs></Polygon></Placemark><Placemark><name>PDF lấn chiếm cũ KL260 #15</name><description><![CDATA[Đa giác trích xuất từ màu bản đồ PDF; diện tích xấp xỉ theo độ phân giải bản đồ: 0.8015 ha. Đây là số liệu GIS xấp xỉ, không thay thế diện tích pháp lý.]]></description><styleUrl>#old</styleUrl><Polygon><outerBoundaryIs><LinearRing><coordinates>107.05326928,10.81740961,0107.05310551,10.81740924,0107.05298306,10.81724694,0107.05265590,10.81708418,0107.05269759,10.81676022,0107.05257523,10.81655742,0107.05261720,10.81611195,0107.05249485,10.81590914,0107.05249513,10.81578762,0107.05269984,10.81578808,0107.05286313,10.81599098,0107.05326928,10.81740961,0</coordinates></LinearRing></outerBoundaryIs></Polygon></Placemark><Placemark><name>PDF lấn chiếm cũ KL260 #20</name><description><![CDATA[Đa giác trích xuất từ màu bản đồ PDF; diện tích xấp xỉ theo độ phân giải bản đồ: 0.5357 ha. Đây là số liệu GIS xấp xỉ, không thay thế diện tích pháp lý.]]></description><styleUrl>#old</styleUrl><Polygon><outerBoundaryIs><LinearRing><coordinates>107.06061445,10.81017552,0107.06061464,10.81009451,0107.06098384,10.80977128,0107.06098477,10.80936623,0107.06135333,10.80932654,0107.06135315,10.80940755,0107.06127117,10.80944788,0107.06126942,10.81021749,0107.06085991,10.81025708,0107.06061445,10.81017552,0</coordinates></LinearRing></outerBoundaryIs></Polygon></Placemark><Placemark><name>PDF lấn chiếm cũ KL260 #21</name><description><![CDATA[Đa giác trích xuất từ màu bản đồ PDF; diện tích xấp xỉ theo độ phân giải bản đồ: 0.8948 ha. Đây là số liệu GIS xấp xỉ, không thay thế diện tích pháp lý.]]></description><styleUrl>#old</styleUrl><Polygon><outerBoundaryIs><LinearRing><coordinates>107.05345267,10.80890377,0107.05337117,10.80874156,0107.05337163,10.80853904,0107.05345361,10.80849871,0107.05349567,10.80801274,0107.05382319,10.80801348,0107.05390489,10.80809467,0107.05406865,10.80809504,0107.05406847,10.80817605,0107.05419119,10.80821683,0107.05427168,10.80882461,0107.05378020,10.80890451,0107.05373907,10.80898543,0107.05345267,10.80890377,0</coordinates></LinearRing></outerBoundaryIs></Polygon></Placemark><Placemark><name>PDF lấn chiếm cũ KL260 #22</name><description><![CDATA[Đa giác trích xuất từ màu bản đồ PDF; diện tích xấp xỉ theo độ phân giải bản đồ: 0.7751 ha. Đây là số liệu GIS xấp xỉ, không thay thế diện tích pháp lý.]]></description><styleUrl>#old</styleUrl><Polygon><outerBoundaryIs><LinearRing><coordinates>107.06041335,10.80859534,0107.06012723,10.80839217,0107.06008657,10.80827056,0107.06029155,10.80814950,0107.06070105,10.80810991,0107.06070179,10.80778586,0107.06062028,10.80762365,0107.06058017,10.80725901,0107.06078506,10.80717846,0107.06115343,10.80721978,0107.06115324,10.80730079,0107.06107127,10.80734112,0107.06107072,10.80758415,0107.06086537,10.80786724,0107.06082359,10.80823170,0107.06070068,10.80827193,0107.06069985,10.80863648,0107.06041335,10.80859534,0</coordinates></LinearRing></outerBoundaryIs></Polygon></Placemark><Placemark><name>PDF lấn chiếm cũ KL260 #23</name><description><![CDATA[Đa giác trích xuất từ màu bản đồ PDF; diện tích xấp xỉ theo độ phân giải bản đồ: 2.5931 ha. Đây là số liệu GIS xấp xỉ, không thay thế diện tích pháp lý.]]></description><styleUrl>#old</styleUrl><Polygon><outerBoundaryIs><LinearRing><coordinates>107.05824915,10.80611963,0107.05824934,10.80603862,0107.06091074,10.80592305,0107.06103144,10.80685496,0107.05935260,10.80697273,0107.05935343,10.80660818,0107.05906694,10.80656703,0107.05886270,10.80636404,0107.05853536,10.80628230,0107.05824915,10.80611963,0</coordinates></LinearRing></outerBoundaryIs></Polygon></Placemark><Placemark><name>PDF lấn chiếm cũ KL260 #24</name><description><![CDATA[Đa giác trích xuất từ màu bản đồ PDF; diện tích xấp xỉ theo độ phân giải bản đồ: 20.2885 ha. Đây là số liệu GIS xấp xỉ, không thay thế diện tích pháp lý.]]></description><styleUrl>#old</styleUrl><Polygon><outerBoundaryIs><LinearRing><coordinates>107.04391944,10.80633026,0107.04375568,10.80632989,0107.04371493,10.80624878,0107.04310064,10.80632839,0107.04310102,10.80616637,0107.04301942,10.80604466,0107.04301989,10.80584214,0107.04310187,10.80580182,0107.04314328,10.80559938,0107.04314461,10.80503230,0107.04285812,10.80499114,0107.04281870,10.80434296,0107.04310651,10.80381704,0107.04310718,10.80353350,0107.04318915,10.80349318,0107.04323094,10.80312872,0107.04302643,10.80304724,0107.04282164,10.80308728,0107.04236893,10.80409889,0107.04236836,10.80434193,0107.04204112,10.80421966,0107.04200037,10.80413856,0107.04183671,10.80409767,0107.04183690,10.80401666,0107.04151014,10.80369187,0107.04142826,10.80369168,0107.04142854,10.80357016,0107.04130582,10.80352938,0107.04130620,10.80336735,0107.04110245,10.80296183,0107.04110283,10.80279980,0107.04102104,10.80275911,0107.04102171,10.80247557,0107.04089899,10.80243478,0107.04081739,10.80231308,0107.04053119,10.80215040,0107.04012265,10.80178491,0107.03991795,10.80178444,0107.03987739,10.80162232,0107.03967260,10.80166236,0107.03967193,10.80194590,0107.03950789,10.80206704,0107.03950751,10.80222906,0107.03967098,10.80235095,0107.03967079,10.80243196,0107.03987540,10.80247294,0107.04012122,10.80239249,0107.04016169,10.80259512,0107.04036572,10.80287913,0107.04057042,10.80287960,0107.04085729,10.80275874,0107.04073323,10.80328503,0107.04052758,10.80368961,0107.04064783,10.80478355,0107.04097393,10.80539188,0107.04097326,10.80567542,0107.04076780,10.80599900,0107.04076742,10.80616102,0107.04060366,10.80616065,0107.04056414,10.80555297,0107.04011580,10.80470132,0107.03987006,10.80474126,0107.03978780,10.80490309,0107.03978676,10.80534865,0107.03966394,10.80534837,0107.03913448,10.80417248,0107.03913486,10.80401046,0107.03921674,10.80401065,0107.03933994,10.80384891,0107.03954483,10.80376837,0107.03987235,10.80376912,0107.03991386,10.80352618,0107.03970992,10.80320167,0107.03913695,10.80311934,0107.03913781,10.80275479,0107.03897424,10.80267340,0107.03901737,10.80174186,0107.03885371,10.80170098,0107.03885409,10.80153896,0107.03864968,10.80141697,0107.03877364,10.80093119,0107.03885571,10.80085036,0107.03897853,10.80085064,0107.03901899,10.80105327,0107.03918275,10.80105364,0107.03922398,10.80093222,0107.03946971,10.80089228,0107.03951017,10.80109490,0107.03971497,10.80105487,0107.03971544,10.80085234,0107.04000202,10.80085300,0107.04016483,10.80125843,0107.04069723,10.80117864,0107.04086061,10.80134104,0107.04102437,10.80134141,0107.04110653,10.80122008,0107.04118841,10.80122027,0107.04143348,10.80146387,0107.04159724,10.80146424,0107.04180213,10.80138370,0107.04180251,10.80122168,0107.04159829,10.80101868,0107.04139359,10.80101821,0107.04127096,10.80093692,0107.04127115,10.80085591,0107.04143529,10.80069426,0107.04143557,10.80057274,0107.04151755,10.80053243,0107.04160047,10.80008705,0107.04168235,10.80008724,0107.04168178,10.80033027,0107.04204976,10.80053364,0107.04278648,10.80061634,0107.04282704,10.80077846,0107.04327747,10.80073898,0107.04331879,10.80057705,0107.04372904,10.80021344,0107.04397477,10.80017349,0107.04405750,10.79980913,0107.04413938,10.79980932,0107.04434360,10.80001231,0107.04442492,10.80025553,0107.04421899,10.80078164,0107.04409598,10.80086237,0107.04413626,10.80114600,0107.04380836,10.80130728,0107.04360272,10.80171187,0107.04343867,10.80183301,0107.04343801,10.80211655,0107.04331500,10.80219728,0107.04331424,10.80252133,0107.04347753,10.80272423,0107.04355941,10.80272442,0107.04359931,10.80317007,0107.04343498,10.80341273,0107.04327113,10.80345286,0107.04327046,10.80373640,0107.04355666,10.80389908,0107.04359694,10.80418271,0107.04396464,10.80450760,0107.04396427,10.80466962,0107.04384107,10.80483137,0107.04384031,10.80515541,0107.04359457,10.80519536,0107.04359401,10.80543839,0107.04388011,10.80564157,0107.04404378,10.80568245,0107.04408406,10.80596609,0107.04392011,10.80604672,0107.04391944,10.80633026,0</coordinates></LinearRing></outerBoundaryIs></Polygon></Placemark><Placemark><name>PDF lấn chiếm cũ KL260 #25</name><description><![CDATA[Đa giác trích xuất từ màu bản đồ PDF; diện tích xấp xỉ theo độ phân giải bản đồ: 98.1779 ha. Đây là số liệu GIS xấp xỉ, không thay thế diện tích pháp lý.]]></description><styleUrl>#old</styleUrl><Polygon><outerBoundaryIs><LinearRing><coordinates>107.04935569,10.79248960,0107.04947850,10.79248988,0107.04956066,10.79236855,0107.04964254,10.79236873,0107.04968385,10.79220680,0107.04980676,10.79216657,0107.04980723,10.79196404,0107.05001192,10.79196451,0107.05013530,10.79172175,0107.05083135,10.79168282,0107.05099435,10.79200723,0107.05099341,10.79241229,0107.05164880,10.79225175,0107.05173040,10.79237345,0107.05222148,10.79245557,0107.05246786,10.79213208,0107.05291818,10.79213309,0107.05308221,10.79201194,0107.05320503,10.79201222,0107.05385921,10.79237825,0107.05389986,10.79249986,0107.05426831,10.79250068,0107.05439131,10.79241995,0107.05459601,10.79242041,0107.05504549,10.79278597,0107.05541394,10.79278680,0107.05578155,10.79315218,0107.05586278,10.79343590,0107.05586222,10.79367894,0107.05578025,10.79371926,0107.05577988,10.79388128,0107.05602523,10.79400335,0107.05651631,10.79408547,0107.05696618,10.79428900,0107.05725126,10.79493774,0107.05725098,10.79505926,0107.05733268,10.79514045,0107.05733249,10.79522146,0107.05700489,10.79526123,0107.05700433,10.79550427,0107.05720884,10.79558574,0107.05741270,10.79595075,0107.05741196,10.79627480,0107.05728905,10.79631503,0107.05728868,10.79647705,0107.05741103,10.79667986,0107.05777957,10.79664017,0107.05794259,10.79696459,0107.05790128,10.79712652,0107.05761461,10.79716638,0107.05761415,10.79736891,0107.05835105,10.79737056,0107.05843275,10.79745176,0107.05843210,10.79773530,0107.05884084,10.79801975,0107.05883964,10.79854633,0107.05892133,10.79862752,0107.05904415,10.79862780,0107.05904341,10.79895184,0107.05941159,10.79907418,0107.05945225,10.79919579,0107.05961601,10.79919616,0107.05965741,10.79899372,0107.05949375,10.79895285,0107.05945318,10.79879074,0107.05924894,10.79858775,0107.05912612,10.79858747,0107.05916762,10.79834453,0107.05982293,10.79822448,0107.06039599,10.79826626,0107.06047814,10.79814493,0107.06043794,10.79782079,0107.05978282,10.79785983,0107.05978300,10.79777882,0107.06043933,10.79721320,0107.06052167,10.79701085,0107.06068552,10.79697071,0107.06068589,10.79680869,0107.06060419,10.79672749,0107.06039950,10.79672704,0107.06019425,10.79696962,0107.06003040,10.79700976,0107.06003160,10.79648318,0107.06019536,10.79648355,0107.06023666,10.79632161,0107.06031873,10.79624079,0107.06044154,10.79624106,0107.06064670,10.79603899,0107.06064689,10.79595797,0107.06138370,10.79600012,0107.06146585,10.79587879,0107.06154773,10.79587897,0107.06171047,10.79632490,0107.06187395,10.79644678,0107.06207708,10.79713583,0107.06187183,10.79737841,0107.06187146,10.79754044,0107.06203513,10.79758131,0107.06207552,10.79782443,0107.06248482,10.79786585,0107.06252631,10.79762291,0107.06281298,10.79758304,0107.06285336,10.79782616,0107.06318088,10.79782689,0107.06326294,10.79774606,0107.06326322,10.79762454,0107.06334510,10.79762472,0107.06334491,10.79770574,0107.06346764,10.79774652,0107.06354924,10.79786821,0107.06375385,10.79790917,0107.06391549,10.79884117,0107.06334243,10.79879939,0107.06321943,10.79888013,0107.06317775,10.79920409,0107.06350517,10.79924532,0107.06375026,10.79948890,0107.06379074,10.79969152,0107.06395450,10.79969189,0107.06407769,10.79953014,0107.06415956,10.79953032,0107.06428266,10.79940907,0107.06456924,10.79940971,0107.06456896,10.79953123,0107.06440511,10.79957137,0107.06440474,10.79973339,0107.06456823,10.79985527,0107.06489574,10.79985600,0107.06505978,10.79973484,0107.06506014,10.79957282,0107.06489648,10.79953195,0107.06489675,10.79941043,0107.06501957,10.79941071,0107.06514285,10.79920845,0107.06530688,10.79908729,0107.06571619,10.79912870,0107.06592134,10.79892663,0107.06608510,10.79892699,0107.06620838,10.79872473,0107.06637241,10.79860358,0107.06649578,10.79836081,0107.06702863,10.79807845,0107.06735624,10.79803866,0107.06739663,10.79828179,0107.06727363,10.79836253,0107.06723196,10.79868649,0107.06735469,10.79872727,0107.06735450,10.79880828,0107.06747705,10.79893007,0107.06776362,10.79893070,0107.06792784,10.79872853,0107.06821432,10.79876967,0107.06850044,10.79897283,0107.06849980,10.79925637,0107.06874526,10.79933792,0107.06874480,10.79954045,0107.06903129,10.79958159,0107.06903065,10.79986513,0107.06845740,10.79990437,0107.06804837,10.79974145,0107.06776225,10.79953829,0107.06735276,10.79957789,0107.06702589,10.79929362,0107.06657583,10.79917111,0107.06616643,10.79917021,0107.06604315,10.79937246,0107.06587912,10.79949362,0107.06587848,10.79977716,0107.06604187,10.79993955,0107.06698394,10.79973910,0107.06718836,10.79986107,0107.06772049,10.79990275,0107.06780209,10.80002445,0107.06800679,10.80002490,0107.06808840,10.80014660,0107.06821113,10.80018737,0107.06821094,10.80026839,0107.06771967,10.80026730,0107.06763806,10.80014560,0107.06694199,10.80018457,0107.06690087,10.80026549,0107.06620490,10.80026396,0107.06608235,10.80014217,0107.06591859,10.80014180,0107.06583626,10.80034415,0107.06493521,10.80050418,0107.06485251,10.80086855,0107.06366525,10.80086592,0107.06370748,10.80029893,0107.06346267,10.79993383,0107.06333994,10.79989305,0107.06329965,10.79960942,0107.06264471,10.79956746,0107.06252134,10.79981022,0107.06252087,10.80001275,0107.06264333,10.80017505,0107.06268325,10.80062070,0107.06210991,10.80070044,0107.06190447,10.80102403,0107.06190401,10.80122656,0107.06182213,10.80122638,0107.06169904,10.80134762,0107.06165708,10.80179310,0107.06157520,10.80179291,0107.06153399,10.80191434,0107.06132919,10.80195439,0107.06136967,10.80215701,0107.06169738,10.80207673,0107.06149037,10.80308892,0107.06022141,10.80300508,0107.06022160,10.80292407,0107.06046733,10.80288411,0107.06063211,10.80243891,0107.06059246,10.80187174,0107.06010118,10.80187064,0107.06010081,10.80203266,0107.06030468,10.80239767,0107.06022206,10.80272154,0107.06014018,10.80272135,0107.06014073,10.80247832,0107.05993705,10.80203230,0107.05952765,10.80203138,0107.05932323,10.80190941,0107.05911899,10.80170642,0107.05907898,10.80130127,0107.05887465,10.80113879,0107.05801492,10.80113687,0107.05789173,10.80129862,0107.05789126,10.80150115,0107.05764562,10.80150060,0107.05764609,10.80129807,0107.05756439,10.80121687,0107.05588577,10.80125362,0107.05584502,10.80117251,0107.05568126,10.80117214,0107.05563939,10.80157711,0107.05572080,10.80177982,0107.05576062,10.80226598,0107.05506465,10.80226442,0107.05473508,10.80315481,0107.05457094,10.80331647,0107.05465152,10.80388373,0107.05485557,10.80416773,0107.05493652,10.80457297,0107.05518150,10.80485707,0107.05530423,10.80489785,0107.05530405,10.80497886,0107.05460815,10.80493679,0107.05301111,10.80509522,0107.05301195,10.80473066,0107.05288922,10.80468988,0107.05288979,10.80444685,0107.05268583,10.80412234,0107.05264742,10.80302859,0107.05334340,10.80303016,0107.05350790,10.80270648,0107.05383570,10.80258570,0107.05383608,10.80242368,0107.05371410,10.80205885,0107.05359165,10.80189655,0107.05359286,10.80136998,0107.05322422,10.80145016,0107.05306074,10.80132827,0107.05265134,10.80132735,0107.05248786,10.80120546,0107.05228316,10.80120500,0107.05228438,10.80067843,0107.05207978,10.80063746,0107.05199818,10.80051576,0107.05195958,10.79950302,0107.05216530,10.79905792,0107.05216680,10.79840983,0107.05192126,10.79836877,0107.05188050,10.79828766,0107.05089805,10.79824494,0107.05065223,10.79832539,0107.05048922,10.79800098,0107.05032546,10.79800061,0107.05020218,10.79820286,0107.04999748,10.79820239,0107.04987504,10.79804009,0107.04942527,10.79779604,0107.04930245,10.79779576,0107.04930283,10.79763374,0107.04954874,10.79751278,0107.04954949,10.79718873,0107.04987795,10.79678441,0107.05016461,10.79674456,0107.05053410,10.79629983,0107.05053428,10.79621882,0107.05061616,10.79621900,0107.05094293,10.79654379,0107.05147504,10.79658550,0107.05159833,10.79638324,0107.05176189,10.79646462,0107.05200753,10.79646518,0107.05200706,10.79666771,0107.05225214,10.79691130,0107.05266162,10.79687171,0107.05282575,10.79671006,0107.05307148,10.79667011,0107.05315392,10.79642726,0107.05340011,10.79618478,0107.05340160,10.79553668,0107.05352479,10.79537494,0107.05364770,10.79533471,0107.05364808,10.79517269,0107.05352545,10.79509140,0107.05340319,10.79484809,0107.05328047,10.79480730,0107.05323981,10.79468569,0107.05299436,10.79460413,0107.05270844,10.79431994,0107.05250375,10.79431948,0107.05229924,10.79423801,0107.05225849,10.79415690,0107.05209474,10.79415653,0107.05139943,10.79387142,0107.05098986,10.79395151,0107.05058122,10.79362654,0107.05021268,10.79366621,0107.05017127,10.79386865,0107.04984385,10.79382740,0107.04976179,10.79390823,0107.04980207,10.79419186,0107.04959738,10.79419140,0107.04959878,10.79358381,0107.04943522,10.79350243,0107.04939522,10.79309728,0107.04931353,10.79301608,0107.04935569,10.79248960,0</coordinates></LinearRing></outerBoundaryIs></Polygon></Placemark><Placemark><name>PDF lấn chiếm cũ KL260 #26</name><description><![CDATA[Đa giác trích xuất từ màu bản đồ PDF; diện tích xấp xỉ theo độ phân giải bản đồ: 3.6462 ha. Đây là số liệu GIS xấp xỉ, không thay thế diện tích pháp lý.]]></description><styleUrl>#old</styleUrl><Polygon><outerBoundaryIs><LinearRing><coordinates>107.07201107,10.80351723,0107.07172467,10.80343559,0107.07090578,10.80347430,0107.07070117,10.80343334,0107.07066041,10.80335224,0107.07033289,10.80335152,0107.07033307,10.80327051,0107.07053814,10.80310894,0107.07058044,10.80250144,0107.07041695,10.80237956,0107.07029550,10.80177170,0107.07017305,10.80160941,0107.06980468,10.80156809,0107.06980513,10.80136556,0107.06964165,10.80124368,0107.06964210,10.80104115,0107.06943749,10.80100020,0107.06931495,10.80087841,0107.06923380,10.80055418,0107.06935735,10.80023041,0107.06964393,10.80023104,0107.07001147,10.80063691,0107.07001111,10.80079893,0107.07029723,10.80100209,0107.07046026,10.80132650,0107.07058299,10.80136727,0107.07066442,10.80156998,0107.07152197,10.80254401,0107.07201107,10.80351723,0</coordinates></LinearRing></outerBoundaryIs></Polygon></Placemark><Placemark><name>PDF lấn chiếm cũ KL260 #28</name><description><![CDATA[Đa giác trích xuất từ màu bản đồ PDF; diện tích xấp xỉ theo độ phân giải bản đồ: 33.1061 ha. Đây là số liệu GIS xấp xỉ, không thay thế diện tích pháp lý.]]></description><styleUrl>#old</styleUrl><Polygon><outerBoundaryIs><LinearRing><coordinates>107.04909250,10.80006362,0107.04901062,10.80006343,0107.04868376,10.79977915,0107.04847906,10.79977869,0107.04802788,10.80014221,0107.04720909,10.80014035,0107.04643105,10.80021960,0107.04626776,10.80001670,0107.04610400,10.80001632,0107.04593940,10.80038050,0107.04585582,10.80110942,0107.04556924,10.80110877,0107.04524191,10.80102701,0107.04524239,10.80082448,0107.04552934,10.80066311,0107.04557075,10.80046067,0107.04569385,10.80033944,0107.04577573,10.80033962,0107.04589893,10.80017788,0107.04594081,10.79977292,0107.04626842,10.79973316,0107.04626880,10.79957113,0107.04614636,10.79940883,0107.04610627,10.79904419,0107.04602477,10.79888198,0107.04582045,10.79871949,0107.04561566,10.79875953,0107.04561537,10.79888104,0107.04545105,10.79912371,0107.04536917,10.79912352,0107.04532842,10.79904241,0107.04512363,10.79908245,0107.04512334,10.79920397,0107.04495921,10.79936562,0107.04487544,10.80017555,0107.04467084,10.80013458,0107.04471253,10.79981062,0107.04463084,10.79972943,0107.04463150,10.79944589,0107.04450897,10.79932409,0107.04434521,10.79932371,0107.04426296,10.79948555,0107.04409891,10.79960669,0107.04409872,10.79968771,0107.04311627,10.79964495,0107.04295214,10.79980660,0107.04295185,10.79992812,0107.04213363,10.79968321,0107.04180612,10.79968246,0107.04176575,10.79943934,0107.04197073,10.79931829,0107.04197101,10.79919677,0107.04205327,10.79903493,0107.04221731,10.79891379,0107.04221750,10.79883278,0107.04242239,10.79875224,0107.04295564,10.79830789,0107.04311949,10.79826776,0107.04320166,10.79814643,0107.04336541,10.79814681,0107.04348804,10.79822810,0107.04365180,10.79822847,0107.04373387,10.79814765,0107.04381669,10.79774278,0107.04393989,10.79758104,0107.04394026,10.79741901,0107.04406327,10.79733828,0107.04410506,10.79697382,0107.04394140,10.79693294,0107.04373718,10.79672995,0107.04332779,10.79672901,0107.04279425,10.79729488,0107.04197395,10.79794109,0107.04156352,10.79838572,0107.04152229,10.79850714,0107.04135825,10.79862828,0107.04135787,10.79879031,0107.04143965,10.79883100,0107.04143946,10.79891201,0107.04115213,10.79923540,0107.04111062,10.79947834,0107.04098742,10.79964008,0107.04098704,10.79980210,0107.04086413,10.79984233,0107.04086270,10.80044991,0107.04073998,10.80040913,0107.04082423,10.79939667,0107.04066162,10.79891023,0107.04070427,10.79818122,0107.04058164,10.79809993,0107.04029506,10.79809927,0107.03996508,10.79915167,0107.03963709,10.79935344,0107.03963633,10.79967749,0107.04000440,10.79984036,0107.03992157,10.80024522,0107.03930652,10.80064887,0107.03922465,10.80064868,0107.03914248,10.80077001,0107.03906060,10.80076982,0107.03906089,10.80064830,0107.03889722,10.80060742,0107.03889770,10.80040489,0107.03947580,10.79829992,0107.03976247,10.79826007,0107.03988558,10.79813884,0107.03988634,10.79781479,0107.03976390,10.79765249,0107.03968202,10.79765230,0107.03972372,10.79732835,0107.03964194,10.79728765,0107.03943867,10.79667960,0107.03943915,10.79647707,0107.03935737,10.79643638,0107.03931719,10.79611224,0107.03923541,10.79607154,0107.03923588,10.79586901,0107.03907222,10.79582813,0107.03907270,10.79562560,0107.03923655,10.79558547,0107.03923693,10.79542345,0107.03907356,10.79526105,0107.03907375,10.79518004,0107.03923760,10.79513991,0107.03960547,10.79538379,0107.03972829,10.79538407,0107.03976904,10.79546518,0107.04009655,10.79546593,0107.04030153,10.79534488,0107.04083393,10.79526509,0107.04103890,10.79514405,0107.04132548,10.79514470,0107.04144810,10.79522599,0107.04206228,10.79518690,0107.04304301,10.79595875,0107.04308338,10.79620188,0107.04345183,10.79620272,0107.04349258,10.79628382,0107.04365634,10.79628420,0107.04369747,10.79620328,0107.04455719,10.79620524,0107.04455624,10.79661030,0107.04471971,10.79673219,0107.04500619,10.79677335,0107.04496478,10.79697578,0107.04467811,10.79701564,0107.04467783,10.79713715,0107.04455492,10.79717738,0107.04455454,10.79733940,0107.04524937,10.79782706,0107.04545407,10.79782752,0107.04586384,10.79766643,0107.04656009,10.79754650,0107.04672403,10.79746586,0107.04680629,10.79730402,0107.04688817,10.79730421,0107.04741906,10.79787250,0107.04790873,10.79856221,0107.04807249,10.79856258,0107.04815455,10.79848176,0107.04815493,10.79831974,0107.04831869,10.79832011,0107.04844169,10.79823937,0107.04880996,10.79832122,0107.04889005,10.79909102,0107.04897174,10.79917221,0107.04901203,10.79945585,0107.04909381,10.79949654,0107.04909250,10.80006362,0</coordinates></LinearRing></outerBoundaryIs></Polygon></Placemark><Placemark><name>PDF lấn chiếm cũ KL260 #32</name><description><![CDATA[Đa giác trích xuất từ màu bản đồ PDF; diện tích xấp xỉ theo độ phân giải bản đồ: 5.5535 ha. Đây là số liệu GIS xấp xỉ, không thay thế diện tích pháp lý.]]></description><styleUrl>#old</styleUrl><Polygon><outerBoundaryIs><LinearRing><coordinates>107.05888262,10.79765529,0107.05867857,10.79737129,0107.05867949,10.79696624,0107.05827084,10.79664127,0107.05823028,10.79647916,0107.05810764,10.79639787,0107.05810811,10.79619534,0107.05802632,10.79615465,0107.05802660,10.79603314,0107.05827270,10.79583116,0107.05827307,10.79566913,0107.05810940,10.79562826,0107.05815099,10.79534481,0107.05806921,10.79530412,0107.05806939,10.79522311,0107.05819249,10.79510187,0107.05819304,10.79485883,0107.05860253,10.79481924,0107.05864328,10.79490035,0107.05876610,10.79490062,0107.05880657,10.79510324,0107.05909305,10.79514439,0107.05921605,10.79506365,0107.05921642,10.79490163,0107.05892994,10.79486048,0107.05893013,10.79477947,0107.05901201,10.79477965,0107.05905313,10.79469873,0107.05950337,10.79474024,0107.05991220,10.79498419,0107.06003456,10.79518699,0107.06044404,10.79514740,0107.06085306,10.79531034,0107.06089344,10.79555346,0107.06027908,10.79567361,0107.06015663,10.79551132,0107.05995185,10.79555136,0107.05995083,10.79599693,0107.05982783,10.79607767,0107.05986812,10.79636130,0107.05974512,10.79644204,0107.05966213,10.79692792,0107.05953903,10.79704917,0107.05957905,10.79745432,0107.05916919,10.79765593,0107.05888262,10.79765529,0</coordinates></LinearRing></outerBoundaryIs></Polygon></Placemark><Placemark><name>PDF lấn chiếm cũ KL260 #33</name><description><![CDATA[Đa giác trích xuất từ màu bản đồ PDF; diện tích xấp xỉ theo độ phân giải bản đồ: 14.8649 ha. Đây là số liệu GIS xấp xỉ, không thay thế diện tích pháp lý.]]></description><styleUrl>#old</styleUrl><Polygon><outerBoundaryIs><LinearRing><coordinates>107.04374266,10.79438062,0107.04259638,10.79437800,0107.04247394,10.79421569,0107.04218747,10.79417453,0107.04206503,10.79401223,0107.04177874,10.79389006,0107.04165640,10.79368725,0107.04149274,10.79364637,0107.04149293,10.79356536,0107.04137021,10.79352457,0107.04120693,10.79332167,0107.04120892,10.79247105,0107.04100423,10.79247058,0107.04075832,10.79259153,0107.04051269,10.79259097,0107.04047137,10.79275290,0107.04034836,10.79283363,0107.04022555,10.79283334,0107.04010302,10.79271155,0107.04026744,10.79242838,0107.04026782,10.79226636,0107.04014529,10.79214456,0107.03985900,10.79202239,0107.03985919,10.79194137,0107.04002314,10.79186074,0107.04002361,10.79165821,0107.03994183,10.79161752,0107.03990137,10.79141489,0107.03998372,10.79121255,0107.04014785,10.79105091,0107.04014823,10.79088888,0107.04023030,10.79080806,0107.04055771,10.79084932,0107.04063978,10.79076849,0107.04064025,10.79056597,0107.04002618,10.79056456,0107.03994459,10.79044285,0107.03994497,10.79028083,0107.04010957,10.78991665,0107.04027333,10.78991703,0107.04039633,10.78983630,0107.04039747,10.78935023,0107.04035691,10.78918811,0107.04011186,10.78894452,0107.04003045,10.78874180,0107.03982615,10.78857931,0107.03982767,10.78793122,0107.03990964,10.78789090,0107.03982871,10.78748566,0107.03991059,10.78748584,0107.04011414,10.78797238,0107.04039852,10.78890467,0107.04060273,10.78910767,0107.04105286,10.78918971,0107.04125708,10.78939271,0107.04121424,10.79020273,0107.04105049,10.79020235,0107.04092748,10.79028308,0107.04092729,10.79036409,0107.04076354,10.79036372,0107.04072213,10.79056615,0107.04092672,10.79060713,0107.04096795,10.79048570,0107.04109076,10.79048599,0107.04137704,10.79060816,0107.04149910,10.79093249,0107.04108962,10.79097205,0107.04113009,10.79117468,0107.04158031,10.79121621,0107.04170256,10.79145953,0107.04153757,10.79198573,0107.04137334,10.79218788,0107.04141381,10.79239050,0107.04157756,10.79239088,0107.04170076,10.79222914,0107.04170113,10.79206711,0107.04178301,10.79206730,0107.04186517,10.79194597,0107.04202883,10.79198685,0107.04227389,10.79223045,0107.04251943,10.79227152,0107.04256094,10.79202857,0107.04264291,10.79198826,0107.04264319,10.79186674,0107.04280742,10.79166458,0107.04284968,10.79109760,0107.04305428,10.79113857,0107.04305295,10.79170565,0107.04354421,10.79170677,0107.04366750,10.79150453,0107.04387229,10.79146449,0107.04399548,10.79130274,0107.04465059,10.79126373,0107.04469039,10.79174989,0107.04460795,10.79199274,0107.04448485,10.79211398,0107.04448429,10.79235701,0107.04464776,10.79247890,0107.04460540,10.79308640,0107.04431874,10.79312625,0107.04411329,10.79344983,0107.04341724,10.79348874,0107.04341676,10.79369127,0107.04349845,10.79377247,0107.04362127,10.79377275,0107.04362108,10.79385376,0107.04378445,10.79401616,0107.04374266,10.79438062,0</coordinates></LinearRing></outerBoundaryIs></Polygon></Placemark><Placemark><name>PDF lấn chiếm cũ KL260 #34</name><description><![CDATA[Đa giác trích xuất từ màu bản đồ PDF; diện tích xấp xỉ theo độ phân giải bản đồ: 5.9533 ha. Đây là số liệu GIS xấp xỉ, không thay thế diện tích pháp lý.]]></description><styleUrl>#old</styleUrl><Polygon><outerBoundaryIs><LinearRing><coordinates>107.04779767,10.79349872,0107.04775701,10.79337711,0107.04730659,10.79341659,0107.04726594,10.79329498,0107.04702031,10.79329442,0107.04693862,10.79321322,0107.04743252,10.79208018,0107.04743280,10.79195866,0107.04780143,10.79187849,0107.04776115,10.79159485,0107.04735177,10.79159392,0107.04743477,10.79110804,0107.04763994,10.79090598,0107.04764059,10.79062244,0107.04755890,10.79054124,0107.04698577,10.79053994,0107.04694511,10.79041833,0107.04661770,10.79037708,0107.04653601,10.79029588,0107.04653630,10.79017436,0107.04698680,10.79009438,0107.04801026,10.79009670,0107.04809204,10.79013739,0107.04813213,10.79050203,0107.04837776,10.79050259,0107.04878686,10.79062504,0107.04882762,10.79070614,0107.04899127,10.79074702,0107.04903193,10.79086863,0107.04948197,10.79099116,0107.04980873,10.79131595,0107.04964422,10.79163963,0107.04964394,10.79176114,0107.04919371,10.79171962,0107.04894761,10.79192159,0107.04874292,10.79192113,0107.04870161,10.79208306,0107.04853785,10.79208269,0107.04837382,10.79220383,0107.04837354,10.79232535,0107.04808631,10.79260824,0107.04800246,10.79345868,0107.04779767,10.79349872,0</coordinates></LinearRing></outerBoundaryIs></Polygon></Placemark><Placemark><name>PDF lấn chiếm cũ KL260 #36</name><description><![CDATA[Đa giác trích xuất từ màu bản đồ PDF; diện tích xấp xỉ theo độ phân giải bản đồ: 4.5431 ha. Đây là số liệu GIS xấp xỉ, không thay thế diện tích pháp lý.]]></description><styleUrl>#old</styleUrl><Polygon><outerBoundaryIs><LinearRing><coordinates>107.04587959,10.79090198,0107.04579752,10.79098280,0107.04489688,10.79098075,0107.04489735,10.79077822,0107.04481567,10.79069703,0107.04452910,10.79069637,0107.04428385,10.79053379,0107.04403822,10.79053323,0107.04387465,10.79045184,0107.04350621,10.79045100,0107.04342481,10.79024829,0107.04326115,10.79020741,0107.04326134,10.79012640,0107.04317955,10.79008570,0107.04330549,10.78874930,0107.04342831,10.78874958,0107.04375534,10.78895285,0107.04396003,10.78895332,0107.04395984,10.78903433,0107.04408246,10.78911562,0107.04428715,10.78911609,0107.04432771,10.78927821,0107.04494150,10.78940112,0107.04494131,10.78948213,0107.04510469,10.78964453,0107.04579950,10.79013218,0107.04584016,10.79025379,0107.04596297,10.79025407,0107.04587959,10.79090198,0</coordinates></LinearRing></outerBoundaryIs></Polygon></Placemark></Folder><Folder><name>PDF - Lấn chiếm mới</name><Placemark><name>PDF lấn chiếm mới #1</name><description><![CDATA[Đa giác trích xuất từ màu bản đồ PDF; diện tích xấp xỉ theo độ phân giải bản đồ: 0.0710 ha. Đây là số liệu GIS xấp xỉ, không thay thế diện tích pháp lý.]]></description><styleUrl>#new</styleUrl><Polygon><outerBoundaryIs><LinearRing><coordinates>107.06643314,10.82602631,0107.06639266,10.82582369,0107.06655653,10.82578355,0107.06659692,10.82602667,0107.06643314,10.82602631,0</coordinates></LinearRing></outerBoundaryIs></Polygon></Placemark><Placemark><name>PDF lấn chiếm mới #2</name><description><![CDATA[Đa giác trích xuất từ màu bản đồ PDF; diện tích xấp xỉ theo độ phân giải bản đồ: 0.0690 ha. Đây là số liệu GIS xấp xỉ, không thay thế diện tích pháp lý.]]></description><styleUrl>#new</styleUrl><Polygon><outerBoundaryIs><LinearRing><coordinates>107.06307626,10.82581633,0107.06311748,10.82569490,0107.06340399,10.82573604,0107.06340381,10.82581705,0107.06307626,10.82581633,0</coordinates></LinearRing></outerBoundaryIs></Polygon></Placemark><Placemark><name>PDF lấn chiếm mới #3</name><description><![CDATA[Đa giác trích xuất từ màu bản đồ PDF; diện tích xấp xỉ theo độ phân giải bản đồ: 0.0507 ha. Đây là số liệu GIS xấp xỉ, không thay thế diện tích pháp lý.]]></description><styleUrl>#new</styleUrl><Polygon><outerBoundaryIs><LinearRing><coordinates>107.06938243,10.82542524,0107.06938270,10.82530372,0107.06962836,10.82530427,0107.06962818,10.82538528,0107.06938243,10.82542524,0</coordinates></LinearRing></outerBoundaryIs></Polygon></Placemark><Placemark><name>PDF lấn chiếm mới #5</name><description><![CDATA[Đa giác trích xuất từ màu bản đồ PDF; diện tích xấp xỉ theo độ phân giải bản đồ: 0.2110 ha. Đây là số liệu GIS xấp xỉ, không thay thế diện tích pháp lý.]]></description><styleUrl>#new</styleUrl><Polygon><outerBoundaryIs><LinearRing><coordinates>107.05587400,10.82417997,0107.05554646,10.82417923,0107.05546476,10.82409804,0107.05513712,10.82413780,0107.05509646,10.82401619,0107.05521929,10.82401647,0107.05526060,10.82385454,0107.05546532,10.82385500,0107.05566957,10.82405799,0107.05587419,10.82409896,0107.05587400,10.82417997,0</coordinates></LinearRing></outerBoundaryIs></Polygon></Placemark><Placemark><name>PDF lấn chiếm mới #6</name><description><![CDATA[Đa giác trích xuất từ màu bản đồ PDF; diện tích xấp xỉ theo độ phân giải bản đồ: 0.1339 ha. Đây là số liệu GIS xấp xỉ, không thay thế diện tích pháp lý.]]></description><styleUrl>#new</styleUrl><Polygon><outerBoundaryIs><LinearRing><coordinates>107.06287653,10.82362856,0107.06287672,10.82354755,0107.06304058,10.82350740,0107.06308208,10.82326446,0107.06320490,10.82326473,0107.06320435,10.82350777,0107.06332709,10.82354855,0107.06332690,10.82362956,0107.06287653,10.82362856,0</coordinates></LinearRing></outerBoundaryIs></Polygon></Placemark><Placemark><name>PDF lấn chiếm mới #9</name><description><![CDATA[Đa giác trích xuất từ màu bản đồ PDF; diện tích xấp xỉ theo độ phân giải bản đồ: 0.1055 ha. Đây là số liệu GIS xấp xỉ, không thay thế diện tích pháp lý.]]></description><styleUrl>#new</styleUrl><Polygon><outerBoundaryIs><LinearRing><coordinates>107.05898974,10.82240470,0107.05907209,10.82220235,0107.05931784,10.82216240,0107.05931738,10.82236493,0107.05898974,10.82240470,0</coordinates></LinearRing></outerBoundaryIs></Polygon></Placemark><Placemark><name>PDF lấn chiếm mới #10</name><description><![CDATA[Đa giác trích xuất từ màu bản đồ PDF; diện tích xấp xỉ theo độ phân giải bản đồ: 0.1481 ha. Đây là số liệu GIS xấp xỉ, không thay thế diện tích pháp lý.]]></description><styleUrl>#new</styleUrl><Polygon><outerBoundaryIs><LinearRing><coordinates>107.05702496,10.82219776,0107.05702543,10.82199523,0107.05727118,10.82195528,0107.05739372,10.82207707,0107.05755749,10.82207744,0107.05755731,10.82215845,0107.05702496,10.82219776,0</coordinates></LinearRing></outerBoundaryIs></Polygon></Placemark><Placemark><name>PDF lấn chiếm mới #11</name><description><![CDATA[Đa giác trích xuất từ màu bản đồ PDF; diện tích xấp xỉ theo độ phân giải bản đồ: 0.1116 ha. Đây là số liệu GIS xấp xỉ, không thay thế diện tích pháp lý.]]></description><styleUrl>#new</styleUrl><Polygon><outerBoundaryIs><LinearRing><coordinates>107.06353540,10.82196928,0107.06345351,10.82196909,0107.06345370,10.82188808,0107.06333105,10.82180680,0107.06312634,10.82180634,0107.06312652,10.82172533,0107.06320841,10.82172551,0107.06324954,10.82164459,0107.06341331,10.82164496,0107.06353577,10.82180725,0107.06353540,10.82196928,0</coordinates></LinearRing></outerBoundaryIs></Polygon></Placemark><Placemark><name>PDF lấn chiếm mới #12</name><description><![CDATA[Đa giác trích xuất từ màu bản đồ PDF; diện tích xấp xỉ theo độ phân giải bản đồ: 0.0933 ha. Đây là số liệu GIS xấp xỉ, không thay thế diện tích pháp lý.]]></description><styleUrl>#new</styleUrl><Polygon><outerBoundaryIs><LinearRing><coordinates>107.05993282,10.82179922,0107.06001516,10.82159687,0107.06021997,10.82155683,0107.06021941,10.82179986,0107.05993282,10.82179922,0</coordinates></LinearRing></outerBoundaryIs></Polygon></Placemark><Placemark><name>PDF lấn chiếm mới #13</name><description><![CDATA[Đa giác trích xuất từ màu bản đồ PDF; diện tích xấp xỉ theo độ phân giải bản đồ: 0.0730 ha. Đây là số liệu GIS xấp xỉ, không thay thế diện tích pháp lý.]]></description><styleUrl>#new</styleUrl><Polygon><outerBoundaryIs><LinearRing><coordinates>107.06140749,10.82147846,0107.06140777,10.82135695,0107.06165361,10.82127648,0107.06165314,10.82147901,0107.06140749,10.82147846,0</coordinates></LinearRing></outerBoundaryIs></Polygon></Placemark><Placemark><name>PDF lấn chiếm mới #14</name><description><![CDATA[Đa giác trích xuất từ màu bản đồ PDF; diện tích xấp xỉ theo độ phân giải bản đồ: 0.0568 ha. Đây là số liệu GIS xấp xỉ, không thay thế diện tích pháp lý.]]></description><styleUrl>#new</styleUrl><Polygon><outerBoundaryIs><LinearRing><coordinates>107.06026137,10.82135439,0107.06026156,10.82127338,0107.06034354,10.82123305,0107.06054816,10.82127402,0107.06054797,10.82135503,0107.06026137,10.82135439,0</coordinates></LinearRing></outerBoundaryIs></Polygon></Placemark><Placemark><name>PDF lấn chiếm mới #15</name><description><![CDATA[Đa giác trích xuất từ màu bản đồ PDF; diện tích xấp xỉ theo độ phân giải bản đồ: 0.2658 ha. Đây là số liệu GIS xấp xỉ, không thay thế diện tích pháp lý.]]></description><styleUrl>#new</styleUrl><Polygon><outerBoundaryIs><LinearRing><coordinates>107.05797054,10.82049863,0107.05780715,10.82033624,0107.05780780,10.82005270,0107.05821741,10.81997261,0107.05825751,10.82033725,0107.05809337,10.82049891,0107.05797054,10.82049863,0</coordinates></LinearRing></outerBoundaryIs></Polygon></Placemark><Placemark><name>PDF lấn chiếm mới #17</name><description><![CDATA[Đa giác trích xuất từ màu bản đồ PDF; diện tích xấp xỉ theo độ phân giải bản đồ: 0.2617 ha. Đây là số liệu GIS xấp xỉ, không thay thế diện tích pháp lý.]]></description><styleUrl>#new</styleUrl><Polygon><outerBoundaryIs><LinearRing><coordinates>107.05649736,10.82017128,0107.05649764,10.82004976,0107.05666188,10.81984760,0107.05703008,10.81996995,0107.05694764,10.82021280,0107.05682453,10.82033404,0107.05666076,10.82033367,0107.05649736,10.82017128,0</coordinates></LinearRing></outerBoundaryIs></Polygon></Placemark><Placemark><name>PDF lấn chiếm mới #19</name><description><![CDATA[Đa giác trích xuất từ màu bản đồ PDF; diện tích xấp xỉ theo độ phân giải bản đồ: 0.0710 ha. Đây là số liệu GIS xấp xỉ, không thay thế diện tích pháp lý.]]></description><styleUrl>#new</styleUrl><Polygon><outerBoundaryIs><LinearRing><coordinates>107.05301867,10.81955586,0107.05305999,10.81939393,0107.05322375,10.81939430,0107.05330545,10.81947549,0107.05330526,10.81955650,0107.05301867,10.81955586,0</coordinates></LinearRing></outerBoundaryIs></Polygon></Placemark><Placemark><name>PDF lấn chiếm mới #20</name><description><![CDATA[Đa giác trích xuất từ màu bản đồ PDF; diện tích xấp xỉ theo độ phân giải bản đồ: 0.0507 ha. Đây là số liệu GIS xấp xỉ, không thay thế diện tích pháp lý.]]></description><styleUrl>#new</styleUrl><Polygon><outerBoundaryIs><LinearRing><coordinates>107.05211813,10.81947281,0107.05211850,10.81931079,0107.05232312,10.81935176,0107.05232293,10.81943277,0107.05211813,10.81947281,0</coordinates></LinearRing></outerBoundaryIs></Polygon></Placemark><Placemark><name>PDF lấn chiếm mới #21</name><description><![CDATA[Đa giác trích xuất từ màu bản đồ PDF; diện tích xấp xỉ theo độ phân giải bản đồ: 0.5478 ha. Đây là số liệu GIS xấp xỉ, không thay thế diện tích pháp lý.]]></description><styleUrl>#new</styleUrl><Polygon><outerBoundaryIs><LinearRing><coordinates>107.05658111,10.81936135,0107.05625357,10.81936061,0107.05613140,10.81907680,0107.05596763,10.81907643,0107.05588556,10.81915726,0107.05559906,10.81911611,0107.05555877,10.81883247,0107.05572300,10.81863031,0107.05580488,10.81863050,0107.05604989,10.81891459,0107.05633648,10.81891523,0107.05637780,10.81875330,0107.05645968,10.81875349,0107.05645921,10.81895602,0107.05658167,10.81911832,0107.05658111,10.81936135,0</coordinates></LinearRing></outerBoundaryIs></Polygon></Placemark><Placemark><name>PDF lấn chiếm mới #22</name><description><![CDATA[Đa giác trích xuất từ màu bản đồ PDF; diện tích xấp xỉ theo độ phân giải bản đồ: 0.0548 ha. Đây là số liệu GIS xấp xỉ, không thay thế diện tích pháp lý.]]></description><styleUrl>#new</styleUrl><Polygon><outerBoundaryIs><LinearRing><coordinates>107.05187341,10.81906720,0107.05187379,10.81890517,0107.05207840,10.81894614,0107.05207812,10.81906766,0107.05187341,10.81906720,0</coordinates></LinearRing></outerBoundaryIs></Polygon></Placemark><Placemark><name>PDF lấn chiếm mới #23</name><description><![CDATA[Đa giác trích xuất từ màu bản đồ PDF; diện tích xấp xỉ theo độ phân giải bản đồ: 0.3145 ha. Đây là số liệu GIS xấp xỉ, không thay thế diện tích pháp lý.]]></description><styleUrl>#new</styleUrl><Polygon><outerBoundaryIs><LinearRing><coordinates>107.06952025,10.81878255,0107.06927459,10.81878201,0107.06890712,10.81833563,0107.06890739,10.81821412,0107.06927578,10.81825543,0107.06956164,10.81858011,0107.06952025,10.81878255,0</coordinates></LinearRing></outerBoundaryIs></Polygon></Placemark><Placemark><name>PDF lấn chiếm mới #24</name><description><![CDATA[Đa giác trích xuất từ màu bản đồ PDF; diện tích xấp xỉ theo độ phân giải bản đồ: 0.0872 ha. Đây là số liệu GIS xấp xỉ, không thay thế diện tích pháp lý.]]></description><styleUrl>#new</styleUrl><Polygon><outerBoundaryIs><LinearRing><coordinates>107.07300025,10.81883071,0107.07291882,10.81862800,0107.07295994,10.81854708,0107.07308277,10.81854735,0107.07316411,10.81879056,0107.07300025,10.81883071,0</coordinates></LinearRing></outerBoundaryIs></Polygon></Placemark><Placemark><name>PDF lấn chiếm mới #25</name><description><![CDATA[Đa giác trích xuất từ màu bản đồ PDF; diện tích xấp xỉ theo độ phân giải bản đồ: 0.1745 ha. Đây là số liệu GIS xấp xỉ, không thay thế diện tích pháp lý.]]></description><styleUrl>#new</styleUrl><Polygon><outerBoundaryIs><LinearRing><coordinates>107.05420870,10.81838387,0107.05416832,10.81814074,0107.05433237,10.81801959,0107.05433265,10.81789808,0107.05441453,10.81789826,0107.05441425,10.81801978,0107.05453689,10.81810107,0107.05453671,10.81818208,0107.05441341,10.81838433,0107.05420870,10.81838387,0</coordinates></LinearRing></outerBoundaryIs></Polygon></Placemark><Placemark><name>PDF lấn chiếm mới #26</name><description><![CDATA[Đa giác trích xuất từ màu bản đồ PDF; diện tích xấp xỉ theo độ phân giải bản đồ: 0.3673 ha. Đây là số liệu GIS xấp xỉ, không thay thế diện tích pháp lý.]]></description><styleUrl>#new</styleUrl><Polygon><outerBoundaryIs><LinearRing><coordinates>107.05576450,10.81838737,0107.05568262,10.81838719,0107.05539658,10.81814351,0107.05498707,10.81818309,0107.05486443,10.81810180,0107.05486462,10.81802079,0107.05498781,10.81785905,0107.05515158,10.81785942,0107.05527413,10.81798121,0107.05572458,10.81794172,0107.05580619,10.81806342,0107.05576450,10.81838737,0</coordinates></LinearRing></outerBoundaryIs></Polygon></Placemark><Placemark><name>PDF lấn chiếm mới #27</name><description><![CDATA[Đa giác trích xuất từ màu bản đồ PDF; diện tích xấp xỉ theo độ phân giải bản đồ: 0.1096 ha. Đây là số liệu GIS xấp xỉ, không thay thế diện tích pháp lý.]]></description><styleUrl>#new</styleUrl><Polygon><outerBoundaryIs><LinearRing><coordinates>107.07193675,10.81838281,0107.07173222,10.81830135,0107.07177389,10.81797739,0107.07189672,10.81797766,0107.07193675,10.81838281,0</coordinates></LinearRing></outerBoundaryIs></Polygon></Placemark><Placemark><name>PDF lấn chiếm mới #28</name><description><![CDATA[Đa giác trích xuất từ màu bản đồ PDF; diện tích xấp xỉ theo độ phân giải bản đồ: 0.0872 ha. Đây là số liệu GIS xấp xỉ, không thay thế diện tích pháp lý.]]></description><styleUrl>#new</styleUrl><Polygon><outerBoundaryIs><LinearRing><coordinates>107.05142483,10.81829657,0107.05130200,10.81829629,0107.05130247,10.81809376,0107.05122096,10.81793156,0107.05138464,10.81797243,0107.05142483,10.81829657,0</coordinates></LinearRing></outerBoundaryIs></Polygon></Placemark><Placemark><name>PDF lấn chiếm mới #29</name><description><![CDATA[Đa giác trích xuất từ màu bản đồ PDF; diện tích xấp xỉ theo độ phân giải bản đồ: 0.2415 ha. Đây là số liệu GIS xấp xỉ, không thay thế diện tích pháp lý.]]></description><styleUrl>#new</styleUrl><Polygon><outerBoundaryIs><LinearRing><coordinates>107.05654361,10.81786254,0107.05658530,10.81753859,0107.05666718,10.81753877,0107.05670785,10.81766038,0107.05719896,10.81774250,0107.05719878,10.81782351,0107.05699407,10.81782305,0107.05687078,10.81802530,0107.05666607,10.81802484,0107.05654361,10.81786254,0</coordinates></LinearRing></outerBoundaryIs></Polygon></Placemark><Placemark><name>PDF lấn chiếm mới #30</name><description><![CDATA[Đa giác trích xuất từ màu bản đồ PDF; diện tích xấp xỉ theo độ phân giải bản đồ: 0.1562 ha. Đây là số liệu GIS xấp xỉ, không thay thế diện tích pháp lý.]]></description><styleUrl>#new</styleUrl><Polygon><outerBoundaryIs><LinearRing><coordinates>107.05891806,10.81794888,0107.05887768,10.81770575,0107.05895975,10.81762493,0107.05916446,10.81762538,0107.05924607,10.81774708,0107.05920475,10.81790902,0107.05891806,10.81794888,0</coordinates></LinearRing></outerBoundaryIs></Polygon></Placemark><Placemark><name>PDF lấn chiếm mới #31</name><description><![CDATA[Đa giác trích xuất từ màu bản đồ PDF; diện tích xấp xỉ theo độ phân giải bản đồ: 0.2029 ha. Đây là số liệu GIS xấp xỉ, không thay thế diện tích pháp lý.]]></description><styleUrl>#new</styleUrl><Polygon><outerBoundaryIs><LinearRing><coordinates>107.05322731,10.81785508,0107.05310476,10.81773328,0107.05310523,10.81753076,0107.05326928,10.81740961,0107.05326947,10.81732860,0107.05335135,10.81732878,0107.05339192,10.81749090,0107.05347371,10.81753159,0107.05347324,10.81773412,0107.05339108,10.81785545,0107.05322731,10.81785508,0</coordinates></LinearRing></outerBoundaryIs></Polygon></Placemark><Placemark><name>PDF lấn chiếm mới #32</name><description><![CDATA[Đa giác trích xuất từ màu bản đồ PDF; diện tích xấp xỉ theo độ phân giải bản đồ: 0.1907 ha. Đây là số liệu GIS xấp xỉ, không thay thế diện tích pháp lý.]]></description><styleUrl>#new</styleUrl><Polygon><outerBoundaryIs><LinearRing><coordinates>107.05437387,10.81777665,0107.05404652,10.81769490,0107.05400605,10.81749228,0107.05412915,10.81737104,0107.05429292,10.81737141,0107.05437462,10.81745261,0107.05437387,10.81777665,0</coordinates></LinearRing></outerBoundaryIs></Polygon></Placemark><Placemark><name>PDF lấn chiếm mới #33</name><description><![CDATA[Đa giác trích xuất từ màu bản đồ PDF; diện tích xấp xỉ theo độ phân giải bản đồ: 0.1096 ha. Đây là số liệu GIS xấp xỉ, không thay thế diện tích pháp lý.]]></description><styleUrl>#new</styleUrl><Polygon><outerBoundaryIs><LinearRing><coordinates>107.07087389,10.81765136,0107.07079201,10.81765118,0107.07066946,10.81752939,0107.07066982,10.81736737,0107.07075198,10.81724603,0107.07087471,10.81728681,0107.07087389,10.81765136,0</coordinates></LinearRing></outerBoundaryIs></Polygon></Placemark><Placemark><name>PDF lấn chiếm mới #34</name><description><![CDATA[Đa giác trích xuất từ màu bản đồ PDF; diện tích xấp xỉ theo độ phân giải bản đồ: 0.1096 ha. Đây là số liệu GIS xấp xỉ, không thay thế diện tích pháp lý.]]></description><styleUrl>#new</styleUrl><Polygon><outerBoundaryIs><LinearRing><coordinates>107.05986094,10.81742441,0107.05986149,10.81718138,0107.06002535,10.81714124,0107.06010705,10.81722243,0107.06010668,10.81738446,0107.05986094,10.81742441,0</coordinates></LinearRing></outerBoundaryIs></Polygon></Placemark><Placemark><name>PDF lấn chiếm mới #37</name><description><![CDATA[Đa giác trích xuất từ màu bản đồ PDF; diện tích xấp xỉ theo độ phân giải bản đồ: 1.0977 ha. Đây là số liệu GIS xấp xỉ, không thay thế diện tích pháp lý.]]></description><styleUrl>#new</styleUrl><Polygon><outerBoundaryIs><LinearRing><coordinates>107.05511419,10.81632010,0107.05503212,10.81640093,0107.05482741,10.81640047,0107.05474580,10.81627877,0107.05474618,10.81611675,0107.05454193,10.81591376,0107.05298633,10.81582924,0107.05294511,10.81595066,0107.05286323,10.81595048,0107.05278200,10.81566675,0107.05233155,10.81570624,0107.05233183,10.81558472,0107.05458362,10.81558980,0107.05462419,10.81575192,0107.05486975,10.81579298,0107.05491013,10.81603610,0107.05511456,10.81615808,0107.05511419,10.81632010,0</coordinates></LinearRing></outerBoundaryIs></Polygon></Placemark><Placemark><name>PDF lấn chiếm mới #38</name><description><![CDATA[Đa giác trích xuất từ màu bản đồ PDF; diện tích xấp xỉ theo độ phân giải bản đồ: 0.2374 ha. Đây là số liệu GIS xấp xỉ, không thay thế diện tích pháp lý.]]></description><styleUrl>#new</styleUrl><Polygon><outerBoundaryIs><LinearRing><coordinates>107.05597378,10.81640305,0107.05585132,10.81624075,0107.05585160,10.81611923,0107.05593377,10.81599790,0107.05617951,10.81595795,0107.05630206,10.81607974,0107.05630159,10.81628227,0107.05617849,10.81640351,0107.05597378,10.81640305,0</coordinates></LinearRing></outerBoundaryIs></Polygon></Placemark><Placemark><name>PDF lấn chiếm mới #39</name><description><![CDATA[Đa giác trích xuất từ màu bản đồ PDF; diện tích xấp xỉ theo độ phân giải bản đồ: 0.0933 ha. Đây là số liệu GIS xấp xỉ, không thay thế diện tích pháp lý.]]></description><styleUrl>#new</styleUrl><Polygon><outerBoundaryIs><LinearRing><coordinates>107.06788777,10.81647010,0107.06788887,10.81598403,0107.06801170,10.81598431,0107.06796966,10.81647029,0107.06788777,10.81647010,0</coordinates></LinearRing></outerBoundaryIs></Polygon></Placemark><Placemark><name>PDF lấn chiếm mới #40</name><description><![CDATA[Đa giác trích xuất từ màu bản đồ PDF; diện tích xấp xỉ theo độ phân giải bản đồ: 0.1481 ha. Đây là số liệu GIS xấp xỉ, không thay thế diện tích pháp lý.]]></description><styleUrl>#new</styleUrl><Polygon><outerBoundaryIs><LinearRing><coordinates>107.07087763,10.81599062,0107.07075517,10.81582833,0107.07075553,10.81566630,0107.07083760,10.81558547,0107.07096043,10.81558574,0107.07104204,10.81570744,0107.07104149,10.81595048,0107.07087763,10.81599062,0</coordinates></LinearRing></outerBoundaryIs></Polygon></Placemark><Placemark><name>PDF lấn chiếm mới #41</name><description><![CDATA[Đa giác trích xuất từ màu bản đồ PDF; diện tích xấp xỉ theo độ phân giải bản đồ: 0.2333 ha. Đây là số liệu GIS xấp xỉ, không thay thế diện tích pháp lý.]]></description><styleUrl>#new</styleUrl><Polygon><outerBoundaryIs><LinearRing><coordinates>107.04967015,10.81578123,0107.04954732,10.81578095,0107.04950704,10.81549732,0107.04926148,10.81545625,0107.04926196,10.81525373,0107.04963043,10.81525456,0107.04975288,10.81541686,0107.04975231,10.81565990,0107.04967015,10.81578123,0</coordinates></LinearRing></outerBoundaryIs></Polygon></Placemark><Placemark><name>PDF lấn chiếm mới #42</name><description><![CDATA[Đa giác trích xuất từ màu bản đồ PDF; diện tích xấp xỉ theo độ phân giải bản đồ: 0.1197 ha. Đây là số liệu GIS xấp xỉ, không thay thế diện tích pháp lý.]]></description><styleUrl>#new</styleUrl><Polygon><outerBoundaryIs><LinearRing><coordinates>107.06698879,10.81569850,0107.06641579,10.81561622,0107.06641607,10.81549470,0107.06698907,10.81557698,0107.06698879,10.81569850,0</coordinates></LinearRing></outerBoundaryIs></Polygon></Placemark><Placemark><name>PDF lấn chiếm mới #43</name><description><![CDATA[Đa giác trích xuất từ màu bản đồ PDF; diện tích xấp xỉ theo độ phân giải bản đồ: 0.0528 ha. Đây là số liệu GIS xấp xỉ, không thay thế diện tích pháp lý.]]></description><styleUrl>#new</styleUrl><Polygon><outerBoundaryIs><LinearRing><coordinates>107.04856567,10.81537366,0107.04864793,10.81521183,0107.04877075,10.81521210,0107.04877037,10.81537413,0107.04856567,10.81537366,0</coordinates></LinearRing></outerBoundaryIs></Polygon></Placemark><Placemark><name>PDF lấn chiếm mới #44</name><description><![CDATA[Đa giác trích xuất từ màu bản đồ PDF; diện tích xấp xỉ theo độ phân giải bản đồ: 0.8137 ha. Đây là số liệu GIS xấp xỉ, không thay thế diện tích pháp lý.]]></description><styleUrl>#new</styleUrl><Polygon><outerBoundaryIs><LinearRing><coordinates>107.04930318,10.81513230,0107.04901687,10.81501013,0107.04864849,10.81496879,0107.04864868,10.81488778,0107.04852614,10.81476598,0107.04860858,10.81452314,0107.04893649,10.81436186,0107.04889640,10.81399721,0107.04897894,10.81371386,0107.04906082,10.81371404,0107.04906016,10.81399758,0107.04930544,10.81416016,0107.04930318,10.81513230,0</coordinates></LinearRing></outerBoundaryIs></Polygon></Placemark><Placemark><name>PDF lấn chiếm mới #45</name><description><![CDATA[Đa giác trích xuất từ màu bản đồ PDF; diện tích xấp xỉ theo độ phân giải bản đồ: 0.0751 ha. Đây là số liệu GIS xấp xỉ, không thay thế diện tích pháp lý.]]></description><styleUrl>#new</styleUrl><Polygon><outerBoundaryIs><LinearRing><coordinates>107.04762674,10.81419686,0107.04758618,10.81403474,0107.04766825,10.81395392,0107.04779107,10.81395420,0107.04779051,10.81419723,0107.04762674,10.81419686,0</coordinates></LinearRing></outerBoundaryIs></Polygon></Placemark><Placemark><name>PDF lấn chiếm mới #46</name><description><![CDATA[Đa giác trích xuất từ màu bản đồ PDF; diện tích xấp xỉ theo độ phân giải bản đồ: 0.0872 ha. Đây là số liệu GIS xấp xỉ, không thay thế diện tích pháp lý.]]></description><styleUrl>#new</styleUrl><Polygon><outerBoundaryIs><LinearRing><coordinates>107.06875331,10.81392013,0107.06867198,10.81367692,0107.06871310,10.81359600,0107.06883593,10.81359627,0107.06887614,10.81392040,0107.06875331,10.81392013,0</coordinates></LinearRing></outerBoundaryIs></Polygon></Placemark><Placemark><name>PDF lấn chiếm mới #47</name><description><![CDATA[Đa giác trích xuất từ màu bản đồ PDF; diện tích xấp xỉ theo độ phân giải bản đồ: 0.2861 ha. Đây là số liệu GIS xấp xỉ, không thay thế diện tích pháp lý.]]></description><styleUrl>#new</styleUrl><Polygon><outerBoundaryIs><LinearRing><coordinates>107.04828369,10.81338823,0107.04828388,10.81330722,0107.04836585,10.81326690,0107.04836632,10.81306437,0107.04824359,10.81302359,0107.04828491,10.81286166,0107.04865329,10.81290300,0107.04865310,10.81298401,0107.04873489,10.81302470,0107.04869329,10.81330815,0107.04857028,10.81338888,0107.04828369,10.81338823,0</coordinates></LinearRing></outerBoundaryIs></Polygon></Placemark><Placemark><name>PDF lấn chiếm mới #48</name><description><![CDATA[Đa giác trích xuất từ màu bản đồ PDF; diện tích xấp xỉ theo độ phân giải bản đồ: 0.6635 ha. Đây là số liệu GIS xấp xỉ, không thay thế diện tích pháp lý.]]></description><styleUrl>#new</styleUrl><Polygon><outerBoundaryIs><LinearRing><coordinates>107.06855080,10.81294754,0107.06818214,10.81302774,0107.06809962,10.81331110,0107.06801774,10.81331092,0107.06793604,10.81322973,0107.06793659,10.81298669,0107.06769140,10.81278362,0107.06765082,10.81262151,0107.06748733,10.81249963,0107.06736451,10.81249935,0107.06736515,10.81221581,0107.06748797,10.81221608,0107.06752845,10.81241870,0107.06777410,10.81241925,0107.06781468,10.81258136,0107.06834683,10.81262304,0107.06838813,10.81246111,0107.06847002,10.81246129,0107.06855080,10.81294754,0</coordinates></LinearRing></outerBoundaryIs></Polygon></Placemark><Placemark><name>PDF lấn chiếm mới #49</name><description><![CDATA[Đa giác trích xuất từ màu bản đồ PDF; diện tích xấp xỉ theo độ phân giải bản đồ: 0.0730 ha. Đây là số liệu GIS xấp xỉ, không thay thế diện tích pháp lý.]]></description><styleUrl>#new</styleUrl><Polygon><outerBoundaryIs><LinearRing><coordinates>107.04779371,10.81282004,0107.04762995,10.81281966,0107.04763061,10.81253612,0107.04775333,10.81257691,0107.04779371,10.81282004,0</coordinates></LinearRing></outerBoundaryIs></Polygon></Placemark><Placemark><name>PDF lấn chiếm mới #50</name><description><![CDATA[Đa giác trích xuất từ màu bản đồ PDF; diện tích xấp xỉ theo độ phân giải bản đồ: 0.1136 ha. Đây là số liệu GIS xấp xỉ, không thay thế diện tích pháp lý.]]></description><styleUrl>#new</styleUrl><Polygon><outerBoundaryIs><LinearRing><coordinates>107.06339356,10.81232853,0107.06314791,10.81232798,0107.06298452,10.81216560,0107.06298479,10.81204408,0107.06310762,10.81204435,0107.06314837,10.81212545,0107.06339384,10.81220701,0107.06339356,10.81232853,0</coordinates></LinearRing></outerBoundaryIs></Polygon></Placemark><Placemark><name>PDF lấn chiếm mới #51</name><description><![CDATA[Đa giác trích xuất từ màu bản đồ PDF; diện tích xấp xỉ theo độ phân giải bản đồ: 0.2049 ha. Đây là số liệu GIS xấp xỉ, không thay thế diện tích pháp lý.]]></description><styleUrl>#new</styleUrl><Polygon><outerBoundaryIs><LinearRing><coordinates>107.06278045,10.81188160,0107.06224849,10.81175890,0107.06216744,10.81139416,0107.06224933,10.81139434,0107.06273979,10.81175999,0107.06278045,10.81188160,0</coordinates></LinearRing></outerBoundaryIs></Polygon></Placemark><Placemark><name>PDF lấn chiếm mới #52</name><description><![CDATA[Đa giác trích xuất từ màu bản đồ PDF; diện tích xấp xỉ theo độ phân giải bản đồ: 0.3003 ha. Đây là số liệu GIS xấp xỉ, không thay thế diện tích pháp lý.]]></description><styleUrl>#new</styleUrl><Polygon><outerBoundaryIs><LinearRing><coordinates>107.04767428,10.81136155,0107.04763371,10.81119944,0107.04746995,10.81119906,0107.04747061,10.81091552,0107.04759372,10.81079429,0107.04783936,10.81079484,0107.04796181,10.81095715,0107.04792011,10.81128110,0107.04767428,10.81136155,0</coordinates></LinearRing></outerBoundaryIs></Polygon></Placemark><Placemark><name>PDF lấn chiếm mới #53</name><description><![CDATA[Đa giác trích xuất từ màu bản đồ PDF; diện tích xấp xỉ theo độ phân giải bản đồ: 0.6006 ha. Đây là số liệu GIS xấp xỉ, không thay thế diện tích pháp lý.]]></description><styleUrl>#new</styleUrl><Polygon><outerBoundaryIs><LinearRing><coordinates>107.06196301,10.81127219,0107.06089873,10.81118880,0107.06089901,10.81106729,0107.06110417,10.81086521,0107.06110473,10.81062218,0107.06102331,10.81041947,0107.06126905,10.81037951,0107.06151358,10.81086613,0107.06171783,10.81106911,0107.06192235,10.81115058,0107.06196301,10.81127219,0</coordinates></LinearRing></outerBoundaryIs></Polygon></Placemark><Placemark><name>PDF lấn chiếm mới #55</name><description><![CDATA[Đa giác trích xuất từ màu bản đồ PDF; diện tích xấp xỉ theo độ phân giải bản đồ: 0.1299 ha. Đây là số liệu GIS xấp xỉ, không thay thế diện tích pháp lý.]]></description><styleUrl>#new</styleUrl><Polygon><outerBoundaryIs><LinearRing><coordinates>107.04693781,10.81115735,0107.04677414,10.81111647,0107.04669301,10.81079224,0107.04693857,10.81083330,0107.04693781,10.81115735,0</coordinates></LinearRing></outerBoundaryIs></Polygon></Placemark><Placemark><name>PDF lấn chiếm mới #57</name><description><![CDATA[Đa giác trích xuất từ màu bản đồ PDF; diện tích xấp xỉ theo độ phân giải bản đồ: 0.2760 ha. Đây là số liệu GIS xấp xỉ, không thay thế diện tích pháp lý.]]></description><styleUrl>#new</styleUrl><Polygon><outerBoundaryIs><LinearRing><coordinates>107.04751344,10.81010550,0107.04751362,10.81002449,0107.04767758,10.80994385,0107.04771918,10.80966041,0107.04800567,10.80970156,0107.04804595,10.80998520,0107.04792266,10.81018745,0107.04763607,10.81018679,0107.04751344,10.81010550,0</coordinates></LinearRing></outerBoundaryIs></Polygon></Placemark><Placemark><name>PDF lấn chiếm mới #58</name><description><![CDATA[Đa giác trích xuất từ màu bản đồ PDF; diện tích xấp xỉ theo độ phân giải bản đồ: 0.0710 ha. Đây là số liệu GIS xấp xỉ, không thay thế diện tích pháp lý.]]></description><styleUrl>#new</styleUrl><Polygon><outerBoundaryIs><LinearRing><coordinates>107.06127089,10.80956939,0107.06123051,10.80932627,0107.06127173,10.80920484,0107.06135361,10.80920502,0107.06135278,10.80956958,0107.06127089,10.80956939,0</coordinates></LinearRing></outerBoundaryIs></Polygon></Placemark><Placemark><name>PDF lấn chiếm mới #59</name><description><![CDATA[Đa giác trích xuất từ màu bản đồ PDF; diện tích xấp xỉ theo độ phân giải bản đồ: 0.2942 ha. Đây là số liệu GIS xấp xỉ, không thay thế diện tích pháp lý.]]></description><styleUrl>#new</styleUrl><Polygon><outerBoundaryIs><LinearRing><coordinates>107.04784435,10.80864804,0107.04784492,10.80840501,0107.04764031,10.80836404,0107.04764050,10.80828303,0107.04780464,10.80812138,0107.04805028,10.80812193,0107.04821367,10.80828433,0107.04821320,10.80848686,0107.04804906,10.80864851,0107.04784435,10.80864804,0</coordinates></LinearRing></outerBoundaryIs></Polygon></Placemark><Placemark><name>PDF lấn chiếm mới #60</name><description><![CDATA[Đa giác trích xuất từ màu bản đồ PDF; diện tích xấp xỉ theo độ phân giải bản đồ: 0.1319 ha. Đây là số liệu GIS xấp xỉ, không thay thế diện tích pháp lý.]]></description><styleUrl>#new</styleUrl><Polygon><outerBoundaryIs><LinearRing><coordinates>107.06098708,10.80835358,0107.06086453,10.80823179,0107.06090603,10.80798885,0107.06111073,10.80798930,0107.06115084,10.80835395,0107.06098708,10.80835358,0</coordinates></LinearRing></outerBoundaryIs></Polygon></Placemark><Placemark><name>PDF lấn chiếm mới #61</name><description><![CDATA[Đa giác trích xuất từ màu bản đồ PDF; diện tích xấp xỉ theo độ phân giải bản đồ: 1.2154 ha. Đây là số liệu GIS xấp xỉ, không thay thế diện tích pháp lý.]]></description><styleUrl>#new</styleUrl><Polygon><outerBoundaryIs><LinearRing><coordinates>107.06041437,10.80814977,0107.06004590,10.80814895,0107.05971921,10.80778367,0107.05951469,10.80770220,0107.05939243,10.80745889,0107.05935213,10.80717526,0107.06033499,10.80705593,0107.06053812,10.80774499,0107.06053756,10.80798802,0107.06041456,10.80806876,0107.06041437,10.80814977,0</coordinates></LinearRing></outerBoundaryIs></Polygon></Placemark><Placemark><name>PDF lấn chiếm mới #62</name><description><![CDATA[Đa giác trích xuất từ màu bản đồ PDF; diện tích xấp xỉ theo độ phân giải bản đồ: 0.5458 ha. Đây là số liệu GIS xấp xỉ, không thay thế diện tích pháp lý.]]></description><styleUrl>#new</styleUrl><Polygon><outerBoundaryIs><LinearRing><coordinates>107.04760106,10.80763484,0107.04743702,10.80775599,0107.04719138,10.80775543,0107.04719204,10.80747189,0107.04686498,10.80726861,0107.04674254,10.80710631,0107.04657878,10.80710594,0107.04649727,10.80694373,0107.04657915,10.80694392,0107.04666132,10.80682259,0107.04690687,10.80686365,0107.04711081,10.80718816,0107.04739730,10.80722932,0107.04756078,10.80735121,0107.04760106,10.80763484,0</coordinates></LinearRing></outerBoundaryIs></Polygon></Placemark><Placemark><name>PDF lấn chiếm mới #63</name><description><![CDATA[Đa giác trích xuất từ màu bản đồ PDF; diện tích xấp xỉ theo độ phân giải bản đồ: 0.1055 ha. Đây là số liệu GIS xấp xỉ, không thay thế diện tích pháp lý.]]></description><styleUrl>#new</styleUrl><Polygon><outerBoundaryIs><LinearRing><coordinates>107.06111184,10.80750323,0107.06103024,10.80738153,0107.06103061,10.80721951,0107.06111277,10.80709817,0107.06119465,10.80709836,0107.06123466,10.80750351,0107.06111184,10.80750323,0</coordinates></LinearRing></outerBoundaryIs></Polygon></Placemark><Placemark><name>PDF lấn chiếm mới #64</name><description><![CDATA[Đa giác trích xuất từ màu bản đồ PDF; diện tích xấp xỉ theo độ phân giải bản đồ: 0.1217 ha. Đây là số liệu GIS xấp xỉ, không thay thế diện tích pháp lý.]]></description><styleUrl>#new</styleUrl><Polygon><outerBoundaryIs><LinearRing><coordinates>107.04285481,10.80640884,0107.04289603,10.80628742,0107.04314167,10.80628798,0107.04326430,10.80636927,0107.04322298,10.80653120,0107.04301828,10.80653073,0107.04285481,10.80640884,0</coordinates></LinearRing></outerBoundaryIs></Polygon></Placemark><Placemark><name>PDF lấn chiếm mới #65</name><description><![CDATA[Đa giác trích xuất từ màu bản đồ PDF; diện tích xấp xỉ theo độ phân giải bản đồ: 0.1583 ha. Đây là số liệu GIS xấp xỉ, không thay thế diện tích pháp lý.]]></description><styleUrl>#new</styleUrl><Polygon><outerBoundaryIs><LinearRing><coordinates>107.04375568,10.80632989,0107.04383804,10.80612755,0107.04396105,10.80604682,0107.04424754,10.80608798,0107.04428810,10.80625009,0107.04375568,10.80632989,0</coordinates></LinearRing></outerBoundaryIs></Polygon></Placemark><Placemark><name>PDF lấn chiếm mới #66</name><description><![CDATA[Đa giác trích xuất từ màu bản đồ PDF; diện tích xấp xỉ theo độ phân giải bản đồ: 0.1786 ha. Đây là số liệu GIS xấp xỉ, không thay thế diện tích pháp lý.]]></description><styleUrl>#new</styleUrl><Polygon><outerBoundaryIs><LinearRing><coordinates>107.03998946,10.80619974,0107.03982570,10.80619937,0107.03974401,10.80611817,0107.03974429,10.80599665,0107.03962166,10.80591536,0107.03962195,10.80579384,0107.03982674,10.80575380,0107.04003097,10.80595680,0107.03998946,10.80619974,0</coordinates></LinearRing></outerBoundaryIs></Polygon></Placemark><Placemark><name>PDF lấn chiếm mới #67</name><description><![CDATA[Đa giác trích xuất từ màu bản đồ PDF; diện tích xấp xỉ theo độ phân giải bản đồ: 0.1988 ha. Đây là số liệu GIS xấp xỉ, không thay thế diện tích pháp lý.]]></description><styleUrl>#new</styleUrl><Polygon><outerBoundaryIs><LinearRing><coordinates>107.04576252,10.80601042,0107.04588553,10.80592969,0107.04617211,10.80593034,0107.04625380,10.80601154,0107.04629427,10.80621416,0107.04580298,10.80621304,0107.04576252,10.80601042,0</coordinates></LinearRing></outerBoundaryIs></Polygon></Placemark><Placemark><name>PDF lấn chiếm mới #68</name><description><![CDATA[Đa giác trích xuất từ màu bản đồ PDF; diện tích xấp xỉ theo độ phân giải bản đồ: 0.0872 ha. Đây là số liệu GIS xấp xỉ, không thay thế diện tích pháp lý.]]></description><styleUrl>#new</styleUrl><Polygon><outerBoundaryIs><LinearRing><coordinates>107.06078838,10.80572025,0107.06074800,10.80547712,0107.06083015,10.80535578,0107.06091204,10.80535597,0107.06091120,10.80572052,0107.06078838,10.80572025,0</coordinates></LinearRing></outerBoundaryIs></Polygon></Placemark><Placemark><name>PDF lấn chiếm mới #70</name><description><![CDATA[Đa giác trích xuất từ màu bản đồ PDF; diện tích xấp xỉ theo độ phân giải bản đồ: 0.1502 ha. Đây là số liệu GIS xấp xỉ, không thay thế diện tích pháp lý.]]></description><styleUrl>#new</styleUrl><Polygon><outerBoundaryIs><LinearRing><coordinates>107.06017881,10.80373409,0107.06005599,10.80373382,0107.05993344,10.80361203,0107.05997522,10.80324756,0107.06009804,10.80324784,0107.06009767,10.80340986,0107.06017946,10.80345055,0107.06017881,10.80373409,0</coordinates></LinearRing></outerBoundaryIs></Polygon></Placemark><Placemark><name>PDF lấn chiếm mới #71</name><description><![CDATA[Đa giác trích xuất từ màu bản đồ PDF; diện tích xấp xỉ theo độ phân giải bản đồ: 0.0487 ha. Đây là số liệu GIS xấp xỉ, không thay thế diện tích pháp lý.]]></description><styleUrl>#new</styleUrl><Polygon><outerBoundaryIs><LinearRing><coordinates>107.04670971,10.80362273,0107.04666905,10.80350112,0107.04671027,10.80337969,0107.04679215,10.80337988,0107.04679159,10.80362292,0107.04670971,10.80362273,0</coordinates></LinearRing></outerBoundaryIs></Polygon></Placemark><Placemark><name>PDF lấn chiếm mới #74</name><description><![CDATA[Đa giác trích xuất từ màu bản đồ PDF; diện tích xấp xỉ theo độ phân giải bản đồ: 2.1062 ha. Đây là số liệu GIS xấp xỉ, không thay thế diện tích pháp lý.]]></description><styleUrl>#new</styleUrl><Polygon><outerBoundaryIs><LinearRing><coordinates>107.06153131,10.80308901,0107.06165570,10.80240068,0107.06173786,10.80227935,0107.06173832,10.80207682,0107.06161559,10.80203604,0107.06161577,10.80195503,0107.06186178,10.80179355,0107.06186289,10.80130748,0107.06194486,10.80126716,0107.06198626,10.80106472,0107.06215021,10.80098407,0107.06231443,10.80078191,0107.06276485,10.80074240,0107.06280718,10.80013491,0107.06325742,10.80017641,0107.06325558,10.80098653,0107.06309145,10.80114819,0107.06296863,10.80114792,0107.06231286,10.80147051,0107.06210770,10.80167258,0107.06202407,10.80244201,0107.06206353,10.80309019,0107.06153131,10.80308901,0</coordinates></LinearRing></outerBoundaryIs></Polygon></Placemark><Placemark><name>PDF lấn chiếm mới #76</name><description><![CDATA[Đa giác trích xuất từ màu bản đồ PDF; diện tích xấp xỉ theo độ phân giải bản đồ: 0.0710 ha. Đây là số liệu GIS xấp xỉ, không thay thế diện tích pháp lý.]]></description><styleUrl>#new</styleUrl><Polygon><outerBoundaryIs><LinearRing><coordinates>107.04789857,10.80293683,0107.04794017,10.80265338,0107.04806299,10.80265366,0107.04806233,10.80293720,0107.04789857,10.80293683,0</coordinates></LinearRing></outerBoundaryIs></Polygon></Placemark><Placemark><name>PDF lấn chiếm mới #78</name><description><![CDATA[Đa giác trích xuất từ màu bản đồ PDF; diện tích xấp xỉ theo độ phân giải bản đồ: 0.7934 ha. Đây là số liệu GIS xấp xỉ, không thay thế diện tích pháp lý.]]></description><styleUrl>#new</styleUrl><Polygon><outerBoundaryIs><LinearRing><coordinates>107.05293456,10.80278620,0107.05285286,10.80270501,0107.05285352,10.80242147,0107.05277182,10.80234027,0107.05277257,10.80201622,0107.05285501,10.80177337,0107.05310084,10.80169292,0107.05346799,10.80226083,0107.05346696,10.80270639,0107.05293456,10.80278620,0</coordinates></LinearRing></outerBoundaryIs></Polygon></Placemark><Placemark><name>PDF lấn chiếm mới #79</name><description><![CDATA[Đa giác trích xuất từ màu bản đồ PDF; diện tích xấp xỉ theo độ phân giải bản đồ: 0.4647 ha. Đây là số liệu GIS xấp xỉ, không thay thế diện tích pháp lý.]]></description><styleUrl>#new</styleUrl><Polygon><outerBoundaryIs><LinearRing><coordinates>107.05997633,10.80276149,0107.05981257,10.80276113,0107.05956748,10.80251755,0107.05928109,10.80243589,0107.05924080,10.80215226,0107.05936380,10.80207152,0107.05985489,10.80215363,0107.05993640,10.80231584,0107.05997633,10.80276149,0</coordinates></LinearRing></outerBoundaryIs></Polygon></Placemark><Placemark><name>PDF lấn chiếm mới #80</name><description><![CDATA[Đa giác trích xuất từ màu bản đồ PDF; diện tích xấp xỉ theo độ phân giải bản đồ: 0.0406 ha. Đây là số liệu GIS xấp xỉ, không thay thế diện tích pháp lý.]]></description><styleUrl>#new</styleUrl><Polygon><outerBoundaryIs><LinearRing><coordinates>107.04085757,10.80263722,0107.04085795,10.80247520,0107.04098077,10.80247548,0107.04098039,10.80263750,0107.04085757,10.80263722,0</coordinates></LinearRing></outerBoundaryIs></Polygon></Placemark><Placemark><name>PDF lấn chiếm mới #81</name><description><![CDATA[Đa giác trích xuất từ màu bản đồ PDF; diện tích xấp xỉ theo độ phân giải bản đồ: 0.1400 ha. Đây là số liệu GIS xấp xỉ, không thay thế diện tích pháp lý.]]></description><styleUrl>#new</styleUrl><Polygon><outerBoundaryIs><LinearRing><coordinates>107.03815573,10.80255000,0107.03823866,10.80210462,0107.03840242,10.80210500,0107.03844279,10.80234813,0107.03827855,10.80255028,0107.03815573,10.80255000,0</coordinates></LinearRing></outerBoundaryIs></Polygon></Placemark><Placemark><name>PDF lấn chiếm mới #86</name><description><![CDATA[Đa giác trích xuất từ màu bản đồ PDF; diện tích xấp xỉ theo độ phân giải bản đồ: 0.0751 ha. Đây là số liệu GIS xấp xỉ, không thay thế diện tích pháp lý.]]></description><styleUrl>#new</styleUrl><Polygon><outerBoundaryIs><LinearRing><coordinates>107.04569187,10.80119006,0107.04569206,10.80110905,0107.04585582,10.80110942,0107.04589723,10.80090698,0107.04597911,10.80090717,0107.04593751,10.80119062,0107.04569187,10.80119006,0</coordinates></LinearRing></outerBoundaryIs></Polygon></Placemark><Placemark><name>PDF lấn chiếm mới #87</name><description><![CDATA[Đa giác trích xuất từ màu bản đồ PDF; diện tích xấp xỉ theo độ phân giải bản đồ: 0.1096 ha. Đây là số liệu GIS xấp xỉ, không thay thế diện tích pháp lý.]]></description><styleUrl>#new</styleUrl><Polygon><outerBoundaryIs><LinearRing><coordinates>107.03914229,10.80085102,0107.03918352,10.80072960,0107.03926539,10.80072979,0107.03938850,10.80060855,0107.03951132,10.80060883,0107.03951075,10.80085187,0107.03914229,10.80085102,0</coordinates></LinearRing></outerBoundaryIs></Polygon></Placemark><Placemark><name>PDF lấn chiếm mới #88</name><description><![CDATA[Đa giác trích xuất từ màu bản đồ PDF; diện tích xấp xỉ theo độ phân giải bản đồ: 0.8786 ha. Đây là số liệu GIS xấp xỉ, không thay thế diện tích pháp lý.]]></description><styleUrl>#new</styleUrl><Polygon><outerBoundaryIs><LinearRing><coordinates>107.04978706,10.80067278,0107.04966424,10.80067250,0107.04954180,10.80051020,0107.04941898,10.80050992,0107.04933748,10.80034771,0107.04913306,10.80022573,0107.04913334,10.80010422,0107.04921531,10.80006390,0107.04925794,10.79933489,0107.04909447,10.79921300,0107.04897259,10.79880766,0107.04897381,10.79828109,0107.04905569,10.79828127,0107.04925973,10.79856528,0107.04925851,10.79909185,0107.04938114,10.79917314,0107.04954490,10.79917351,0107.04954424,10.79945705,0107.04933926,10.79957811,0107.04929757,10.79990206,0107.04958330,10.80026726,0107.04982885,10.80030832,0107.04978706,10.80067278,0</coordinates></LinearRing></outerBoundaryIs></Polygon></Placemark><Placemark><name>PDF lấn chiếm mới #90</name><description><![CDATA[Đa giác trích xuất từ màu bản đồ PDF; diện tích xấp xỉ theo độ phân giải bản đồ: 0.1522 ha. Đây là số liệu GIS xấp xỉ, không thay thế diện tích pháp lý.]]></description><styleUrl>#new</styleUrl><Polygon><outerBoundaryIs><LinearRing><coordinates>107.06546725,10.80058637,0107.06550846,10.80046495,0107.06632726,10.80046676,0107.06632707,10.80054777,0107.06546725,10.80058637,0</coordinates></LinearRing></outerBoundaryIs></Polygon></Placemark><Placemark><name>PDF lấn chiếm mới #91</name><description><![CDATA[Đa giác trích xuất từ màu bản đồ PDF; diện tích xấp xỉ theo độ phân giải bản đồ: 0.0771 ha. Đây là số liệu GIS xấp xỉ, không thay thế diện tích pháp lý.]]></description><styleUrl>#new</styleUrl><Polygon><outerBoundaryIs><LinearRing><coordinates>107.06653186,10.80050772,0107.06653205,10.80042670,0107.06698248,10.80038719,0107.06698229,10.80046820,0107.06685938,10.80050844,0107.06653186,10.80050772,0</coordinates></LinearRing></outerBoundaryIs></Polygon></Placemark><Placemark><name>PDF lấn chiếm mới #92</name><description><![CDATA[Đa giác trích xuất từ màu bản đồ PDF; diện tích xấp xỉ theo độ phân giải bản đồ: 0.3429 ha. Đây là số liệu GIS xấp xỉ, không thay thế diện tích pháp lý.]]></description><styleUrl>#new</styleUrl><Polygon><outerBoundaryIs><LinearRing><coordinates>107.06444577,10.79969298,0107.06444651,10.79936893,0107.06506051,10.79941080,0107.06501893,10.79969425,0107.06477292,10.79985573,0107.06456832,10.79981477,0107.06444577,10.79969298,0</coordinates></LinearRing></outerBoundaryIs></Polygon></Placemark><Placemark><name>PDF lấn chiếm mới #93</name><description><![CDATA[Đa giác trích xuất từ màu bản đồ PDF; diện tích xấp xỉ theo độ phân giải bản đồ: 0.1096 ha. Đây là số liệu GIS xấp xỉ, không thay thế diện tích pháp lý.]]></description><styleUrl>#new</styleUrl><Polygon><outerBoundaryIs><LinearRing><coordinates>107.06555252,10.79908784,0107.06555289,10.79892581,0107.06571674,10.79888567,0107.06575795,10.79876424,0107.06588077,10.79876451,0107.06588040,10.79892654,0107.06575731,10.79904778,0107.06555252,10.79908784,0</coordinates></LinearRing></outerBoundaryIs></Polygon></Placemark><Placemark><name>PDF lấn chiếm mới #94</name><description><![CDATA[Đa giác trích xuất từ màu bản đồ PDF; diện tích xấp xỉ theo độ phân giải bản đồ: 0.6696 ha. Đây là số liệu GIS xấp xỉ, không thay thế diện tích pháp lý.]]></description><styleUrl>#new</styleUrl><Polygon><outerBoundaryIs><LinearRing><coordinates>107.06751808,10.79888965,0107.06727290,10.79868658,0107.06727326,10.79852455,0107.06739654,10.79832230,0107.06731539,10.79799807,0107.06760224,10.79787718,0107.06776600,10.79787754,0107.06780575,10.79840421,0107.06788736,10.79852591,0107.06796923,10.79852609,0107.06796887,10.79868811,0107.06772278,10.79889010,0107.06751808,10.79888965,0</coordinates></LinearRing></outerBoundaryIs></Polygon></Placemark><Placemark><name>PDF lấn chiếm mới #95</name><description><![CDATA[Đa giác trích xuất từ màu bản đồ PDF; diện tích xấp xỉ theo độ phân giải bản đồ: 0.2536 ha. Đây là số liệu GIS xấp xỉ, không thay thế diện tích pháp lý.]]></description><styleUrl>#new</styleUrl><Polygon><outerBoundaryIs><LinearRing><coordinates>107.06424374,10.79851785,0107.06399820,10.79847680,0107.06387565,10.79835501,0107.06387620,10.79811198,0107.06404033,10.79795032,0107.06420409,10.79795068,0107.06424374,10.79851785,0</coordinates></LinearRing></outerBoundaryIs></Polygon></Placemark><Placemark><name>PDF lấn chiếm mới #96</name><description><![CDATA[Đa giác trích xuất từ màu bản đồ PDF; diện tích xấp xỉ theo độ phân giải bản đồ: 0.1988 ha. Đây là số liệu GIS xấp xỉ, không thay thế diện tích pháp lý.]]></description><styleUrl>#new</styleUrl><Polygon><outerBoundaryIs><LinearRing><coordinates>107.03939469,10.79797568,0107.03939593,10.79744911,0107.03955968,10.79744949,0107.03968212,10.79761179,0107.03968164,10.79781432,0107.03955844,10.79797606,0107.03939469,10.79797568,0</coordinates></LinearRing></outerBoundaryIs></Polygon></Placemark><Placemark><name>PDF lấn chiếm mới #97</name><description><![CDATA[Đa giác trích xuất từ màu bản đồ PDF; diện tích xấp xỉ theo độ phân giải bản đồ: 0.8076 ha. Đây là số liệu GIS xấp xỉ, không thay thế diện tích pháp lý.]]></description><styleUrl>#new</styleUrl><Polygon><outerBoundaryIs><LinearRing><coordinates>107.06191240,10.79754053,0107.06191268,10.79741901,0107.06211802,10.79713593,0107.06228178,10.79713629,0107.06232207,10.79741992,0107.06334574,10.79734118,0107.06334519,10.79758422,0107.06314003,10.79778629,0107.06289440,10.79778575,0107.06273091,10.79766387,0107.06256716,10.79766350,0107.06244397,10.79782525,0107.06207561,10.79778393,0107.06191240,10.79754053,0</coordinates></LinearRing></outerBoundaryIs></Polygon></Placemark><Placemark><name>PDF lấn chiếm mới #99</name><description><![CDATA[Đa giác trích xuất từ màu bản đồ PDF; diện tích xấp xỉ theo độ phân giải bản đồ: 0.4667 ha. Đây là số liệu GIS xấp xỉ, không thay thế diện tích pháp lý.]]></description><styleUrl>#new</styleUrl><Polygon><outerBoundaryIs><LinearRing><coordinates>107.05774021,10.79595148,0107.05761777,10.79578919,0107.05765954,10.79542472,0107.05802818,10.79534454,0107.05823268,10.79542601,0107.05823176,10.79583107,0107.05802669,10.79599263,0107.05774021,10.79595148,0</coordinates></LinearRing></outerBoundaryIs></Polygon></Placemark><Placemark><name>PDF lấn chiếm mới #100</name><description><![CDATA[Đa giác trích xuất từ màu bản đồ PDF; diện tích xấp xỉ theo độ phân giải bản đồ: 1.1931 ha. Đây là số liệu GIS xấp xỉ, không thay thế diện tích pháp lý.]]></description><styleUrl>#new</styleUrl><Polygon><outerBoundaryIs><LinearRing><coordinates>107.06101552,10.79587778,0107.06093392,10.79575608,0107.06093457,10.79547254,0107.06101672,10.79535121,0107.06142639,10.79523060,0107.06146899,10.79450159,0107.06212401,10.79450304,0107.06220543,10.79470576,0107.06220442,10.79515132,0107.06212235,10.79523215,0107.06154911,10.79527138,0107.06154884,10.79539290,0107.06146687,10.79543322,0107.06146650,10.79559525,0107.06158922,10.79563602,0107.06150679,10.79587888,0107.06101552,10.79587778,0</coordinates></LinearRing></outerBoundaryIs></Polygon></Placemark><Placemark><name>PDF lấn chiếm mới #101</name><description><![CDATA[Đa giác trích xuất từ màu bản đồ PDF; diện tích xấp xỉ theo độ phân giải bản đồ: 0.2313 ha. Đây là số liệu GIS xấp xỉ, không thay thế diện tích pháp lý.]]></description><styleUrl>#new</styleUrl><Polygon><outerBoundaryIs><LinearRing><coordinates>107.03886762,10.79578716,0107.03886886,10.79526058,0107.03903262,10.79526096,0107.03919590,10.79546386,0107.03919552,10.79562589,0107.03911335,10.79574721,0107.03886762,10.79578716,0</coordinates></LinearRing></outerBoundaryIs></Polygon></Placemark><Placemark><name>PDF lấn chiếm mới #103</name><description><![CDATA[Đa giác trích xuất từ màu bản đồ PDF; diện tích xấp xỉ theo độ phân giải bản đồ: 0.2678 ha. Đây là số liệu GIS xấp xỉ, không thay thế diện tích pháp lý.]]></description><styleUrl>#new</styleUrl><Polygon><outerBoundaryIs><LinearRing><coordinates>107.05868422,10.79490044,0107.05868440,10.79481943,0107.05884816,10.79481979,0107.05893022,10.79473896,0107.05933970,10.79469937,0107.05929821,10.79494232,0107.05909314,10.79510388,0107.05892939,10.79510352,0107.05876582,10.79502214,0107.05868422,10.79490044,0</coordinates></LinearRing></outerBoundaryIs></Polygon></Placemark><Placemark><name>PDF lấn chiếm mới #104</name><description><![CDATA[Đa giác trích xuất từ màu bản đồ PDF; diện tích xấp xỉ theo độ phân giải bản đồ: 0.1339 ha. Đây là số liệu GIS xấp xỉ, không thay thế diện tích pháp lý.]]></description><styleUrl>#new</styleUrl><Polygon><outerBoundaryIs><LinearRing><coordinates>107.03912163,10.79222322,0107.03912259,10.79181817,0107.03928634,10.79181854,0107.03936793,10.79194025,0107.03936755,10.79210227,0107.03928558,10.79214259,0107.03928539,10.79222360,0107.03912163,10.79222322,0</coordinates></LinearRing></outerBoundaryIs></Polygon></Placemark><Placemark><name>PDF lấn chiếm mới #106</name><description><![CDATA[Đa giác trích xuất từ màu bản đồ PDF; diện tích xấp xỉ theo độ phân giải bản đồ: 0.1157 ha. Đây là số liệu GIS xấp xỉ, không thay thế diện tích pháp lý.]]></description><styleUrl>#new</styleUrl><Polygon><outerBoundaryIs><LinearRing><coordinates>107.04481472,10.79110208,0107.04473284,10.79110190,0107.04473313,10.79098038,0107.04461050,10.79089909,0107.04456994,10.79073697,0107.04485641,10.79077813,0107.04481472,10.79110208,0</coordinates></LinearRing></outerBoundaryIs></Polygon></Placemark><Placemark><name>PDF lấn chiếm mới #109</name><description><![CDATA[Đa giác trích xuất từ màu bản đồ PDF; diện tích xấp xỉ theo độ phân giải bản đồ: 0.2009 ha. Đây là số liệu GIS xấp xỉ, không thay thế diện tích pháp lý.]]></description><styleUrl>#new</styleUrl><Polygon><outerBoundaryIs><LinearRing><coordinates>107.04006873,10.78987605,0107.04015156,10.78947119,0107.04023353,10.78943087,0107.04023372,10.78934986,0107.04035653,10.78935014,0107.04043765,10.78967437,0107.04027342,10.78987652,0107.04006873,10.78987605,0</coordinates></LinearRing></outerBoundaryIs></Polygon></Placemark><Placemark><name>PDF lấn chiếm mới #110</name><description><![CDATA[Đa giác trích xuất từ màu bản đồ PDF; diện tích xấp xỉ theo độ phân giải bản đồ: 0.2191 ha. Đây là số liệu GIS xấp xỉ, không thay thế diện tích pháp lý.]]></description><styleUrl>#new</styleUrl><Polygon><outerBoundaryIs><LinearRing><coordinates>107.04723432,10.78928482,0107.04723535,10.78883925,0107.04744013,10.78879921,0107.04756276,10.78888050,0107.04756220,10.78912354,0107.04739807,10.78928519,0107.04723432,10.78928482,0</coordinates></LinearRing></outerBoundaryIs></Polygon></Placemark><Placemark><name>PDF lấn chiếm mới #115</name><description><![CDATA[Đa giác trích xuất từ màu bản đồ PDF; diện tích xấp xỉ theo độ phân giải bản đồ: 0.1116 ha. Đây là số liệu GIS xấp xỉ, không thay thế diện tích pháp lý.]]></description><styleUrl>#new</styleUrl><Polygon><outerBoundaryIs><LinearRing><coordinates>107.03970438,10.78813346,0107.03970523,10.78776891,0107.03986898,10.78776929,0107.03990935,10.78801242,0107.03982719,10.78813375,0107.03970438,10.78813346,0</coordinates></LinearRing></outerBoundaryIs></Polygon></Placemark><Placemark><name>PDF lấn chiếm mới #116</name><description><![CDATA[Đa giác trích xuất từ màu bản đồ PDF; diện tích xấp xỉ theo độ phân giải bản đồ: 0.0893 ha. Đây là số liệu GIS xấp xỉ, không thay thế diện tích pháp lý.]]></description><styleUrl>#new</styleUrl><Polygon><outerBoundaryIs><LinearRing><coordinates>107.04605003,10.78802644,0107.04596816,10.78802626,0107.04596835,10.78794524,0107.04588656,10.78790455,0107.04588713,10.78766152,0107.04605088,10.78766189,0107.04605003,10.78802644,0</coordinates></LinearRing></outerBoundaryIs></Polygon></Placemark><Placemark><name>PDF lấn chiếm mới #117</name><description><![CDATA[Đa giác trích xuất từ màu bản đồ PDF; diện tích xấp xỉ theo độ phân giải bản đồ: 0.0751 ha. Đây là số liệu GIS xấp xỉ, không thay thế diện tích pháp lý.]]></description><styleUrl>#new</styleUrl><Polygon><outerBoundaryIs><LinearRing><coordinates>107.03970628,10.78732335,0107.03962440,10.78732316,0107.03954319,10.78703944,0107.03974779,10.78708041,0107.03970628,10.78732335,0</coordinates></LinearRing></outerBoundaryIs></Polygon></Placemark><Placemark><name>PDF lấn chiếm mới #118</name><description><![CDATA[Đa giác trích xuất từ màu bản đồ PDF; diện tích xấp xỉ theo độ phân giải bản đồ: 0.0670 ha. Đây là số liệu GIS xấp xỉ, không thay thế diện tích pháp lý.]]></description><styleUrl>#new</styleUrl><Polygon><outerBoundaryIs><LinearRing><coordinates>107.04060710,10.78724440,0107.04044325,10.78728454,0107.04032073,10.78716274,0107.04032092,10.78708173,0107.04060729,10.78716339,0107.04060710,10.78724440,0</coordinates></LinearRing></outerBoundaryIs></Polygon></Placemark><Placemark><name>PDF lấn chiếm mới #119</name><description><![CDATA[Đa giác trích xuất từ màu bản đồ PDF; diện tích xấp xỉ theo độ phân giải bản đồ: 0.1623 ha. Đây là số liệu GIS xấp xỉ, không thay thế diện tích pháp lý.]]></description><styleUrl>#new</styleUrl><Polygon><outerBoundaryIs><LinearRing><coordinates>107.04244911,10.78732963,0107.04240855,10.78716752,0107.04253136,10.78716780,0107.04257268,10.78700587,0107.04285924,10.78700652,0107.04285887,10.78716854,0107.04277671,10.78728987,0107.04244911,10.78732963,0</coordinates></LinearRing></outerBoundaryIs></Polygon></Placemark></Folder></Document></kml>